step,time_s,dt_s,duration_s,mj_q1_deg,mj_q2_deg,mujoco_q1_rad,mujoco_q2_rad,mj_qd1_raw,mj_qd2_raw,mj_qd1_rad_s,mj_qd2_rad_s,mujoco_qdot1_rad_s,mujoco_qdot2_rad_s,bridge_q1_rad,bridge_q2_rad,bridge_qd1,bridge_qd2,bridge_qdot1_rad_s,bridge_qdot2_rad_s,tau0,tau1,tau1_Nm,tau2_Nm,tau1_applied_Nm,tau2_applied_Nm,mj_hand_speed_norm_fd,mujoco_ee_speed_fd_3d_m_s,mujoco_ee_speed_fd_xz_m_s,mujoco_ee_speed_jac_3d_m_s,mujoco_ee_speed_jac_xz_m_s,bridge_hand_speed_xz,bridge_ee_speed_xz_m_s
0.0,0.0,0.001,0.499,5.0010473634449975,54.99867905436723,0.08728474254029671,0.9599080337463496,0.03653056522968762,-0.045989321352744354,0.03653056522968762,-0.045989321352744354,0.03653056522968762,-0.045989321352744354,0.0872380181467784,0.9599605742204042,-0.028444452938073603,0.029485623522873917,-0.028444452938073603,0.029485623522873917,0.0,0.0,0.0,0.0,0.0,0.0,0.005237387859806253,0.005237387859806253,0.005237387859806253,0.010474689518206268,0.010474689518206268,0.008949709514948934,0.008949709514948934
1.0,0.001,0.001,0.499,5.004182765165094,54.994743636657496,0.0873394656236851,0.9598393477498735,0.07288680563746429,-0.09126523083874294,0.07288680563746429,-0.09126523083874294,0.07288680563746429,-0.09126523083874294,0.08718112934272855,0.9600195439091967,-0.05688880404985107,0.05896968879254372,-0.05688880404985107,0.05896968879254372,0.0,0.0,0.0,0.0,0.0,0.0,0.015712836274075777,0.015712836274075777,0.015712836274075777,0.02095148116843919,0.02095148116843919,0.017899622473945716,0.017899622473945716
2.0,0.002,0.001,0.499,5.009396305575528,54.988234121278815,0.08743045906953294,0.9597257352738062,0.1090717947688971,-0.1358451488973311,0.1090717947688971,-0.1358451488973311,0.1090717947688971,-0.1358451488973311,0.08709579647764934,0.9601079937086988,-0.08533286507921303,0.0884497995021192,-0.08533286507921303,0.0884497995021192,0.0,0.0,0.0,0.0,0.0,0.0,0.02619072688329113,0.02619072688329113,0.02619072688329113,0.03143052237155547,0.03143052237155547,0.02685001599445275,0.02685001599445275
3.0,0.003,0.001,0.499,5.016678258578499,54.979189896530976,0.08755755312541026,0.9595678837736661,0.1450885154831316,-0.17974607888769198,0.1450885154831316,-0.17974607888769198,0.1450885154831316,-0.17974607888769198,0.08698202002993549,0.9602259172676489,-0.11377644771385013,0.11792355895015451,-0.11377644771385013,0.11792355895015451,0.0,0.0,0.0,0.0,0.0,0.0,0.03667093167134447,0.03667093167134447,0.03667093167134447,0.04191193679725046,0.04191193679725045,0.03580116700492439,0.03580116700492439
4.0,0.004,0.001,0.499,5.026019066463177,54.96764938814191,0.08772058097779416,0.9593664639049229,0.18093986327582115,-0.22298461958552443,0.18093986327582115,-0.22298461958552443,0.18093986327582115,-0.22298461958552443,0.0868398006663716,0.9603733058375005,-0.14221936356388554,0.14738856985151136,-0.14221936356388554,0.14738856985151136,0.0,0.0,0.0,0.0,0.0,0.0,0.04715356259732994,0.04715356259732994,0.04715356259732994,0.05239582509923524,0.05239582509923524,0.044753352160391675,0.044753352160391675
5.0,0.005,0.001,0.499,5.037409334991608,54.953650082103266,0.08791937866630156,0.9591221299215542,0.2166286494463071,-0.26557697715184875,0.2166286494463071,-0.26557697715184875,0.2166286494463071,-0.26557697715184875,0.08666913924223106,0.9605501482716492,-0.1706614241405501,0.17684243414870177,-0.1706614241405501,0.17684243414870177,0.0,0.0,0.0,0.0,0.0,0.0,0.05763870904990827,0.05763870904990827,0.05763870904990827,0.06288226564223613,0.06288226564223613,0.0537068477580689,0.0537068477580689
6.0,0.006,0.001,0.499,5.050839828661787,54.93722854683476,0.08815378500101444,0.9588355200628864,0.25215760411658156,-0.3075389765990827,0.25215760411658156,-0.3075389765990827,0.25215760411658156,-0.3075389765990827,0.08647003680139614,0.9607564310244731,-0.19910244083492235,0.20628275282387026,-0.19910244083492235,0.20628275282387026,0.0,0.0,0.0,0.0,0.0,0.0,0.06812643850707094,0.06812643850707094,0.06812643850707094,0.07337131522025087,0.07337131522025087,0.06266192965299162,0.06266192965299162
7.0,0.007,0.001,0.499,5.06630146613965,54.91842045470538,0.08842364148275289,0.9585072569292102,0.2875293791091749,-0.34888607277817696,0.2875293791091749,-0.34888607277817696,0.2875293791091749,-0.34888607277817696,0.08624249457649939,0.9609921381501846,-0.22754222489674622,0.23570712571157657,-0.22754222489674622,0.23570712571157657,0.0,0.0,0.0,0.0,0.0,0.0,0.07861679724046076,0.07861679724046076,0.07861679724046076,0.083863009765554,0.083863009765554,0.07161887317369645,0.07161887317369645
8.0,0.008,0.001,0.499,5.0837853158520625,54.89726060293827,0.08872879222615837,0.9581379478466402,0.3227465506907436,-0.38963336090933187,0.3227465506907436,-0.38963336090933187,0.3227465506907436,-0.38963336090933187,0.08598651398908605,0.9612572513014971,-0.25598058741333873,0.2651131513125389,-0.25598058741333873,0.2651131513125389,0.0,0.0,0.0,0.0,0.0,0.0,0.08910981101284948,0.08910981101284948,0.08910981101284948,0.09435736504800207,0.09435736504800207,0.08057795303795261,0.08057795303795261
9.0,0.009000000000000001,0.001,0.499,5.1032825917333255,54.8737829339248,0.08906908388545609,0.9577281852216618,0.3578116221877856,-0.429795586677627,0.3578116221877856,-0.429795586677627,0.3578116221877856,-0.429795586677627,0.08570209664979744,0.9615517497281055,-0.2844173392885993,0.2944984266084956,-0.2844173392885993,0.2944984266084956,0.0,0.0,0.0,0.0,0.0,0.0,0.09960548577174695,0.09960548577174695,0.09960548577174695,0.10485437736423946,0.10485437736423946,0.08953944326855637,0.08953944326855637
10.0,0.01,0.001,0.499,5.124784649118017,54.848020554972216,0.08944436558277172,0.9572785468857927,0.39272702648058505,-0.46938715591377017,0.39272702648058505,-0.46938715591377017,0.39272702648058505,-0.46938715591377017,0.08538924435857531,0.9618756102749839,-0.31285229122213254,0.32386054687834454,-0.31285229122213254,0.32386054687834454,0.0,0.0,0.0,0.0,0.0,0.0,0.11010380833589305,0.11010380833589305,0.11010380833589305,0.11535402421645671,0.11535402421645673,0.09850361710919896,0.09850361710919896
11.0,0.011,0.001,0.499,5.1482829807733905,54.820005757507985,0.08985448883888358,0.9567895964307624,0.4274951283811767,-0.5084221438791146,0.4274951283811767,-0.5084221438791146,0.4274951283811767,-0.5084221438791146,0.08504795910488681,0.9622288073804997,-0.3412852536884953,0.35319710551571504,-0.3412852536884953,0.35319710551571504,0.0,0.0,0.0,0.0,0.0,0.0,0.1206047470637236,0.1206047470637236,0.12060474706372358,0.12585626498039862,0.12585626498039862,0.1074707469404197,0.1074707469404197
12.0,0.012,0.001,0.499,5.173769213064823,54.789770035763084,0.09029930750629718,0.9562618835345972,0.4621182269008297,-0.5469143041730941,0.4621182269008297,-0.5469143041730941,0.4621182269008297,-0.5469143041730941,0.08467824306797024,0.9626113130743478,-0.36971603691657895,0.3825056938481287,-0.36971603691657895,0.3825056938481287,0.0,0.0,0.0,0.0,0.0,0.0,0.13110825251856054,0.13110825251856054,0.13110825251856054,0.13636104156236248,0.13636104156236248,0.11644110419565637,0.11644110419565637
13.0,0.013000000000000001,0.001,0.499,5.201235102248144,54.75734410495538,0.09077867770453403,0.9556959442789789,0.4965985574122731,-0.5848770772802862,0.4965985574122731,-0.5848770772802862,0.4965985574122731,-0.5848770772802862,0.0842800986171011,0.9630230969753056,-0.3981444508691359,0.41178390095790257,-0.3981444508691359,0.41178390095790257,0.0,0.0,0.0,0.0,0.0,0.0,0.1416142581193872,0.1416142581193872,0.1416142581193872,0.1468682790449675,0.1468682790449675,0.1254149592774049,0.1254149592774049
14.0,0.014,0.001,0.499,5.230672530882953,54.72275791899312,0.09129245775753231,0.9550923014582303,0.5309382937116249,-0.622323598773422,0.5309382937116249,-0.622323598773422,0.5309382937116249,-0.622323598773422,0.08385352831187864,0.9634641262888106,-0.42657030522246103,0.441029313504946,-0.42657030522246103,0.441029313504946,0.0,0.0,0.0,0.0,0.0,0.0,0.15212268078004143,0.15212268078004143,0.1521226807800414,0.15737788632151503,0.15737788632151503,0.1343925814735017,0.1343925814735017
15.0,0.015,0.001,0.499,5.262073504361316,54.68604068771801,0.09184050813306116,0.9544514648802634,0.5651395499847389,-0.6592667071878293,0.5651395499847389,-0.6592667071878293,0.5651395499847389,-0.6592667071878293,0.0833985349025324,0.9639343658043622,-0.45499340934623544,0.47023951555160215,-0.45499340934623544,0.47023951555160215,0.0,0.0,0.0,0.0,0.0,0.0,0.16263342153920538,0.16263342153920538,0.16263342153920538,0.16788975671879236,0.16788975671879236,0.14337423887354248,0.14337423887354248
16.0,0.016,0.001,0.499,5.2954301475464955,54.64722089370615,0.09242269138405547,0.9537739316598105,0.59920438268245,-0.6957189515819975,0.59920438268245,-0.6957189515819975,0.59920438268245,-0.6957189515819975,0.08291512133024886,0.9644337778927519,-0.48341357228354104,0.49941208838968143,-0.48341357228354104,0.49941208838968143,0.0,0.0,0.0,0.0,0.0,0.0,0.17314636617614143,0.17314636617614143,0.17314636617614143,0.1784037686082083,0.17840376860820828,0.15236019828545125,0.15236019828545125
17.0,0.017,0.001,0.499,5.330734701516616,54.60632630864443,0.0930388720917821,0.9530601865042465,0.6331347923089775,-0.7316925987982135,0.6331347923089775,-0.7316925987982135,0.6331347923089775,-0.7316925987982135,0.08240329072751781,0.9649623225031217,-0.5118306027310527,0.5285446103698335,-0.5118306027310527,0.5285446103698335,0.0,0.0,0.0,0.0,0.0,0.0,0.1836613858152373,0.1836613858152373,0.1836613858152373,0.1889197860051777,0.1889197860051777,0.16135072515221513,0.16135072515221513
18.0,0.018000000000000002,0.001,0.499,5.367979520408408,54.56338400929916,0.09368891681075286,0.9523107019922947,0.6669327251275358,-0.7671996404365085,0.6669327251275358,-0.7671996404365085,0.6669327251275358,-0.7671996404365085,0.0818630464184984,0.9655199571598552,-0.5402443090194148,0.557634656733401,-0.5402443090194148,0.557634656733401,0.0,0.0,0.0,0.0,0.0,0.0,0.19417833752265293,0.19417833752265293,0.1941783375226529,0.19943765915670097,0.19943765915670097,0.17034608346880026,0.17034608346880026
19.0,0.019,0.001,0.499,5.407157068356397,54.518420393093166,0.09437269401530322,0.951525938845897,0.7006000747870054,-0.8022517995544904,0.7006000747870054,-0.8022517995544904,0.7006000747870054,-0.8022517995544904,0.08129439191940459,0.9661066369593021,-0.5686544990938059,0.586679799446897,-0.5686544990938059,0.586679799446897,0.0,0.0,0.0,0.0,0.0,0.0,0.20469706488320039,0.20469706488320039,0.20469706488320039,0.2099572251171119,0.2099572251171119,0.17934653569926576,0.17934653569926576
20.0,0.02,0.001,0.499,5.448259916523117,54.47146119330638,0.0950900740477598,0.9507063461955158,0.7341386838733261,-0.83686053710501,0.7341386838733261,-0.83686053710501,0.7341386838733261,-0.83686053710501,0.08069733093890989,0.9667223145663414,-0.5970609804946987,0.6156776070392439,-0.5970609804946987,0.6156776070392439,0.0,0.0,0.0,0.0,0.0,0.0,0.21521739857498026,0.21521739857498026,0.21521739857498026,0.22047830831199028,0.22047830831199028,0.18835234269409282,0.18835234269409282
21.0,0.021,0.001,0.499,5.491280740216144,54.42253149391499,0.09584092906812311,0.9498523618391249,0.7675503453891,-0.8710370581230101,0.7675503453891,-0.8710370581230101,0.7675503453891,-0.8710370581230101,0.08007186737857108,0.9673669402107833,-0.6254635603388146,0.6446256444419106,-0.6254635603388146,0.6446256444419106,0.0,0.0,0.0,0.0,0.0,0.0,0.22573915692285162,0.22573915692285162,0.22573915692285162,0.23100072109025954,0.23100072109025954,0.1973637636077472,0.1973637636077472
22.0,0.022,0.001,0.499,5.536212316087922,54.37165574408296,0.09662513300519528,0.948964412495135,0.800836804164719,-0.9047923176723521,0.800836804164719,-0.9047923176723521,0.800836804164719,-0.9047923176723521,0.0794180053332708,0.9680404616836153,-0.6538620453002791,0.673521472832081,-0.6538620453002791,0.673521472832081,0.0,0.0,0.0,0.0,0.0,0.0,0.23626214644897806,0.23626214644897806,0.23626214644897806,0.24152426426451123,0.24152426426451123,0.2063810558164942,0.2063810558164942
23.0,0.023,0.001,0.499,5.583047519414563,54.31885777231944,0.09744256150908616,0.9480429140494866,0.8339997582041759,-0.9381370265628735,0.8339997582041759,-0.9381370265628735,0.8339997582041759,-0.9381370265628735,0.07873574909167882,0.9687428243330943,-0.6822562415919765,0.7023626494789832,-0.6822562415919765,0.7023626494789832,0.0,0.0,0.0,0.0,0.0,0.0,0.2467861624038636,0.2467861624038636,0.24678616240386364,0.2520487276396156,0.2520487276396156,0.21540447483648667,0.21540447483648667
24.0,0.024,0.001,0.499,5.631779321449946,54.26416080031503,0.09829309190503366,0.9470882717971385,0.8670408599685625,-0.9710816568474374,0.8670408599685625,-0.9710816568474374,0.8670408599685625,-0.9710816568474374,0.07802510313673172,0.9694739710606879,-0.7106459549471043,0.7311467275935082,-0.7106459549471043,0.7311467275935082,0.0,0.0,0.0,0.0,0.0,0.0,0.25731098929015406,0.25731098929015406,0.25731098929015406,0.26257389052969826,0.26257389052969826,0.22443427424214607,0.22443427424214607
25.0,0.025,0.001,0.499,5.682400786851649,54.20758745646907,0.09917660314847777,0.9461008806781637,0.8999617176001169,-1.0036364471082537,0.8999617176001169,-1.0036364471082537,0.8999617176001169,-1.0036364471082537,0.0772860721461308,0.9702338423168692,-0.7390309906009267,0.7598712561812402,-0.7390309906009267,0.7598712561812402,0.0,0.0,0.0,0.0,0.0,0.0,0.26783640137475984,0.26783640137475984,0.2678364013747598,0.27309952226357587,0.27309952226357587,0.2334707055848599,0.2334707055848599
26.0,0.026000000000000002,0.001,0.499,5.73490507117537,54.149159789119956,0.10009297578132996,0.9450811255086616,0.9327638960895436,-1.035811407541303,0.9327638960895436,-1.035811407541303,0.9327638960895436,-1.035811407541303,0.07651866099285808,0.9710223760967682,-0.7674111532727246,0.7885337798990202,-0.7674111532727246,0.7885337798990202,0.0,0.0,0.0,0.0,0.0,0.0,0.27836216318672785,0.27836216318672785,0.27836216318672785,0.28362538267876314,0.28362538267876314,0.24251401831201763,0.24251401831201763
27.0,0.027,0.001,0.499,5.789285418434671,54.08889927948967,0.10104209188938264,0.9440293812066833,0.9654489183892027,-1.0676163248472705,0.9654489183892027,-1.0676163248472705,0.9654489183892027,-1.0676163248472705,0.07572287474571014,0.9718395079356834,-0.7957862471479364,0.8171318389151593,-0.7957862471479364,0.8171318389151593,0.0,0.0,0.0,0.0,0.0,0.0,0.2888880300087852,0.2888880300087852,0.2888880300087852,0.2941512226041735,0.2941512226041734,0.25156445968640906,0.25156445968640906
28.0,0.028,0.001,0.499,5.845535158723007,54.026826854353445,0.1020238350608058,0.9429460130133586,0.9980182664746381,-1.0990607669369945,0.9980182664746381,-1.0990607669369945,0.9980182664746381,-1.0990607669369945,0.07489871866984965,0.9726851709044568,-0.8241560758604877,0.8456629687734161,-0.8241560758604877,0.8456629687734161,0.0,0.0,0.0,0.0,0.0,0.0,0.29941374834895707,0.29941374834895707,0.29941374834895707,0.3046767843316504,0.3046767843316504,0.260622274706012,0.260622274706012
29.0,0.029,0.001,0.499,5.903647705895155,53.96296289844499,0.1030380903456803,0.9418313767094075,1.0304733823568015,-1.1301540874590486,1.0304733823568015,-1.1301540874590486,1.0304733823568015,-1.1301540874590486,0.07404619822737435,0.9735592956047177,-0.8525204424752991,0.8741247002608468,-0.8525204424752991,0.8741247002608468,0.0,0.0,0.0,0.0,0.0,0.0,0.30993905641295805,0.30993905641295805,0.30993905641295805,0.31520180207647824,0.31520180207647824,0.2696877060241934,0.2696877060241934
30.0,0.03,0.001,0.499,5.963616555305285,53.89732726660717,0.10408474421651974,0.9406858188272107,1.0628156690472148,-1.1609054301567234,1.0628156690472148,-1.1609054301567234,1.0628156690472148,-1.1609054301567234,0.07316531907790338,0.9744618101639972,-0.8808791494709682,0.9025145592796352,-0.8808791494709682,0.9025145592796352,0.0,0.0,0.0,0.0,0.0,0.0,0.3204636845543479,0.3204636845543479,0.3204636845543479,0.3257260024270291,0.3257260024270291,0.27876099387035236,0.27876099387035236
31.0,0.031,0.001,0.499,6.0254352815990275,53.8299392956978,0.10516368452973472,0.939509676858604,1.095046491478209,-1.191323733061324,1.095046491478209,-1.191323733061324,1.095046491478209,-1.191323733061324,0.07225608707918077,0.9753926402307203,-0.9092319987226128,0.9308300667230041,-0.9092319987226128,0.9308300667230041,0.0,0.0,0.0,0.0,0.0,0.0,0.33098735572078786,0.33098735572078786,0.33098735572078786,0.33624910478371595,0.3362491047837159,0.28784237597103446,0.28784237597103446
32.0,0.032,0.001,0.499,6.089097536557027,53.76081781625972,0.10627480048799591,0.93830327945856,1.1271671773802792,-1.2214177325283793,1.1271671773802792,-1.2214177325283793,1.1271671773802792,-1.2214177325283793,0.0713185082876959,0.9763517089690755,-0.9375787914848662,0.9590687383553057,-0.9375787914848662,0.9590687383553057,0.0,0.0,0.0,0.0,0.0,0.0,0.34150978588815223,0.34150978588815223,0.3415097858881522,0.34677082178742713,0.34677082178742713,0.296932087471546,0.296932087471546
33.0,0.033,0.001,0.499,6.154597046987596,53.68998116396395,0.1074179826034537,0.9370669466449084,1.1591790181184969,-1.2511959671230535,1.1591790181184969,-1.2511959671230535,1.1591790181184969,-1.2511959671230535,0.07035258895932088,0.977338937053772,-0.965919328375011,0.9872280846963869,-0.965919328375011,0.9872280846963869,0.0,0.0,0.0,0.0,0.0,0.0,0.3520306844820534,0.3520306844820534,0.3520306844820534,0.35729085973762686,0.35729085973762686,0.30603036085809915,0.30603036085809915
34.0,0.034,0.001,0.499,6.221927612666143,53.61744719083441,0.10859312266177464,0.9358009899942449,1.1910832694898335,-1.280666781360756,1.1910832694898335,-1.280666781360756,1.1910832694898335,-1.280666781360756,0.06935833554996464,0.9783542426646823,-0.994253409356238,1.0153056109103171,-0.994253409356238,1.0153056109103171,0.0,0.0,0.0,0.0,0.0,0.0,0.3625497547936668,0.3625497547936668,0.3625497547936668,0.36780891900031176,0.3678089190003117,0.315137425880521,0.315137425880521
35.0,0.035,0.001,0.499,6.291083104319224,53.54323327626232,0.10980011368695636,0.9345057128341681,1.222881152483158,-1.3098383293086733,1.222881152483158,-1.3098383293086733,1.222881152483158,-1.3098383293086733,0.06833575471624362,0.9793975414813808,-1.022580833721013,1.0432988166985655,-1.022580833721013,1.0432988166985655,0.0,0.0,0.0,0.0,0.0,0.0,0.3730666943778133,0.3730666943778133,0.3730666943778133,0.378324694406021,0.378324694406021,0.3242535094755595,0.3242535094755595
36.0,0.036000000000000004,0.001,0.499,6.3620574616511,53.46735633781808,0.11103884990688456,0.9331814104319831,1.2545738540035978,-1.3387185780536837,1.2545738540035978,-1.3387185780536837,1.2545738540035978,-1.3387185780536837,0.06728485331616908,0.9804687466775786,-1.0509014000745356,1.0712051961977085,-1.0509014000745356,1.0712051961977085,0.0,0.0,0.0,0.0,0.0,0.0,0.3835811954527457,0.3835811954527457,0.3835811954527457,0.38883787563810174,0.38883787563810174,0.3333788356908203,0.3333788356908203
37.0,0.037,0.001,0.499,6.4348446914108175,53.389832841868234,0.11230922671959724,0.9318283701800018,1.2861625275628634,-1.367315311041868,1.2861625275628634,-1.367315311041868,1.2861625275628634,-1.367315311041868,0.06620563840985082,0.9815677689154603,-1.0792149063182692,1.0990222378817451,-1.0792149063182692,1.0990222378817451,0.0,0.0,0.0,0.0,0.0,0.0,0.3940929452778068,0.3940929452778068,0.39409294527780686,0.39934814761143667,0.39934814761143667,0.3425136256093715,0.3425136256093715
38.0,0.038,0.001,0.499,6.509438865497906,53.310678814004554,0.11361114066022276,0.9304468717775651,1.317648293937074,-1.3956361312945966,1.317648293937074,-1.3956361312945966,1.317648293937074,-1.3956361312945966,0.06509811726021729,0.9826945163399293,-1.1075211496335224,1.1267474244690905,-1.1075211496335224,1.1267474244690905,0.0,0.0,0.0,0.0,0.0,0.0,0.40460162652955894,0.40460162652955894,0.40460162652955894,0.40985519084184435,0.40985519084184435,0.3516580972750523,0.3516580972750523
39.0,0.039,0.001,0.499,6.585834119104863,53.22990984929234,0.11494448936856025,0.9290371874099099,1.3490322417935414,-1.4236884645059475,1.3490322417935414,-1.4236884645059475,1.3490322417935414,-1.4236884645059475,0.06396229733375224,0.9838488945727636,-1.1358199264650586,1.1543782328343184,-1.1358199264650586,1.1543782328343184,0.0,0.0,0.0,0.0,0.0,0.0,0.41510691766724406,0.41510691766724406,0.41510691766724406,0.4203586818063648,0.4203586818063648,0.36081246561852415,0.36081246561852415
40.0,0.04,0.001,0.499,6.664024648894707,53.14754112234454,0.11630917155727173,0.9275995819239947,1.3803154282879109,-1.4514795620260024,1.3803154282879109,-1.4514795620260024,1.3803154282879109,-1.4514795620260024,0.06279818630124753,0.9850308067066883,-1.1641110325047095,1.1819121339247123,-1.1641110325047095,1.1819121339247123,0.0,0.0,0.0,0.0,0.0,0.0,0.42560849328895634,0.42560849328895634,0.42560849328895634,0.43085829329465,0.43085829329465,0.36997694238410456,0.36997694238410456
41.0,0.041,0.001,0.499,6.744004711211911,53.06358739722808,0.1177050869806572,0.9261343130013983,1.4114988796329846,-1.4790165037343634,1.4114988796329846,-1.4790165037343634,1.4114988796329846,-1.4790165037343634,0.06160579203857257,0.98624015329937,-1.1923942626749662,1.2093465926816875,-1.1923942626749662,1.2093465926816875,0.0,0.0,0.0,0.0,0.0,0.0,0.43610602447625313,0.43610602447625313,0.43610602447625313,0.441353694751673,0.441353694751673,0.3791517360574235,0.3791517360574235
42.0,0.042,0.001,0.499,6.825768620325165,52.97806303720861,0.11913213640398486,0.9246416313283974,1.4425835916405017,-1.5063062008080499,1.4425835916405017,-1.5063062008080499,1.4425835916405017,-1.5063062008080499,0.06038512262746005,0.9874768323673371,-1.22066941111252,1.236679067967134,-1.22066941111252,1.236679067967134,0.0,0.0,0.0,0.0,0.0,0.0,0.44659917913471453,0.44659917913471453,0.44659917913471453,0.45184455261198386,0.45184455261198386,0.3883370517939452,0.3883370517939452
43.0,0.043000000000000003,0.001,0.499,6.909310746700414,52.89098201433956,0.12059022157335016,0.9231217807633281,1.4735705302370845,-1.5333553983877457,1.4735705302370845,-1.5333553983877457,1.4735705302370845,-1.5333553983877457,0.05913618635630832,0.9887407393798318,-1.248936271151723,1.2639070124947325,-1.248936271151723,1.2639070124947325,0.0,0.0,0.0,0.0,0.0,0.0,0.4570876223231324,0.4570876223231324,0.4570876223231324,0.4623305306257235,0.4623305306257235,0.39753309134839643,0.39753309134839643
44.0,0.044,0.001,0.499,6.994625515302765,52.80235791890136,0.12207924518603827,0.9215749985013297,1.5044606319555083,-1.5601706781462061,1.5044606319555083,-1.5601706781462061,1.5044606319555083,-1.5601706781462061,0.05785899172100039,0.990031767252598,-1.2771946353079366,1.2910278727662858,-1.2771946353079366,1.2910278727662858,0.0,0.0,0.0,0.0,0.0,0.0,0.4675710165762943,0.4675710165762943,0.4675710165762943,0.4728112901766299,0.4728112901766299,0.4067400530051501,0.4067400530051501
45.0,0.045,0.001,0.499,7.08170740392585,52.71220396869606,0.12359911086136609,0.9200015152365683,1.5352548044023988,-1.5867584607624636,1.5352548044023988,-1.5867584607624636,1.5352548044023988,-1.5867584607624636,0.056553547425739654,0.9913498063416111,-1.3054442952607355,1.318039089013106,-1.3054442952607355,1.318039089013106,0.0,0.0,0.0,0.0,0.0,0.0,0.47804902221869594,0.47804902221869594,0.47804902221869594,0.4832864905922498,0.4832864905922498,0.4159581315096047,0.4159581315096047
46.0,0.046,0.001,0.499,7.170550941547333,52.62053301820293,0.12514972311198042,0.9184015553220304,1.5659539267034122,-1.6131250083053246,1.5659539267034122,-1.6131250083053246,1.5659539267034122,-1.6131250083053246,0.055219862383902724,0.9926947444367535,-1.333685041836929,1.344938095142491,-1.333685041836929,1.344938095142491,0.0,0.0,0.0,0.0,0.0,0.0,0.48852129766964936,0.48852129766964936,0.48852129766964936,0.4937557894465846,0.4937557894465846,0.4251875180006102,0.4251875180006102
47.0,0.047,0.001,0.499,7.261150706709313,52.52735756759996,0.12673098731559063,0.9167753369269791,1.596558849926903,-1.6392764265294981,1.596558849926903,-1.6392764265294981,1.596558849926903,-1.6392764265294981,0.05385794571890935,0.9940664667554429,-1.3619166649933672,1.371722318689322,-1.3619166649933672,1.371722318689322,0.0,0.0,0.0,0.0,0.0,0.0,0.49898749974434153,0.49898749974434153,0.49898749974434153,0.5042188428553895,0.5042188428553895,0.43442839994398635,0.43442839994398635
48.0,0.048,0.001,0.499,7.353501325922405,52.43268977165621,0.12834280968711462,0.9151230721921546,1.6270703974870442,-1.6652186670875648,1.6270703974870442,-1.6652186670875648,1.6270703974870442,-1.6652186670875648,0.05246780676510986,0.9954648559362157,-1.3901389537994868,1.398389180772804,-1.3901389537994868,1.398389180772804,0.0,0.0,0.0,0.0,0.0,0.0,0.5094472839448925,0.5094472839448925,0.5094472839448924,0.5146753057643522,0.5146753057643522,0.4436809610671832,0.4436809610671832
49.0,0.049,0.001,0.499,7.447597472092346,52.33654144849983,0.12998509725121793,0.9134449673828043,1.6574893655273149,-1.6909575296608583,1.6574893655273149,-1.6909575296608583,1.6574893655273149,-1.6909575296608583,0.051049455068690304,0.9968897920322741,-1.4183516964195617,1.424936096058372,-1.4183516964195617,1.424936096058372,0.0,0.0,0.0,0.0,0.0,0.0,0.519900304743298,0.519900304743298,0.519900304743298,0.5251248322303659,0.5251248322303659,0.45294538129513495,0.45294538129513495
50.0,0.05,0.001,0.499,7.543433862968036,52.238924088266174,0.13165775781522698,0.9117412230396217,1.6878165232852353,-1.7164986640122113,1.6878165232852353,-1.7164986640122113,1.6878165232852353,-1.7164986640122113,0.049602900388595696,0.9983411525049989,-1.4465546800946107,1.4513604727247764,-1.4465546800946107,1.4513604727247764,0.0,0.0,0.0,0.0,0.0,0.0,0.5303462158626222,0.5303462158626222,0.5303462158626222,0.5355670756961229,0.535567075696123,0.46222183668735634,0.46222183668735634
51.0,0.051000000000000004,0.001,0.499,7.6410052596099645,52.13984886163049,0.13336069994239796,0.9100120341276694,1.7180526134391865,-1.7418475719633997,1.7180526134391865,-1.7418475719633997,1.7180526134391865,-1.7418475719633997,0.048128152697471775,0.9998188122174353,-1.474747691123921,1.4776597124363584,-1.474747691123921,1.4776597124363584,0.0,0.0,0.0,0.0,0.0,0.0,0.5407846705448588,0.5407846705448588,0.5407846705448588,0.5460016892582404,0.5460016892582404,0.4715104993763376,0.4715104993763376
52.0,0.052000000000000005,0.001,0.499,7.740306464877999,52.03932662822941,0.1350938329255239,0.9082575901833623,1.7481983524381162,-1.7670096093000056,1.7481983524381162,-1.7670096093000056,1.7481983524381162,-1.7670096093000056,0.04662522218262564,1.0013226434277558,-1.502930514846138,1.5038312103205203,-1.502930514846138,1.5038312103205203,0.0,0.0,0.0,0.0,0.0,0.0,0.551215321818205,0.551215321818205,0.551215321818205,0.5564283259291397,0.5564283259291397,0.4808115375072865,0.4808115375072865
53.0,0.053,0.001,0.499,7.841332321937614,51.937367944975314,0.13685706676086334,0.9064780754595804,1.7782544308148978,-1.791989987606316,1.7782544308148978,-1.791989987606316,1.7782544308148978,-1.791989987606316,0.045094119247005765,1.0028525157827062,-1.5311029356198762,1.5298723549503919,-1.5311029356198762,1.5298723549503919,0.0,0.0,0.0,0.0,0.0,0.0,0.5616378227557804,0.5616378227557804,0.5616378227557804,0.5668466388928912,0.5668466388928912,0.49012511517927815,0.49012511517927815
54.0,0.054,0.001,0.499,7.944077712783605,51.83398307426753,0.13865031212237433,0.9046736690689808,1.8082215134840738,-1.816793776032773,1.8082215134840738,-1.816793776032773,1.8082215134840738,-1.816793776032773,0.04353485451020197,1.0044082963110388,-1.559264736803797,1.5557805283326889,-1.559264736803797,1.5557805283326889,0.0,0.0,0.0,0.0,0.0,0.0,0.5720518267269744,0.5720518267269744,0.5720518267269744,0.5772562817552342,0.5772562817552342,0.49945139238786274,0.49945139238786274
55.0,0.055,0.001,0.499,8.048537556780438,51.72918199210407,0.14047348033623872,0.9028445451255753,1.8381002400246838,-1.8414259029984001,1.8381002400246838,-1.8414259029984001,1.8381002400246838,-1.8414259029984001,0.041947438809465866,1.0059898494169395,-1.587415700736106,1.5815531059007528,-1.587415700736106,1.5815531059007528,0.0,0.0,0.0,0.0,0.0,0.0,0.5824569876463529,0.5824569876463529,0.5824569876463529,0.5876569087879856,0.5876569087879856,0.508790524969191,0.508790524969191
56.0,0.056,0.001,0.499,8.1547068092184,51.62297439609771,0.14232648335566214,0.9009908728846364,1.8678912249488488,-1.8658911578305326,1.8678912249488488,-1.8658911578305326,1.8678912249488488,-1.8658911578305326,0.040331883200752455,1.0075970368734521,-1.615555608713411,1.6071874565127608,-1.615555608713411,1.6071874565127608,0.0,0.0,0.0,0.0,0.0,0.0,0.5928529602137858,0.5928529602137858,0.5928529602137858,0.598048175168039,0.598048175168039,0.518142664545714,0.518142664545714
57.0,0.057,0.001,0.499,8.262580459884724,51.515369713399835,0.1442092337359357,0.8991128168809948,1.8975950579567515,-1.890194192344104,1.8975950579567515,-1.890194192344104,1.8975950579567515,-1.890194192344104,0.038688198959783565,1.0092297178159073,-1.643684240968889,1.6326809424550852,-1.643684240968889,1.6326809424550852,0.0,0.0,0.0,0.0,0.0,0.0,0.6032394001530846,0.6032394001530846,0.6032394001530846,0.6084297372111633,0.6084297372111633,0.5275079584735156,0.5275079584735156
58.0,0.058,0.001,0.499,8.372153531648983,51.40637710853546,0.14612164460974605,0.8972105370657861,1.927212304178627,-1.9143395223626547,1.927212304178627,-1.9143395223626547,1.927212304178627,-1.9143395223626547,0.03701639758313386,1.010887748735358,-1.6718013766497017,1.658030919450781,-1.6718013766497017,1.658030919450781,0.0,0.0,0.0,0.0,0.0,0.0,0.6136159644402639,0.6136159644402639,0.6136159644402639,0.6188012526007933,0.6188012526007933,0.5368865497913367,0.5368865497913367
59.0,0.059000000000000004,0.001,0.499,8.483421079061955,51.29600549115271,0.1480636296627213,0.8952841889417058,1.9567435044043517,-1.9383315291831562,1.9567435044043517,-1.9383315291831562,1.9567435044043517,-1.9383315291831562,0.03531649078934026,1.0125709834720311,-1.699906793793603,1.6832347366731732,-1.699906793793603,1.6832347366731732,0.0,0.0,0.0,0.0,0.0,0.0,0.6239823115330282,0.6239823115330282,0.6239823115330282,0.6291623806120163,0.6291623806120163,0.5462785771713516,0.5462785771713516
60.0,0.06,0.001,0.499,8.596378186967318,51.184263523690014,0.1500351031092004,0.8933339236968254,1.9861891753011927,-1.9621744609866714,1.9861891753011927,-1.9621744609866714,1.9861891753011927,-1.9621744609866714,0.03358849052003558,1.0142792732087955,-1.7280002693046745,1.708289736764512,-1.7280002693046745,1.708289736764512,0.0,0.0,0.0,0.0,0.0,0.0,0.6343381015890035,0.6343381015890035,0.6343381015890035,0.6395127823309456,0.6395127823309456,0.5556841748717578,0.5556841748717578
61.0,0.061,0.001,0.499,8.711019969125502,51.07115962896388,0.1520359796682148,0.8913598883370253,2.0155498096202584,-1.9858724341968057,2.0155498096202584,-1.9858724341968057,2.0155498096202584,-1.9858724341968057,0.031832408941107455,1.0160124664646553,-1.7560815789281292,1.7331932558596594,-1.7560815789281292,1.7331932558596594,0.0,0.0,0.0,0.0,0.0,0.0,0.6446829966867991,0.6446829966867991,0.6446829966867991,0.649852120869668,0.6498521208696681,0.5651034726912401,0.5651034726912401
62.0,0.062,0.001,0.499,8.827341566849043,50.95670199768034,0.15406617453967092,0.8893622258170939,2.044825876392168,-2.0094294347878416,2.044825876392168,-2.0094294347878416,2.044825876392168,-2.0094294347878416,0.030048258443883338,1.01777040908827,-1.7841504972241164,1.7579426236147666,-1.7841504972241164,1.7579426236147666,0.0,0.0,0.0,0.0,0.0,0.0,0.6550166610355898,0.6550166610355898,0.6550166610355898,0.6601800615769577,0.6601800615769577,0.5745365959253709,0.5745365959253709
63.0,0.063,0.001,0.499,8.945338147648854,50.84089859587285,0.15612560338072318,0.8873410751705432,2.0740178211124323,-2.0328493195443844,2.0740178211124323,-2.0328493195443844,2.0740178211124323,-2.0328493195443844,0.028236051646342873,1.019552944251511,-1.8122067975404648,1.782535163240897,-1.8122067975404648,1.782535163240897,0.0,0.0,0.0,0.0,0.0,0.0,0.6653387611846143,0.6653387611846143,0.6653387611846143,0.670496272244929,0.670496272244929,0.5839836653250112,0.5839836653250112
64.0,0.064,0.001,0.499,9.065004903890856,50.723757172269316,0.15821418228232756,0.8852965716381881,2.1031260659170288,-2.0561358172742987,2.1031260659170288,-2.0561358172742987,2.1031260659170288,-2.0561358172742987,0.02639580139435858,1.0213599124430535,-1.8402502519842927,1.8069681915425466,-1.8402502519842927,1.8069681915425466,0.0,0.0,0.0,0.0,0.0,0.0,0.6756489662298747,0.6756489662298747,0.6756489662298747,0.6808004233118148,0.6808004233118148,0.5934447970567757,0.5934447970567757
65.0,0.065,0.001,0.499,9.186337051462354,50.605285265590965,0.16033182774596585,0.8832288467955355,2.1321510097486227,-2.0792925299766574,2.1321510097486227,-2.0792925299766574,2.1321510097486227,-2.0792925299766574,0.02452752076296616,1.0231911514620144,-1.86828063139242,1.8312390189610064,-1.86828063139242,1.8312390189610064,0.0,0.0,0.0,0.0,0.0,0.0,0.6859469480116385,0.6859469480116385,0.6859469480116385,0.6910921880610387,0.6910921880610388,0.602920102665623,0.602920102665623
66.0,0.066,0.001,0.499,9.309329828447733,50.48549021178556,0.16247845666053182,0.8811380286790274,2.1610930285138776,-2.1023229339663754,2.1610930285138776,-2.1023229339663754,2.1610930285138776,-2.1023229339663754,0.022631223057665652,1.025046496411637,-1.896297705300508,1.8553449496225127,-1.896297705300508,1.8553449496225127,0.0,0.0,0.0,0.0,0.0,0.0,0.6962323813145194,0.6962323813145194,0.6962323813145193,0.7013712428167519,0.7013712428167519,0.6124096890396395,0.6124096890396395
67.0,0.067,0.001,0.499,9.433978493812873,50.3643791511973,0.16465398627937014,0.8790242419111799,2.189952475232275,-2.1252303809571584,2.189952475232275,-2.1252303809571584,2.189952475232275,-2.1252303809571584,0.020706921815754797,1.0269257796930282,-1.9243012419108556,1.8792832813911222,-1.9243012419108556,1.8792832813911222,0.0,0.0,0.0,0.0,0.0,0.0,0.7065049440596837,0.7065049440596837,0.7065049440596837,0.7116372671359965,0.7116372671359965,0.6219136583770811,0.6219136583770811
68.0,0.068,0.001,0.499,9.560278326097897,50.24195903567592,0.16685833419746043,0.8768876078246599,2.218729680176855,-2.148018099104351,2.218729680176855,-2.148018099104351,2.218729680176855,-2.148018099104351,0.018754630807696016,1.0288288309989544,-1.9522910080587825,1.903051305926248,-1.9522910080587825,1.903051305926248,0.0,0.0,0.0,0.0,0.0,0.0,0.7167643174964435,0.7167643174964435,0.7167643174964435,0.7218899439976594,0.7218899439976594,0.6314321081557351,0.6314321081557351
69.0,0.069,0.001,0.499,9.68822462211773,50.11823663562708,0.16909141832873784,0.8747282445853382,2.247424951007265,-2.170689194009227,2.247424951007265,-2.170689194009227,2.247424951007265,-2.170689194009227,0.016774364038518497,1.0307554773076992,-1.9802667691775167,1.9266463087447887,-1.9802667691775167,1.9266463087447887,0.0,0.0,0.0,0.0,0.0,0.0,0.7270101863893079,0.7270101863893079,0.7270101863893079,0.7321289599883672,0.7321289599883671,0.6409651311046729,0.6409651311046729
70.0,0.07,0.001,0.499,9.817812695670094,49.99321854700637,0.17135315688354316,0.8725462673143567,2.276038572895499,-2.193246649686236,2.276038572895499,-2.193246649686236,2.276038572895499,-2.193246649686236,0.014766135749256979,1.032705542876987,-2.0082282892615178,1.950065569287779,-2.0082282892615178,1.950065569287779,0.0,0.0,0.0,0.0,0.0,0.0,0.7372422392012835,0.7372422392012835,0.7372422392012836,0.7423540054854733,0.7423540054854731,0.650512815178455,0.650512815178455
71.0,0.07100000000000001,0.001,0.499,9.949037876250486,49.8669111982588,0.17364346834619512,0.8703417882092468,2.30457080864469,-2.2156933294946675,2.30457080864469,-2.2156933294946675,2.30457080864469,-2.2156933294946675,0.012729960418428825,1.0346788492379784,-2.0361753308281534,1.9733063609914865,-2.0361753308281534,1.9733063609914865,0.0,0.0,0.0,0.0,0.0,0.0,0.7474601682780576,0.7474601682780576,0.7474601682780576,0.7525647748372825,0.7525647748372825,0.6600752435338573,0.6600752435338573
72.0,0.07200000000000001,0.001,0.499,10.08189550777379,49.73932085720598,0.1759622714526782,0.8681149166641327,2.3330218988013107,-2.238031977036188,2.3330218988013107,-2.238031977036188,2.3330218988013107,-2.238031977036188,0.010665852763551172,1.0366752151893412,-2.0641076548776534,1.9963659513628762,-2.0641076548776534,1.9963659513628762,0.0,0.0,0.0,0.0,0.0,0.0,0.7576636700237971,0.7576636700237971,0.7576636700237971,0.7627609665406496,0.7627609665406497,0.6696524945091847,0.6696524945091847
73.0,0.073,0.001,0.499,10.216380947302124,49.610453637882834,0.17830948516843936,0.8658657593890541,2.3613920617611224,-2.260265217019653,2.3613920617611224,-2.260265217019653,2.3613920617611224,-2.260265217019653,0.008573827742699911,1.0386944567914007,-2.09202502085126,2.0192416020593638,-2.09202502085126,2.0192416020593638,0.0,0.0,0.0,0.0,0.0,0.0,0.7678524450804333,0.7678524450804333,0.7678524450804333,0.7729422834160918,0.7729422834160918,0.6792446416062388,0.6792446416062388
74.0,0.074,0.001,0.499,10.352489563778592,49.480315507325585,0.18068502866628794,0.8635944205284398,2.389681493869202,-2.2823955560945826,2.389681493869202,-2.2823955560945826,2.389681493869202,-2.2823955560945826,0.0064539005561124185,1.0407363873603734,-2.1199271865874927,2.0419305689727723,-2.1199271865874927,2.0419305689727723,0.0,0.0,0.0,0.0,0.0,0.0,0.7780261984989388,0.7780261984989388,0.7780261984989388,0.7831084327805309,0.7831084327805309,0.688851753475003,0.688851753475003
75.0,0.075,0.001,0.499,10.490216736766605,49.34891229231291,0.18308882130439255,0.8613010017787627,2.4178903695143723,-2.3044253836546615,2.4178903695143723,-2.3044253836546615,2.4178903695143723,-2.3044253836546615,0.004306086647835968,1.0428008174626908,-2.1478139082764502,2.0644301023174045,-2.1478139082764502,2.0644301023174045,0.0,0.0,0.0,0.0,0.0,0.0,0.7881846399124413,0.7881846399124413,0.7881846399124413,0.7932591266178037,0.7932591266178037,0.6984738939011189,0.6984738939011189
76.0,0.076,0.001,0.499,10.629557855194454,49.2162496860619,0.18552078260436985,0.8589856025054057,2.4460188412183435,-2.3263569726125994,2.4460188412183435,-2.3263569726125994,2.4460188412183435,-2.3263569726125994,0.0021304017074239077,1.044887554909413,-2.17568494041206,2.0867374467221462,-2.17568494041206,2.0867374467221462,0.0,0.0,0.0,0.0,0.0,0.0,0.7983274837060195,0.7983274837060195,0.7983274837060195,0.8033940817470445,0.8033940817470444,0.7081111217962117,0.7081111217962117
77.0,0.077,0.001,0.499,10.770508316104856,49.082333254880346,0.18798083222945994,0.8566483198587672,2.4740670397198685,-2.3481924801476737,2.4740670397198685,-2.3481924801476737,2.4740670397198685,-2.3481924801476737,-7.313832831828959e-05,1.0469964047507394,-2.2035400357421975,2.1088498413265033,-2.2035400357421975,2.1088498413265033,0.0,0.0,0.0,0.0,0.0,0.0,0.8084544491828562,0.8084544491828562,0.8084544491828564,0.8135130199890528,0.8135130199890528,0.7177634911911371,0.7177634911911371
78.0,0.078,0.001,0.499,10.91306352340918,48.94716844477702,0.19046888996278347,0.8542892488896313,2.502035074054214,-2.36993394842725,2.502035074054214,-2.36993394842725,2.502035074054214,-2.36993394842725,-0.0023045172735348765,1.0491271692706199,-2.2313789452165866,2.1307645198804837,-2.2313789452165866,2.1307645198804837,0.0,0.0,0.0,0.0,0.0,0.0,0.818565260730447,0.818565260730447,0.8185652607304469,0.8236156683307555,0.8236156683307555,0.7274310512322151,0.7274310512322151
79.0,0.079,0.001,0.499,11.057218886646098,48.81076058803128,0.19298487568567607,0.8519084826638293,2.5299230316282277,-2.39158330530357,2.5299230316282277,-2.39158330530357,2.5299230316282277,-2.39158330530357,-0.004563718691467279,1.0512796479814681,-2.259201417932402,2.152478710848227,-2.259201417932402,2.152478710848227,0.0,0.0,0.0,0.0,0.0,0.0,0.8286596479836422,0.8286596479836422,0.8286596479836422,0.8337017590878549,0.8337017590878549,0.737113846180514,0.737113846180514
80.0,0.08,0.001,0.499,11.20296981974442,48.67311490972343,0.19552870935609576,0.8495061123762164,2.5577309782912887,-2.413142364987072,2.5577309782912887,-2.413142364987072,2.5577309782912887,-2.413142364987072,-0.006850725892544757,1.0534536376189834,-2.2870072010774787,2.173989637515283,-2.2870072010774787,2.173989637515283,0.0,0.0,0.0,0.0,0.0,0.0,0.838737345987059,0.838737345987059,0.8387373459870588,0.8437710300657577,0.8437710300657577,0.7468119154142536,0.7468119154142536
81.0,0.081,0.001,0.499,11.35031173978988,48.53423653422719,0.1981003109870993,0.847082227463986,2.5854589584024175,-2.4346128286975035,2.5854589584024175,-2.4346128286975035,2.5854589584024175,-2.4346128286975035,-0.009165521932415807,1.0556489321370828,-2.31479603987105,2.1952945180994443,-2.31479603987105,2.1952945180994443,0.0,0.0,0.0,0.0,0.0,0.0,0.8487980953544269,0.8487980953544269,0.8487980953544267,0.8538232247188678,0.8538232247188678,0.7565252934343887,0.7565252934343887
82.0,0.082,0.001,0.499,11.499240065795675,48.39413049166541,0.2006996006253839,0.8446369157193436,2.6131069948938137,-2.455996285294082,2.6131069948938137,-2.455996285294082,2.6131069948938137,-2.455996285294082,-0.011508089609917732,1.0578653227029478,-2.3425676775019246,2.2163905658650265,-2.3425676775019246,2.2163905658650265,0.0,0.0,0.0,0.0,0.0,0.0,0.8588416424274385,0.8588416424274385,0.8588416424274385,0.8638580923083211,0.8638580923083212,0.7662540098734439,0.7662540098734439
83.0,0.083,0.001,0.499,11.649750217476523,48.2528017243303,0.20332649832989078,0.8421702634015609,2.6406750893310917,-2.477294211885928,2.6406750893310917,-2.477294211885928,2.6406750893310917,-2.477294211885928,-0.013878411464981748,1.0601025976921883,-2.3703218550640157,2.2372749892404986,-2.3703218550640157,2.2372749892404986,0.0,0.0,0.0,0.0,0.0,0.0,0.868867739433611,0.868867739433611,0.868867739433611,0.873875388058236,0.873875388058236,0.7759980895076581,0.7759980895076581
84.0,0.084,0.001,0.499,11.801837614026118,48.11025509306916,0.20598092415046748,0.8396823553484278,2.6681632219704747,-2.4985079744240197,2.6681632219704747,-2.4985079744240197,2.6681632219704747,-2.4985079744240197,-0.01627646977647088,1.0623605426841276,-2.3980583114891325,2.2579449919393615,-2.3980583114891325,2.2579449919393615,0.0,0.0,0.0,0.0,0.0,0.0,0.8788761446403521,0.8788761446403521,0.8788761446403521,0.8838748733105354,0.8838748733105354,0.7857575522725053,0.7857575522725053
85.0,0.085,0.001,0.499,11.955497672897751,47.96649538363679,0.2086627981065858,0.8371732750871226,2.6955713518132045,-2.519638828275889,2.6955713518132045,-2.519638828275889,2.6955713518132045,-2.519638828275889,-0.01870224655994783,1.0646389404572119,-2.4257767834769517,2.2783977730841665,-2.4257767834769517,2.2783977730841665,0.0,0.0,0.0,0.0,0.0,0.0,0.888866622509163,0.888866622509163,0.888866622509163,0.8938563156784071,0.8938563156784071,0.7955324132816555,0.7955324132816555
86.0,0.08600000000000001,0.001,0.499,12.110725808587993,47.821527313015295,0.21137204016611305,0.8346431049445139,2.7228994166574285,-2.5406879187842852,2.7228994166574285,-2.5406879187842852,2.7228994166574285,-2.5406879187842852,-0.021155723565369905,1.0669375709845454,-2.4534770054220743,2.298630527333573,-2.4534770054220743,2.298630527333573,0.0,0.0,0.0,0.0,0.0,0.0,0.8988389438499131,0.8988389438499131,0.8988389438499131,0.9038194891984406,0.9038194891984406,0.805322682849437,0.805322682849437
87.0,0.08700000000000001,0.001,0.499,12.267517431423276,47.675355535702465,0.21410857022413385,0.832091926156913,2.7501473331478126,-2.5616562818110324,2.7501473331478126,-2.5616562818110324,2.7501473331478126,-2.5616562818110324,-0.02363688227470799,1.0692562114295578,-2.4811587093380867,2.318640445012341,-2.4811587093380867,2.318640445012341,0.0,0.0,0.0,0.0,0.0,0.0,0.9087928859716229,0.9087928859716229,0.9087928859716229,0.9137641744814906,0.9137641744814906,0.8151283665168618,0.8151283665168618
88.0,0.088,0.001,0.499,12.425867946349259,47.52798464996926,0.21687230808182067,0.8295198189792883,2.7773149968231343,-2.582544844267301,2.7773149968231343,-2.582544844267301,2.7773149968231343,-2.582544844267301,-0.026145703899486523,1.071594636141802,-2.5088216247785318,2.338424712244149,-2.5088216247785318,2.338424712244149,0.0,0.0,0.0,0.0,0.0,0.0,0.9187282328311184,0.9187282328311184,0.9187282328311183,0.9236901588622953,0.9236901588622954,0.8249494650812762,0.8249494650812762
89.0,0.089,0.001,0.499,12.585772751722876,47.379419204087384,0.21966317342535102,0.8269268627939561,2.8044022821621075,-2.60335442463152,2.8044022821621075,-2.60335442463152,2.8044022821621075,-2.60335442463152,-0.028682169378241234,1.0739526166528892,-2.53646547875471,2.357980511087137,-2.53646547875471,2.357980511087137,0.0,0.0,0.0,0.0,0.0,0.0,0.9286447751848843,0.9286447751848843,0.9286447751848843,0.9335972365478732,0.9335972365478732,0.8347859746296962,0.8347859746296962
90.0,0.09,0.001,0.499,12.747227238106953,47.229663702527425,0.22248108580486953,0.8243131362187592,2.831409042627685,-2.624085733456157,2.831409042627685,-2.624085733456157,2.831409042627685,-2.624085733456157,-0.031246259373891448,1.0763299216725613,-2.5640899956502134,2.3773050196720678,-2.5640899956502134,2.3773050196720678,0.0,0.0,0.0,0.0,0.0,0.0,0.9385423107346689,0.9385423107346689,0.9385423107346689,0.9434852087647214,0.9434852087647213,0.844637886575886,0.844637886575886
91.0,0.091,0.001,0.499,12.910226787067339,47.07872261212825,0.22532596461349394,0.8216787172147433,2.8583351107100934,-2.6447393738645966,2.8583351107100934,-2.6447393738645966,2.8583351107100934,-2.6447393738645966,-0.03383795427102357,1.0787263170849042,-2.5916948971321174,2.3963954123429994,-2.5916948971321174,2.3963954123429994,0.0,0.0,0.0,0.0,0.0,0.0,0.9484206442750258,0.9484206442750258,0.9484206442750258,0.9533538839048179,0.9533538839048179,0.8545051877012407,0.8545051877012407
92.0,0.092,0.001,0.499,13.074766769972452,46.92660036823828,0.22819772906636335,0.8190236831933415,2.885180297968846,-2.665315842039354,2.885180297968846,-2.665315842039354,2.885180297968846,-2.665315842039354,-0.036457234173082304,1.0811415659447046,-2.619279902058732,2.4152488598003674,-2.619279902058732,2.4152488598003674,0.0,0.0,0.0,0.0,0.0,0.0,0.9582795878383649,0.9582795878383649,0.9582795878383649,0.9632030776704303,0.9632030776704303,0.8643878601995268,0.8643878601995268
93.0,0.093,0.001,0.499,13.240842546795239,46.7733013808289,0.23109629817972827,0.8163481111230744,2.911944395073985,-2.6858155277028692,2.911944395073985,-2.6858155277028692,2.911944395073985,-2.6858155277028692,-0.039104078899466134,1.083575428473951,-2.646844726383833,2.4338625292463725,-2.646844726383833,2.4338625292463725,0.0,0.0,0.0,0.0,0.0,0.0,0.9681189608391884,0.9681189608391884,0.9681189608391884,0.9730326132177254,0.9730326132177254,0.8742858817255388,0.8742858817255388
94.0,0.094,0.001,0.499,13.408449464917453,46.618830040580534,0.23402159075008147,0.813652077635772,2.938627171846801,-2.7062387145921316,2.938627171846801,-2.7062387145921316,2.938627171846801,-2.7062387145921316,-0.04177846798252342,1.0860276620584834,-2.6743890830572905,2.45223358453257,-2.6743890830572905,2.45223358453257,0.0,0.0,0.0,0.0,0.0,0.0,0.9779385902174179,0.9779385902174179,0.9779385902174179,0.9828423212991522,0.9828423212991523,0.8841992254477269,0.8841992254477269
95.0,0.095,0.001,0.499,13.577582857936276,46.46319072494173,0.23697352533332952,0.8109356591323242,2.9652283773002885,-2.7265855809283925,2.9652283773002885,-2.7265855809283925,2.9652283773002885,-2.7265855809283925,-0.04448038066444543,1.088498021244793,-2.701912681922003,2.470359186309561,-2.701912681922003,2.470359186309561,0.0,0.0,0.0,0.0,0.0,0.0,0.9877383105803835,0.9877383105803835,0.9877383105803835,0.992632040404583,0.992632040404583,0.8941278601048495,0.8941278601048495
96.0,0.096,0.001,0.499,13.74823804447324,46.30638780416139,0.23995202022400464,0.8081989318879634,2.991747739679583,-2.7468561998832417,2.991747739679583,-2.7468561998832417,2.991747739679583,-2.7468561998832417,-0.047209795894052484,1.0909862577369718,-2.729415229607057,2.488236492178682,-2.729415229607057,2.488236492178682,0.0,0.0,0.0,0.0,0.0,0.0,0.9975179643411135,0.9975179643411135,0.9975179643411135,1.0024016169011691,1.0024016169011691,0.9040717500667005,0.9040717500667005
97.0,0.097,0.001,0.499,13.920410326985488,46.14842564729435,0.2429569934345172,0.8054419721570818,3.0181849665026426,-2.7670505400423244,3.0181849665026426,-2.7670505400423244,3.0181849665026426,-2.7670505400423244,-0.049966692323469515,1.0934921203938173,-2.7568964294170297,2.505862656845598,-2.7568964294170297,2.505862656845598,0.0,0.0,0.0,0.0,0.0,0.0,1.0072774018629829,1.0072774018629829,1.0072774018629829,1.0121509051718667,1.0121509051718667,0.9140308553989682,0.9140308553989682
98.0,0.098,0.001,0.499,14.094094990579368,45.98930862818049,0.24598836267444915,0.8026648562775861,3.0445397446014266,-2.7871684658679934,3.0445397446014266,-2.7871684658679934,3.0445397446014266,-2.7871684658679934,-0.052751048304686875,1.096015355226093,-2.784355981217357,2.5232348322757,-2.784355981217357,2.5232348322757,0.0,0.0,0.0,0.0,0.0,0.0,1.0170164815887055,1.0170164815887055,1.0170164815887055,1.0218797677525777,1.0218797677525777,0.9240051319322684,0.9240051319322684
99.0,0.099,0.001,0.499,14.269287301826408,45.82904113139727,0.2490460453298887,0.7998676607747895,3.070811740163837,-2.8072097381622036,3.070811740163837,-2.8072097381622036,3.070811740163837,-2.8072097381622036,-0.05556284188600255,1.098555705393944,-2.8117935813156736,2.540350167851209,-2.8117935813156736,2.540350167851209,0.0,0.0,0.0,0.0,0.0,0.0,1.0267350701863627,1.0267350701863627,1.0267350701863627,1.0315880754678413,1.0315880754678415,0.9339945313354066,0.9339945313354066
100.0,0.1,0.001,0.499,14.44598250758173,45.667627558185785,0.2521299584428079,0.7970504624648402,3.0970005987766838,-2.8271740145309683,3.0970005987766838,-2.8271740145309683,3.0970005987766838,-2.8271740145309683,-0.05840205080834161,1.101112911204474,-2.839208922339065,2.557205810529899,-2.839208922339065,2.557205810529899,0.0,0.0,0.0,0.0,0.0,0.0,1.0364330426777892,1.0364330426777892,1.0364330426777892,1.0412757075650019,1.0412757075650019,0.9439990011929106,0.9439990011929106
101.0,0.101,0.001,0.499,14.624175833804944,45.505072332350046,0.25524001869048335,0.7942133385576836,3.123105945469944,-2.8470608498517103,3.123105945469944,-2.8470608498517103,3.123105945469944,-2.8470608498517103,-0.06126865250144875,1.1036867101094794,-2.866601693107134,2.573798905005342,-2.866601693107134,2.573798905005342,0.0,0.0,0.0,0.0,0.0,0.0,1.0461102825752733,1.0461102825752733,1.0461102825752733,1.0509425518467599,1.0509425518467599,0.9540184850868838,0.9540184850868838
102.0,0.10200000000000001,0.001,0.499,14.80386248438365,45.34137990612941,0.2583761423649623,0.7913563667595557,3.149127384762581,-2.86686969674486,3.149127384762581,-2.86686969674486,3.149127384762581,-2.86686969674486,-0.06416262407994958,1.106276836703348,-2.8939715785008238,2.5901265938685887,-2.8939715785008238,2.5901265938685887,0.0,0.0,0.0,0.0,0.0,0.0,1.0557666820096758,1.0557666820096758,1.0557666820096756,1.0605885048020205,1.0605885048020205,0.9640529226832188,0.9640529226832188
103.0,0.10300000000000001,0.001,0.499,14.985037639959575,45.176554766043864,0.2615382453525752,0.7884796253750019,3.1750645007102074,-2.886599906051063,3.1750645007102074,-2.886599906051063,3.1750645007102074,-2.886599906051063,-0.06708394233927648,1.1088830227211193,-2.921318259326906,2.606186017771202,-2.921318259326906,2.606186017771202,0.0,0.0,0.0,0.0,0.0,0.0,1.0654021418657067,1.0654021418657067,1.0654021418657067,1.0702134717349305,1.0702134717349305,0.9741022498222156,0.9741022498222156
104.0,0.10400000000000001,0.001,0.499,15.167696456757556,45.0106014387117,0.2647262431134971,0.7855831934084159,3.2009168569548625,-2.906250727315384,3.2009168569548625,-2.906250727315384,3.2009168569548625,-2.906250727315384,-0.07003258375145455,1.1115049970367088,-2.948641412178076,2.6219743155895516,-2.948641412178076,2.6219743155895516,0.0,0.0,0.0,0.0,0.0,0.0,1.0750165719050682,1.0750165719050682,1.0750165719050682,1.0798173668919795,1.0798173668919795,0.9841663986136415,0.9841663986136415
105.0,0.105,0.001,0.499,15.351834065417384,44.843524496639304,0.2679400506613599,0.7826671506650886,3.2266839967771936,-2.9258213092798995,3.2266839967771936,-2.9258213092798995,3.2266839967771936,-2.9258213092798995,-0.07300852446074312,1.1141424856612991,-2.975940709288573,2.637488624590298,-2.975940709288573,2.637488624590298,0.0,0.0,0.0,0.0,0.0,0.0,1.0846098908954958,1.0846098908954958,1.0846098908954958,1.0894001135870448,1.0894001135870448,0.9942452975362778,0.9942452975362778
106.0,0.106,0.001,0.499,15.537445569828755,44.67532856398233,0.2711795825429183,0.779731577851762,3.252365443151328,-2.945310700386099,3.252365443151328,-2.945310700386099,3.252365443151328,-2.945310700386099,-0.07601174027912838,1.1167952117418962,-3.0032158183852626,2.6527260805969815,-3.0032158183852626,2.6527260805969815,0.0,0.0,0.0,0.0,0.0,0.0,1.09418202673322,1.09418202673322,1.09418202673322,1.0989616443242436,1.0989616443242436,1.0043388715419812,1.0043388715419812
107.0,0.107,0.001,0.499,15.724526045969426,44.506018322277946,0.2744447528177717,0.7767765566766729,3.277960698802726,-2.9647178492885304,3.277960698802726,-2.9647178492885304,3.277960698802726,-2.9647178492885304,-0.0790422066816625,1.1194628955600539,-3.030466402534114,2.6676838181576477,-3.030466402534114,2.6676838181576477,0.0,0.0,0.0,0.0,0.0,0.0,1.1037329165657905,1.1037329165657905,1.1037329165657905,1.1085019009184316,1.1085019009184316,1.0144470421643,1.0144470421643
108.0,0.108,0.001,0.499,15.913070540746796,44.335598516147066,0.27773547503814605,0.7738021699490787,3.303469246269321,-2.9840416053811354,3.303469246269321,-2.9840416053811354,3.303469246269321,-2.9840416053811354,-0.08209989880164449,1.1221452545307673,-3.057692119982002,2.682358970713433,-3.057692119982002,2.682358970713433,0.0,0.0,0.0,0.0,0.0,0.0,1.1132625069093776,1.1132625069093776,1.1132625069093776,1.1180208346131981,1.1180208346131981,1.0245697276316783,1.0245697276316783
109.0,0.109,0.001,0.499,16.10307407084307,44.16407395896627,0.28105166222873823,0.7708085016782484,3.32889054796624,-3.0032807193377478,3.32889054796624,-3.0032807193377478,3.32889054796624,-3.0032807193377478,-0.08518479142563827,1.1248420032015354,-3.084892623993778,2.696748670768044,-3.084892623993778,2.696748670768044,0.0,0.0,0.0,0.0,0.0,0.0,1.122770753768997,1.122770753768997,1.122770753768997,1.1275184061961825,1.1275184061961825,1.0347068429852748,1.0347068429852748
110.0,0.11,0.001,0.499,16.294531621564275,43.99144953850809,0.28439322686662727,0.7677956371719062,3.3542240462544193,-3.022433843668242,3.3542240462544193,-3.022433843668242,3.3542240462544193,-3.022433843668242,-0.08829685898832282,1.1275528532515935,-3.112067562684546,2.7108500500580712,-3.112067562684546,2.7108500500580712,0.0,0.0,0.0,0.0,0.0,0.0,1.132257622747749,1.132257622747749,1.132257622747749,1.1369945861115234,1.1369945861115234,1.044858300201427,1.044858300201427
111.0,0.111,0.001,0.499,16.487438145693275,43.81773022254915,0.2877600808612562,0.7647636631341104,3.379469163513431,-3.041499533291837,3.379469163513431,-3.041499533291837,3.379469163513431,-3.041499533291837,-0.0914360755671699,1.1302775134913177,-3.139216578847088,2.724660239724069,-3.139216578847088,2.724660239724069,0.0,0.0,0.0,0.0,0.0,0.0,1.141723089162597,1.141723089162597,1.141723089162597,1.1464493545692567,1.1464493545692567,1.055024008318789,1.055024008318789
112.0,0.112,0.001,0.499,16.681788562347144,43.64292106444476,0.29115213553448904,0.7617126677625493,3.404625302218833,-3.0604762461290744,3.404625302218833,-3.0604762461290744,3.404625302218833,-3.0604762461290744,-0.09460241487694428,1.1330156898618,-3.1663393097743784,2.738176370482352,-3.1663393097743784,2.738176370482352,0.0,0.0,0.0,0.0,0.0,0.0,1.1511671381477644,1.1511671381477644,1.1511671381477644,1.155882701651444,1.155882701651444,1.0652038735701634,1.0652038735701634
113.0,0.113,0.001,0.499,16.877577755839066,43.4670272086691,0.29456930160074735,0.7586427408452361,3.429691845024371,-3.079362343714018,3.429691845024371,-3.079362343714018,3.429691845024371,-3.079362343714018,-0.09779585026402142,1.1357670854345974,-3.1934353870771464,2.7513955727974513,-3.1934353870771464,2.7513955727974513,0.0,0.0,0.0,0.0,0.0,0.0,1.1605897647629195,1.1605897647629195,1.1605897647629195,1.1652946274148244,1.1652946274148244,1.0753977995190527,1.0753977995190527
114.0,0.114,0.001,0.499,17.074800574545108,43.29005389631976,0.29801148914723163,0.7555539738565797,3.454668154849365,-3.0981560918282236,3.454668154849365,-3.0981560918282236,3.454668154849365,-3.0981560918282236,-0.10101635470051784,1.1385314004116525,-3.220504436496422,2.764314977055183,-3.220504436496422,2.764314977055183,0.0,0.0,0.0,0.0,0.0,0.0,1.169990974090562,1.169990974090562,1.169990974090562,1.1746851419897548,1.174685141989755,1.085605687200944,1.085605687200944
115.0,0.115,0.001,0.499,17.273451829776164,43.11200647058517,0.3014786076142331,0.7524464600528111,3.479553574971611,-3.1168556611580627,3.479553574971611,-3.1168556611580627,3.479553574971611,-3.1168556611580627,-0.10426390077822888,1.1413083321253887,-3.247546077711031,2.7769317137362868,-3.247546077711031,2.7769317137362868,0.0,0.0,0.0,0.0,0.0,0.0,1.179370781335972,1.179370781335972,1.179370781335972,1.1840542656752073,1.1840542656752073,1.0958274352693567,1.0958274352693567
116.0,0.116,0.001,0.499,17.47352629465536,42.93289038217378,0.3049705657755409,0.7493202945667391,3.5043474291261374,-3.1354591279769766,3.5043474291261374,-3.1354591279769766,3.5043474291261374,-3.1354591279769766,-0.10753846070236887,1.1440975750389792,-3.2745599241399908,2.789242913590589,-3.2745599241399908,2.789242913590589,0.0,0.0,0.0,0.0,0.0,0.0,1.1887292119183976,1.1887292119183976,1.1887292119183976,1.1934020290295544,1.1934020290295544,1.106062940146647,1.106062940146647
117.0,0.117,0.001,0.499,17.67501870300134,42.75271119470332,0.30848727171895113,0.7461755745018115,3.529049021610172,-3.15396447485428,3.529049021610172,-3.15396447485428,3.529049021610172,-3.15396447485428,-0.11084000628510864,1.146898820746791,-3.301545582739764,2.8012457078116615,-3.301545582739764,2.8012457078116615,0.0,0.0,0.0,0.0,0.0,0.0,1.1980663015597148,1.1980663015597148,1.1980663015597148,1.202728472956905,1.202728472956905,1.1163120961796082,1.1163120961796082
118.0,0.11800000000000001,0.001,0.499,17.877923748217697,42.571474590048695,0.31202863282688453,0.7430123990254529,3.553657637394656,-3.1723695913921213,3.553657637394656,-3.1723695913921213,3.553657637394656,-3.1723695913921213,-0.11416850893890497,1.149711757975003,-3.3285026537963383,2.8129372282119363,-3.3285026537963383,2.8129372282119363,0.0,0.0,0.0,0.0,0.0,0.0,1.2073820963695785,1.2073820963695785,1.2073820963695787,1.2120336487886987,1.2120336487886987,1.126574795799849,1.126574795799849
119.0,0.11900000000000001,0.001,0.499,18.082236082189038,42.38918637364676,0.3155945557571187,0.7398308694616512,3.5781725422426742,-3.1906722749922345,3.5781725422426742,-3.1906722749922345,3.5781725422426742,-3.1906722749922345,-0.11752393966961706,1.1525360725824012,-3.355430730712095,2.8243146073982563,-3.355430730712095,2.8243146073982563,0.0,0.0,0.0,0.0,0.0,0.0,1.2166766529232835,1.2166766529232835,1.2166766529232835,1.2213176183602796,1.2213176183602794,1.1368509296889784,1.1368509296889784
120.0,0.12,0.001,0.499,18.28795031418401,42.205852479756345,0.31918494642364237,0.7366310893827616,3.602592982835151,-3.208870231654132,3.602592982835151,-3.208870231654132,3.602592982835151,-3.208870231654132,-0.12090626906940449,1.155371447561349,-3.382329399787435,2.8353749789478355,-3.382329399787435,2.8353749789478355,0.0,0.0,0.0,0.0,0.0,0.0,1.2259500383363313,1.2259500383363313,1.2259500383363313,1.2305804540821612,1.2305804540821612,1.1471403869485883,1.1471403869485883
121.0,0.121,0.001,0.499,18.49506100976575,42.02147897667153,0.3227997099776394,0.7334131647004957,3.6269181869041853,-3.226961076806384,3.6269181869041853,-3.226961076806384,3.6269181869041853,-3.226961076806384,-0.12431546730940163,1.1582175630389335,-3.4091982399971377,2.8461154775846094,-3.4091982399971377,2.8461154775846094,0.0,0.0,0.0,0.0,0.0,0.0,1.2352023303324733,1.2352023303324733,1.2352023303324735,1.2398222390056692,1.2398222390056692,1.1574430552750417,1.1574430552750417
122.0,0.122,0.001,0.499,18.703562689710218,41.83607207188636,0.32643875078860984,0.7301772037560629,3.6511473633743874,-3.2449423361726537,3.6511473633743874,-3.2449423361726537,3.6511473633743874,-3.2449423361726537,-0.12775150413216305,1.1610740962782895,-3.436036822761428,2.856533239355964,-3.436036822761428,2.856533239355964,0.0,0.0,0.0,0.0,0.0,0.0,1.2444336173070956,1.2444336173070956,1.2444336173070956,1.2490430668826502,1.2490430668826502,1.1677588211390617,1.1677588211390617
123.0,0.123,0.001,0.499,18.913449828932862,41.64963811720888,0.3301019724256367,0.726923317409427,3.675279702512595,-3.2628114466741565,3.675279702512595,-3.2628114466741565,3.675279702512595,-3.2628114466741565,-0.13121434884387478,1.1639407216800994,-3.4628447117117336,2.8666254018098356,-3.4628447117117336,2.8666254018098356,0.0,0.0,0.0,0.0,0.0,0.0,1.2536439983827175,1.2536439983827175,1.2536439983827175,1.2582430422189255,1.2582430422189255,1.1780875699701194,1.1780875699701194
124.0,0.124,0.001,0.499,19.12471685542408,41.462183613822354,0.33378927763880656,0.7236516191276412,3.699314376086341,-3.280565757370221,3.699314376086341,-3.280565757370221,3.699314376086341,-3.280565757370221,-0.1347039703063259,1.1668171107842715,-3.489621462451113,2.8763891041721696,-3.489621462451113,2.8763891041721696,0.0,0.0,0.0,0.0,0.0,0.0,1.2628335834618203,1.2628335834618203,1.2628335834618203,1.2674222803211472,1.2674222803211472,1.1884291863456091,1.1884291863456091
125.0,0.125,0.001,0.499,19.337358149194063,41.273715217291524,0.3375005683407933,0.7203622250722239,3.7232505375314533,-3.2982025304386307,3.7232505375314533,-3.2982025304386307,3.7232505375314533,-3.2982025304386307,-0.13822033692863522,1.1697029322717962,-3.516366622309348,2.885821487524748,-3.516366622309348,2.885821487524748,0.0,0.0,0.0,0.0,0.0,0.0,1.272002493265633,1.272002493265633,1.272002493265633,1.2765809073367216,1.2765809073367216,1.1987835541848073,1.1987835541848073
126.0,0.126,0.001,0.499,19.55136804122749,41.08423974251146,0.34123574558861414,0.7170552541855323,3.747087322129171,-3.3157189421974307,3.747087322129171,-3.3157189421974307,3.747087322129171,-3.3157189421974307,-0.1417634166587279,1.1725978519667797,-3.543079730092687,2.8949196949833813,-3.543079730092687,2.8949196949833813,0.0,0.0,0.0,0.0,0.0,0.0,1.2811508593750591,1.2811508593750591,1.2811508593750591,1.2857190602864432,1.2857190602864432,1.2091505569475927,1.2091505569475927
127.0,0.127,0.001,0.499,19.766740812448646,40.89376416859668,0.3449947095655678,0.7137308282760936,3.7708238471931557,-3.3331120841698745,3.7708238471931557,-3.3331120841698745,3.7708238471931557,-3.3331120841698745,-0.14533317697455614,1.1755015328386562,-3.5697603158282383,2.9036808718764786,-3.5697603158282383,2.9036808718764786,0.0,0.0,0.0,0.0,0.0,0.0,1.2902788242575707,1.2902788242575707,1.2902788242575707,1.2948368870894815,1.2948368870894815,1.2195300778379186,1.2195300778379186
128.0,0.128,0.001,0.499,19.983470692697576,40.702295643707956,0.34877735956336464,0.7103890721028486,3.794459212266787,-3.350378964194196,3.794459212266787,-3.350378964194196,3.794459212266787,-3.350378964194196,-0.14892958487505917,1.1784136350045802,-3.5964079005030167,2.9121021659240087,-3.5964079005030167,2.9121021659240087,0.0,0.0,0.0,0.0,0.0,0.0,1.2993865412869898,1.2993865412869898,1.2993865412869898,1.3039345465803491,1.3039345465803491,1.2299220000120095,1.2299220000120095
129.0,0.129,0.001,0.499,20.20155185971781,40.5098414898142,0.35258359396445943,0.7070301134582627,3.817992499331127,-3.367516507579872,3.817992499331127,-3.367516507579872,3.817992499331127,-3.367516507579872,-0.1525526068708568,1.181333815731997,-3.6230219957976404,2.9201807274168665,-3.6230219957976404,2.9201807274168665,0.0,0.0,0.0,0.0,0.0,0.0,1.3084741747590436,1.3084741747590436,1.3084741747590436,1.3130122085174845,1.3130122085174842,1.2403262067912666,1.2403262067912666
130.0,0.13,0.001,0.499,20.420978438156357,40.31640920738676,0.35641331022459766,0.7036540832502564,3.8414227730239388,-3.384521558312041,3.8414227730239388,-3.384521558312041,3.8414227730239388,-3.384521558312041,-0.15620220897467152,1.1842617294413937,-3.6496021038146953,2.9279137093966723,-3.6496021038146953,2.9279137093966723,0.0,0.0,0.0,0.0,0.0,0.0,1.317541899893768,1.317541899893768,1.317541899893768,1.3220700535830576,1.3220700535830576,1.2507425818798472,1.2507425818798472
131.0,0.131,0.001,0.499,20.64174449857653,40.122006480023266,0.3602664048555864,0.7002611155829065,3.8647490808701472,-3.4013908803057276,3.8647490808701472,-3.4013908803057276,3.8647490808701472,-3.4013908803057276,-0.1598783566914733,1.1871970277092299,-3.676147716801776,2.935298267836026,-3.676147716801776,2.935298267836026,0.0,0.0,0.0,0.0,0.0,0.0,1.3265899028300974,1.3265899028300974,1.3265899028300974,1.3311082733736257,1.3311082733736257,1.2611710095868889,1.2611710095868889
132.0,0.132,0.001,0.499,20.863844056484357,39.92664117899815,0.3641427734083018,0.6968513478358684,3.887970453524122,-3.4181211587115103,3.887970453524122,-3.4181211587115103,3.887970453524122,-3.4181211587115103,-0.16358101500834252,1.1901393592710492,-3.702658316869222,2.9423315618192514,-3.702658316869222,2.9423315618192514,0.0,0.0,0.0,0.0,0.0,0.0,1.3356183806146518,1.3356183806146518,1.3356183806146518,1.3401270703812314,1.3401270703812314,1.2716113750533475,1.2716113750533475
133.0,0.133,0.001,0.499,21.08727107136919,39.730321367736856,0.36804231045594454,0.693424920742465,3.9110859050241715,-3.4347090012742463,3.9110859050241715,-3.4347090012742463,3.9110859050241715,-3.4347090012742463,-0.1673101483840451,1.1930883700247727,-3.729133375702572,2.949010753723658,-3.729133375702572,2.949010753723658,0.0,0.0,0.0,0.0,0.0,0.0,1.3446275411747606,1.3446275411747606,1.3446275411747606,1.3491266579645642,1.3491266579645642,1.2820635644834049,1.2820635644834049
134.0,0.134,0.001,0.499,21.31201944575927,39.533055306210635,0.3719649095775563,0.6899819784663906,3.9340944330596197,-3.451150939746451,3.9340944330596197,-3.451150939746451,3.9340944330596197,-3.451150939746451,-0.17106572073831486,1.1960437030341742,-3.7555723542697668,2.9553330094013712,-3.7555723542697668,2.9553330094013712,0.0,0.0,0.0,0.0,0.0,0.0,1.3536176032859304,1.3536176032859304,1.3536176032859306,1.3581072603097752,1.3581072603097752,1.2925274653804069,1.2925274653804069
135.0,0.135,0.001,0.499,21.53808302429295,39.33485145524874,0.3759104633418098,0.6865226686769734,3.9569950192508467,-3.467443431357899,3.9569950192508467,-3.467443431357899,3.9569950192508467,-3.467443431357899,-0.17484769544083797,1.199004998532536,-3.7819747025231245,2.9612954983617636,-3.7819747025231245,2.9612954983617636,0.0,0.0,0.0,0.0,0.0,0.0,1.362588796527767,1.362588796527767,1.362588796527767,1.367069112380552,1.367069112380552,1.3030029667872847,1.3030029667872847
136.0,0.136,0.001,0.499,21.76545559280636,39.13571848076481,0.3798788632910852,0.683047142622939,3.9797866294426623,-3.4835828603429877,3.9797866294426623,-3.4835828603429877,3.9797866294426623,-3.4835828603429877,-0.17865603529993412,1.2019718939264905,-3.8083398590961366,2.9668953939545393,-3.8083398590961366,2.9668953939545393,0.0,0.0,0.0,0.0,0.0,0.0,1.3715413612276848,1.3715413612276848,1.3715413612276848,1.3760124598570476,1.3760124598570476,1.3134899595314071,1.3134899595314071
137.0,0.137,0.001,0.499,21.994130877438273,38.93566525789403,0.38386999992584725,0.6795555552046179,4.002468214011374,-3.4995655395273637,4.002468214011374,-3.4995655395273637,4.002468214011374,-3.4995655395273637,-0.18249070255092925,1.204944023800044,-3.8346672509951176,2.9721298735535213,-3.8346672509951176,2.9721298735535213,0.0,0.0,0.0,0.0,0.0,0.0,1.3804755483943523,1.3804755483943523,1.3804755483943523,1.384937559063259,1.384937559063259,1.323988336473808,1.323988336473808
138.0,0.138,0.001,0.499,22.224102543752934,38.73470087503763,0.38788376268933583,0.6760480650445353,4.025038708185915,-3.5153877119752814,4.025038708185915,-3.5153877119752814,4.025038708185915,-3.5153877119752814,-0.186351658844215,1.207921019918785,-3.860956293285759,2.9769961187411997,-3.860956293285759,2.9769961187411997,0.0,0.0,0.0,0.0,0.0,0.0,1.389391619639467,1.389391619639467,1.389391619639467,1.3938446768824697,1.3938446768824697,1.334497992762736,1.334497992762736
139.0,0.139,0.001,0.499,22.455364195881742,38.53283463781128,0.3919200399525853,0.6725248345563235,4.047497032383366,-3.5310455526991165,4.047497032383366,-3.5310455526991165,4.047497032383366,-3.5310455526991165,-0.19023886523298963,1.2109025112342793,-3.887206388774639,2.981491315494092,-3.887206388774639,2.981491315494092,0.0,0.0,0.0,0.0,0.0,0.0,1.39828984708579,1.39828984708579,1.39828984708579,1.4027340906603318,1.4027340906603318,1.3450188260914508,1.3450188260914508
140.0,0.14,0.001,0.499,22.687909375684544,38.33007607289363,0.3959787189997864,0.6689860300118919,4.069842092559237,-3.5465351704324046,4.069842092559237,-3.5465351704324046,4.069842092559237,-3.5465351704324046,-0.19415228216067537,1.2138881238886483,-3.913416927685746,2.985612654368985,-3.913416927685746,2.985612654368985,0.0,0.0,0.0,0.0,0.0,0.0,1.4071705132664383,1.4071705132664383,1.4071705132664383,1.4116060880952206,1.4116060880952206,1.355550736960205,1.355550736960205
141.0,0.14100000000000001,0.001,0.499,22.921731561931455,38.12643493177155,0.40005968601400643,0.6654318216067932,4.09207278057281,-3.5618526094677305,4.09207278057281,-3.5618526094677305,4.09207278057281,-3.5618526094677305,-0.19809186944800744,1.2168774812193384,-3.9395872873320754,2.98935733069012,-3.9395872873320754,2.98935733069012,0.0,0.0,0.0,0.0,0.0,0.0,1.416033911005957,1.416033911005957,1.416033911005957,1.4204609671154487,1.4204609671154487,1.3660936289423402,1.3660936289423402
142.0,0.14200000000000002,0.001,0.499,23.156824169506027,37.92192119437801,0.40416282606328163,0.6618623835237168,4.114187974567879,-3.5769938515607316,4.114187974567879,-3.5769938515607316,4.114187974567879,-3.5769938515607316,-0.2020575862797898,1.2198702037640758,-3.9657168317823728,2.9927225447373877,-3.9657168317823728,2.9927225447373877,0.0,0.0,0.0,0.0,0.0,0.0,1.424880343292178,1.424880343292178,1.424880343292178,1.4292990357429691,1.4292990357429691,1.3766474089544103,1.3766474089544103
143.0,0.14300000000000002,0.001,0.499,23.39318054863068,37.7165450726191,0.4082880230870989,0.658277893994047,4.136186539369194,-3.591954817901412,4.136186539369194,-3.591954817901412,4.136186539369194,-3.591954817901412,-0.2060493911913129,1.2228659092660115,-3.991804911523087,2.9957055019356065,-3.991804911523087,2.9957055019356065,0.0,0.0,0.0,0.0,0.0,0.0,1.4337101231332603,1.4337101231332603,1.4337101231332603,1.438120611943188,1.438120611943188,1.3872119875302538,1.3872119875302538
144.0,0.14400000000000002,0.001,0.499,23.63079398411535,37.510317013786036,0.41243515988328144,0.6546785353574136,4.158067326894881,-3.606731371153901,4.158067326894881,-3.606731371153901,4.158067326894881,-3.606731371153901,-0.21006724205442853,1.2258642126790564,-4.017850863115624,2.99830341304496,-4.017850863115624,2.99830341304496,0.0,0.0,0.0,0.0,0.0,0.0,1.4425235733995798,1.4425235733995798,1.4425235733995798,1.4469260234605135,1.4469260234605135,1.3977872790989259,1.3977872790989259
145.0,0.145,0.001,0.499,23.869657694630153,37.303247703848406,0.41660411809529535,0.6510644941191693,4.179829176585135,-3.6213193175657152,4.179829176585135,-3.6213193175657152,4.179829176585135,-3.6213193175657152,-0.2141110960632775,1.2288647261734091,-4.043854008848969,3.0005134943526657,-4.043854008848969,3.0005134943526657,0.0,0.0,0.0,0.0,0.0,0.0,1.4513210266527354,1.4513210266527354,1.4513210266527354,1.4557156076392903,1.4557156076392903,1.4083732022663944,1.4083732022663944
146.0,0.146,0.001,0.499,24.109764832003158,37.09534807062443,0.4207947781999926,0.6474359610057223,4.201470915847431,-3.6357144091474947,4.201470915847431,-3.6357144091474947,4.201470915847431,-3.6357144091474947,-0.21818090971966528,1.231867059141275,-4.06981365638779,3.002332967865958,-4.06981365638779,3.002332967865958,0.0,0.0,0.0,0.0,0.0,0.0,1.4601028249584929,1.4601028249584929,1.460102824958493,1.4644897112297763,1.4644897112297766,1.4189696801009042,1.4189696801009042
147.0,0.147,0.001,0.499,24.35110848054411,36.88662928682441,0.42500701949580827,0.6437931310176538,4.222991360518492,-3.6499123459241103,4.222991360518492,-3.6499123459241103,4.222991360518492,-3.6499123459241103,-0.22227663881808135,1.2348708182027814,-4.0957290984160855,3.003759061506467,-4.0957290984160855,3.003759061506467,0.0,0.0,0.0,0.0,0.0,0.0,1.4688693196851366,1.4688693196851366,1.4688693196851366,1.4732486901788207,1.4732486901788207,1.4295766404218941,1.4295766404218941
148.0,0.148,0.001,0.499,24.593681656395113,36.67710277296307,0.42924072009142744,0.6401362034805478,4.244389315343235,-3.66390877825794,4.244389315343235,-3.66390877825794,4.244389315343235,-3.66390877825794,-0.22639823843035786,1.2378756072120876,-4.121599612276505,3.004789009306072,-4.121599612276505,3.004789009306072,0.0,0.0,0.0,0.0,0.0,0.0,1.4776208712872503,1.4776208712872503,1.4776208712872503,1.4819929094049415,1.4819929094049415,1.440194016092368,1.440194016092368
149.0,0.149,0.001,0.499,24.837477306909236,36.46678020013669,0.4334957568949403,0.6364653820934619,4.265663574470893,-3.67769930924501,4.265663574470893,-3.67769930924501,4.265663574470893,-3.67769930924501,-0.2305456628899633,1.2408810272636919,-4.1474244596054355,3.0054200516043243,-4.1474244596054355,3.0054200516043243,0.0,0.0,0.0,0.0,0.0,0.0,1.4863578490712768,1.4863578490712768,1.4863578490712768,1.490722742557491,1.4907227425574912,1.450821745314596,1.450821745314596
150.0,0.15,0.001,0.499,25.082488310058068,36.25567349266091,0.4377720056035016,0.632780874974965,4.286812921968483,-3.6912794971846066,4.286812921968483,-3.6912794971846066,4.286812921968483,-3.6912794971846066,-0.23471886577592727,1.2438866766989394,-4.173202885963965,3.0056494352475163,-4.173202885963965,3.0056494352475163,0.0,0.0,0.0,0.0,0.0,0.0,1.4950806309489788,1.4950806309489788,1.4950806309489788,1.4994385717596441,1.4994385717596441,1.4614597719290188,1.4614597719290188
151.0,0.151,0.001,0.499,25.328707473869166,36.04379483056485,0.44206934069351256,0.6290828947066683,4.307836132351769,-3.7046448581228364,4.307836132351769,-3.7046448581228364,4.307836132351769,-3.7046448581228364,-0.2389177998963921,1.2468921511127289,-4.198934120464843,3.005474413789495,-4.198934120464843,3.005474413789495,0.0,0.0,0.0,0.0,0.0,0.0,1.5037896031693438,1.5037896031693438,1.5037896031693438,1.5081407873349373,1.5081407873349373,1.4721080457162337,1.4721080457162337
152.0,0.152,0.001,0.499,25.57612753589445,35.83115665193742,0.44638763541134235,0.6253716583741759,4.3287319711338395,-3.717790868470512,4.3287319711338395,-3.717790868470512,4.3287319711338395,-3.717790868470512,-0.24314241727178768,1.2498970433604233,-4.224617375395562,3.0048922476943036,-4.224617375395562,3.0048922476943036,0.0,0.0,0.0,0.0,0.0,0.0,1.5124851600389755,1.5124851600389755,1.5124851600389755,1.516829787517131,1.516829787517131,1.4827665227019202,1.4827665227019202
153.0,0.153,0.001,0.499,25.82474116271051,35.617771655121466,0.4507267617646071,0.6216473876053797,4.349499195391401,-3.730712967695607,4.349499195391401,-3.730712967695607,4.349499195391401,-3.730712967695607,-0.24739266911762536,1.252900943564964,-4.250251845837686,3.0039002045407446,-4.250251845837686,3.0039002045407446,0.0,0.0,0.0,0.0,0.0,0.0,1.5211677036228832,1.5211677036228832,1.5211677036228832,1.5255059781431808,1.5255059781431808,1.4934351654645632,1.4934351654645632
154.0,0.154,0.001,0.499,26.0745409494519,35.403652800751495,0.455086590514024,0.6179103086060256,4.370136554348837,-3.7434065610903997,4.370136554348837,-3.7434065610903997,4.370136554348837,-3.7434065610903997,-0.2516685058269079,1.255903439124193,-4.2758367092825615,3.0024955592289597,-4.2758367092825615,3.0024955592289597,0.0,0.0,0.0,0.0,0.0,0.0,1.5298376434286813,1.5298376434286813,1.5298376434286813,1.5341697723291379,1.5341697723291379,1.5041139434458242,1.5041139434458242
155.0,0.155,0.001,0.499,26.32551941937838,35.18881331363081,0.45946699116585865,0.6141606521924736,4.390642789980079,-3.7558670226132884,4.390642789980079,-3.7558670226132884,4.390642789980079,-3.7558670226132884,-0.25596987695215145,1.2589041147183822,-4.3013711252435565,3.0006755941891132,-4.3013711252435565,3.0006755941891132,0.0,0.0,0.0,0.0,0.0,0.0,1.5384953960738448,1.5384953960738448,1.5384953960738448,1.542821590128814,1.542821590128814,1.514802833263404,1.514802833263404
156.0,0.156,0.001,0.499,26.57766902347717,34.97326668444355,0.4638678319649827,0.6103986538215807,4.41101663762828,-3.7680896978051193,4.41101663762828,-3.7680896978051193,4.41101663762828,-3.7680896978051193,-0.2602967311870164,1.2619025523179743,-4.326854234864962,2.998437599592277,-4.326854234864962,2.998437599592277,0.0,0.0,0.0,0.0,0.0,0.0,1.5471413849372322,1.5471413849372322,1.5471413849372322,1.551461858175089,1.551461858175089,1.5255018190262335,1.5255018190262335
157.0,0.157,0.001,0.499,26.830982140101202,34.75702667129762,0.46828897988856044,0.6066245536176285,4.43125682664325,-3.7800699067797225,4.43125682664325,-3.7800699067797225,4.43125682664325,-3.7800699067797225,-0.2646490163475441,1.2648983311915378,-4.352285160527724,2.9957788735636113,-4.352285160527724,2.9957788735636113,0.0,0.0,0.0,0.0,0.0,0.0,1.5557760397879954,1.5557760397879954,1.5557760397879954,1.5600910093037617,1.5600910093037617,1.5362108926518148,1.5362108926518148
158.0,0.158,0.001,0.499,27.08545107464442,34.54010730109412,0.4727303006403816,0.6028385963962247,4.451362081036596,-3.7918029472881947,4.451362081036596,-3.7918029472881947,4.451362081036596,-3.7918029472881947,-0.2690266793529963,1.2678910279139357,-4.377663005452149,2.992696722397927,-4.377663005452149,2.992696722397927,0.0,0.0,0.0,0.0,0.0,0.0,1.564399796405561,1.564399796405561,1.564399796405561,1.568709482159893,1.568709482159893,1.5469300541855473,1.5469300541855473
159.0,0.159,0.001,0.499,27.341068059255115,34.32252287071903,0.47719165864585783,0.599041031685103,4.471331120154443,-3.8032840978563116,4.471331120154443,-3.8032840978563116,4.471331120154443,-3.8032840978563116,-0.27342966620629405,1.2708802163747135,-4.40298685329776,2.9891884607777346,-4.40298685329776,2.9891884607777346,0.0,0.0,0.0,0.0,0.0,0.0,1.573013096173382,1.573013096173382,1.573013096173382,1.5773177207866038,1.5773177207866038,1.5576593121218314,1.5576593121218314
160.0,0.16,0.001,0.499,27.59782525258828,34.104287948053226,0.4816729170477012,0.5952321137417497,4.491162659367594,-3.8145086209942836,4.491162659367594,-3.8145086209942836,4.491162659367594,-3.8145086209942836,-0.2778579219740545,1.2738654677867074,-4.428255767760462,2.9852514119938633,-4.428255767760462,2.9852514119938633,0.0,0.0,0.0,0.0,0.0,0.0,1.581616385660342,1.581616385660342,1.581616385660342,1.5859161741963452,1.5859161741963452,1.5683986837267778,1.5683986837267778
161.0,0.161,0.001,0.499,27.855714739598053,33.88541737279641,0.4861739377023009,0.5914121015677842,4.510855410778937,-3.825471766477899,4.510855410778937,-3.825471766477899,4.510855410778937,-3.825471766477899,-0.2823113907662217,1.2768463506948762,-4.453468792167206,2.9808829081687462,-4.453468792167206,2.9808829081687462,0.0,0.0,0.0,0.0,0.0,0.0,1.5902101161834277,1.5902101161834277,1.5902101161834277,1.5945052959246933,1.5945052959246933,1.5791481953622977,1.5791481953622977
162.0,0.162,0.001,0.499,28.114728531371128,33.665926257101034,0.4906945811768161,0.5875812589200241,4.530408083947863,-3.836168774699929,4.530408083947863,-3.836168774699929,4.530408083947863,-3.836168774699929,-0.28679001571529,1.2798224309853585,-4.478624949068317,2.9760802904824604,-4.478624949068317,2.9760802904824604,0.0,0.0,0.0,0.0,0.0,0.0,1.5987947433532552,1.5987947433532552,1.5987947433532552,1.603085543566752,1.6030855435667517,1.5899078828113813,1.5899078828113813
163.0,0.163,0.001,0.499,28.3748585650022,33.44582998601228,0.4952347067470018,0.5837398543181632,4.549819386631427,-3.8465948800904726,4.549819386631427,-3.8465948800904726,4.549819386631427,-3.8465948800904726,-0.2912937389551177,1.2827932718947601,-4.5037232398276945,2.970840909401617,-4.5037232398276945,2.970840909401617,0.0,0.0,0.0,0.0,0.0,0.0,1.6073707265994832,1.6073707265994832,1.6073707265994832,1.6116573782963108,1.6116573782963108,1.6006777916043269,1.6006777916043269
164.0,0.164,0.001,0.499,28.636096703512294,33.22514421771006,0.499794172395784,0.5798881610489962,4.569088025541922,-3.8567453146047543,4.569088025541922,-3.8567453146047543,4.569088025541922,-3.8567453146047543,-0.2958225015993287,1.2857584340196713,-4.5287626442110565,2.965162124911185,-4.5287626442110565,2.965162124911185,0.0,0.0,0.0,0.0,0.0,0.0,1.6159385286857033,1.6159385286857033,1.615938528685703,1.6202212643679228,1.6202212643679228,1.6114579773457078,1.6114579773457078
165.0,0.165,0.001,0.499,28.898434735811026,33.00388488354938,0.5043728348126001,0.5760264571671221,4.588212707120512,-3.8666153112766772,4.588212707120512,-3.8666153112766772,4.588212707120512,-3.8666153112766772,-0.30037624371930116,1.2887174753264206,-4.55374211997245,2.9590413067493357,-4.55374211997245,2.9590413067493357,0.0,0.0,0.0,0.0,0.0,0.0,1.6244986151984886,1.6244986151984886,1.6244986151984886,1.628777668602127,1.628777668602127,1.6222485060418304,1.6222485060418304
166.0,0.166,0.001,0.499,29.161864376703576,32.78206818789516,0.5089705493935214,0.5721550254920618,4.607192138326494,-3.876200107836255,4.607192138326494,-3.876200107836255,4.607192138326494,-3.876200107836255,-0.3049549043217404,1.2916699511610659,-4.578660602439218,2.952475834645399,-4.578660602439218,2.952475834645399,0.0,0.0,0.0,0.0,0.0,0.0,1.633051454026321,1.633051454026321,1.633051454026321,1.6373270598540937,1.6373270598540937,1.633049454428433,1.633049454428433
167.0,0.167,0.001,0.499,29.426377266943366,32.55971060774806,0.513587170242172,0.5682741536017276,4.626025027441742,-3.8854949503888387,4.626025027441742,-3.8854949503888387,4.626025027441742,-3.8854949503888387,-0.309558421325836,1.294615414259627,-4.60351700409564,2.945463098561007,-4.60351700409564,2.945463098561007,0.0,0.0,0.0,0.0,0.0,0.0,1.6415975148214401,1.6415975148214401,1.6415975148214403,1.6458699084660011,1.6458699084660011,1.643860910298385,1.643860910298385
168.0,0.168,0.001,0.499,29.691964973331228,32.33682889215779,0.5182225501714602,0.5643841338221838,4.644710084889811,-3.8944950971538588,4.644710084889811,-3.8944950971538588,4.644710084889811,-3.8944950971538588,-0.3141867315400015,1.2975534147585615,-4.628310214165473,2.938000498934511,-4.628310214165473,2.938000498934511,0.0,0.0,0.0,0.0,0.0,0.0,1.6501372684420315,1.6501372684420315,1.6501372684420315,1.6544066857035111,1.6544066857035111,1.654682972829101,1.654682972829101
169.0,0.169,0.001,0.499,29.958618988861925,32.11344006142054,0.522876540706135,0.5604852632136385,4.663246024069151,-3.903195822260596,4.663246024069151,-3.903195822260596,4.663246024069151,-3.903195822260596,-0.3188397706381951,1.3004835002054902,-4.653039098193596,2.93008544692875,-4.653039098193596,2.93008544692875,0.0,0.0,0.0,0.0,0.0,0.0,1.6586711863813117,1.6586711863813117,1.6586711863813117,1.66293786317676,1.66293786317676,1.6655157529094107,1.6655157529094107
170.0,0.17,0.001,0.499,30.226330732918782,31.889561406057386,0.5275489920861836,0.5565778435526137,4.68163156219981,-3.91159241959829,4.68163156219981,-3.91159241959829,4.68163156219981,-3.91159241959829,-0.3235174731358221,1.3034052155701725,-4.677702497627016,2.9217153646822425,-4.677702497627016,2.9217153646822425,0.0,0.0,0.0,0.0,0.0,0.0,1.6671997401823806,1.6671997401823806,1.6671997401823806,1.6714639122463364,1.6714639122463362,1.6763593734655913,1.6763593734655913
171.0,0.171,0.001,0.499,30.49509155151723,31.665210485570576,0.5322397532710816,0.5526621813102389,4.699865421182966,-3.9196802067176892,4.699865421182966,-3.9196802067176892,4.699865421182966,-3.9196802067176892,-0.32821977236521754,1.3063181032557365,-4.702299229395447,2.9128876855638794,-4.702299229395447,2.9128876855638794,0.0,0.0,0.0,0.0,0.0,0.0,1.6757234008355453,1.6757234008355453,1.6757234008355453,1.6799853034147518,1.6799853034147518,1.687213969786269,1.687213969786269
172.0,0.17200000000000001,0.001,0.499,30.7648927175979,31.440405126974895,0.5369486719449094,0.5487385876266178,4.717946328472587,-3.9274545287809297,4.717946328472587,-3.9274545287809297,4.717946328472587,-3.9274545287809297,-0.3329466004507093,1.3092217031101676,-4.726828085491716,2.9035998544311865,-4.726828085491716,2.9035998544311865,0.0,0.0,0.0,0.0,0.0,0.0,1.6842426381627313,1.6842426381627313,1.6842426381627313,1.6885025057039924,1.6885025057039924,1.698079689845889,1.698079689845889
173.0,0.17300000000000001,0.001,0.499,31.035725431370047,31.21516342310143,0.5416755945223447,0.5448073782812237,4.735873017958437,-3.934910762556431,4.735873017958437,-3.934910762556431,4.735873017958437,-3.934910762556431,-0.3376978882832615,1.3121155524380599,-4.7512878325522525,2.893849327892218,-4.7512878325522525,2.893849327892218,0.0,0.0,0.0,0.0,0.0,0.0,1.692757920188804,1.692757920188804,1.692757920188804,1.697015986019754,1.6970159860197538,1.708956694626431,1.708956694626431
174.0,0.17400000000000002,0.001,0.499,31.307580820705823,30.98950373067119,0.5464203661555451,0.5408688736592783,4.753644230859617,-3.94204432045528,4.753644230859617,-3.94204432045528,4.753644230859617,-3.94204432045528,-0.34247356549469943,1.314999186012631,-4.775677211437889,2.8836335745711534,-4.775677211437889,2.8836335745711534,0.0,0.0,0.0,0.0,0.0,0.0,1.7012697125000968,1.7012697125000968,1.7012697125000968,1.7055262085030463,1.7055262085030463,1.7198451584370533,1.7198451584370533
175.0,0.17500000000000002,0.001,0.499,31.580449941586078,30.763444668136394,0.551182830741928,0.5369233987140744,4.771258716627787,-3.948850654605377,4.771258716627787,-3.948850654605377,4.771258716627787,-3.948850654605377,-0.3472735604315147,1.3178721360880088,-4.799994936815264,2.872950075377646,-4.799994936815264,2.872950075377646,0.0,0.0,0.0,0.0,0.0,0.0,1.7097784775884326,1.7097784775884326,1.7097784775884326,1.7140336338698945,1.7140336338698945,1.7307452692313212,1.7307452692313212
176.0,0.176,0.001,0.499,31.854323778598104,30.53700511328736,0.5559628309328581,0.5329712829252085,4.788715233859131,-3.9553252609593907,4.788715233859131,-3.9553252609593907,4.788715233859131,-3.9553252609593907,-0.35209780012825376,1.3207339324117888,-4.8242396967390695,2.861796323779986,-4.8242396967390695,2.861796323779986,0.0,0.0,0.0,0.0,0.0,0.0,1.7182846741867746,1.7182846741867746,1.7182846741867746,1.722538718739914,1.722538718739914,1.7416572289216816,1.7416572289216816
177.0,0.177,0.001,0.499,32.12919324548591,30.3102042006231,0.5607602081432518,0.529012860252689,4.806012551214115,-3.9614636834323944,4.806012551214115,-3.9614636834323944,4.806012551214115,-3.9614636834323944,-0.3569462102804892,1.323584102237871,-4.848410152235426,2.8501698260821295,-4.848410152235426,2.8501698260821295,0.0,0.0,0.0,0.0,0.0,0.0,1.7267887565907465,1.7267887565907465,1.7267887565907465,1.7310419149545828,1.7310419149545828,1.752581253690819,1.752581253690819
178.0,0.178,0.001,0.499,32.405049185753356,30.083061318484127,0.5655748025621036,0.5250484690868945,4.823149448344001,-3.967261518064832,4.823149448344001,-3.967261518064832,4.823149448344001,-3.967261518064832,-0.36181871521737585,1.3264221703395755,-4.872504936886666,2.838068101704633,-4.872504936886666,2.838068101704633,0.0,0.0,0.0,0.0,0.0,0.0,1.7352911739739525,1.7352911739739525,1.7352911739739525,1.7395436688861012,1.7395436688861012,1.763517574299529,1.763517574299529
179.0,0.179,0.001,0.499,32.6818823733206,29.855596105946137,0.570406453163943,0.5210784521943579,4.840124716823068,-3.9727144172062725,4.840124716823068,-3.9727144172062725,4.840124716823068,-3.9727144172062725,-0.3667152378737936,1.329247659023045,-4.8965226564177895,2.8254886834695423,-4.8965226564177895,2.8254886834695423,0.0,0.0,0.0,0.0,0.0,0.0,1.743792369691569,1.743792369691569,1.743792369691569,1.7480444207377714,1.7480444207377712,1.7744664363907299,1.7744664363907299
180.0,0.18,0.001,0.499,32.959683513234005,29.62782844947347,0.5752549977212255,0.5171031566593585,4.856937161085415,-3.9778180937152254,4.856937161085415,-3.9778180937152254,4.856937161085415,-3.9778180937152254,-0.37163569976207855,1.3320600881409344,-4.920461888284908,2.8124291178892733,-4.920461888284908,2.8124291178892733,0.0,0.0,0.0,0.0,0.0,0.0,1.75229278057696,1.75229278057696,1.7522927805769601,1.7565446038368646,1.7565446038368648,1.7854281007892197,1.7854281007892197
181.0,0.181,0.001,0.499,33.23844324242994,29.399778479331616,0.5801202728176622,0.5131229338213084,4.873585599365188,-3.982568325170096,4.873585599365188,-3.982568325170096,4.873585599365188,-3.982568325170096,-0.37658002094334453,1.334858975106394,-4.944321181265951,2.7988869654595137,-4.944321181265951,2.7988869654595137,0.0,0.0,0.0,0.0,0.0,0.0,1.7607928362310796,1.7607928362310796,1.7607928362310796,1.765044643921018,1.765044643921018,1.7964028437967818,1.7964028437967818
182.0,0.182,0.001,0.499,33.51815213055237,29.171466565758255,0.5850021138624911,0.5091381392079245,4.890068864639028,-3.9869609580861844,4.890068864639028,-3.9869609580861844,4.890068864639028,-3.9869609580861844,-0.3815481199983985,1.33764383490735,-4.968099055053941,2.7848598009561774,-4.968099055053941,2.7848598009561774,0.0,0.0,0.0,0.0,0.0,0.0,1.769292958306605,1.769292958306605,1.769292958306605,1.7735449584192218,1.773544958419222,1.807390957482224,1.807390957482224
183.0,0.183,0.001,0.499,33.79880068082464,28.942913314892607,0.589900355105691,0.5051491324641824,4.9063858055694896,-3.9909919121334605,4.9063858055694896,-3.9909919121334605,4.9063858055694896,-3.9909919121334605,-0.38653991399825166,1.3404141801210865,-4.9917939998531455,2.770345213736433,-4.9917939998531455,2.770345213736433,0.0,0.0,0.0,0.0,0.0,0.0,1.777793559785885,1.777793559785885,1.777793559785885,1.7820459557285258,1.7820459557285258,1.8183927499659296,1.8183927499659296
184.0,0.184,0.001,0.499,34.0803793309752,28.714139564463263,0.5948148296541395,0.5011562772770545,4.922535287448139,-3.9946571843496765,4.922535287448139,-3.9946571843496765,4.922535287448139,-3.9946571843496765,-0.3915553184742301,1.3431695209291303,-5.0154044759784195,2.755340808043824,-5.0154044759784195,2.755340808043824,0.0,0.0,0.0,0.0,0.0,0.0,1.7862950442569987,1.7862950442569987,1.7862950442569987,1.790548034487609,1.790548034487609,1.8294085456984845,1.8294085456984845
185.0,0.185,0.001,0.499,34.362878454217345,28.485166379234855,0.5997453694887122,0.4971599412960399,4.938516193137018,-3.9979528533432345,4.938516193137018,-3.9979528533432345,4.938516193137018,-3.9979528533432345,-0.3965942473876881,1.3459093651324479,-5.038928913458044,2.739844203317497,-5.038928913458044,2.739844203317497,0.0,0.0,0.0,0.0,0.0,0.0,1.794797805185142,1.794797805185142,1.794797805185142,1.7990515828484244,1.7990515828484244,1.8404386857329413,1.8404386857329413
186.0,0.186,0.001,0.499,34.646288360282874,28.256015046214376,0.6046918054823236,0.4931604960494986,4.954327424007091,-4.0008750834800715,4.954327424007091,-4.0008750834800715,4.954327424007091,-4.0008750834800715,-0.4016566130993285,1.3486332181669534,-5.062365711640393,2.723853034505533,-5.062365711640393,2.723853034505533,0.0,0.0,0.0,0.0,0.0,0.0,1.8033022251844328,1.8033022251844328,1.8033022251844326,1.8075569777471439,1.8075569777471439,1.8514835279902526,1.8514835279902526
187.0,0.187,0.001,0.499,34.930599296509335,28.026707069618197,0.6096539674189029,0.48915831685680916,4.969967900872292,-4.003420129048703,4.969967900872292,-4.003420129048703,4.969967900872292,-4.003420129048703,-0.40674232633813323,1.3513405831193357,-5.085713238804758,2.707364952382404,-5.085713238804758,2.707364952382404,0.0,0.0,0.0,0.0,0.0,0.0,1.8118086752888711,1.8118086752888711,1.8118086752888711,1.8160645841756797,1.8160645841756795,1.8625434475174223,1.8625434475174223
188.0,0.188,0.001,0.499,35.21580144898061,27.797264165601216,0.6146316840133016,0.4851537827363755,4.98543656491775,-4.005584338397423,4.98543656491775,-4.005584338397423,4.98543656491775,-4.005584338397423,-0.4118512961699099,1.3540309607432062,-5.108969831776655,2.690377623870528,-5.108969831776655,2.690377623870528,0.0,0.0,0.0,0.0,0.0,0.0,1.8203175142250145,1.8203175142250145,1.8203175142250145,1.824574754455075,1.824574754455075,1.8736188367378834,1.8736188367378834
189.0,0.189,0.001,0.499,35.5018849437206,27.567708256749892,0.6196247829321262,0.48114727630951193,5.00073237862072,-4.00736415803758,5.00073237862072,-4.00736415803758,5.00073237862072,-4.00736415803758,-0.41698342996545784,1.356703849475572,-5.132133795547952,2.6728887323659274,-5.132133795547952,2.6728887323659274,0.0,0.0,0.0,0.0,0.0,0.0,1.8288290876860607,1.8288290876860607,1.8288290876860607,1.833087827512089,1.833087827512089,1.8847101056936224,1.8847101056936224
190.0,0.19,0.001,0.499,35.788839847939265,27.338061466341323,0.6246330908154869,0.47713918370024505,5.015854326662765,-4.008756136706721,5.015854326662765,-4.008756136706721,5.015854326662765,-4.008756136706721,-0.42213863336836,1.35935874545364,-5.155203402902172,2.6548959780679713,-5.155203402902172,2.6548959780679713,0.0,0.0,0.0,0.0,0.0,0.0,1.8373437276109188,1.8373437276109188,1.8373437276109188,1.8416041281603424,1.8416041281603424,1.8958176822785495,1.8958176822785495
191.0,0.191,0.001,0.499,36.07665617133079,27.108346112370793,0.6296564332996538,0.47312989443107506,5.030801416831675,-4.009756929385331,5.030801416831675,-4.009756929385331,5.030801416831675,-4.009756929385331,-0.4273168102624053,1.3619951425319532,-5.178176894045311,2.6363970783131747,-5.178176894045311,2.6363970783131747,0.0,0.0,0.0,0.0,0.0,0.0,1.8458617514693851,1.8458617514693851,1.8458617514693851,1.8501239663873719,1.8501239663873719,1.9069420124626053,1.9069420124626053
192.0,0.192,0.001,0.499,36.36532386742302,26.87858470135069,0.6346946350406096,0.4691198013147463,5.045572680911618,-4.010363301260832,5.045572680911618,-4.010363301260832,5.045572680911618,-4.010363301260832,-0.43251786273864784,1.3646125322998661,-5.201052476242518,2.6173897679130356,-5.201052476242518,2.6173897679130356,0.0,0.0,0.0,0.0,0.0,0.0,1.8543834615504253,1.8543834615504253,1.8543834615504255,1.8586476366490068,1.8586476366490068,1.9180835605060846,1.9180835605060846
193.0,0.193,0.001,0.499,36.654832834977526,26.648799921883935,0.6397475197384851,0.46510930034208237,5.060167175559992,-4.010572131632441,5.060167175559992,-4.010572131632441,5.060167175559992,-4.010572131632441,-0.43774169106210886,1.367210404099362,-5.223828323461014,2.5978717994958664,-5.223828323461014,2.5978717994958664,0.0,0.0,0.0,0.0,0.0,0.0,1.8629091442625663,1.8629091442625663,1.862909144262566,1.8671754171724415,1.8671754171724415,1.9292428091636513,1.9292428091636513
194.0,0.194,0.001,0.499,36.94517291943949,26.419014638015554,0.6448149101628649,0.46109879056594927,5.074583983169454,-4.010380417750456,5.074583983169454,-4.010380417750456,5.074583983169454,-4.010380417750456,-0.44298819363812847,1.3697882450432146,-5.246502576019593,2.577840943852588,-5.246502576019593,2.577840943852588,0.0,0.0,0.0,0.0,0.0,0.0,1.8714390694411978,1.8714390694411978,1.8714390694411978,1.8757075692694372,1.875707569269437,1.9404202598775024,1.9404202598775024
195.0,0.195,0.001,0.499,37.23633391443659,26.189251882366282,0.649896628178947,0.4570886739814143,5.088822212713566,-4.009785278583533,5.088822212713566,-4.009785278583533,5.088822212713566,-4.009785278583533,-0.44825726697837354,1.372345540033501,-5.269073340245094,2.5572949902864344,-5.269073340245094,2.5572949902864344,0.0,0.0,0.0,0.0,0.0,0.0,1.8799734896674778,1.8799734896674778,1.8799734896674778,1.8842443366610444,1.8842443366610444,1.9516164329591374,1.9516164329591374
196.0,0.196,0.001,0.499,37.52830556332572,25.95953484905256,0.6549924947745392,0.45307935540217636,5.102881000574549,-4.008783958507497,5.102881000574549,-4.008783958507497,5.102881000574549,-4.008783958507497,-0.45354880566650974,1.3748817717804676,-5.2915386881361925,2.5362317469665143,-5.2915386881361925,2.5362317469665143,0.0,0.0,0.0,0.0,0.0,0.0,1.8885126395998793,1.8885126395998793,1.8885126395998795,1.8927859448152755,1.8927859448152755,1.9628318677591736,1.9628318677591736
197.0,0.197,0.001,0.499,37.82107756078669,25.72988688639757,0.6601023300878736,0.4490712423333498,5.116759511351584,-4.007373830909263,5.116759511351584,-4.007373830909263,5.116759511351584,-4.007373830909263,-0.45886270232354465,1.3773964208217528,-5.313896657034914,2.5146490412851787,-5.313896657034914,2.5146490412851787,0.0,0.0,0.0,0.0,0.0,0.0,1.8970567353170749,1.8970567353170749,1.8970567353170749,1.9013326002991167,1.9013326002991167,1.9740671228246445,1.9740671228246445
198.0,0.198,0.001,0.499,38.11463955446154,25.50033148943834,0.6652259534362185,0.4450647448406887,5.130456938648155,-4.005552401699475,5.130456938648155,-4.005552401699475,5.130456938648155,-4.005552401699475,-0.4641988475728509,1.379888965541972,-5.336145249306235,2.492544720219119,-5.336145249306235,2.492544720219119,0.0,0.0,0.0,0.0,0.0,0.0,1.9056059736813593,1.9056059736813593,1.9056059736813595,1.9098844901462897,1.9098844901462897,1.98532277604321,1.98532277604321
199.0,0.199,0.001,0.499,38.408981146638446,25.27089229223442,0.6703631833452679,0.4410602754163477,5.14397250583692,-4.003317312727522,5.14397250583692,-4.003317312727522,5.14397250583692,-4.003317312727522,-0.4695571300048771,1.382358882192666,-5.358282432026165,2.4699166506941306,-5.358282432026165,2.4699166506941306,0.0,0.0,0.0,0.0,0.0,0.0,1.9141605317102324,1.9141605317102324,1.9141605317102324,1.9184417812421337,1.918441781242134,1.9965994247736931,1.9965994247736931
200.0,0.2,0.001,0.499,38.704091895978685,25.04159305998375,0.6755138375792827,0.4370582488412783,5.157305466800613,-4.000666345092664,5.157305466800613,-4.000666345092664,5.157305466800613,-4.000666345092664,-0.47493743614155576,1.3848056449126194,-5.380306136678696,2.44676271995346,-5.380306136678696,2.44676271995346,0.0,0.0,0.0,0.0,0.0,0.0,1.9227205659746411,1.9227205659746411,1.9227205659746411,1.9270046197269797,1.9270046197269797,2.007897685962362,2.007897685962362
201.0,0.201,0.001,0.499,38.99996131928535,24.812457680952026,0.6806777331719608,0.43305908204436955,5.170455106647529,-3.997597422345104,5.170455106647529,-3.997597422345104,5.170455106647529,-3.997597422345104,-0.48033965040041776,1.387228725748549,-5.402214258862023,2.423080835929653,-5.402214258862023,2.423080835929653,0.0,0.0,0.0,0.0,0.0,0.0,1.9312862120084937,1.9312862120084937,1.9312862120084937,1.9355731304193373,1.9355731304193373,2.019218196244359,2.019218196244359
202.0,0.202,0.001,0.499,39.296578893312294,24.583510158221898,0.6858546864580091,0.4290631939584443,5.18342074240013,-3.994108613570951,5.18342074240013,-3.994108613570951,5.18342074240013,-3.994108613570951,-0.4857636550584222,1.3896275946761687,-5.424004658004431,2.398868927619814,-5.424004658004431,2.398868927619814,0.0,0.0,0.0,0.0,0.0,0.0,1.9398575837455942,1.9398575837455942,1.9398575837455942,1.9441474162602306,1.9441474162602306,2.0305616120296786,2.0305616120296786
203.0,0.203,0.001,0.499,39.593934056611786,24.3547746012689,0.6910445131053906,0.42507100537323145,5.1962017236553955,-3.9901981363551373,5.1962017236553955,-3.9901981363551373,5.1962017236553955,-3.9901981363551373,-0.49120933021551244,1.3920017196216328,-5.445675157090245,2.3741249454641724,-5.445675157090245,2.3741249454641724,0.0,0.0,0.0,0.0,0.0,0.0,1.9484347729721156,1.9484347729721156,1.9484347729721156,1.9527275577799228,1.9527275577799228,2.0419286095730946,2.0419286095730946
204.0,0.20400000000000001,0.001,0.499,39.89201621141903,24.12627521737125,0.6962470281482165,0.42108293878543895,5.208797433215536,-3.985864359616529,5.208797433215536,-3.985864359616529,5.208797433215536,-3.985864359616529,-0.4966765537579087,1.3943505664833606,-5.467223542396265,2.348846861727863,-5.467223542396265,2.348846861727863,0.0,0.0,0.0,0.0,0.0,0.0,1.957017848807763,1.957017848807763,1.957017848807763,1.9613136125882928,1.9613136125882928,2.0533198850274115,2.0533198850274115
205.0,0.20500000000000002,0.001,0.499,40.190814725572075,23.898036302861012,0.701462046020254,0.4170994182460574,5.221207287687758,-3.981105806309626,5.221207287687758,-3.981105806309626,5.221207287687758,-3.981105806309626,-0.5021652013211478,1.3966735991542465,-5.488647563239092,2.3230326708858,-5.488647563239092,2.3230326708858,0.0,0.0,0.0,0.0,0.0,0.0,1.96560685720538,1.96560685720538,1.96560685720538,1.9699056148900378,1.9699056148900378,2.064736154479447,2.064736154479447
206.0,0.20600000000000002,0.001,0.499,40.490318934465094,23.6700822342244,0.706689380589018,0.4131208692050314,5.233430738051803,-3.9759211559874403,5.233430738051803,-3.9759211559874403,5.233430738051803,-3.9759211559874403,-0.5076751462528816,1.3989702795442571,-5.509944931733751,2.296680390010532,-5.509944931733751,2.296680390010532,0.0,0.0,0.0,0.0,0.0,0.0,1.9742018204827996,1.9742018204827996,1.9742018204827994,1.9785035750258615,1.9785035750258615,2.076178153968116,2.076178153968116
207.0,0.20700000000000002,0.001,0.499,40.79051814303323,23.442437459059356,0.7119288451904132,0.40914771835343916,5.245467270194057,-3.9703092472203534,5.245467270194057,-3.9703092472203534,5.245467270194057,-3.9703092472203534,-0.5132062595754456,1.40124006760342,-5.531113322564056,2.26978805916296,-5.531113322564056,2.26978805916296,0.0,0.0,0.0,0.0,0.0,0.0,1.9828027368734995,1.9828027368734995,1.9828027368734995,1.9871074790407177,1.9871074790407177,2.087646639484002,2.087646639484002
208.0,0.20800000000000002,0.001,0.499,41.091401627767134,23.21512648689877,0.7171802526638938,0.4051803934633278,5.25731640540705,-3.964269079865981,5.25731640540705,-3.964269079865981,5.25731640540705,-3.964269079865981,-0.5187584099482108,1.4034824213452057,-5.552150372765104,2.2423537417857755,-5.552150372765104,2.2423537417857755,0.0,0.0,0.0,0.0,0.0,0.0,1.991409580111778,1.991409580111778,1.991409580111778,1.9957172882801741,1.9957172882801744,2.0991423869497905,2.0991423869497905
209.0,0.209,0.001,0.499,41.392958638754976,22.988173879908047,0.7224434153881044,0.401219323225355,5.268977700853263,-3.9577998171853195,5.268977700853263,-3.9577998171853195,5.268977700853263,-3.9577998171853195,-0.5243314636297292,1.4056967968703051,-5.573053681518369,2.2143755250994994,-5.573053681518369,2.2143755250994994,0.0,0.0,0.0,0.0,0.0,0.0,2.0000222990425853,2.0000222990425853,2.0000222990425853,2.0043329390158395,2.004332939015839,2.110666192180954,2.110666192180954
210.0,0.21,0.001,0.499,41.6951784017501,22.761604243465907,0.7277181453169662,0.3972649370843931,5.280450749992218,-3.950900787800711,5.280450749992218,-3.950900787800711,5.280450749992218,-3.950900787800711,-0.5299252844396889,1.407882648390806,-5.593820809959784,2.185851520500967,-5.593820809959784,2.185851520500967,0.0,0.0,0.0,0.0,0.0,0.0,2.00864081726119,2.00864081726119,2.00864081726119,2.0129543421007825,2.0129543421007825,2.1222188708260643,2.1222188708260643
211.0,0.211,0.001,0.499,41.998050120262015,22.535442216637666,0.7330042540161726,0.3933176650732565,5.291735182969867,-3.943571487491449,5.291735182969867,-3.943571487491449,5.291735182969867,-3.943571487491449,-0.5355397337206902,1.4100394282547701,-5.614449281001277,2.1567798639641182,-5.614449281001277,2.1567798639641182,0.0,0.0,0.0,0.0,0.0,0.0,2.0172650327842185,2.0172650327842185,2.017265032784219,2.0215813826557936,2.0215813826557936,2.1338012582861037,2.1338012582861037
212.0,0.212,0.001,0.499,42.301562977668624,22.30971246255036,0.738301552700054,0.3893779376447159,5.302830666969426,-3.9358115808231293,5.302830666969426,-3.9358115808231293,5.302830666969426,-3.9358115808231293,-0.5411746702998563,1.412166586971213,-5.634936579166185,2.1271587164429344,-5.634936579166185,2.1271587164429344,0.0,0.0,0.0,0.0,0.0,0.0,2.0258948177535463,2.0258948177535463,2.0258948177535463,2.03021391978723,2.03021391978723,2.1454142096121784,2.1454142096121784
213.0,0.213,0.001,0.499,42.60570613934738,22.084439658679383,0.7436098522687739,0.3854461855019679,5.313736906522823,-3.927620902607185,5.313736906522823,-3.927620902607185,5.313736906522823,-3.927620902607185,-0.5468299504502954,1.4142635732354893,-5.655280150438985,2.096986264276363,-5.655280150438985,2.096986264276363,0.0,0.0,0.0,0.0,0.0,0.0,2.034530018166954,2.034530018166954,2.034530018166954,2.0388517863371627,2.038851786337163,2.1570585993810063,2.1570585993810063
214.0,0.214,0.001,0.499,42.910468754823235,21.859648487056415,0.7489289633458168,0.3815228394277315,5.324453643782058,-3.918999459187345,5.324453643782058,-3.918999459187345,5.324453643782058,-3.918999459187345,-0.5525054278524252,1.4163298339550845,-5.6754774021297925,2.066260719595063,-5.6754774021297925,2.066260719595063,0.0,0.0,0.0,0.0,0.0,0.0,2.0431704536467397,2.0431704536467397,2.0431704536467397,2.047494788666447,2.047494788666447,2.168735321547578,2.168735321547578
215.0,0.215,0.001,0.499,43.215839959930825,21.635363624408708,0.7542586963157273,0.37760833011214573,5.334980658749823,-3.9099474295501078,5.334980658749823,-3.9099474295501078,5.334980658749823,-3.9099474295501078,-0.5582009535551793,1.4183648142758143,-5.695525702754074,2.0349803207298,-5.695525702754074,2.0349803207298,0.0,0.0,0.0,0.0,0.0,0.0,2.0518159172398422,2.0518159172398422,2.0518159172398422,2.056142706471239,2.056142706471239,2.1804452892743895,2.1804452892743895
216.0,0.216,0.001,0.499,43.521808878988885,21.411609732239793,0.7595988613620583,0.37370308797964585,5.345317769468834,-3.900465166256674,5.345317769468834,-3.900465166256674,5.345317769468834,-3.900465166256674,-0.5639163759371073,1.4203679576084356,-5.715422381928023,2.003143332621308,-5.715422381928023,2.003143332621308,0.0,0.0,0.0,0.0,0.0,0.0,2.0604661752498807,2.0604661752498807,2.0604661752498807,2.064795292633428,2.0647952926334274,2.1921894347366515,2.1921894347366515
217.0,0.217,0.001,0.499,43.82836462698412,21.188411446862037,0.7649492685054892,0.3698075430149981,5.355464832169423,-3.890553196194129,5.355464832169423,-3.890553196194129,5.355464832169423,-3.890553196194129,-0.5696515406673873,1.4223387056556671,-5.7351647302800455,1.970748047231437,-5.7351647302800455,1.970748047231437,0.0,0.0,0.0,0.0,0.0,0.0,2.0691209671048836,2.0691209671048836,2.0691209671048836,2.0734522731053464,2.073452273105347,2.2039687089028934,2.2039687089028934
218.0,0.218,0.001,0.499,44.13549631176246,20.96579336939131,0.7703097276420686,0.36592212458867407,5.365421741375019,-3.880212221144057,5.365421741375019,-3.880212221144057,5.365421741375019,-3.880212221144057,-0.5754062906667662,1.4242764984396226,-5.754749999378829,1.9377927839553943,-5.754749999378829,1.9377927839553943,0.0,0.0,0.0,0.0,0.0,0.0,2.0777800052611215,2.0777800052611215,2.0777800052611215,2.082113346829069,2.082113346829069,2.2157840812903804,2.2157840812903804
219.0,0.219,0.001,0.499,44.44319303622511,20.743780055714375,0.7756800485815437,0.36204726128174863,5.375188429965247,-3.8694431181671205,5.375188429965247,-3.8694431181671205,5.375188429965247,-3.8694431181671205,-0.5811804660684446,1.4261807743296575,-5.774175401678432,1.9042758900348826,-5.774175401678432,1.9042758900348826,0.0,0.0,0.0,0.0,0.0,0.0,2.08644297513659,2.08644297513659,2.08644297513659,2.0907781856904615,2.0907781856904615,2.2276365396947813,2.2276365396947813
220.0,0.22,0.001,0.499,44.75144390052697,20.522396006439553,0.7810600410857294,0.3581833807105056,5.384764869196477,-3.858246939802554,5.384764869196477,-3.858246939802554,5.384764869196477,-3.858246939802554,-0.5869739041789255,1.4280509700706294,-5.793438110480876,1.870195740971933,-5.793438110480876,1.870195740971933,0.0,0.0,0.0,0.0,0.0,0.0,2.095109535085858,2.095109535085858,2.095109535085858,2.0994464345081405,2.0994464345081405,2.239527089893541,2.239527089893541
221.0,0.221,0.001,0.499,45.06023800427503,20.30166565684123,0.786449514906878,0.35433090935093675,5.394151068679735,-3.8466249140818864,5.394151068679735,-3.8466249140818864,5.394151068679735,-3.8466249140818864,-0.5927864394388421,1.4298865208115727,-5.812535259916687,1.8355507409432248,-5.812535259916687,1.8355507409432248,0.0,0.0,0.0,0.0,0.0,0.0,2.1037793164036738,2.1037793164036738,2.1037793164036738,2.1081177110573335,2.1081177110573335,2.251456755322412,2.251456755322412
222.0,0.222,0.001,0.499,45.3695644487243,20.08161336680897,0.791848279826005,0.3504902723633203,5.403347076316007,-3.834578444356617,5.403347076316007,-3.834578444356617,5.403347076316007,-3.834578444356617,-0.598617903383786,1.4316868601347874,-5.831463944943866,1.8003393232146787,-5.831463944943866,1.8003393232146787,0.0,0.0,0.0,0.0,0.0,0.0,2.112451923368043,2.112451923368043,2.112451923368043,2.1167916061286043,2.116791606128604,2.263426576724625,2.263426576724625
223.0,0.223,0.001,0.499,45.679412338968774,19.862263410811774,0.7972561456911291,0.34666189341706455,5.412352978189061,-3.8221091089399555,5.412352978189061,-3.8221091089399555,5.412352978189061,-3.8221091089399555,-0.6044681246051518,1.4334514200853434,-5.85022122136575,1.764559950556103,-5.85022122136575,1.764559950556103,0.0,0.0,0.0,0.0,0.0,0.0,2.1211269333160874,2.1211269333160874,2.1211269333160874,2.1254676836212756,2.1254676836212756,2.2754376117721975,2.2754376117721975
224.0,0.224,0.001,0.499,45.98977078612508,19.643639967888213,0.8026729224553835,0.3428461945160025,5.421168898415989,-3.809218660563149,5.421168898415989,-3.809218660563149,5.421168898415989,-3.809218660563149,-0.61033692871102,1.435179631200999,-5.868804105868241,1.7282111156556683,-5.868804105868241,1.7282111156556683,0.0,0.0,0.0,0.0,0.0,0.0,2.1298038967533124,2.1298038967533124,2.1298038967533124,2.134145480671328,2.134145480671328,2.2874909346588916,2.2874909346588916
225.0,0.225,0.001,0.499,46.30062890950632,19.425767111672997,0.808098420214957,0.33904359582432275,5.429794998955812,-3.7959090256472976,5.429794998955812,-3.7959090256472976,5.429794998955812,-3.7959090256472976,-0.6162241382870969,1.436870922542533,-5.8872095760768675,1.691291341533981,-5.8872095760768675,1.691291341533981,0.0,0.0,0.0,0.0,0.0,0.0,2.138482337501136,2.138482337501136,2.138482337501136,2.142824507813456,2.1428245078134553,2.2995876356643477,2.2995876356643477
226.0,0.226,0.001,0.499,46.61197583878383,19.2086688004705,0.8135324492468233,0.33525451549331997,5.438231479376534,-3.7821823033919735,5.438231479376534,-3.7821823033919735,5.438231479376534,-3.7821823033919735,-0.6221295728577311,1.4385247217244905,-5.905434570634162,1.6537991819575184,-5.905434570634162,1.6537991819575184,0.0,0.0,0.0,0.0,0.0,0.0,2.1471617528730507,2.1471617528730507,2.1471617528730507,2.151504249176864,2.151504249176864,2.311728820688962,2.311728820688962
227.0,0.227,0.001,0.499,46.92380071613427,18.992368867385764,0.818974820046216,0.33147936948914786,5.446478576581197,-3.7680407646823393,5.446478576581197,-3.7680407646823393,5.446478576581197,-3.7680407646823393,-0.628053048847029,1.4401404549463417,-5.92347598929783,1.6157332218511857,-5.92347598929783,1.6157332218511857,0.0,0.0,0.0,0.0,0.0,0.0,2.1558416138893457,2.1558416138893457,2.1558416138893457,2.160184162714338,2.160184162714338,2.323915610759077,2.323915610759077
228.0,0.228,0.001,0.499,47.236092698370044,18.77689101052319,0.82442534336381,0.3277185714217549,5.454536564493501,-3.7534868508168517,5.454536564493501,-3.7534868508168517,5.454536564493501,-3.7534868508168517,-0.6339943795400892,1.4417175470240515,-5.941330693060193,1.5770920777097466,-5.941330693060193,1.5770920777097466,0.0,0.0,0.0,0.0,0.0,0.0,2.1645213655214217,2.1645213655214217,2.1645213655214217,2.1688636804640025,2.1688636804640025,2.3361491415020916,2.3361491415020916
229.0,0.229,0.001,0.499,47.54884095905043,18.562258783263303,0.8298838302425683,0.32397253237518114,5.462405753703724,-3.738523172058013,5.462405753703724,-3.738523172058013,5.462405753703724,-3.738523172058013,-0.6399533750443785,1.4432554214220594,-5.9589955042893745,1.5378743980078766,-5.9589955042893745,1.5378743980078766,0.0,0.0,0.0,0.0,0.0,0.0,2.1732004269701277,2.1732004269701277,2.1732004269701277,2.1775422088431413,2.1775422088431413,2.3484305625911204,2.3484305625911204
230.0,0.23,0.001,0.499,47.862034690571335,18.34849558462747,0.8353500920542152,0.3202416607393912,5.47008649107572,-3.723152506009015,5.47008649107572,-3.723152506009015,5.47008649107572,-3.723152506009015,-0.6459298422512713,1.444753500285668,-5.9764672068927265,1.4980788636085833,-5.9764672068927265,1.4980788636085833,0.0,0.0,0.0,0.0,0.0,0.0,2.1818781919747607,2.1818781919747607,2.1818781919747607,2.1862191289733555,2.1862191289733555,2.36076103715886,2.36076103715886
231.0,0.231,0.001,0.499,48.17566310623146,18.135624649740596,0.8408239405352977,0.3165263620438168,5.477579159315873,-3.7073777958194656,5.477579159315873,-3.7073777958194656,5.477579159315873,-3.7073777958194656,-0.6519235847977742,1.4462112044738378,-5.993742546502975,1.457704188169728,-5.993742546502975,1.457704188169728,0.0,0.0,0.0,0.0,0.0,0.0,2.190554029154282,2.190554029154282,2.190554029154282,2.194893797036266,2.194893797036266,2.373141741180349,2.373141741180349
232.0,0.232,0.001,0.499,48.489715442272704,17.923669040401425,0.8463051878227971,0.3128270387927774,5.484884176504977,-3.6912021482237605,5.484884176504977,-3.6912021482237605,5.484884176504977,-3.6912021482237605,-0.6579344030284618,1.4476279535923862,-6.01081823068757,1.416749118548386,-6.01081823068757,1.416749118548386,0.0,0.0,0.0,0.0,0.0,0.0,2.1992272823771026,2.1992272823771026,2.1992272823771026,2.203565544658913,2.203565544658913,2.385573862824348,2.385573862824348
233.0,0.233,0.001,0.499,48.80418095989267,17.712651635769912,0.8517936464892537,0.3091440903029444,5.492001995594087,-3.674628831415983,5.492001995594087,-3.674628831415983,5.492001995594087,-3.674628831415983,-0.6639620939576436,1.4490031660275888,-6.027690929181721,1.3752124352027706,-6.027690929181721,1.3752124352027706,0.0,0.0,0.0,0.0,0.0,0.0,2.2078972711620946,2.2078972711620946,2.2078972711620946,2.212233679327916,2.212233679327916,2.3980586017730787,2.3980586017730787
234.0,0.234,0.001,0.499,49.11904894722732,17.502595123180974,0.8572891295773711,0.3054779125430105,5.498933103865468,-3.6576612727655533,5.498933103865468,-3.6576612727655533,5.498933103865468,-3.6576612727655533,-0.6700064512317893,1.4503362589801803,-6.044357274145619,1.3330929525914446,-6.044357274145619,1.3330929525914446,0.0,0.0,0.0,0.0,0.0,0.0,2.2165632911058912,2.2165632911058912,2.2165632911058912,2.2208974848314336,2.2208974848314336,2.4105971685101233,2.4105971685101233
235.0,0.23500000000000001,0.001,0.499,49.434308721301754,17.293521989093552,0.8627914506340635,0.3018288979757214,5.505678022359836,-3.640303056378158,5.505678022359836,-3.640303056378158,5.505678022359836,-3.640303056378158,-0.6760672650922356,1.4516266484997498,-6.060813860446328,1.290389519569538,-6.060813860446328,1.290389519569538,0.0,0.0,0.0,0.0,0.0,0.0,2.2252246143382863,2.2252246143382863,2.2252246143382863,2.2295562217278584,2.2295562217278584,2.423190783576296,2.423190783576296
236.0,0.23600000000000002,0.001,0.499,49.749949629947245,17.085454510183755,0.8683004237439139,0.29819743540242155,5.512237305271166,-3.622557920506782,5.512237305271166,-3.622557920506782,5.512237305271166,-3.622557920506782,-0.6821443223382004,1.4528737495195314,-6.077057245964828,1.247101019781686,-6.077057245964828,1.247101019781686,0.0,0.0,0.0,0.0,0.0,0.0,2.233880490004045,2.233880490004045,2.233880490004045,2.23820912784017,2.23820912784017,2.4358406767933576,2.4358406767933576
237.0,0.23700000000000002,0.001,0.499,50.06596105368269,16.8784147445905,0.8738158635620125,0.294583909810262,5.518611539310399,-3.604429754817951,5.518611539310399,-3.604429754817951,5.518611539310399,-3.604429754817951,-0.6882374062901292,1.4540769758915828,-6.093083951928711,1.203226372051395,-6.093083951928711,1.203226372051395,0.0,0.0,0.0,0.0,0.0,0.0,2.242530144770045,2.242530144770045,2.242530144770045,2.246855418774809,2.246855418774809,2.448548086455464,2.448548086455464
238.0,0.23800000000000002,0.001,0.499,50.38233240755876,16.672424523321826,0.879337585346142,0.290988702222212,5.524801343039438,-3.58592259751855,5.524801343039438,-3.58592259751855,5.524801343039438,-3.58592259751855,-0.6943462967534002,1.4552357404223493,-6.108890463271018,1.1587645307665426,-6.108890463271018,1.1587645307665426,0.0,0.0,0.0,0.0,0.0,0.0,2.251172783355916,2.251172783355916,2.251172783355916,2.255494288463875,2.255494288463875,2.4613142584882945,2.4613142584882945
239.0,0.23900000000000002,0.001,0.499,50.69905314296307,16.46750544182967,0.884865404988285,0.28741218955001124,5.530807366176897,-3.5670406323488293,5.530807366176897,-3.5670406323488293,5.530807366176897,-3.5670406323488293,-0.7004707699824159,1.45634945490861,-6.124473229015705,1.113714486260713,-6.124473229015705,1.113714486260713,0.0,0.0,0.0,0.0,0.0,0.0,2.259807589085469,2.259807589085469,2.259807589085469,2.264124909729433,2.264124909729433,2.4741404455758484,2.4741404455758484
240.0,0.24,0.001,0.499,51.01611274938479,16.263678851760616,0.8903991390454213,0.28385474445019354,5.536630288877091,-3.547788185447432,5.536630288877091,-3.547788185447432,5.536630288877091,-3.547788185447432,-0.7066105986451061,1.4574175301738002,-6.139828662690235,1.0680752651900605,-6.139828662690235,1.0680752651900605,0.0,0.0,0.0,0.0,0.0,0.0,2.2684337244651025,2.2684337244651025,2.2684337244651025,2.272746434868678,2.272746434868678,2.487027906254923,2.487027906254923
241.0,0.241,0.001,0.499,51.33350075613721,16.060965852889847,0.8959386047695931,0.2803167351833071,5.542270820983819,-3.52816972209448,5.542270820983819,-3.52816972209448,5.542270820983819,-3.52816972209448,-0.7127655517878719,1.4584393761047056,-6.154953142765777,1.0218459309053975,-6.154953142765777,1.0218459309053975,0.0,0.0,0.0,0.0,0.0,0.0,2.2770503317757584,2.2770503317757584,2.2770503317757584,2.2813579962586594,2.2813579962586594,2.4999779039773617,2.4999779039773617
242.0,0.242,0.001,0.499,51.65120673403691,15.85938728524496,0.9014836201372112,0.2767985254764497,5.547729701260531,-3.5081898433389505,5.547729701260531,-3.5081898433389505,5.547729701260531,-3.5081898433389505,-0.7189353948009974,1.4594144016885249,-6.169843013125521,0.975025583819193,-6.169843013125521,0.975025583819193,0.0,0.0,0.0,0.0,0.0,0.0,2.2856565336881522,2.2856565336881522,2.2856565336881527,2.289958706979257,2.2899587069792573,2.512991706140182,2.512991706140182
243.0,0.243,0.001,0.499,51.96922029703813,15.658963721426257,0.9070340038775808,0.27330047438923233,5.553007696598495,-3.4878532825167183,5.553007696598495,-3.4878532825167183,5.553007696598495,-3.4878532825167183,-0.7251198893845591,1.4603420150502922,-6.184494583561579,0.9276133617671657,-6.184494583561579,0.9276133617671657,0.0,0.0,0.0,0.0,0.0,0.0,2.294251433894242,2.294251433894242,2.2942514338942415,2.298547661453082,2.298547661453082,2.5260705830837447,2.5260705830837447
244.0,0.244,0.001,0.499,52.28753110382118,15.459715459129471,0.9125895755006246,0.26982293618327613,5.558105601204617,-3.467164901665802,5.558105601204617,-3.467164901665802,5.558105601204617,-3.467164901665802,-0.7313187935148601,1.4612216234906563,-6.198904130300975,0.8796084403641561,-6.198904130300975,0.8796084403641561,0.0,0.0,0.0,0.0,0.0,0.0,2.302834117755772,2.302834117755772,2.302834117755772,2.307123936100959,2.307123936100959,2.5392158070581963,2.5392158070581963
245.0,0.245,0.001,0.499,52.606128859333836,15.261662513876695,0.9181501553237844,0.2663662601953431,5.563024235770585,-3.4461296878454606,5.563024235770585,-3.4461296878454606,5.563024235770585,-3.4461296878454606,-0.7375318614114212,1.4620526335240103,-6.213067896561208,0.8310100333539526,-6.213067896561208,0.8310100333539526,0.0,0.0,0.0,0.0,0.0,0.0,2.3114036529647954,2.3114036529647954,2.311403652964795,2.315686590011614,2.3156865900116137,2.5524286511584284,2.5524286511584284
246.0,0.246,0.001,0.499,52.925003316284574,15.06482461196078,0.9237155644980837,0.26293079071419273,5.567764446625036,-3.424752749365893,5.567764446625036,-3.424752749365893,5.567764446625036,-3.424752749365893,-0.7437588435045571,1.462834450916963,-6.226982093135881,0.7818173929527482,-6.226982093135881,0.7818173929527482,0.0,0.0,0.0,0.0,0.0,0.0,2.3199590902228486,2.3199590902228486,2.3199590902228486,2.324234665624238,2.324234665624238,2.5657103882278913,2.5657103882278913
247.0,0.247,0.001,0.499,53.244144276586795,14.869221183608179,0.9292856250333339,0.259516866861251,5.572327104870441,-3.403039311935365,5.572327104870441,-3.403039311935365,5.572327104870441,-3.403039311935365,-0.749999486403568,1.463566480727149,-6.2406428990108695,0.7320298101858997,-6.2406428990108695,0.7320298101858997,0.0,0.0,0.0,0.0,0.0,0.0,2.328499463926905,2.328499463926905,2.328499463926905,2.3327671894225204,2.3327671894225204,2.5790622897316102,2.5790622897316102
248.0,0.248,0.001,0.499,53.56354159275321,14.674871356364726,0.9348601598224712,0.2561248224751706,5.576713105506425,-3.3809947147316497,5.576713105506425,-3.3809947147316497,5.576713105506425,-3.3809947147316497,-0.7562535328655795,1.4642481273423666,-6.254046462011528,0.6816466152176603,-6.254046462011528,0.6816466152176603,0.0,0.0,0.0,0.0,0.0,0.0,2.337023792870185,2.337023792870185,2.337023792870185,2.341283172638845,2.341283172638845,2.5924856245988397,2.5924856245988397
249.0,0.249,0.001,0.499,53.88318516923965,14.481793948708512,0.94043899266501,0.25275498600035434,5.580923366541231,-3.3586244064047084,5.580923366541231,-3.3586244064047084,5.580923366541231,-3.3586244064047084,-0.7625207217650609,1.46487879452004,-6.267188899481407,0.6306671776735528,-6.267188899481407,0.6306671776735528,0.0,0.0,0.0,0.0,0.0,0.0,2.3455310809500918,2.3455310809500918,2.3455310809500918,2.3497816119672317,2.3497816119672317,2.605981658035822,2.605981658035822
250.0,0.25,0.001,0.499,54.203064963737674,14.290007463893607,0.9460219482896033,0.24940768037950817,5.584958828093035,-3.335933941017535,5.584958828093035,-3.335933941017535,5.584958828093035,-3.335933941017535,-0.7688007880640538,1.465457885426995,-6.280066298992958,0.5790909069550507,-6.280066298992958,0.5790909069550507,0.0,0.0,0.0,0.0,0.0,0.0,2.354020317884962,2.354020317884962,2.354020317884962,2.3582614902837493,2.3582614902837493,2.6195516503091825,2.6195516503091825
251.0,0.251,0.001,0.499,54.523170988415394,14.09953008402795,0.9516088523756997,0.24608322295028048,5.588820451482816,-3.3129289739321015,5.588820451482816,-3.3129289739321015,5.588820451482816,-3.3129289739321015,-0.7750934627831445,1.4659848026795412,-6.292674719090718,0.5269172525462317,-6.292674719090718,0.5269172525462317,0.0,0.0,0.0,0.0,0.0,0.0,2.3624904799382835,2.3624904799382835,2.3624904799382835,2.366721777373026,2.366721777373026,2.6331968555005405,2.6331968555005405
252.0,0.252,0.001,0.499,54.843493311106165,13.910379664388357,0.9571995315742894,0.24278192534604062,5.5925092183204494,-3.2896152576473106,5.5925092183204494,-3.2896152576473106,5.5925092183204494,-3.2896152576473106,-0.781398472973212,1.4664589483838533,-6.305010190067423,0.4741457043120691,-6.305010190067423,0.4741457043120691,0.0,0.0,0.0,0.0,0.0,0.0,2.370940530647246,2.370940530647246,2.370940530647246,2.3751614306595683,2.3751614306595683,2.6469185202329775,2.6469185202329775
253.0,0.253,0.001,0.499,55.164022056444765,13.722573727975224,0.9627938135277343,0.23950409340084036,5.596026129585712,-3.265998637595804,5.596026129585712,-3.265998637595804,5.596026129585712,-3.265998637595804,-0.7877155416879855,1.4668797241766414,-6.317068714773539,0.4207757927880254,-6.317068714773539,0.4207757927880254,0.0,0.0,0.0,0.0,0.0,0.0,2.379369421556022,2.379369421556022,2.379369421556022,2.383579395942617,2.383579395942617,2.6607178823700512,2.6607178823700512
254.0,0.254,0.001,0.499,55.48474740695075,13.536129460309072,0.9683915268886767,0.23625002705859638,5.599372204705812,-3.242085047906428,5.599372204705812,-3.242085047906428,5.599372204705812,-3.242085047906428,-0.7940443879574461,1.467246531266102,-6.3288462694606675,0.36680708946061213,-6.3288462694606675,0.36680708946061213,0.0,0.0,0.0,0.0,0.0,0.0,2.387776092951951,2.387776092951951,2.387776092951951,2.3919746081332693,2.3919746081332693,2.6745961696881144,2.6745961696881144
255.0,0.255,0.001,0.499,55.80565960405901,13.351063704470684,0.9739925013380248,0.2330200202865246,5.602548480631076,-3.2178805071390677,5.602548480631076,-3.2178805071390677,5.602548480631076,-3.2178805071390677,-0.8003847267621055,1.4675587704731405,-6.340338804659291,0.312239207038583,-6.340338804659291,0.312239207038583,0.0,0.0,0.0,0.0,0.0,0.0,2.3961594746029418,2.3961594746029418,2.3961594746029413,2.400345991992643,2.400345991992643,2.688554598522725,2.688554598522725
256.0,0.256,0.001,0.499,56.126748949097205,13.167392956386283,0.9795965676020134,0.22981436099285074,5.605556010910354,-3.1933911139984557,5.605556010910354,-3.1933911139984557,5.605556010910354,-3.1933911139984557,-0.8067362690081968,1.4678158422728549,-6.351542246091306,0.2570717997144272,-6.351542246091306,0.2570717997144272,0.0,0.0,0.0,0.0,0.0,0.0,2.404518486496582,2.404518486496582,2.404518486496582,2.4086924628699147,2.4086924628699147,2.702594372390031,2.702594372390031
257.0,0.257,0.001,0.499,56.44800580421037,12.985133360358713,0.9852035574683405,0.22663333094881488,5.608395864767698,-3.1686230430334574,5.608395864767698,-3.1686230430334574,5.608395864767698,-3.1686230430334574,-0.8130987215038147,1.4680171468362708,-6.362452495617797,0.20130456341583342,-6.362452495617797,0.20130456341583342,0.0,0.0,0.0,0.0,0.0,0.0,2.412852039576444,2.412852039576444,2.412852039576444,2.4170129274390306,2.4170129274390306,2.716716680584023,2.716716680584023
258.0,0.258,0.001,0.499,56.769420593232645,12.804300704845314,0.9908133038013822,0.2234772057149814,5.611069126181797,-3.1435825403281927,5.611069126181797,-3.1435825403281927,5.611069126181797,-3.1435825403281927,-0.8194717869360372,1.4681620840723175,-6.373065432222507,0.1449372360467982,-6.373065432222507,0.1449372360467982,0.0,0.0,0.0,0.0,0.0,0.0,2.421159036478603,2.421159036478603,2.4211590364786035,2.4253062844330175,2.4253062844330175,2.7309226967506395,2.7309226967506395
259.0,0.259,0.001,0.499,57.09098380250638,12.62491041848275,0.9964256405564884,0.22034625457185916,5.613576892969634,-3.118275919191211,5.613576892969634,-3.118275919191211,5.613576892969634,-3.118275919191211,-0.8258551638490685,1.4682500536700356,-6.383376913031422,0.08796959771805574,-6.383376913031422,0.08796959771805574,0.0,0.0,0.0,0.0,0.0,0.0,2.4294383722641952,2.4294383722641952,2.4294383722641957,2.4335714253747915,2.4335714253747915,2.745213577439749,2.745213577439749
260.0,0.26,0.001,0.499,57.41268598164888,12.446977566358747,1.0020404027933656,0.21724074045483113,5.615920275875767,-3.092709555848774,5.615920275875767,-3.092709555848774,5.615920275875767,-3.092709555848774,-0.8322485466234375,1.468280455141002,-6.393382774368918,0.030401470966512814,-6.393382774368918,0.030401470966512814,0.0,0.0,0.0,0.0,0.0,0.0,2.4376889351471815,2.4376889351471815,2.437688935147181,2.441807235303431,2.441807235303431,2.7595904606360726,2.7595904606360726
261.0,0.261,0.001,0.499,57.73451774426716,12.270516846530327,1.0076574266885514,0.21416091989338595,5.6181003976685835,-3.0668898851481323,5.6181003976685835,-3.0668898851481323,5.6181003976685835,-3.0668898851481323,-0.8386516254562884,1.4682526878619655,-6.403078832850879,-0.027767279036621746,-6.403078832850879,-0.027767279036621746,0.0,0.0,0.0,0.0,0.0,0.0,2.4459096072195328,2.4459096072195328,2.4459096072195328,2.450012593494932,2.450012593494932,2.774054464270203,2.774054464270203
262.0,0.262,0.001,0.499,58.05646976862121,12.095542586787804,1.0132765495469906,0.21110704295463917,5.62011839224484,-3.0408233962764912,5.62011839224484,-3.0408233962764912,5.62011839224484,-3.0408233962764912,-0.8450640863428036,1.4681661511176762,-6.412460886515214,-0.08653674428931672,-6.412460886515214,-0.08653674428931672,0.0,0.0,0.0,0.0,0.0,0.0,2.454099265166577,2.454099265166577,2.454099265166577,2.4581863741764907,2.4581863741764907,2.7886066847108886,2.7886066847108886
263.0,0.263,0.001,0.499,58.378532798236144,11.922068741663482,1.0188976098127192,0.20807935319112503,5.621975403743714,-3.0145166285011635,5.621975403743714,-3.0145166285011635,5.621975403743714,-3.0145166285011635,-0.8514856110587938,1.468020244143902,-6.421524715990173,-0.14590697377410095,-6.421524715990173,-0.14590697377410095,0.0,0.0,0.0,0.0,0.0,0.0,2.462256780980912,2.462256780980912,2.462256780980912,2.4663274472334296,2.4663274472334296,2.8032481952398136,2.8032481952398136
264.0,0.264,0.001,0.499,58.700697642463915,11.750108889683695,1.0245204470786684,0.20507808759283563,5.623672585671568,-2.9879761669362113,5.623672585671568,-2.9879761669362113,5.623672585671568,-2.9879761669362113,-0.8579158771444947,1.4678143661706164,-6.4302660857008505,-0.20587797328563298,-6.4302660857008505,-0.20587797328563298,0.0,0.0,0.0,0.0,0.0,0.0,2.4703810226617327,2.4703810226617327,2.470381022661733,2.474434678907899,2.474434678907899,2.817980044510185,2.817980044510185
265.0,0.265,0.001,0.499,59.02295517699523,11.579676230862509,1.0301449020955993,0.2021034765434778,5.62521110003854,-2.961208638340657,5.62521110003854,-2.961208638340657,5.62521110003854,-2.961208638340657,-0.864354557889609,1.4675479164653458,-6.438680745114283,-0.2664497052707302,-6.438680745114283,-0.2664497052707302,0.0,0.0,0.0,0.0,0.0,0.0,2.478470854911596,2.478470854911596,2.478470854911596,2.4825069324885702,2.4825069324885702,2.8328032549904276,2.8328032549904276
266.0,0.266,0.001,0.499,59.34529634432236,11.410783584435165,1.0357708167801796,0.19915574378091402,5.626592116508029,-2.934220706953121,5.626592116508029,-2.934220706953121,5.626592116508029,-2.934220706953121,-0.8708013223196325,1.4672202943766646,-6.446764430023491,-0.3276220886811165,-6.446764430023491,-0.3276220886811165,0.0,0.0,0.0,0.0,0.0,0.0,2.486525139820439,2.486525139820439,2.486525139820439,2.4905430689905663,2.4905430689905663,2.8477188213944005,2.8477188213944005
267.0,0.267,0.001,0.499,59.66771215415358,11.243443386829014,1.0413980342222182,0.19623510636174873,5.627816811560062,-2.907019070367524,5.627816811560062,-2.907019070367524,5.627816811560062,-2.907019070367524,-0.8772558351835034,1.4668308993778254,-6.454512863870853,-0.38939499883913203,-6.454512863870853,-0.38939499883913203,0.0,0.0,0.0,0.0,0.0,0.0,2.4945427375399936,2.4945427375399936,2.494542737539994,2.4985419478249167,2.4985419478249167,2.8627277090995364,2.8627277090995364
268.0,0.268,0.001,0.499,59.99019368378014,11.077667689869468,1.0470263986910695,0.1933417746300163,5.628886367669497,-2.879610455454247,5.628886367669497,-2.879610455454247,5.628886367669497,-2.879610455454247,-0.8837177569426146,1.4663791311105088,-6.461921759111148,-0.45176826731663294,-6.461921759111148,-0.45176826731663294,0.0,0.0,0.0,0.0,0.0,0.0,2.5025225069489667,2.5025225069489667,2.5025225069489663,2.506502427456909,2.506502427456909,2.877830852554404,2.877830852554404
269.0,0.269,0.001,0.499,60.31273207839658,10.913468159218265,1.052655755641223,0.19047595218992347,5.629801972499899,-2.852001614330922,5.629801972499899,-2.852001614330922,5.629801972499899,-2.852001614330922,-0.8901867437612292,1.4658643894286816,-6.468986818614613,-0.514741681827288,-6.468986818614613,-0.514741681827288,0.0,0.0,0.0,0.0,0.0,0.0,2.5104633063041737,2.5104633063041737,2.5104633063041737,2.5144233660527138,2.5144233660527138,2.893029153677181,2.893029153677181
270.0,0.27,0.001,0.499,60.63531855137528,10.750856073041065,1.058285951717097,0.18763783588259458,5.630564818113921,-2.824199320386762,5.630564818113921,-2.824199320386762,5.630564818113921,-2.824199320386762,-0.8966624474983396,1.465286074442549,-6.475703737110336,-0.5783149861324595,-6.475703737110336,-0.5783149861324595,0.0,0.0,0.0,0.0,0.0,0.0,2.5183639938813758,2.5183639938813758,2.5183639938813758,2.5223036221137445,2.5223036221137445,2.9083234802466094,2.9083234802466094
271.0,0.271,0.001,0.499,60.95794438449633,10.589842320901218,1.0639168347570491,0.18482761576676418,5.63117610020091,-2.7962103643641205,5.63117610020091,-2.7962103643641205,5.63117610020091,-2.7962103643641205,-0.9031445157010098,1.4646435865625882,-6.482068202670306,-0.6424878799608318,-6.482068202670306,-0.6424878799608318,0.0,0.0,0.0,0.0,0.0,0.0,2.5262234286044962,2.5262234286044962,2.5262234286044962,2.5301420550982514,2.5301420550982514,2.9237146642870258,2.9237146642870258
272.0,0.272,0.001,0.499,61.2806009281336,10.43043740287631,1.0695482537966243,0.18204547510335786,5.631637017322402,-2.7680415505007097,5.631637017322402,-2.7680415505007097,5.631637017322402,-2.7680415505007097,-0.9096325915992443,1.4639363265436462,-6.488075898234408,-0.7072600189419241,-6.488075898234408,-0.7072600189419241,0.0,0.0,0.0,0.0,0.0,0.0,2.5340404706595114,2.5340404706595114,2.5340404706595114,2.5379375260296992,2.5379375260296992,2.9392035004490884,2.9392035004490884
273.0,0.273,0.001,0.499,61.603279601398185,10.27265142889394,1.0751800590710583,0.1792915903438994,5.6319487701761295,-2.739699692735671,5.6319487701761295,-2.739699692735671,5.6319487701761295,-2.739699692735671,-0.9161263141024208,1.4631636955290928,-6.493722503176638,-0.7726310145535974,-6.493722503176638,-0.7726310145535974,0.0,0.0,0.0,0.0,0.0,0.0,2.5418139820952,2.5418139820952,2.5418139820952,2.5456888980915084,2.5456888980915084,2.954790744387872,2.954790744387872
274.0,0.274,0.001,0.499,61.92597189224009,10.116494118282972,1.0808121020170527,0.17656613112267855,5.632112560879062,-2.7111916109824437,5.632112560879062,-2.7111916109824437,5.632112560879062,-2.7111916109824437,-0.9226253177973337,1.462325095095009,-6.499003694912827,-0.8386004340836304,-6.499003694912827,-0.8386004340836304,0.0,0.0,0.0,0.0,0.0,0.0,2.5495428274138425,2.5495428274138425,2.5495428274138425,2.5533950372078253,2.5533950372078253,2.970477111140024,2.970477111140024
275.0,0.275,0.001,0.499,62.24866935750952,9.961974799536351,1.0864442352738444,0.1738692602526114,5.632129592269957,-2.6825241274711367,5.632129592269957,-2.6825241274711367,5.632129592269957,-2.6825241274711367,-0.9291292329478837,1.4614199272944037,-6.503915150550091,-0.9051678006054096,-6.503915150550091,-0.9051678006054096,0.0,0.0,0.0,0.0,0.0,0.0,2.5572258741416465,2.5572258741416465,2.557225874141647,2.5610548126099952,2.5610548126099952,2.986263273501708,2.986263273501708
276.0,0.276,0.001,0.499,62.57136362297873,9.809102410281437,1.0920763126835866,0.17120113372472273,5.632001067231841,-2.653704063162869,5.632001067231841,-2.653704063162869,5.632001067231841,-2.653704063162869,-0.935637685496462,1.460447594701436,-6.508452548578259,-0.9723325929677356,-6.508452548578259,-0.9723325929677356,0.0,0.0,0.0,0.0,0.0,0.0,2.5648619933903216,2.5648619933903216,2.5648619933903216,2.5686670973884826,2.568667097388483,3.002149860409077,3.002149860409077
277.0,0.277,0.001,0.499,62.89404638332559,9.657885497453668,1.0977081892910632,0.16856190071117694,5.631728188034759,-2.6247382342383068,5.631728188034759,-2.6247382342383068,5.631728188034759,-2.6247382342383068,-0.9421502970670654,1.4594075004556373,-6.512611570603488,-1.0400942457987103,-6.512611570603488,-1.0400942457987103,0.0,0.0,0.0,0.0,0.0,0.0,2.572450060399666,2.572450060399666,2.572450060399666,2.5762307690299906,2.5762307690299906,3.0181374553230618,3.0181374553230618
278.0,0.278,0.001,0.499,63.216709402080205,9.508332217669247,1.1033397213427554,0.16595170357178252,5.6313121556990815,-2.5956334486623938,5.6313121556990815,-2.5956334486623938,5.6313121556990815,-2.5956334486623938,-0.9486666849701897,1.4582990483061136,-6.516387903124238,-1.108452149523624,-6.516387903124238,-1.108452149523624,0.0,0.0,0.0,0.0,0.0,0.0,2.5799889550695814,2.5799889550695814,2.579988955069581,2.5837447099396518,2.5837447099396518,3.034226594620267,3.034226594620267
279.0,0.279,0.001,0.499,63.5393445115355,9.360450337792418,1.1089707662852826,0.16337067786389312,5.630754169379597,-2.5663965028270397,5.630754169379597,-2.5663965028270397,5.630754169379597,-2.5663965028270397,-0.9551864622095395,1.4571216426557168,-6.519777239349817,-1.1774056503967085,-6.519777239349817,-1.1774056503967085,0.0,0.0,0.0,0.0,0.0,0.0,2.587477562472142,2.587477562472142,2.5874775624721416,2.5912078079480834,2.5912078079480834,3.050417765991784,3.050417765991784
280.0,0.28,0.001,0.499,63.86194361262321,9.21424723569284,1.1146011827632372,0.16081895235562602,5.630055425770567,-2.5370341782733115,5.630055425770567,-2.5370341782733115,5.630055425770567,-2.5370341782733115,-0.9617092374906011,1.45587468860517,-6.522775281061605,-1.2469540505465782,-6.522775281061605,-1.2469540505465782,0.0,0.0,0.0,0.0,0.0,0.0,2.594914773353027,2.594914773353027,2.594914773353027,2.598618956803256,2.598618956803256,3.0667114068517547,3.0667114068517547
281.0,0.281,0.001,0.499,64.18449867475637,9.069729901188449,1.1202308306164357,0.15829664904231838,5.629217118531841,-2.5075532384944523,5.629217118531841,-2.5075532384944523,5.629217118531841,-2.5075532384944523,-0.9682346152311182,1.454557591997135,-6.525377740517134,-1.3170966080351114,-6.525377740517134,-1.3170966080351114,0.0,0.0,0.0,0.0,0.0,0.0,2.6022994846148877,2.6022994846148877,2.6022994846148877,2.605977056647104,2.605977056647104,3.083107902757527,3.083107902757527
282.0,0.28200000000000003,0.001,0.499,64.5070017356395,8.92690493716916,1.1258595708766062,0.15580388316613938,5.62824043773611,-2.4779604258208434,5.62824043773611,-2.4779604258208434,5.62824043773611,-2.4779604258208434,-0.9747621955735153,1.4531697594602055,-6.5275803423970915,-1.3878325369294757,-6.5275803423970915,-1.3878325369294757,0.0,0.0,0.0,0.0,0.0,0.0,2.6096305997867666,2.6096305997867666,2.6096305997867666,2.613281014476818,2.6132810144768186,3.099607585843252,3.099607585843252
283.0,0.28300000000000003,0.001,0.499,64.82944490104778,8.785778560896675,1.131487265763533,0.15334076323877613,5.627126569337294,-2.4482624583878185,5.627126569337294,-2.4482624583878185,5.627126569337294,-2.4482624583878185,-0.9812915743993107,1.4517105984528187,-6.529378825795379,-1.4591610073869214,-6.529378825795379,-1.4591610073869214,0.0,0.0,0.0,0.0,0.0,0.0,2.6169070294765775,2.6169070294765775,2.6169070294765775,2.6205297445908724,2.6205297445908724,3.11621073326878,3.11621073326878
284.0,0.28400000000000003,0.001,0.499,65.15182034457625,8.646356605475624,1.1371137786806822,0.15090739106711,5.625876694660026,-2.4184660271870406,5.625876694660026,-2.4184660271870406,5.625876694660026,-2.4184660271870406,-0.987822343345563,1.4501795173070668,-6.530768946252259,-1.531081145751906,-6.530768946252259,-1.531081145751906,0.0,0.0,0.0,0.0,0.0,0.0,2.624127691811052,2.624127691811052,2.624127691811052,2.627722169019792,2.627722169019792,3.132917565685717,3.132917565685717
285.0,0.28500000000000003,0.001,0.499,65.47412030736061,8.508644521491245,1.1427389742103242,0.14850386178179964,5.624491989910147,-2.388577793201965,5.624491989910147,-2.388577793201965,5.624491989910147,-2.388577793201965,-0.9943540898233936,1.4485759252724018,-6.531746477830658,-1.6035920346650259,-6.531746477830658,-1.6035920346650259,0.0,0.0,0.0,0.0,0.0,0.0,2.6312915128587417,2.6312915128587417,2.6312915128587417,2.634857217941731,2.634857217941731,3.149728245722504,3.149728245722504
286.0,0.28600000000000003,0.001,0.499,65.7963370977702,8.372647378808782,1.1483627181081804,0.14613026386868616,5.622973625706067,-2.358604384627728,5.622973625706067,-2.358604384627728,5.622973625706067,-2.358604384627728,-1.0008863970386292,1.4468992325592187,-6.53230721523564,-1.6766927131831544,-6.53230721523564,-1.6766927131831544,0.0,0.0,0.0,0.0,0.0,0.0,2.638397427036044,2.638397427036044,2.6383974270360446,2.6419338300829875,2.6419338300829875,3.1666428764903687,3.1666428764903687
287.0,0.28700000000000003,0.001,0.499,66.11846309107516,8.238369868529745,1.153984877297609,0.14378667920293642,5.621322766630839,-2.328552394175624,5.621322766630839,-2.328552394175624,5.621322766630839,-2.328552394175624,-1.0074188440146064,1.4451488503823087,-6.532446975977057,-1.7503821769100945,-6.532446975977057,-1.7503821769100945,0.0,0.0,0.0,0.0,0.0,0.0,2.6454443775035434,2.6454443775035434,2.6454443775035434,2.6489509531035287,2.6489509531035287,3.183661500112016,3.183661500112016
288.0,0.28800000000000003,0.001,0.499,66.44049072908805,8.105816305100173,1.1596053198633545,0.14147318308583925,5.619540570804694,-2.298428376462171,5.619540570804694,-2.298428376462171,5.619540570804694,-2.298428376462171,-1.0139510056171817,1.4433241910041716,-6.532161602575343,-1.8246593781369556,-6.532161602575343,-1.8246593781369556,0.0,0.0,0.0,0.0,0.0,0.0,2.6524313165408335,2.6524313165408335,2.6524313165408335,2.655907543967727,2.655907543967727,3.200784096274889,3.200784096274889
289.0,0.289,0.001,0.499,66.76241251978202,7.974990628566102,1.1652239150448802,0.13918984428417064,5.617628189477821,-2.268238845482611,5.617628189477821,-2.268238845482611,5.617628189477821,-2.268238845482611,-1.020482452581992,1.4414246677781803,-6.531446964810427,-1.8995232259913646,-6.531446964810427,-1.8995232259913646,0.0,0.0,0.0,0.0,0.0,0.0,2.6593572059118915,2.6593572059118915,2.6593572059118915,2.662802569300437,2.662802569300437,3.218010580810824,3.218010580810824
290.0,0.29,0.001,0.499,67.08422103688582,7.845896406971352,1.170840533229302,0.13693672507204308,5.615586766643072,-2.2379902721685268,5.615586766643072,-2.2379902721685268,5.615586766643072,-2.2379902721685268,-1.0270127515440057,1.4394496951915858,-6.530298962013686,-1.974972586594512,-6.530298962013686,-1.974972586594512,0.0,0.0,0.0,0.0,0.0,0.0,2.6662210172137693,2.6662210172137693,2.6662210172137693,2.669635005728632,2.669635005728632,3.2353408043039398,3.2353408043039398
291.0,0.291,0.001,0.499,67.40590891945746,7.718536838892861,1.176455045943946,0.13471388127515554,5.613417438668294,-2.207689082029141,5.613417438668294,-2.207689082029141,5.613417438668294,-2.207689082029141,-1.0335414650694086,1.437398688908361,-6.5287135254028525,-2.051006283224914,-6.5287135254028525,-2.051006283224914,0.0,0.0,0.0,0.0,0.0,0.0,2.6730217322099383,2.6730217322099383,2.6730217322099383,2.6764038402087937,2.6764038402087937,3.252774550728523,3.252774550728523
292.0,0.292,0.001,0.499,67.72746887143725,7.592914756108788,1.1820673258485481,0.13252136231736059,5.611121333947914,-2.177341652875709,5.611121333947914,-2.177341652875709,5.611121333947914,-2.177341652875709,-1.0400681516898684,1.4352710658118732,-6.526686620459778,-2.1276230964876475,-6.526686620459778,-2.1276230964876475,0.0,0.0,0.0,0.0,0.0,0.0,2.6797583431525354,2.6797583431525354,2.6797583431525354,2.6831080703402956,2.6831080703402956,3.2703115361187183,3.2703115361187183
293.0,0.293,0.001,0.499,68.04889366118135,7.469032626394626,1.1876772467271133,0.13035921126946576,5.608699572573418,-2.1469543126283055,5.608699572573418,-2.1469543126283055,5.608699572573418,-2.1469543126283055,-1.0465923659392193,1.4330662440473856,-6.524214249350911,-2.2048217644876886,-6.524214249350911,-2.2048217644876886,0.0,0.0,0.0,0.0,0.0,0.0,2.68642985308665,2.68642985308665,2.68642985308665,2.6897467046650148,2.6897467046650148,3.2879514072717466,3.2879514072717466
294.0,0.294,0.001,0.499,68.37017612097716,7.346892556442634,1.1932846834794564,0.1282274649001873,5.60615326602231,-2.116533337204195,5.60615326602231,-2.116533337204195,5.60615326602231,-2.116533337204195,-1.0531136583926097,1.4307836430643797,-6.52129245339035,-2.282600983005829,-6.52129245339035,-2.282600983005829,0.0,0.0,0.0,0.0,0.0,0.0,2.6930352761448986,2.6930352761448986,2.6930352761448986,2.696318762953446,2.696318762953446,3.3056937404863875,3.3056937404863875
295.0,0.295,0.001,0.499,68.6913091465412,7.226496294899945,1.19888951211244,0.12612615372917516,5.603483516865122,-2.086084948486856,5.603483516865122,-2.086084948486856,5.603483516865122,-2.086084948486856,-1.0596315757081551,1.4284226836587042,-6.51791731554531,-2.3609594056755108,-6.51791731554531,-2.3609594056755108,0.0,0.0,0.0,0.0,0.0,0.0,2.69957363782572,2.69957363782572,2.6995736378257202,2.7028232764775653,2.7028232764775653,3.3235380403384083,3.3235380403384083
296.0,0.296,0.001,0.499,69.01228569650088,7.1078452355207595,1.2044916097309286,0.12405530208202906,5.600691418490035,-2.0556153123746532,5.600691418490035,-2.0556153123746532,5.600691418490035,-2.0556153123746532,-1.066145660671139,1.4259827880145455,-6.514084962983804,-2.4398956441587503,-6.514084962983804,-2.4398956441587503,0.0,0.0,0.0,0.0,0.0,0.0,2.706043975261222,2.706043975261222,2.706043975261222,2.70925928827075,2.70925928827075,3.3414837384946185,3.3414837384946185
297.0,0.297,0.001,0.499,69.33309879186085,6.99094042042807,1.2100908545284745,0.12201492814722648,5.597778054844642,-2.0251305369080357,5.597778054844642,-2.0251305369080357,5.597778054844642,-2.0251305369080357,-1.0726554522408034,1.4234633797462264,-6.509791569664365,-2.5194082683191557,-6.509791569664365,-2.5194082683191557,0.0,0.0,0.0,0.0,0.0,0.0,2.7124453374685955,2.7124453374685955,2.7124453374685955,2.7156258533750255,2.7156258533750255,3.359530192567138,3.359530192567138
298.0,0.298,0.001,0.499,69.65374151545514,6.875782543480487,1.2156871257777568,0.12000504403488467,5.594744500194376,-1.9946366704740923,5.594744500194376,-1.9946366704740923,5.594744500194376,-1.9946366704740923,-1.079160485599771,1.4208638839398364,-6.505033358967567,-2.5994958063898608,-6.505033358967567,-2.5994958063898608,0.0,0.0,0.0,0.0,0.0,0.0,2.7187767855929676,2.7187767855929676,2.7187767855929676,2.721922039075954,2.721922039075954,3.3776766850094964,3.3776766850094964
299.0,0.299,0.001,0.499,69.97420701138584,6.762371953739733,1.2212803038207842,0.11802565583728002,5.591591818897111,-1.9641397000871934,5.591591818897111,-1.9641397000871934,5.591591818897111,-1.9641397000871934,-1.08566029220614,1.4181837271947024,-6.499806606369145,-2.6801567451340116,-6.499806606369145,-2.6801567451340116,0.0,0.0,0.0,0.0,0.0,0.0,2.7250373931357172,2.7250373931357172,2.7250373931357172,2.7281469251254586,2.7281469251254586,3.3959224220560773,3.3959224220560773
300.0,0.3,0.001,0.499,70.29448848444943,6.650708659034514,1.2268702700588814,0.11607676369104919,5.588321065193429,-1.9336455497444027,5.588321065193429,-1.9336455497444027,5.588321065193429,-1.9336455497444027,-1.0921543998482945,1.4154223376647073,-6.494107642154468,-2.7613895299952373,-6.494107642154468,-2.7613895299952373,0.0,0.0,0.0,0.0,0.0,0.0,2.7312262461711607,2.7312262461711607,2.7312262461711607,2.734299603952903,2.734299603952903,3.4142665327064265,3.4142665327064265
301.0,0.301,0.001,0.499,70.61457919955136,6.5407923296165,1.2324569069424731,0.11415836184099815,5.584933283012041,-1.9031600788542786,5.584933283012041,-1.9031600788542786,5.584933283012041,-1.9031600788542786,-1.0986423327024686,1.412579145099472,-6.487932854174127,-2.8431925652353263,-6.487932854174127,-2.8431925652353263,0.0,0.0,0.0,0.0,0.0,0.0,2.7373424435517504,2.7373424435517504,2.7373424435517504,2.740379180864725,2.740379180864725,3.43270806775586,3.43270806775586
302.0,0.302,0.001,0.499,70.93447248111005,6.432622301904267,1.2380400979606816,0.11227043870544616,5.581429505789849,-1.872689080737639,5.581429505789849,-1.872689080737639,5.581429505789849,-1.872689080737639,-1.1051236113931089,1.4096535808854158,-6.481278690640389,-2.9255642140561,-6.481278690640389,-2.9255642140561,0.0,0.0,0.0,0.0,0.0,0.0,2.7433850971027005,2.7433850971027005,2.7433850971027005,2.7463847742329652,2.7463847742329652,3.451245998873779,3.451245998873779
303.0,0.303,0.001,0.499,71.25416171245097,6.326197582311106,1.2436197276307503,0.11041297694303377,5.577810756306122,-1.8422382811988187,5.577810756306122,-1.8422382811988187,5.577810756306122,-1.8422382811988187,-1.1115977530560732,1.4066450780867135,-6.4741416629642705,-3.0085027987022466,-6.4741416629642705,-3.0085027987022466,0.0,0.0,0.0,0.0,0.0,0.0,2.7493533318046115,2.7493533318046115,2.749353331804611,2.7523155156729815,2.7523155156729815,3.46987921773104,3.46987921773104
304.0,0.304,0.001,0.499,71.57364033519148,6.221516851152712,1.2491956814873093,0.10858595352092479,5.574078046530256,-1.8118133371659146,5.574078046530256,-1.8118133371659146,5.574078046530256,-1.8118133371659146,-1.1180642714047062,1.403553071486172,-6.466518348632988,-3.092006600541617,-6.466518348632988,-3.092006600541617,0.0,0.0,0.0,0.0,0.0,0.0,2.7552462859658866,2.7552462859658866,2.7552462859658866,2.7581705502106946,2.7581705502106946,3.488606535177685,3.488606535177685
305.0,0.305,0.001,0.499,71.89290184861756,6.118578466630847,1.2547678460714942,0.10678933978433428,5.570232377482595,-1.7814198353984887,5.570232377482595,-1.7814198353984887,5.570232377482595,-1.7814198353984887,-1.1245226767988337,1.4003769976260527,-6.458405394127536,-3.1760738601192298,-6.458405394127536,-3.1760738601192298,0.0,0.0,0.0,0.0,0.0,0.0,2.7610631113853077,2.7610631113853077,2.7610631113853077,2.7639490364396524,2.7639490364396524,3.507426680472257,3.507426680472257
306.0,0.306,0.001,0.499,72.21193980905261,6.017380468889139,1.2603361089199334,0.10502310152731568,5.56627473910779,-1.7510632912611699,5.56627473910779,-1.7510632912611699,5.56627473910779,-1.7510632912611699,-1.130972476316714,1.3971162948488718,-6.449799517880173,-3.26070277718095,-6.449799517880173,-3.26070277718095,0.0,0.0,0.0,0.0,0.0,0.0,2.766802973503685,2.766802973503685,2.766802973503685,2.7696501466682593,2.7696501466682593,3.526338300563898,3.526338300563898
307.0,0.307,0.001,0.499,72.53074782921973,5.917920584137309,1.2659003585536142,0.10328719906474215,5.562206110160165,-1.7207491475615875,5.562206110160165,-1.7207491475615875,5.562206110160165,-1.7207491475615875,-1.1374131738299855,1.3937704033382092,-6.440697513271584,-3.3458915106625136,-6.440697513271584,-3.3458915106625136,0.0,0.0,0.0,0.0,0.0,0.0,2.7724650515467726,2.7724650515467726,2.772465051546773,2.775273067057469,2.775273067057469,3.5453399594283574,3.5453399594283574
308.0,0.308,0.001,0.499,72.84931957759738,5.820196228840168,1.271460484466639,0.10158158730541829,5.558027458100574,-1.6904827734510528,5.558027458100574,-1.6904827734510528,5.558027458100574,-1.6904827734510528,-1.1438442700816531,1.39033876515957,-6.431096251667531,-3.431638178639263,-6.431096251667531,-3.431638178639263,0.0,0.0,0.0,0.0,0.0,0.0,2.7780485386574183,2.7780485386574183,2.7780485386574183,2.7808169977492274,2.7808169977492274,3.564430137458955,3.564430137458955
309.0,0.309,0.001,0.499,73.1676487777697,5.724204513967844,1.2770163771148861,0.09990621582626061,5.553739739004238,-1.660269463386404,5.553739739004238,-1.660269463386404,5.553739739004238,-1.660269463386404,-1.150265262767148,1.3868208243013385,-6.420992685494812,-3.5179408582316363,-6.420992685494812,-3.5179408582316363,0.0,0.0,0.0,0.0,0.0,0.0,2.783552642020938,2.783552642020938,2.783552642020938,2.78628115298604,2.78628115298604,3.583607230913525,3.583607230913525
310.0,0.31,0.001,0.499,73.48572920777175,5.6299422493037685,1.2825679279045812,0.09826102894748619,5.54934389747904,-1.6301144361514264,5.54934389747904,-1.6301144361514264,5.54934389747904,-1.6301144361514264,-1.1566756466185042,1.3832160267158773,-6.4103838513563725,-3.6047975854611134,-6.4103838513563725,-3.6047975854611134,0.0,0.0,0.0,0.0,0.0,0.0,2.7889765829789703,2.7889765829789703,2.7889765829789703,2.791664761221877,2.791664761221877,3.602869551418262,3.602869551418262
311.0,0.311,0.001,0.499,73.80355469943038,5.537405947807079,1.2881150291807941,0.0966459658087508,5.544840866593802,-1.6000228339362685,5.544840866593802,-1.6000228339362685,5.544840866593802,-1.6000228339362685,-1.1630749134916896,1.3795238203608264,-6.399266873185469,-3.6922063550509616,-6.399266873185469,-3.6922063550509616,0.0,0.0,0.0,0.0,0.0,0.0,2.7943195971367083,2.7943195971367083,2.7943195971367083,2.796967065224776,2.796967065224776,3.622215325529351,3.622215325529351
312.0,0.312,0.001,0.499,74.12111913770129,5.446591830026128,1.2936575742158676,0.09506096044617927,5.540231567816031,-1.5699997214732817,5.540231567816031,-1.5699997214732817,5.540231567816031,-1.5699997214732817,-1.1694625524571283,1.3757436552406608,-6.387638965438805,-3.7801651201657567,-6.387638965438805,-3.7801651201657567,0.0,0.0,0.0,0.0,0.0,0.0,2.7995809344614475,2.7995809344614475,2.7995809344614475,2.802187322171409,2.802187322171409,3.641642694353188,3.641642694353188
313.0,0.313,0.001,0.499,74.43841646000268,5.3574958285599275,1.2991954571977888,0.0935059418702324,5.535516910958664,-1.5400500852277232,5.535516910958664,-1.5400500852277232,5.535516910958664,-1.5400500852277232,-1.1758380498934569,1.3718749834485775,-6.375497436328614,-3.868671792083258,-6.375497436328614,-3.868671792083258,0.0,0.0,0.0,0.0,0.0,0.0,2.804759859373683,2.804759859373683,2.804759859373683,2.8073248037338976,2.807324803733897,3.6611497132259307,3.6611497132259307
314.0,0.314,0.001,0.499,74.75544065554632,5.27011359256444,1.3047285732185117,0.09198083414435641,5.530697794135346,-1.5101788326417829,5.530697794135346,-1.5101788326417829,5.530697794135346,-1.5101788326417829,-1.1822008895845506,1.3679172592087856,-6.362839691093716,-3.957724239791806,-6.362839691093716,-3.957724239791806,0.0,0.0,0.0,0.0,0.0,0.0,2.809855650829813,2.809855650829813,2.809855650829813,2.812378796159141,2.812378796159141,3.6807343514530584,3.6807343514530584
315.0,0.315,0.001,0.499,75.07218576466597,5.184440492300672,1.3102568182622383,0.09048555646436245,5.5257751037237695,-1.4803907914304113,5.5257751037237695,-1.4803907914304113,5.5257751037237695,-1.4803907914304113,-1.1885505528198603,1.3638699389192797,-6.349663235309643,-4.047320289505989,-6.349663235309643,-4.047320289505989,0.0,0.0,0.0,0.0,0.0,0.0,2.8148676023969985,2.8148676023969985,2.8148676023969985,2.8173486003409636,2.817348600340964,3.700394492109543,3.700394492109543
316.0,0.316,0.001,0.499,75.3886458781442,5.100471623721688,1.3157800891936682,0.08902002323848478,5.520749714336656,-1.4506907089274546,5.520749714336656,-1.4506907089274546,5.520749714336656,-1.4506907089274546,-1.1948865184980983,1.3597324811951867,-6.335965678237992,-4.137457724092861,-6.335965678237992,-4.137457724092861,0.0,0.0,0.0,0.0,0.0,0.0,2.8197950223238095,2.8197950223238095,2.8197950223238095,2.8222335318852854,2.8222335318852854,3.7201279319011795,3.7201279319011795
317.0,0.317,0.001,0.499,75.70481513653762,5.018201813095665,1.321298283746222,0.08758414416806845,5.515622488799921,-1.4210832514806229,5.515622488799921,-1.4210832514806229,5.515622488799921,-1.4210832514806229,-1.2012082632343135,1.3555043469127863,-6.321744736215233,-4.228134282400541,-6.321744736215233,-4.228134282400541,0.0,0.0,0.0,0.0,0.0,0.0,2.82463723359945,2.82463723359945,2.82463723359945,2.8270329211686254,2.8270329211686254,3.7399323810875313,3.7399323810875313
318.0,0.318,0.001,0.499,76.02068772950103,4.937625621662254,1.3268113005102455,0.08617782432883818,5.510394278137626,-1.391573003893854,5.510394278137626,-1.391573003893854,5.510394278137626,-1.391573003893854,-1.2075152614703948,1.3511849992543057,-6.306998236081311,-4.319347658480527,-6.306998236081311,-4.319347658480527,0.0,0.0,0.0,0.0,0.0,0.0,2.8293935740114984,2.8293935740114984,2.8293935740114984,2.8317461133901385,2.831746113390139,3.759805463466925,3.759805463466925
319.0,0.319,0.001,0.499,76.33625789511109,4.85873735031957,1.3323190389212047,0.08480096425270166,5.505065921563307,-1.3621644689156625,5.505065921563307,-1.3621644689156625,5.505065921563307,-1.3621644689156625,-1.2138069855890432,1.346773903753611,-6.291724118648447,-4.411095500694527,-6.291724118648447,-4.411095500694527,0.0,0.0,0.0,0.0,0.0,0.0,2.8340633961933,2.8340633961933,2.8340633961933,2.836372468617457,2.836372468617457,3.779744716423797,3.779744716423797
320.0,0.32,0.001,0.499,76.65151991918937,4.781531044339212,1.3378213992478722,0.08345346001004221,5.499638246477299,-1.3328620667720983,5.499638246477299,-1.3328620667720983,5.499638246477299,-1.3328620667720983,-1.220082906031254,1.3422705283429148,-6.275920442210666,-4.503375410696123,-6.275920442210666,-4.503375410696123,0.0,0.0,0.0,0.0,0.0,0.0,2.8386460676666414,2.8386460676666414,2.8386460676666414,2.8409113618265325,2.840911361826532,3.7997475910386918,3.7997475910386918
321.0,0.321,0.001,0.499,76.9664681346256,4.706000498106791,1.343318282580515,0.08213520329245667,5.494112068469679,-1.3036701347429769,5.494112068469679,-1.3036701347429769,5.494112068469679,-1.3036701347429769,-1.2263424914173486,1.337674343400638,-6.259585386094686,-4.596184942276959,-6.259585386094686,-4.596184942276959,0.0,0.0,0.0,0.0,0.0,0.0,2.843140970880481,2.843140970880481,2.843140970880481,2.8453621829357236,2.845362182935723,3.8198114522611095,3.8198114522611095
322.0,0.322,0.001,0.499,77.28109692070129,4.63213925988554,1.3488095908190887,0.08084608149589598,5.488488191328476,-1.2745929267800762,5.488488191328476,-1.2745929267800762,5.488488191328476,-1.2745929267800762,-1.2325852086716016,1.3329848218005713,-6.242717254252942,-4.689521600066642,-6.242717254252942,-4.689521600066642,0.0,0.0,0.0,0.0,0.0,0.0,2.8475475032396376,2.8475475032396376,2.8475475032396376,2.849724336834328,2.849724336834328,3.8399335791453426,3.8399335791453426
323.0,0.323,0.001,0.499,77.59540070241377,4.559940636600619,1.354295226661441,0.07958597780416705,5.482767407052811,-1.2456346131660383,5.482767407052811,-1.2456346131660383,5.482767407052811,-1.2456346131660383,-1.238810523150501,1.3282014389624965,-6.225314478899618,-4.7833828380748695,-6.225314478899618,-4.7833828380748695,0.0,0.0,0.0,0.0,0.0,0.0,2.8518650771326466,2.8518650771326466,2.8518650771326466,2.8539972434057552,2.8539972434057557,3.860111165149387,3.860111165149387
324.0,0.324,0.001,0.499,77.90937394980126,4.489397698641828,1.3597750935915314,0.07835477127275607,5.476950495870644,-1.2167992802127494,5.476950495870644,-1.2167992802127494,5.476950495870644,-1.2167992802127494,-1.2450178987746918,1.3233236729044329,-6.207375624190757,-4.877766058063721,-6.207375624190757,-4.877766058063721,0.0,0.0,0.0,0.0,0.0,0.0,2.8560931199521873,2.8560931199521873,2.8560931199521877,2.858180337545552,2.8581803375455523,3.8803413184969564,3.8803413184969564
325.0,0.325,0.001,0.499,78.22301117726906,4.420503284682506,1.3652490958676708,0.07715233691293395,5.471038226260817,-1.188090929998014,5.471038226260817,-1.188090929998014,5.471038226260817,-1.188090929998014,-1.2512067981646415,1.3183510042966955,-6.188899389949631,-4.972668607737372,-6.188899389949631,-4.972668607737372,0.0,0.0,0.0,0.0,0.0,0.0,2.8602310741086603,2.8602310741086603,2.8602310741086603,2.862273069174434,2.862273069174434,3.9006210626025473,3.9006210626025473
326.0,0.326,0.001,0.499,78.5363069429171,4.353250006512437,1.3707171385107855,0.07597854577610662,5.465031354979115,-1.159513480139381,5.465031354979115,-1.159513480139381,5.465031354979115,-1.159513480139381,-1.2573766827800803,1.3132829165179596,-6.169884615438749,-5.068087778735821,-6.169884615438749,-5.068087778735821,0.0,0.0,0.0,0.0,0.0,0.0,2.8642783970432664,2.8642783970432664,2.8642783970432664,2.866274903246536,2.8662749032465364,3.9209473365594696,3.9209473365594696
327.0,0.327,0.001,0.499,78.84925584786902,4.287630253882685,1.3761791272927075,0.07483326503837323,5.458930627088055,-1.1310707636040167,5.458930627088055,-1.1310707636040167,5.458930627088055,-1.1310707636040167,-1.2635270130632603,1.308118895713541,-6.150330283180047,-5.164020804418521,-6.150330283180047,-5.164020804418521,0.0,0.0,0.0,0.0,0.0,0.0,2.8682345612330926,2.8682345612330926,2.8682345612330926,2.8701853197530216,2.870185319753021,3.941316995690711,3.941316995690711
328.0,0.328,0.001,0.499,79.1618525356033,4.223636199360312,1.3816349687244993,0.07371635808525706,5.452736775990166,-1.102766528553567,5.452736775990166,-1.102766528553567,5.452736775990166,-1.102766528553567,-1.2696572485860853,1.302858430856118,-6.130235522825006,-5.260464857423066,-6.130235522825006,-5.260464857423066,0.0,0.0,0.0,0.0,0.0,0.0,2.872099054191064,2.872099054191064,2.872099054191064,2.874003813721213,2.874003813721213,3.9617268121624156,3.9617268121624156
329.0,0.329,0.001,0.499,79.47409169128605,4.16125980319101,1.3870845700448104,0.07262768459657436,5.446450523464504,-1.0746044382229871,5.446450523464504,-1.0746044382229871,5.446450523464504,-1.0746044382229871,-1.275766848201162,1.2975010138091345,-6.109599615076653,-5.357417046983349,-6.109599615076653,-5.357417046983349,0.0,0.0,0.0,0.0,0.0,0.0,2.875871378465296,2.875871378465296,2.875871378465296,2.877729895209414,2.877729895209414,3.98217347565976,3.98217347565976
330.0,0.33,0.001,0.499,79.78596804110624,4.1004928181677185,1.3925278392082745,0.07156710063140784,5.440072579706187,-1.0465880708323614,5.440072579706187,-1.0465880708323614,5.440072579706187,-1.0465880708323614,-1.2818552701968275,1.2920461393931437,-6.088421995665589,-5.454874415990814,-6.088421995665589,-5.454874415990814,0.0,0.0,0.0,0.0,0.0,0.0,2.879551051629909,2.879551051629909,2.879551051629909,2.8813630892975324,2.881363089297533,4.002653594124932,4.002653594124932
331.0,0.331,0.001,0.499,80.09747635161318,4.041326794503381,1.3979646848739453,0.07053445871315228,5.433603643368735,-1.018720919530778,5.433603643368735,-1.018720919530778,5.433603643368735,-1.018720919530778,-1.28792197245621,1.286493305455362,-6.066702259382464,-5.552833937781619,-6.066702259382464,-5.552833937781619,0.0,0.0,0.0,0.0,0.0,0.0,2.8831376062742597,2.8831376062742597,2.8831376062742597,2.8849029360736695,2.8849029360736695,4.023163694556892,4.023163694556892
332.0,0.332,0.001,0.499,80.40861142905649,3.9837530847060156,1.4033950163937785,0.06952960791460053,5.427044401609031,-0.991006392371361,5.427044401609031,-0.991006392371361,5.427044401609031,-0.991006392371361,-1.2939664126203796,1.2808420129427303,-6.044440164169514,-5.651292512631714,-6.044440164169514,-5.651292512631714,0.0,0.0,0.0,0.0,0.0,0.0,2.8866305899878393,2.8866305899878393,2.8866305899878393,2.8883489906167874,2.8883489906167874,4.043700223872577,4.043700223872577
333.0,0.333,0.001,0.499,80.71936811872874,3.92776284845434,1.4088187438011577,0.0685523939430393,5.420395530134714,-0.9634478123166029,5.420395530134714,-0.9634478123166029,5.420395530134714,-0.9634478123166029,-1.2999880482556536,1.2750917659787893,-6.021635635274064,-5.750246963940957,-6.021635635274064,-5.750246963940957,0.0,0.0,0.0,0.0,0.0,0.0,2.8900295653405754,2.8900295653405754,2.8900295653405754,2.891700822975577,2.8917008229755767,4.064259549829154,4.064259549829154
334.0,0.334,0.001,0.499,81.02974130431092,3.8733470574722526,1.41423577779947,0.06760265922532484,5.413657693253853,-0.9360484172731842,5.413657693253853,-0.9360484172731842,5.413657693253853,-0.9360484172731842,-1.3059863370251208,1.2692420719447026,-5.998288769467147,-5.8496940340865375,-5.998288769467147,-5.8496940340865375,0.0,0.0,0.0,0.0,0.0,0.0,2.8933341098607204,2.8933341098607204,2.8933341098607204,2.8949580181436345,2.8949580181436345,4.08483796200693,4.08483796200693
335.0,0.335,0.001,0.499,81.3397259072207,3.8204965004004845,1.4196460297507327,0.06668024299290931,5.406831543926748,-0.9088113601554988,5.406831543926748,-0.9088113601554988,5.406831543926748,-0.9088113601554988,-1.3119607368644515,1.2632924415647775,-5.974399839330679,-5.949630379925049,-5.974399839330679,-5.949630379925049,0.0,0.0,0.0,0.0,0.0,0.0,2.8965438160059507,2.8965438160059507,2.896543816005951,2.898120176031064,2.898120176031064,4.105431672852498,4.105431672852498
336.0,0.336,0.001,0.499,81.64931688596378,3.7692017876638086,1.4250494116642716,0.06578498136678965,5.399917723819717,-0.8817397089771468,5.399917723819717,-0.8817397089771468,5.399917723819717,-0.8817397089771468,-1.3179107061620683,1.2572423889968558,-5.949969297616909,-6.050052567921639,-5.949969297616909,-6.050052567921639,0.0,0.0,0.0,0.0,0.0,0.0,2.899658291136604,2.899658291136604,2.899658291136604,2.901186911432589,2.901186911432589,4.126036818781693,4.126036818781693
337.0,0.337,0.001,0.499,81.95850923548849,3.7194533563322247,1.4304458361854548,0.0649167074423512,5.392916863360776,-0.8548364469696899,5.392916863360776,-0.8548364469696899,5.392916863360776,-0.8548364469696899,-1.3238357039437525,1.251091431927972,-5.924997781684185,-6.1509570688837165,-5.924997781684185,-6.1509570688837165,0.0,0.0,0.0,0.0,0.0,0.0,2.90267715747926,2.90267715747926,2.90267715747926,2.9041578539922757,2.9041578539922757,4.146649461341928,4.146649461341928
338.0,0.338,0.001,0.499,82.26729798654337,3.671241474974573,1.4358352165844834,0.06407525137407931,5.385829581797061,-0.8281044727280017,5.385829581797061,-0.8281044727280017,5.385829581797061,-0.8281044727280017,-1.3297351900617658,1.2448390916756964,-5.899486118013356,-6.252340252275719,-5.899486118013356,-6.252340252275719,0.0,0.0,0.0,0.0,0.0,0.0,2.9056000520908327,2.9056000520908327,2.9056000520908323,2.9070326481649653,2.9070326481649653,4.167265588433499,4.167265588433499
339.0,0.339,0.001,0.499,82.5756782050383,3.6245562485030764,1.4412174667452395,0.06326044046011248,5.378656487253946,-0.8015466003815789,5.378656487253946,-0.8015466003815789,5.378656487253946,-0.8015466003815789,-1.3356086253885753,1.2384848932956058,-5.873435326809485,-6.3541983800904465,-5.873435326809485,-6.3541983800904465,0.0,0.0,0.0,0.0,0.0,0.0,2.9084266268188403,2.9084266268188403,2.9084266268188403,2.909810953174451,2.9098109531744507,4.187881115589423,4.187881115589423
340.0,0.34,0.001,0.499,82.88364499140906,3.579387623007332,1.4465925011541951,0.062472099226611476,5.371398176795737,-0.7751655597912119,5.371398176795737,-0.7751655597912119,5.371398176795737,-0.7751655597912119,-1.3414554720152692,1.2320283656953543,-5.846846626693856,-6.4565276002515,-5.846846626693856,-6.4565276002515,0.0,0.0,0.0,0.0,0.0,0.0,2.911156548256835,2.911156548256835,2.911156548256835,2.9124924429685426,2.9124924429685426,4.208491887313453,4.208491887313453
341.0,0.341,0.001,0.499,83.19119347998524,3.5357253905763257,1.4519602348893819,0.06171004951191937,5.364055236487899,-0.7489639967704461,5.364055236487899,-0.7489639967704461,5.364055236487899,-0.7489639967704461,-1.3472751934547609,1.225469041755834,-5.819721439491612,-6.55932393952029,-5.819721439491612,-6.55932393952029,0.0,0.0,0.0,0.0,0.0,0.0,2.9137894976995242,2.9137894976995242,2.913789497699524,2.915076806171029,2.915076806171029,4.229093678475884,4.229093678475884
342.0,0.342,0.001,0.499,83.498318838362,3.4935591941070636,1.4573205836094238,0.06097411055048794,5.356628241460736,-0.7229444733312945,5.356628241460736,-0.7229444733312945,5.356628241460736,-0.7229444733312945,-1.3530672548498817,1.218806458459954,-5.792061395120688,-6.6625832958800935,-5.792061395120688,-6.6625832958800935,0.0,0.0,0.0,0.0,0.0,0.0,2.9163251710915574,2.9163251710915574,2.9163251710915574,2.917563746030631,2.917563746030631,4.2496821957668445,4.2496821957668445
343.0,0.343,0.001,0.499,83.80501626677527,3.452878532098434,1.462673463542635,0.06026409905654638,5.349117755974491,-0.6971094679536924,5.349117755974491,-0.6971094679536924,5.349117755974491,-0.6971094679536924,-1.3588311231864698,1.2120401570295856,-5.763868336588072,-6.766301430368591,-5.763868336588072,-6.766301430368591,0.0,0.0,0.0,0.0,0.0,0.0,2.918763278975848,2.918763278975848,2.918763278975848,2.9199529803670035,2.9199529803670035,4.270253079206821,4.270253079206821
344.0,0.34400000000000003,0.001,0.499,84.1112809974809,3.4136727634289707,1.4680187914761822,0.059579829307489014,5.341524333485825,-0.6714613758782102,5.341524333485825,-0.6714613758782102,5.341524333485825,-0.6714613758782102,-1.3645662675115695,1.2051696830712564,-5.735144325099774,-6.870473958329249,-5.735144325099774,-6.870473958329249,0.0,0.0,0.0,0.0,0.0,0.0,2.921103546438277,2.921103546438277,2.9211035464382773,2.9222442415138343,2.9222442415138343,4.290801903714167,4.290801903714167
345.0,0.34500000000000003,0.001,0.499,84.41710829413762,3.3759311121171853,1.473356484745315,0.05892111322695872,5.333848516715642,-0.6460025094215684,5.333848516715642,-0.6460025094215684,5.333848516715642,-0.6460025094215684,-1.3702721591568607,1.1981945867312054,-5.70589164529123,-6.975096340050919,-5.70589164529123,-6.975096340050919,0.0,0.0,0.0,0.0,0.0,0.0,2.9233457130490716,2.9233457130490716,2.923345713049071,2.9244372762591,2.9244372762591007,4.3113241807295095,4.3113241807295095
346.0,0.34600000000000003,0.001,0.499,84.72249345119378,3.3396426720631793,1.4786864612226653,0.05828776046760373,5.326090837718241,-0.6207350983145237,5.326090837718241,-0.6207350983145237,5.326090837718241,-0.6207350983145237,-1.375948271967446,1.1911144228604413,-5.67611281058523,-7.08016387076394,-5.67611281058523,-7.08016387076394,0.0,0.0,0.0,0.0,0.0,0.0,2.9254895328009973,2.9254895328009973,2.925489532800997,2.9265318457825202,2.9265318457825202,4.331815359896952,4.331815359896952
347.0,0.34700000000000003,0.001,0.499,85.02743179327841,3.3047964117702673,1.4840086393076148,0.05767957849348545,5.318251817951788,-0.5956612900617133,5.318251817951788,-0.5956612900617133,5.318251817951788,-0.5956612900617133,-1.3815940825361308,1.1839287511904812,-5.645810568684826,-7.185671669960071,-5.645810568684826,-7.185671669960071,0.0,0.0,0.0,0.0,0.0,0.0,2.9275347740469617,2.9275347740469617,2.9275347740469617,2.9285277255902558,2.9285277255902553,4.352270830802155,4.352270830802155
348.0,0.34800000000000003,0.001,0.499,85.33191867459598,3.271381179045361,1.4893229379157356,0.05709637266211568,5.310331968350107,-0.5707831503230745,5.310331968350107,-0.5707831503230745,5.310331968350107,-0.5707831503230745,-1.3872090704433397,1.1766371365204786,-5.614987907208982,-7.291614670002524,-5.614987907208982,-7.291614670002524,0.0,0.0,0.0,0.0,0.0,0.0,2.929481219432316,2.929481219432316,2.929481219432316,2.9304247054468977,2.9304247054468977,4.372685924767406,4.372685924767406
349.0,0.34900000000000003,0.001,0.499,85.63594947832557,3.239385705676893,1.4946292764683016,0.05653794630610175,5.302331789395784,-0.5461026633164664,5.302331789395784,-0.5461026633164664,5.302331789395784,-0.5461026633164664,-1.3927927185028188,1.1692391489164873,-5.583648059479107,-7.397987603991436,-5.583648059479107,-7.397987603991436,0.0,0.0,0.0,0.0,0.0,0.0,2.9313286658248905,2.9313286658248905,2.9313286658248905,2.9322225893047746,2.932222589304774,4.393055916703959,4.393055916703959
350.0,0.35000000000000003,0.001,0.499,85.93951961602416,3.2087986120890677,1.4999275748818746,0.05600410081437855,5.294251771194603,-0.5216217322411473,5.294251771194603,-0.5216217322411473,5.294251771194603,-0.5216217322411473,-1.3983445130132837,1.1617343639236382,-5.551794510464916,-7.504784992849179,-5.551794510464916,-7.504784992849179,0.0,0.0,0.0,0.0,0.0,0.0,2.933076924245111,2.933076924245111,2.9330769242451105,2.9339211952306257,2.9339211952306252,4.413376027022033,4.413376027022033
351.0,0.35100000000000003,0.001,0.499,86.24262452703427,3.179608411971267,1.5052177535579654,0.05549463571300689,5.286092393551333,-0.49734217972177264,5.286092393551333,-0.49734217972177264,5.286092393551333,-0.49734217972177264,-1.403863944016182,1.1541223627920492,-5.519431002898358,-7.612001131589004,-5.519431002898358,-7.612001131589004,0.0,0.0,0.0,0.0,0.0,0.0,2.9347258197886346,2.9347258197886346,2.9347258197886346,2.9355203553296634,2.9355203553296634,4.433641423599007,4.433641423599007
352.0,0.352,0.001,0.499,86.54525967789593,3.1518035168814285,1.510499733372771,0.055009348745517606,5.277854126046875,-0.4732657482725972,5.277854126046875,-0.4732657482725972,5.277854126046875,-0.4732657482725972,-1.4093505055597466,1.1464027327173194,-5.486561543564672,-7.719630074729728,-5.486561543564672,-7.719630074729728,0.0,0.0,0.0,0.0,0.0,0.0,2.9362751915511076,2.9362751915511076,2.936275191551107,2.937019915667065,2.937019915667065,4.453847223806504,4.453847223806504
353.0,0.353,0.001,0.499,86.84742056176314,3.1253722408222626,1.5157734356669903,0.05454803595278161,5.269537428116813,-0.4493941007815755,5.269537428116813,-0.4493941007815755,5.269537428116813,-0.4493941007815755,-1.4148036959695265,1.1385750670965011,-5.45319040977985,-7.827665620818376,-5.45319040977985,-7.827665620818376,0.0,0.0,0.0,0.0,0.0,0.0,2.9377248925478567,2.9377248925478567,2.9377248925478567,2.9384197361869138,2.938419736186914,4.473988496597225,4.473988496597225
354.0,0.354,0.001,0.499,87.14910269782496,3.100302804789164,1.5210387822357183,0.054110491752385935,5.261142749131391,-0.4257288210140698,5.261142749131391,-0.4257288210140698,5.261142749131391,-0.4257288210140698,-1.4202230181255906,1.130638965800479,-5.419322156064047,-7.936101296022068,-5.419322156064047,-7.936101296022068,0.0,0.0,0.0,0.0,0.0,0.0,2.939074789631482,2.939074789631482,2.9390747896314826,2.9397196906286203,2.9397196906286203,4.494060264652579,4.494060264652579
355.0,0.355,0.001,0.499,87.45030163073095,3.0765833412887105,1.5262956953184215,0.053696509017496404,5.252670528476951,-0.40227141413588435,5.252670528476951,-0.40227141413588435,5.252670528476951,-0.40227141413588435,-1.4256079797466112,1.1225940354637292,-5.384961621020647,-8.044930336749848,-5.384961621020647,-8.044930336749848,0.0,0.0,0.0,0.0,0.0,0.0,2.940324763406548,2.940324763406548,2.940324763406548,2.940919666440854,2.940919666440854,4.51405750659235,4.51405750659235
356.0,0.356,0.001,0.499,87.75101293002169,3.054201898826647,1.531544097588995,0.053305879155187724,5.244121195638878,-0.3790233072553538,5.244121195638878,-0.3790233072553538,5.244121195638878,-0.3790233072553538,-1.430958093681042,1.1144398897924643,-5.350113934430853,-8.154145671264745,-5.350113934430853,-8.154145671264745,0.0,0.0,0.0,0.0,0.0,0.0,2.9414747081432244,2.9414747081432244,2.9414747081432244,2.9420195646930134,2.942019564693014,4.533975159247838,4.533975159247838
357.0,0.357,0.001,0.499,88.0512321895638,3.03314644636427,1.5367839121459042,0.0529383921842221,5.235495170286083,-0.3559858499842221,5.235495170286083,-0.3559858499842221,5.235495170286083,-0.3559858499842221,-1.4362728782056158,1.1061761498922182,-5.314784524573755,-8.263739900246021,-5.314784524573755,-8.263739900246021,0.0,0.0,0.0,0.0,0.0,0.0,2.942524531686823,2.942524531686823,2.942524531686823,2.9430192999842393,2.9430192999842393,4.5538081200001574,4.5538081200001574
358.0,0.358,0.001,0.499,88.35095502699,3.0134048777421434,1.542015062502411,0.05259383681225759,5.22679286235708,-0.33316031501705456,5.22679286235708,-0.33316031501705456,5.22679286235708,-0.33316031501705456,-1.4415518573313977,1.0978024446159567,-5.278979125781863,-8.373705276261472,-5.278979125781863,-8.373705276261472,0.0,0.0,0.0,0.0,0.0,0.0,2.9434741553657138,2.9434741553657138,2.9434741553657138,2.94391880035002,2.94391880035002,4.573551249185566,4.573551249185566
359.0,0.359,0.001,0.499,88.65017708314406,2.9949650160700942,1.5472374725768867,0.052272000512468025,5.218014672147691,-0.310547898728932,5.218014672147691,-0.310547898728932,5.218014672147691,-0.310547898728932,-1.4467945611176398,1.089318410933847,-5.242703786242069,-8.48403368210967,-5.242703786242069,-8.48403368210967,0.0,0.0,0.0,0.0,0.0,0.0,2.944323513897134,2.944323513897134,2.944323513897134,2.9447180071663954,2.9447180071663954,4.593199372569979,4.593199372569979
360.0,0.36,0.001,0.499,88.94889402153093,2.977814618082441,1.5524510666832148,0.05197266959955607,5.209160990400442,-0.28814972179117854,5.209160990400442,-0.28814972179117854,5.209160990400442,-0.28814972179117854,-1.4520005259936917,1.0807236943258547,-5.20596487605188,-8.59471660799232,-5.20596487605188,-8.59471660799232,0.0,0.0,0.0,0.0,0.0,0.0,2.9450725552893204,2.9450725552893204,2.945072555289321,2.9454168750517904,2.9454168750517904,4.61274728389505,4.61274728389505
361.0,0.361,0.001,0.499,89.24710152777196,2.9619413784574364,1.5576557695212823,0.05169562930514171,5.200232198395672,-0.2659668298048783,5.200232198395672,-0.2659668298048783,5.200232198395672,-0.2659668298048783,-1.4571692950892323,1.0720179491983772,-5.168769095540548,-8.705745127477424,-5.168769095540548,-8.705745127477424,0.0,0.0,0.0,0.0,0.0,0.0,2.9457212407435978,2.9457212407435978,2.9457212407435978,2.9460153717664905,2.9460153717664905,4.632189747498475,4.632189747498475
362.0,0.362,0.001,0.499,89.54479530906536,2.9473329340999057,1.562851506167564,0.05144066385250841,5.191228668044432,-0.2440001939519378,5.191228668044432,-0.2440001939519378,5.191228668044432,-0.2440001939519378,-1.4623004185730968,1.0632008393261625,-5.1311234838644735,-8.817109872214733,-5.1311234838644735,-8.817109872214733,0.0,0.0,0.0,0.0,0.0,0.0,2.9462695445513005,2.9462695445513005,2.9462695445513005,2.946513478109792,2.9465134781097926,4.651521501011398,4.651521501011398
363.0,0.363,0.001,0.499,89.84197109365215,2.9339768683860874,1.5680382020658008,0.05120755653068955,5.1821507619832055,-0.22225071166345164,5.1821507619832055,-0.22225071166345164,5.1821507619832055,-0.22225071166345164,-1.4673934540009825,1.0542720383207964,-5.09303542788577,-8.928801005366061,-5.09303542788577,-8.928801005366061,0.0,0.0,0.0,0.0,0.0,0.0,2.9467174539899412,2.9467174539899412,2.9467174539899412,2.9469111878148504,2.946911187814851,4.670737258136162,4.670737258136162
364.0,0.364,0.001,0.499,90.13862463028745,2.921860715369687,1.5732157830177724,0.05099608976787793,5.172998833670499,-0.2007192073051279,5.172998833670499,-0.2007192073051279,5.172998833670499,-0.2007192073051279,-1.472447966672325,1.0452312301270819,-5.054512671342406,-9.04080819371454,-5.054512671342406,-9.04080819371454,0.0,0.0,0.0,0.0,0.0,0.0,2.9470649692179642,2.9470649692179642,2.9470649692179642,2.9472085074412404,2.9472085074412404,4.689831711507802,4.689831711507802
365.0,0.365,0.001,0.499,90.43475168771752,2.91097196394818,1.5783841751741696,0.05080604520414141,5.163773227485355,-0.1794064328795288,5.163773227485355,-0.1794064328795288,5.163773227485355,-0.1794064328795288,-1.4774635299966425,1.0360781095486633,-5.015563324317622,-9.15312057841865,-5.015563324317622,-9.15312057841865,0.0,0.0,0.0,0.0,0.0,0.0,2.9473121031650376,2.9473121031650376,2.947312103165037,2.947405456265257,2.947405456265257,4.708799535643053,4.708799535643053
366.0,0.366,0.001,0.499,90.73034805416239,2.9012980619883972,1.583543305025564,0.05063720376342807,5.15447427882783,-0.15831306874487916,5.15447427882783,-0.15831306874487916,5.15447427882783,-0.15831306874487916,-1.482439725869658,1.026812382804284,-4.976195873015512,-9.26572674437925,-4.976195873015512,-9.26572674437925,0.0,0.0,0.0,0.0,0.0,0.0,2.947458881421751,2.947458881421751,2.9474588814217504,2.9475020661679836,2.9475020661679836,4.727635389980856,4.727635389980856
367.0,0.367,0.001,0.499,91.02540953680423,2.892826420410463,1.5886930993934805,0.050489345724844266,5.1451023142214805,-0.13743972435019208,5.1451023142214805,-0.13743972435019208,5.1451023142214805,-0.13743972435019208,-1.4873761450595067,1.0174337681160937,-4.936419189848623,-9.378614688190526,-4.936419189848623,-9.378614688190526,0.0,0.0,0.0,0.0,0.0,0.0,2.947505342126759,2.947505342126759,2.9475053421267585,2.9474983815211515,2.9474983815211515,4.746333922018636,4.746333922018636
368.0,0.368,0.001,0.499,91.31993196128192,2.885544417229149,1.5938334854215725,0.050362250793189636,5.135657651417902,-0.11678693898645696,5.135657651417902,-0.11678693898645696,5.135657651417902,-0.11678693898645696,-1.492272387603349,1.0079419963314447,-4.896242543842271,-9.491771784649089,-4.896242543842271,-9.491771784649089,0.0,0.0,0.0,0.0,0.0,0.0,2.9474515358506634,2.9474515358506634,2.9474515358506634,2.9473944590708188,2.9473944590708188,4.764889770548881,4.764889770548881
369.0,0.369,0.001,0.499,91.61391117119136,2.879439401551735,1.5989643905669038,0.0502556981687329,5.126140599503357,-0.09635518255362964,5.126140599503357,-0.09635518255362964,5.126140599503357,-0.09635518255362964,-1.497128063214708,0.9983368115796453,-4.855675611358845,-9.605184751799404,-4.855675611358845,-9.605184751799404,0.0,0.0,0.0,0.0,0.0,0.0,2.9472975254800016,2.9472975254800016,2.9472975254800016,2.9471903678188767,2.9471903678188767,4.7832975690007835,4.7832975690007835
370.0,0.37,0.001,0.499,91.90734302759213,2.87449869753148,1.6040857425913364,0.050169466616212924,5.116551459007531,-0.07614485634315904,5.116551459007531,-0.07614485634315904,5.116551459007531,-0.07614485634315904,-1.5019427917018517,0.9886179719651471,-4.814728487143756,-9.718839614498188,-4.814728487143756,-9.718839614498188,0.0,0.0,0.0,0.0,0.0,0.0,2.9470433860959457,2.9470433860959457,2.9470433860959457,2.9468861889024534,2.946886188902453,4.801551948891932,4.801551948891932
371.0,0.371,0.001,0.499,92.20022340852044,2.870709608275813,1.6091974695530304,0.0501033345330496,5.106890522014456,-0.05615629383577796,5.106890522014456,-0.05615629383577796,5.106890522014456,-0.05615629383577796,-1.5067162033975445,0.9787852502986614,-4.773411695692813,-9.832721666485751,-4.773411695692813,-9.832721666485751,0.0,0.0,0.0,0.0,0.0,0.0,2.9466892048545836,2.9466892048545836,2.9466892048545836,2.946482015471192,2.946482015471192,4.81964754339526,4.81964754339526
372.0,0.372,0.001,0.499,92.4925482085084,2.868059419708392,1.6142994997980542,0.05005708001674939,5.097158072275617,-0.03638976151427837,5.097158072275617,-0.03638976151427837,5.097158072275617,-0.03638976151427837,-1.5114479396004832,0.9688384348677032,-4.731736202938661,-9.946815430958246,-4.731736202938661,-9.946815430958246,0.0,0.0,0.0,0.0,0.0,0.0,2.9462350808614275,2.9462350808614275,2.9462350808614275,2.945977952562487,2.945977952562487,4.837578991026581,4.837578991026581
373.0,0.373,0.001,0.499,92.78431333810992,2.866535404384165,1.6193917619521088,0.050030480931490776,5.08735438532529,-0.01684545969098453,5.08735438532529,-0.01684545969098453,5.08735438532529,-0.01684545969098453,-1.5161376530287347,0.9587773302480614,-4.689713428251507,-10.06110461964168,-4.689713428251507,-10.06110461964168,0.0,0.0,0.0,0.0,0.0,0.0,2.945681125047181,2.945681125047181,2.945681125047181,2.9453741169746577,2.9453741169746577,4.8553409394582365,4.8553409394582365
374.0,0.374,0.001,0.499,93.07551472343327,2.8661248252566085,1.62447418491237,0.050023314973874945,5.077479728598122,0.002476476650371801,5.077479728598122,0.002476476650371801,5.077479728598122,0.002476476650371801,-1.5207850082854812,0.9486017581576851,-4.64735525674658,-10.175572090376354,-4.64735525674658,-10.175572090376354,0.0,0.0,0.0,0.0,0.0,0.0,2.9450274600380237,2.9450274600380237,2.9450274600380237,2.944670637138139,2.944670637138139,4.8729280494644,4.8729280494644
375.0,0.375,0.001,0.499,93.36614830568044,2.866814939396325,1.6295466978394488,0.05003535973782757,5.067534361548967,0.0215759769986778,5.067534361548967,0.0215759769986778,5.067534361548967,0.0215759769986778,-1.525389682337369,0.9383115583544559,-4.604674051887721,-10.290199803229168,-4.604674051887721,-10.290199803229168,0.0,0.0,0.0,0.0,0.0,0.0,2.9442742200275243,2.9442742200275243,2.9442742200275243,2.943867652984698,2.943867652984698,4.890334999003682,4.890334999003682
376.0,0.376,0.001,0.499,93.65621004069334,2.868593001660202,1.6346092301494712,0.05006639277863769,5.057518535775021,0.040453034445680616,5.057518535775021,0.040453034445680616,5.057518535775021,0.040453034445680616,-1.529951365005742,0.9279065895792948,-4.561682668373056,-10.404968775161096,-4.561682668373056,-10.404968775161096,0.0,0.0,0.0,0.0,0.0,0.0,2.943421550645208,2.943421550645208,2.943421550645208,2.94296531581471,2.9429653158147104,4.907556487444616,4.907556487444616
377.0,0.377,0.001,0.499,93.94569589850721,2.871446268310346,1.6396617115062835,0.05011619167612005,5.047432495140234,0.05910770480276508,5.047432495140234,0.05910770480276508,5.047432495140234,0.05910770480276508,-1.5344697594710268,0.9173867305460067,-4.518394465284843,-10.51985903328815,-4.518394465284843,-10.51985903328815,0.0,0.0,0.0,0.0,0.0,0.0,2.942469608819854,2.942469608819854,2.942469608819854,2.9419637881625564,2.9419637881625564,4.924587239939499,4.924587239939499
378.0,0.378,0.001,0.499,94.23460186291119,2.8753620005820384,1.6447040718137824,0.05018453409688768,5.0372764759020345,0.07754010570460067,5.0372764759020345,0.07754010570460067,5.0372764759020345,0.07754010570460067,-1.5389445827905082,0.9067518809792203,-4.474823319481407,-10.634849566786343,-4.474823319481407,-10.634849566786343,0.0,0.0,0.0,0.0,0.0,0.0,2.9414185626474776,2.9414185626474776,2.9414185626474776,2.940863243660159,2.940863243660159,4.941422011951959,4.941422011951959
379.0,0.379,0.001,0.499,94.52292393101608,2.880327468199962,1.649736241208372,0.05027119785572161,5.02705070684035,0.095750415699999,5.02705070684035,0.095750415699999,5.02705070684035,0.095750415699999,-1.5433755664297124,0.8960019627017156,-4.430983639204352,-10.749918277504754,-4.430983639204352,-10.749918277504754,0.0,0.0,0.0,0.0,0.0,0.0,2.9402685912527504,2.9402685912527504,2.9402685912527504,2.9396638668986945,2.9396638668986945,4.958055593943232,4.958055593943232
380.0,0.38,0.001,0.499,94.81065811282974,2.886329952841984,1.6547581500515525,0.05037596097602528,5.016755409388935,0.11373887333033397,5.016755409388935,0.11373887333033397,5.016755409388935,0.11373887333033397,-1.5477624568075816,0.88513692077235,-4.386890377869161,-10.865041929365612,-4.386890377869161,-10.865041929365612,0.0,0.0,0.0,0.0,0.0,0.0,2.9390198846481375,2.9390198846481375,2.9390198846481375,2.938365853288556,2.938365853288556,4.974482816221896,4.974482816221896
381.0,0.381,0.001,0.499,95.09780043084,2.8933567515497822,1.65976972892264,0.050498601749351245,5.006390797768997,0.1315057761958866,5.006390797768997,0.1315057761958866,5.006390797768997,0.1315057761958866,-1.5521050158555834,0.8741567246757032,-4.342559048001672,-10.980196096646758,-4.342559048001672,-10.980196096646758,0.0,0.0,0.0,0.0,0.0,0.0,2.937672643596186,2.937672643596186,2.937672643596186,2.936969408917574,2.9369694089175744,4.990698553961212,4.990698553961212
382.0,0.382,0.001,0.499,95.38434691960525,2.9013951800856486,1.6647709086116227,0.050638898793988384,4.995957079125107,0.14905148001048665,4.995957079125107,0.14905148001048665,4.995957079125107,0.14905148001048665,-1.5564030215908602,0.8630613695644435,-4.298005735276834,-11.095355111259657,-4.298005735276834,-11.095355111259657,0.0,0.0,0.0,0.0,0.0,0.0,2.9362270794639778,2.9362270794639778,2.9362270794639773,2.935474750407559,2.935474750407559,5.0066977323876785,5.0066977323876785
383.0,0.383,0.001,0.499,95.67029362535298,2.9104325762347933,1.669761620112152,0.050796631112598016,4.985454453663379,0.166376397644834,4.985454453663379,0.166376397644834,4.985454453663379,0.166376397644834,-1.5606562687034697,0.8518508775552879,-4.253247112609551,-11.21049200915561,-4.253247112609551,-11.21049200915561,0.0,0.0,0.0,0.0,0.0,0.0,2.934683414080597,2.934683414080597,2.934683414080597,2.9338821047692147,2.9338821047692147,5.022475332143629,5.022475332143629
384.0,0.384,0.001,0.499,95.95563660558618,2.920456303052524,1.6747417946146743,0.05097157814888787,4.974883114791901,0.18348099815889202,4.974883114791901,0.18348099815889202,4.974883114791901,0.18348099815889202,-1.56486456915771,0.840525299079274,-4.208300454240266,-11.325578476013868,-4.208300454240266,-11.325578476013868,0.0,0.0,0.0,0.0,0.0,0.0,2.9330418795902995,2.9330418795902995,2.9330418795902995,2.9321917092554695,2.9321917092554695,5.038026394825777,5.038026394825777
385.0,0.385,0.001,0.499,96.240371928698,2.931453752055682,1.6797113634997054,0.05116351984331314,4.964243249263394,0.2003658058237563,4.964243249263394,0.2003658058237563,4.964243249263394,0.2003658058237563,-1.5690277528074603,0.8290847142868858,-4.163183649750311,-11.440584792388153,-4.163183649750311,-11.440584792388153,0.0,0.0,0.0,0.0,0.0,0.0,2.9313027183057163,2.9313027183057163,2.9313027183057163,2.930403811213262,2.930403811213262,5.053346028700575,5.053346028700575
386.0,0.386,0.001,0.499,96.52449567359449,2.9434123463577424,1.6846702583312456,0.05137223668779433,4.953535037320062,0.2170313991334111,4.953535037320062,0.2170313991334111,4.953535037320062,0.2170313991334111,-1.5731456680253941,0.8175292345083733,-4.117915217933817,-11.555479778512472,-4.117915217933817,-11.555479778512472,0.0,0.0,0.0,0.0,0.0,0.0,2.929466182558715,2.929466182558715,2.929466182558715,2.928518667933857,2.9285186679338566,5.068429414595953,5.068429414595953
387.0,0.387,0.001,0.499,96.80800392932584,2.9563195437470147,1.6896184108503438,0.05159750977944195,4.942758652840606,0.23347840980679738,4.942758652840606,0.23347840980679738,4.942758652840606,0.23347840980679738,-1.5772181823458384,0.80585900376938,-4.072514320444249,-11.670230738993368,-4.072514320444249,-11.670230738993368,0.0,0.0,0.0,0.0,0.0,0.0,2.927532534550117,2.927532534550117,2.9275325345501164,2.9265365465017363,2.9265365465017363,5.083271811967585,5.083271811967585
388.0,0.388,0.001,0.499,97.09089279472599,2.9701628397073967,1.6945557529688076,0.05183912087327864,4.931914263489352,0.24970752178062336,4.931914263489352,0.24970752178062336,4.931914263489352,0.24970752178062336,-1.5812451831209628,0.7940742003617365,-4.027000775124386,-11.784803407643503,-4.027000775124386,-11.784803407643503,0.0,0.0,0.0,0.0,0.0,0.0,2.925502046196668,2.925502046196668,2.9255020461966676,2.9244577236420968,2.9244577236420968,5.0978685651361415,5.0978685651361415
389.0,0.389,0.001,0.499,97.37315837806092,2.9849297703811657,1.6994822167630645,0.05209685243394966,4.921002030867463,0.2657194701933608,4.921002030867463,0.2657194701933608,4.921002030867463,0.2657194701933608,-1.5852265781898816,0.7821750384689954,-3.9813950689187596,-11.8991618927411,-3.9813950689187596,-11.8991618927411,0.0,0.0,0.0,0.0,0.0,0.0,2.923374998980353,2.923374998980353,2.923374998980353,2.922282485567059,2.9222824855670595,5.112215109690125,5.112215109690125
390.0,0.39,0.001,0.499,97.65479679668564,3.00060791547332,1.704397734468176,0.052370487686413135,4.9100221106661746,0.2815150403608772,4.9100221106661746,0.2815150403608772,4.9100221106661746,0.2815150403608772,-1.5891622965601389,0.7701617698459646,-3.9357183702573413,-12.013268623030807,-3.9357183702573413,-12.013268623030807,0.0,0.0,0.0,0.0,0.0,0.0,2.921151683791737,2.921151683791737,2.921151683791737,2.9200111278205942,2.920011127820594,5.126306979046772,5.126306979046772
391.0,0.391,0.001,0.499,97.93580417670998,3.017184901096991,1.7093022384720036,0.052659810665601964,4.898974652822002,0.29709506674416386,4.898974652822002,0.29709506674416386,4.898974652822002,0.29709506674416386,-1.5930522891009273,0.7580346855511504,-3.889992540788564,-12.127084294814233,-3.889992540788564,-12.127084294814233,0.0,0.0,0.0,0.0,0.0,0.0,2.918832400774631,2.918832400774631,2.918832400774631,2.917643955122271,2.917643955122271,5.140139811161139,5.140139811161139
392.0,0.392,0.001,0.499,98.2161766526734,3.034648402559504,1.714195661309534,0.05296460626504967,4.887859801673862,0.3124604319096282,4.887859801673862,0.3124604319096282,4.887859801673862,0.3124604319096282,-1.5968965292472561,0.7457941177306381,-3.844240146328682,-12.240567820512354,-3.844240146328682,-12.240567820512354,0.0,0.0,0.0,0.0,0.0,0.0,2.9164174591709005,2.9164174591709005,2.9164174591709005,2.9151812812098408,2.9151812812098408,5.153709355370923,5.153709355370923
393.0,0.393,0.001,0.499,98.49591036722882,3.052986147088663,1.71907793565736,0.05328466028447306,4.876677696122053,0.3276120654824261,4.876677696122053,0.3276120654824261,4.876677696122053,0.3276120654824261,-1.6006950137141391,0.7334404414515209,-3.798484466883065,-12.353676279117183,-3.798484466883065,-12.353676279117183,0.0,0.0,0.0,0.0,0.0,0.0,2.913907177160383,2.913907177160383,2.913907177160383,2.9126234286807713,2.9126234286807713,5.167011479361704,5.167011479361704
394.0,0.394,0.001,0.499,98.77500147083555,3.0721859164988743,1.7239489943283222,0.053619759476304936,4.86542846978901,0.34255094309331874,4.86542846978901,0.34255094309331874,4.86542846978901,0.34255094309331874,-1.6044477632197225,0.7209740765825347,-3.7527495055833824,-12.46636486898624,-3.7527495055833824,-12.46636486898624,0.0,0.0,0.0,0.0,0.0,0.0,2.9113018817031575,2.9113018817031575,2.9113018817031575,2.909970728832744,2.9099707288327443,5.180042176234217,5.180042176234217
395.0,0.395,0.001,0.499,99.05344612146163,3.092235549796762,1.7288087702663124,0.05396969159117057,4.854112251181782,0.3572780853195443,4.854112251181782,0.3572780853195443,4.854112251181782,0.3572780853195443,-1.6081548232160954,0.7083954897190645,-3.7070599963728506,-12.578586863470157,-3.7070599963728506,-12.578586863470157,0.0,0.0,0.0,0.0,0.0,0.0,2.908601908379701,2.908601908379701,2.9086019083797012,2.907223521503212,2.9072235215032123,5.192797571651916,5.192797571651916
396.0,0.396,0.001,0.499,99.33124048429532,3.113122945725938,1.7336571965412402,0.054334245422302356,4.842729163856141,0.37179455662020283,4.842729163856141,0.37179455662020283,4.842729163856141,0.37179455662020283,-1.6118162646263552,0.6957051961491636,-3.6614414102598967,-12.690293569900929,-3.6614414102598967,-12.690293569900929,0.0,0.0,0.0,0.0,0.0,0.0,2.9058076012285734,2.9058076012285734,2.9058076012285734,2.904382154908069,2.904382154908069,5.2052739310435285,5.2052739310435285
397.0,0.397,0.001,0.499,99.60838073146626,3.1348360652506266,1.738494206344164,0.054713210848887237,4.83127932658226,0.3861014642666574,4.83127932658226,0.3861014642666574,4.83127932658226,0.3861014642666574,-1.6154321845863042,0.6829037618566581,-3.6159199599489233,-12.80143429250543,-3.6159199599489233,-12.80143429250543,0.0,0.0,0.0,0.0,0.0,0.0,2.9029193125862243,2.9029193125862243,2.9029193125862243,2.901446985479494,2.901446985479494,5.217467666831536,5.217467666831536
398.0,0.398,0.001,0.499,99.88486304177599,3.157362933977877,1.7433197329825894,0.05510637887834229,4.819762853511851,0.4001999572684625,4.819762853511851,0.4001999572684625,4.819762853511851,0.4001999572684625,-1.6190027071889497,0.6699918055568127,-3.570522602645437,-12.911956299845402,-3.570522602645437,-12.911956299845402,0.0,0.0,0.0,0.0,0.0,0.0,2.8999374029243445,2.8999374029243445,2.8999374029243445,2.898418377703047,2.898418377703047,5.229375345653451,5.229375345653451
399.0,0.399,0.001,0.499,100.16068360043816,3.1806916445181193,1.7481337098759344,0.05551354168751423,4.808179854346707,0.41409122529533254,4.808179854346707,0.41409122529533254,4.808179854346707,0.41409122529533254,-1.6225279842297715,0.656970000759392,-3.5252770408218663,-13.021804797420627,-3.5252770408218663,-13.021804797420627,0.0,0.0,0.0,0.0,0.0,0.0,2.8968622406851736,2.8968622406851736,2.8968622406851736,2.8952967039540765,2.8952967039540765,5.240993695538705,5.240993695538705
400.0,0.4,0.001,0.499,100.43583859882848,3.2048103587838566,1.7529360705511652,0.05593449266279907,4.796530434508536,0.4277764975956708,4.796530434508536,0.4277764975956708,4.796530434508536,0.4277764975956708,-1.6260081959504917,0.6438390778532862,-3.4802117207201237,-13.130922906105889,-3.4802117207201237,-13.130922906105889,0.0,0.0,0.0,0.0,0.0,0.0,2.8936942021192427,2.8936942021192427,2.8936942021192427,2.8920823443335015,2.8920823443335015,5.2523196129995835,5.2523196129995835
401.0,0.401,0.001,0.499,100.7103242342443,3.2297073102262983,1.7577267486386,0.056369026439178835,4.78481469531,0.44125704191218273,4.78481469531,0.44125704191218273,4.78481469531,0.44125704191218273,-1.6294435517788493,0.6305998262061624,-3.4353558283576016,-13.239251647123789,-3.4353558283576016,-13.239251647123789,0.0,0.0,0.0,0.0,0.0,0.0,2.8904336711201726,2.8904336711201726,2.890433671120173,2.8887756865030565,2.8887756865030565,5.2633501699903045,5.2633501699903045
402.0,0.402,0.001,0.499,100.98413670967416,3.2553708060098048,1.7625056778678871,0.056816938938172704,4.7730327341268675,0.45453416339509817,4.7730327341268675,0.45453416339509817,4.7730327341268675,0.45453416339509817,-1.6328342910616442,0.6172530962718785,-3.3907392827950806,-13.346729934283896,-3.3907392827950806,-13.346729934283896,0.0,0.0,0.0,0.0,0.0,0.0,2.887081039059585,2.887081039059585,2.8870810390595856,2.885377125520037,2.885377125520037,5.274082620683914,5.274082620683914
403.0,0.403,0.001,0.499,101.2572722335772,3.2817892291239947,1.7672727920641549,0.05727802740470029,4.761184644571172,0.46760920351353363,4.761184644571172,0.46760920351353363,4.761184644571172,0.46760920351353363,-1.6361806837880626,0.6037998016976354,-3.3463927264182702,-13.453294574243126,-3.3463927264182702,-13.453294574243126,0.0,0.0,0.0,0.0,0.0,0.0,2.883636704621245,2.883636704621245,2.883636704621245,2.8818870636716527,2.8818870636716527,5.2845144080122815,5.2845144080122815
404.0,0.404,0.001,0.499,101.52972701967244,3.3089510404334463,1.7720280251443337,0.057752090442855654,4.749270516665276,0.4804835389655259,4.749270516665276,0.4804835389655259,4.749270516665276,0.4804835389655259,-1.6394830313000424,0.5902409214220735,-3.3023475119796655,-13.558880275561801,-3.3023475119796655,-13.558880275561801,0.0,0.0,0.0,0.0,0.0,0.0,2.880101073637188,2.880101073637188,2.8801010736371886,2.8783059103090207,2.8783059103090207,5.2946431699102,5.2946431699102
405.0,0.405,0.001,0.499,101.80149728673813,3.3368447806649213,1.7767713111136543,0.058238928050590895,4.737290437016745,0.4931585805872688,4.737290437016745,0.4931585805872688,4.737290437016745,0.4931585805872688,-1.6427416669861867,0.5765775017547299,-3.2586356861444457,-13.663419667343632,-3.2586356861444457,-13.663419667343632,0.0,0.0,0.0,0.0,0.0,0.0,2.876474558918408,2.876474558918408,2.8764745589184075,2.8746340816808975,2.8746340816808975,5.304466745200514,5.304466745200514
406.0,0.406,0.001,0.499,102.07257925842114,3.3654590723320794,1.7815025840623209,0.05873834165330878,4.72524448899391,0.5056357722620888,4.72524448899391,0.5056357722620888,4.72524448899391,0.5056357722620888,-1.6459569569554704,0.5628106584264752,-3.215289969283568,-13.766843328254689,-3.215289969283568,-13.766843328254689,0.0,0.0,0.0,0.0,0.0,0.0,2.872757580091611,2.872757580091611,2.872757580091611,2.8708720007672053,2.8708720007672053,5.313983179053381,5.313983179053381
407.0,0.40700000000000003,0.001,0.499,102.34296916305641,3.3947826215976913,1.7862217781623597,0.05925013413636448,4.7131327529020215,0.5179165898296925,4.7131327529020215,0.5179165898296925,4.7131327529020215,0.5179165898296925,-1.6491293006867298,0.5489415785997597,-3.172343731259386,-13.86907982671545,-3.172343731259386,-13.86907982671545,0.0,0.0,0.0,0.0,0.0,0.0,2.868950563430148,2.868950563430148,2.868950563430148,2.8670200971124298,2.8670200971124293,5.323190727949362,5.323190727949362
408.0,0.40800000000000003,0.001,0.499,102.61266323349646,3.424804220073374,1.7909288276646442,0.059774109876476855,4.700955306159877,0.5300025399962204,4.700955306159877,0.5300025399962204,4.700955306159877,0.5300025399962204,-1.6522591316496842,0.5349715228267098,-3.1298309629544114,-13.970055773049928,-3.1298309629544114,-13.970055773049928,0.0,0.0,0.0,0.0,0.0,0.0,2.8650539416895158,2.8650539416895158,2.8650539416895158,2.8630788066589483,2.863078806658948,5.332087864073166,5.332087864073166
409.0,0.40900000000000003,0.001,0.499,102.88165770695117,3.455512746556913,1.7956236668960974,0.06031007477205048,4.688712223476812,0.5418951592456396,4.688712223476812,0.5418951592456396,4.688712223476812,0.5418951592456396,-1.6553469178929867,0.5209018269423541,-3.087786243302568,-14.06969588435573,-3.087786243302568,-14.06969588435573,0.0,0.0,0.0,0.0,0.0,0.0,2.8610681539392435,2.8610681539392435,2.8610681539392435,2.8590485715803786,2.8590485715803786,5.340673279062531,5.340673279062531
410.0,0.41000000000000003,0.001,0.499,103.14994882483754,3.486897168707261,1.8003062302570707,0.06085783627240989,4.676403577029944,0.5535960127530062,4.676403577029944,0.5535960127530062,4.676403577029944,0.5535960127530062,-1.6583931625945816,0.5067339038795267,-3.0462447015948477,-14.167923062827429,-3.0462447015948477,-14.167923062827429,0.0,0.0,0.0,0.0,0.0,0.0,2.856993645396504,2.856993645396504,2.856993645396504,2.854929840114995,2.8549298401149956,5.34894588703526,5.34894588703526
411.0,0.41100000000000003,0.001,0.499,103.41753283263968,3.5189465446573442,1.8049764522189002,0.06141720340594833,4.664029436641548,0.5651066933001274,4.664029436641548,0.5651066933001274,4.664029436641548,0.5651066933001274,-1.6613984045694297,0.4924692453913046,-3.005241974847978,-14.264658488222082,-3.005241974847978,-14.264658488222082,0.0,0.0,0.0,0.0,0.0,0.0,2.8528308672602964,2.8528308672602964,2.8528308672602964,2.85072306639931,2.85072306639931,5.35690482681681,5.35690482681681
412.0,0.41200000000000003,0.001,0.499,103.68440597977902,3.551650024564813,1.809634267321641,0.06198798680719347,4.651589869956445,0.5764288201941482,4.651589869956445,0.5764288201941482,4.651589869956445,0.5764288201941482,-1.6643632187294755,0.47810942366620596,-2.964814160045845,-14.359821725098659,-2.964814160045845,-14.359821725098659,0.0,0.0,0.0,0.0,0.0,0.0,2.848580276544267,2.848580276544267,2.848580276544267,2.8464287103018524,2.8464287103018524,5.364549463291169,5.364549463291169
413.0,0.41300000000000003,0.001,0.499,103.95056451949459,3.584996852100935,1.8142796101719778,0.06256999874279351,4.639084942619302,0.587564038189585,4.639084942619302,0.587564038189585,4.639084942619302,0.587564038189585,-1.6672882164905647,0.46365609282081377,-2.924997761089306,-14.453330845392195,-2.924997761089306,-14.453330845392195,0.0,0.0,0.0,0.0,0.0,0.0,2.8442423359108027,2.8442423359108027,2.8442423359108027,2.8420472372572543,2.8420472372572543,5.371879387799389,5.371879387799389
414.0,0.41400000000000003,0.001,0.499,104.21600470873352,3.6189763658778342,1.818912415441314,0.06316305313642717,4.626514718451706,0.5985140164143258,4.626514718451706,0.5985140164143258,4.626514718451706,0.5985140164143258,-1.6701740461208856,0.44911099025401624,-2.8858296303208437,-14.545102566797507,-2.8858296303208437,-14.545102566797507,0.0,0.0,0.0,0.0,0.0,0.0,2.839817513506144,2.839817513506144,2.839817513506144,2.837579118100673,2.837579118100673,5.378894417512929,5.378894417512929
415.0,0.41500000000000004,0.001,0.499,104.48072280805167,3.653578000814318,1.823532617864037,0.06376696559264192,4.613879259628909,0.6092804473001086,4.613879259628909,0.6092804473001086,4.613879259628909,0.6092804473001086,-1.673021393025412,0.43447593784668026,-2.8473469045264244,-14.63505240733598,-2.8473469045264244,-14.63505240733598,0.0,0.0,0.0,0.0,0.0,0.0,2.8353062827942637,2.8353062827942637,2.8353062827942637,2.8330248289026683,2.833024828902668,5.385594593713277,5.385594593713277
416.0,0.41600000000000004,0.001,0.499,104.74471508152426,3.68879128944057,1.828140152235959,0.06438155341962508,4.601178626856114,0.619865045517987,4.601178626856114,0.619865045517987,4.601178626856114,0.619865045517987,-1.6758309799607702,0.41975284299031845,-2.809586935358057,-14.723094856361834,-2.809586935358057,-14.723094856361834,0.0,0.0,0.0,0.0,0.0,0.0,2.8307091223915446,2.8307091223915446,2.8307091223915446,2.828384850804533,2.828384850804533,5.391980178914988,5.391980178914988
417.0,0.417,0.001,0.499,105.0079777966668,3.7246058631419996,1.8327349534129362,0.0650066356509132,4.588412879544193,0.6302695469192856,4.588412879544193,0.6302695469192856,4.588412879544193,0.6302695469192856,-1.678603567174937,0.4049436994281871,-2.77258721416683,-14.809143562131387,-2.77258721416683,-14.809143562131387,0.0,0.0,0.0,0.0,0.0,0.0,2.8260265159034392,2.8260265159034392,2.8260265159034392,2.823659669854211,2.823659669854211,5.398051652776707,5.398051652776707
418.0,0.418,0.001,0.499,105.27050722436587,3.761011453342589,1.8373169563096614,0.06564203306604527,4.57558207598472,0.6404957074825391,4.57558207598472,0.6404957074825391,4.57558207598472,0.6404957074825391,-1.6813399524662247,0.39005058789227676,-2.7363852912875766,-14.89311153591035,-2.7363852912875766,-14.89311153591035,0.0,0.0,0.0,0.0,0.0,0.0,2.8212589517597317,2.8212589517597317,2.8212589517597317,2.8188497768428356,2.8188497768428356,5.4038097067536786,5.4038097067536786
419.0,0.419,0.001,0.499,105.53229963882,3.7979978926280777,1.8418860958986318,0.06628756821016603,4.562686273524187,0.6505453022669054,4.562686273524187,0.6505453022669054,4.562686273524187,0.6505453022669054,-1.6840409711560973,0.375075676519846,-2.7010186898725417,-14.97491137243075,-2.7010186898725417,-14.97491137243075,0.0,0.0,0.0,0.0,0.0,0.0,2.816406923052931,2.816406923052931,2.816406923052931,2.8139556671419395,2.8139556671419395,5.4092552374559615,5.4092552374559615
420.0,0.42,0.001,0.499,105.79335131749055,3.835555115809387,1.8464423072092908,0.06694306541258621,4.549725528737305,0.6604201243725323,4.549725528737305,0.6604201243725323,4.549725528737305,0.6604201243725323,-1.6867074959705295,0.3600212210335144,-2.6665248144321296,-15.054455486331616,-2.6665248144321296,-15.054455486331616,0.0,0.0,0.0,0.0,0.0,0.0,2.8114709273733185,2.8114709273733185,2.8114709273733185,2.8089778405414427,2.8089778405414427,5.414389338688824,5.414389338688824
421.0,0.421,0.001,0.499,106.05365854106226,3.873673160926684,1.8509855253273424,0.0676083508043068,4.536699897599265,0.6701219839083504,4.536699897599265,0.6701219839083504,4.536699897599265,0.6701219839083504,-1.689340436824835,0.34488956466948695,-2.6329408543055473,-15.131656364027492,-2.6329408543055473,-15.131656364027492,0.0,0.0,0.0,0.0,0.0,0.0,2.806451466649871,2.806451466649871,2.806451466649871,2.8039168010884405,2.8039168010884405,5.4192132921658605,5.4192132921658605
422.0,0.422,0.001,0.499,106.31321759341407,3.912342170194532,1.8555156853942376,0.06828325233451495,4.523609435656835,0.6796527069677574,4.523609435656835,0.6796527069677574,4.523609435656835,0.6796527069677574,-1.6919407405071873,0.32968313783923897,-2.600303682352259,-15.206426830247988,-2.600303682352259,-15.206426830247988,0.0,0.0,0.0,0.0,0.0,0.0,2.8013490469879105,2.8013490469879105,2.801349046987911,2.798773056926876,2.798773056926876,5.423728556900693,5.423728556900693
423.0,0.423,0.001,0.499,106.57202476159918,3.9515523908885837,1.8600327226068307,0.06896759978605976,4.510454198198201,0.6890141346126458,4.510454198198201,0.6890141346126458,4.510454198198201,0.6890141346126458,-1.6945093902564132,0.31440445751095686,-2.568649749225885,-15.278680328282132,-2.568649749225885,-15.278680328282132,0.0,0.0,0.0,0.0,0.0,0.0,2.7961641785107485,2.7961641785107485,2.796164178510748,2.793547120138155,2.793547120138155,5.4279367573001345,5.4279367573001345
424.0,0.424,0.001,0.499,106.83007633583529,3.9912941761743177,1.8645365722172051,0.06966122478991646,4.497234240421422,0.6982081218662229,4.497234240421422,0.6982081218662229,4.497234240421422,0.6982081218662229,-1.697047405230078,0.29905612629821077,-2.538014973664586,-15.34833121274607,-2.538014973664586,-15.34833121274607,0.0,0.0,0.0,0.0,0.0,0.0,2.7908973751981296,2.7908973751981296,2.7908973751981296,2.788239506582758,2.7882395065827583,5.431839669999539,5.431839669999539
425.0,0.425,0.001,0.499,107.08736860950401,4.03155798587833,1.8690271695326668,0.07036396083864792,4.483949617601388,0.7072365367150537,4.483949617601388,0.7072365367150537,4.483949617601388,0.7072365367150537,-1.6995558398593829,0.28364083124473605,-2.5084346293049946,-15.415295053474706,-2.5084346293049946,-15.415295053474706,0.0,0.0,0.0,0.0,0.0,0.0,2.7855491547320437,2.7855491547320437,2.7855491547320437,2.782850735742903,2.782850735742903,5.43543920950017,5.43543920950017
426.0,0.426,0.001,0.499,107.34389787916021,4.072334387202717,1.873504449915904,0.07107564329887305,4.470600385255188,0.7161012591207545,4.470600385255188,0.7161012591207545,4.470600385255188,0.7161012591207545,-1.7020357830879822,0.2681613422958153,-2.4799432285992498,-15.479488948920764,-2.4799432285992498,-15.479488948920764,0.0,0.0,0.0,0.0,0.0,0.0,2.7801200383360865,2.7801200383360865,2.7801200383360865,2.777381330566342,2.777381330566342,5.4387374126879555,5.4387374126879555
427.0,0.427,0.001,0.499,107.59966044455048,4.113614055383122,1.8779683487853114,0.07179610942275186,4.4571865993057616,0.7248041800417491,4.4571865993057616,0.7248041800417491,4.4571865993057616,0.7248041800417491,-1.7044883574924674,0.2526205104485829,-2.452574404485283,-15.540831847232369,-2.452574404485283,-15.540831847232369,0.0,0.0,0.0,0.0,0.0,0.0,2.7746105506227168,2.7746105506227168,2.7746105506227168,2.771831817311314,2.7718318173113135,5.441736422332854,5.441736422332854
428.0,0.428,0.001,0.499,107.85465260864103,4.155387774291034,1.8824188016154773,0.07252519835849752,4.443708316243742,0.7333472004654892,4.443708316243742,0.7333472004654892,4.443708316243742,0.7333472004654892,-1.7069147182829953,0.23702126557560613,-2.4263607905278985,-15.59924487297678,-2.4263607905278985,-15.59924487297678,0.0,0.0,0.0,0.0,0.0,0.0,2.769021219438361,2.769021219438361,2.769021219438361,2.7662027253927217,2.7662027253927217,5.444438469687881,5.444438469687881
429.0,0.429,0.001,0.499,108.10887067765488,4.197646436980935,1.8868557439378308,0.07326275115992598,4.430165593287385,0.7417322304515312,4.430165593287385,0.7417322304515312,4.430165593287385,0.7417322304515312,-1.7093160521833062,0.2213666139183184,-2.4013339003108243,-15.654651657287705,-2.4013339003108243,-15.654651657287705,0.0,0.0,0.0,0.0,0.0,0.0,2.7633525757084354,2.7633525757084354,2.7633525757084354,2.7604945872296076,2.7604945872296076,5.446845856326108,5.446845856326108
430.0,0.43,0.001,0.499,108.36231096111796,4.240381046182954,1.8912791113414493,0.07400861079505427,4.416558488540476,0.749961188185845,4.416558488540476,0.749961188185845,4.416558488540476,0.749961188185845,-1.7116935761902226,0.20565963524927716,-2.377524006916388,-15.706978669041257,-2.377524006916388,-15.706978669041257,0.0,0.0,0.0,0.0,0.0,0.0,2.7576051532874617,2.7576051532874617,2.7576051532874617,2.7547079380939334,2.7547079380939334,5.448960935372158,5.448960935372158
431.0,0.431,0.001,0.499,108.61496977191446,4.283582714741657,1.8956888394740217,0.07476262215375895,4.402887061148126,0.7580359990467225,4.402887061148126,0.7580359990467225,4.402887061148126,0.7580359990467225,-1.7140485362136009,0.18990347970476168,-2.354960023378238,-15.756155544515483,-2.354960023378238,-15.756155544515483,0.0,0.0,0.0,0.0,0.0,0.0,2.7517794888078675,2.7517794888078675,2.7517794888078675,2.7488433159607593,2.7488433159607593,5.450786092301568,5.450786092301568
432.0,0.432,0.001,0.499,108.86684342635081,4.327242666001659,1.9000848640429666,0.07552463205450624,4.389151371450363,0.7659585946826389,4.389151371450363,0.7659585946826389,4.389151371450363,0.7659585946826389,-1.716382205598633,0.17410136429189665,-2.3336693850321826,-15.802115412865021,-2.3336693850321826,-15.802115412865021,0.0,0.0,0.0,0.0,0.0,0.0,2.745876121530727,2.745876121530727,2.745876121530727,2.7429012613598514,2.7429012613598514,5.452323725496322,5.452323725496322
433.0,0.433,0.001,0.499,109.11792824422855,4.37135223414076,1.9044671208167034,0.07629448925016634,4.37535148113341,0.7737309121024065,4.37535148113341,0.7737309121024065,4.37535148113341,0.7737309121024065,-1.7186958835333526,0.15825656907724686,-2.313677934719385,-15.844795214649787,-2.313677934719385,-15.844795214649787,0.0,0.0,0.0,0.0,0.0,0.0,2.7398955931977436,2.7398955931977436,2.7398955931977436,2.7368823172287557,2.7368823172287557,5.453576226757256,5.453576226757256
434.0,0.434,0.001,0.499,109.36822054892566,4.4159028644513,1.9088355456260728,0.07707204443292405,4.361487453378581,0.781354892777947,4.361487453378581,0.781354892777947,4.361487453378581,0.781354892777947,-1.720990893345166,0.14237243306664832,-2.295009811813613,-15.884136010598557,-2.295009811813613,-15.884136010598557,0.0,0.0,0.0,0.0,0.0,0.0,2.7338384478861943,2.7338384478861943,2.7338384478861943,2.7307870287674008,2.7307870287674008,5.454545961983807,5.454545961983807
435.0,0.435,0.001,0.499,109.6177166674865,4.460886113570484,1.9131900743659056,0.07785715023829864,4.347559353008697,0.7888324817599986,4.347559353008697,0.7888324817599986,4.347559353008697,0.7888324817599986,-1.7232685806912151,0.12645234978888034,-2.2776873460489426,-15.920083277767988,-2.2776873460489426,-15.920083277767988,0.0,0.0,0.0,0.0,0.0,0.0,2.7277052318636112,2.7277052318636112,2.7277052318636112,2.7246159432942676,2.7246159432942676,5.455235252238008,5.455235252238008
436.0,0.436,0.001,0.499,109.86641293071996,4.506293649660413,1.917530642996736,0.07864966124828605,4.333567246631932,0.7961656268070548,4.333567246631932,0.7961656268070548,4.333567246631932,0.7961656268070548,-1.7255303116483305,0.11049976259860267,-2.2617309571154554,-15.952587190277667,-2.2617309571154554,-15.952587190277667,0.0,0.0,0.0,0.0,0.0,0.0,2.721496493444268,2.721496493444268,2.721496493444268,2.718369610104162,2.7183696101041623,5.455646355412548,5.455646355412548
437.0,0.437,0.001,0.499,110.11430567330584,4.552117252538595,1.9218571875466584,0.07944943399363669,4.319511202783023,0.8033562775278228,4.319511202783023,0.8033562775278228,4.319511202783023,0.8033562775278228,-1.7277774707092979,0.0945181597167388,-2.247159060967422,-15.981602881863864,-2.247159060967422,-15.981602881863864,0.0,0.0,0.0,0.0,0.0,0.0,2.715212782848851,2.715212782848851,2.7152127828488504,2.7120485803276417,2.7120485803276417,5.4557814487218455,5.4557814487218455
438.0,0.438,0.001,0.499,110.36139123390917,4.598348813759719,1.9261696441133225,0.08025632695528262,4.305391292061757,0.810406384537473,4.305391292061757,0.810406384537473,4.305391292061757,0.810406384537473,-1.7300114586930488,0.0785110690291389,-2.2339879837510157,-16.007090687599902,-2.2339879837510157,-16.007090687599902,0.0,0.0,0.0,0.0,0.0,0.0,2.7088546520641263,2.7088546520641263,2.7088546520641263,2.70565340679212,2.70565340679212,5.455642612230282,5.455642612230282
439.0,0.439,0.001,0.499,110.60766595530248,4.64498033664948,1.9304679488660674,0.08107020056492806,4.291207587268664,0.8173178986279379,4.291207587268664,0.8173178986279379,4.291207587268664,0.8173178986279379,-1.7322336905772555,0.06248205266685973,-2.222231884206716,-16.02901636227917,-2.222231884206716,-16.02901636227917,0.0,0.0,0.0,0.0,0.0,0.0,2.7024226547042534,2.7024226547042534,2.7024226547042534,2.6991846438847067,2.6991846438847067,5.455231813622798,5.455231813622798
440.0,0.44,0.001,0.499,110.85312618449566,4.692003936291282,1.9347520380481884,0.08189091720481714,4.276960163537843,0.8240927699525036,4.276960163537843,0.8240927699525036,4.276960163537843,0.8240927699525036,-1.734445593262591,0.046434701393712745,-2.2119026853356614,-16.047351273146987,-2.2119026853356614,-16.047351273146987,0.0,0.0,0.0,0.0,0.0,0.0,2.6959173458768952,2.6959173458768952,2.6959173458768952,2.6926428474167974,2.6926428474167974,5.454550894410222,5.454550894410222
441.0,0.441,0.001,0.499,111.09776827287347,4.739411839466634,1.939021847979336,0.08271834120669369,4.262649098466855,0.8307329472249237,4.262649098466855,0.8307329472249237,4.262649098466855,0.8307329472249237,-1.736648603278631,0.0303726288288152,-2.203010016039946,-16.062072564897544,-2.203010016039946,-16.062072564897544,0.0,0.0,0.0,0.0,0.0,0.0,2.689339282044641,2.689339282044641,2.6893392820446413,2.68602857449046,2.68602857449046,5.453601557744969,5.453601557744969
442.0,0.442,0.001,0.499,111.34158857634024,4.787196384550069,1.943277315058043,0.08355233884996731,4.248274472243625,0.8372403769332719,4.248274472243625,0.8372403769332719,4.248274472243625,0.8372403769332719,-1.7388441644419863,0.014299465533696137,-2.195561163355302,-16.073163295119063,-2.195561163355302,-16.073163295119063,0.0,0.0,0.0,0.0,0.0,0.0,2.682689020897152,2.682689020897152,2.682689020897152,2.679342383366646,2.679342383366646,5.452385358002375,5.452385358002375
443.0,0.443,0.001,0.499,111.58458345547194,4.835350021359469,1.9475183757643768,0.08439277835910088,4.233836367770279,0.843617002568731,4.233836367770279,0.843617002568731,4.233836367770279,0.843617002568731,-1.7410337254777783,-0.0017811470049738862,-2.1895610357920745,-16.08061253867002,-2.1895610357920745,-16.08061253867002,0.0,0.0,0.0,0.0,0.0,0.0,2.6759671212162304,2.6759671212162304,2.67596712121623,2.672584833335255,2.672584833335255,5.450903692259411,5.450903692259411
444.0,0.444,0.001,0.499,111.82674927567513,4.883865310962615,1.951744966662715,0.08523952990023434,4.219334870783876,0.8498647638695085,4.219334870783876,0.8498647638695085,4.219334870783876,0.8498647638695085,-1.743218737615967,-0.017865562464770807,-2.185012138188578,-16.08441545979692,-2.185012138188578,-16.08441545979692,0.0,0.0,0.0,0.0,0.0,0.0,2.669174142748671,2.669174142748671,2.669174142748671,2.665756484587083,2.665756484587083,5.449157793776124,5.449157793776124
445.0,0.445,0.001,0.499,112.06808240735273,4.932734925440864,1.9559570244046383,0.08609246557706009,4.204770069973967,0.8559855960800475,4.204770069973967,0.8559855960800475,4.204770069973967,0.8559855960800475,-1.7454006521743286,-0.03395013581592474,-2.1819145583616195,-16.08457335115393,-2.1819145583616195,-16.08457335115393,0.0,0.0,0.0,0.0,0.0,0.0,2.6623106460797663,2.6623106460797663,2.6623106460797663,2.65885789808768,2.65885789808768,5.4471487275566215,5.4471487275566215
446.0,0.446,0.001,0.499,112.30857922607656,4.981951647610824,1.960154485731941,0.08695145942596517,4.190142057096942,0.8619814292256927,4.190142057096942,0.8619814292256927,4.190142057096942,0.8619814292256927,-1.747580918140043,-0.05003122945517538,-2.180265965714409,-16.08109363925064,-2.180265965714409,-16.08109363925064,0.0,0.0,0.0,0.0,0.0,0.0,2.6553771925063083,2.6553771925063083,2.6553771925063083,2.6518896354531423,2.6518896354531423,5.444877388036208,5.444877388036208
447.0,0.447,0.001,0.499,112.5482361127662,5.03150837070491,1.9643372874797542,0.08781638741045608,4.175450927087119,0.8678541874029524,4.175450927087119,0.8678541874029524,4.175450927087119,0.8678541874029524,-1.7497609797618774,-0.06610521931140438,-2.180061621834357,-16.073989856229005,-2.180061621834357,-16.073989856229005,0.0,0.0,0.0,0.0,0.0,0.0,2.6483743439147496,2.6483743439147496,2.648374343914749,2.6448522588278602,2.6448522588278602,5.442344498910119,5.442344498910119
448.0,0.448,0.001,0.499,112.78704945387416,5.081398098011693,1.9685053665797765,0.08868712741488156,4.16069677816452,0.8736057880854885,4.16069677816452,0.8736057880854885,4.16069677816452,0.8736057880854885,-1.7519422741648623,-0.0821685008896525,-2.181294402984829,-16.06328157824812,-2.181294402984829,-16.06328157824812,0.0,0.0,0.0,0.0,0.0,0.0,2.6413026626596343,2.6413026626596343,2.6413026626596343,2.637746330764248,2.637746330764248,5.439550615087944,5.439550615087944
449.0,0.449,0.001,0.499,113.02501564157721,5.131613942476933,1.9726586600636136,0.08956355923746938,4.145879711939319,0.8792381414459463,4.145879711939319,0.8792381414459463,4.145879711939319,0.8792381414459463,-1.7541262289991304,-0.09821749522078005,-2.183954834268065,-16.048994331127545,-2.183954834268065,-16.048994331127545,0.0,0.0,0.0,0.0,0.0,0.0,2.6341627114439143,2.6341627114439143,2.6341627114439143,2.6305724141044684,2.6305724141044684,5.4364961267268885,5.4364961267268885
450.0,0.45,0.001,0.499,113.26213107397349,5.182149126266215,1.9767971050662185,0.09044556458269282,4.1309998335129015,0.8847531496937263,4.1309998335129015,0.8847531496937263,4.1309998335129015,0.8847531496937263,-1.7563142601342439,-0.11424865468504075,-2.1880311351135573,-16.031159464260707,-2.1880311351135573,-16.031159464260707,0.0,0.0,0.0,0.0,0.0,0.0,2.626955053202602,2.626955053202602,2.626955053202602,2.6233310718641776,2.6233310718641776,5.433181265267192,5.433181265267192
451.0,0.451,0.001,0.499,113.49839215528534,5.2329969802901,1.9809206388294325,0.09133302705298305,4.1160572515755245,0.8901527064287857,4.1160572515755245,0.8901527064287857,4.1160572515755245,0.8901527064287857,-1.7585077694098732,-0.13025846867919263,-2.1935092756293475,-16.009813994151884,-2.1935092756293475,-16.009813994151884,0.0,0.0,0.0,0.0,0.0,0.0,2.6196802509861965,2.6196802509861965,2.6196802509861965,2.6160228671182986,2.6160228671182986,5.429606111365032,5.429606111365032
452.0,0.452,0.001,0.499,113.73379529606768,5.284150943692709,1.9850291987056201,0.09222583213980326,4.101052078500539,0.89543869601154,4.101052078500539,0.89543869601154,4.101052078500539,0.89543869601154,-1.7607081424531184,-0.1462434690984407,-2.200373043245073,-15.98500041924804,-2.200373043245073,-15.98500041924804,0.0,0.0,0.0,0.0,0.0,0.0,2.612338867849048,2.612338867849048,2.612338867849048,2.608648362888842,2.608648362888842,5.425770604592624,5.425770604592624
453.0,0.453,0.001,0.499,113.96833691342165,5.335604563304676,1.9891227221613994,0.0931238672141008,4.085984430435154,0.9006129929489263,4.085984430435154,0.9006129929489263,4.085984430435154,0.9006129929489263,-1.7629167465720952,-0.16220023560646493,-2.208604118976939,-15.956766508024243,-2.208604118976939,-15.956766508024243,0.0,0.0,0.0,0.0,0.0,0.0,2.60493146673606,2.60493146673606,2.60493146673606,2.601208122034795,2.601208122034795,5.421674554752458,5.421674554752458
454.0,0.454,0.001,0.499,114.2020134312133,5.387351493061379,1.9932011467814588,0.09402702151615351,4.0708544273877285,0.9056774612966734,4.0708544273877285,0.9056774612966734,4.0708544273877285,0.9056774612966734,-1.765134928734653,-0.1781254006689994,-2.2181821625576728,-15.925165062534477,-2.2181821625576728,-15.925165062534477,0.0,0.0,0.0,0.0,0.0,0.0,2.5974586103765946,2.5974586103765946,2.597458610376594,2.5937027071440673,2.5937027071440673,5.417317654633223,5.417317654633223
455.0,0.455,0.001,0.499,114.4348212802973,5.439385493387398,1.9972644102724606,0.09493518614482635,4.055662193311558,0.9106339540778112,4.055662193311558,0.9106339540778112,4.055662193311558,0.9106339540778112,-1.767364013640253,-0.19401565432885368,-2.229084905600234,-15.890253659854269,-2.229084905600234,-15.890253659854269,0.0,0.0,0.0,0.0,0.0,0.0,2.589920861174399,2.589920861174399,2.589920861174399,2.5861326804275278,2.5861326804275273,5.412699494019216,5.412699494019216
456.0,0.456,0.001,0.499,114.66675689874525,5.491700430548116,2.0013124504670268,0.09584825404625481,4.040407856185163,0.9154843127174395,4.040407856185163,0.9154843127174395,4.040407856185163,0.9154843127174395,-1.7696053018921565,-0.20986774870286873,-2.2412882519034927,-15.852094374015044,-2.2412882519034927,-15.852094374015044,0.0,0.0,0.0,0.0,0.0,0.0,2.582318781104897,2.582318781104897,2.5823187811048967,2.5784986036151296,2.5784986036151296,5.407819574753091,5.407819574753091
457.0,0.457,0.001,0.499,114.89781673207857,5.5442902759694,2.0053452053278025,0.09676612000197109,4.0250915480890574,0.9202303664937618,4.0250915480890574,0.9202303664937618,4.0250915480890574,0.9202303664937618,-1.7718600682761183,-0.22567850218402963,-2.254766383961864,-15.81075348116089,-2.254766383961864,-15.81075348116089,0.0,0.0,0.0,0.0,0.0,0.0,2.574652931611336,2.574652931611336,2.574652931611336,2.5708010378541304,2.5708010378541304,5.402677326643909,5.402677326643909
458.0,0.458,0.001,0.499,115.12799723350557,5.597149105526301,2.009362612951595,0.0976886806164895,4.009713405278993,0.9248739320053799,4.009713405278993,0.9248739320053799,4.009713405278993,0.9248739320053799,-1.7741295601508276,-0.24144480333477522,-2.26949187470929,-15.766301150745596,-2.26949187470929,-15.766301150745596,0.0,0.0,0.0,0.0,0.0,0.0,2.5669238735038262,2.5669238735038262,2.566923873503826,2.5630405436094086,2.5630405436094086,5.39727212400848,5.39727212400848
459.0,0.459,0.001,0.499,115.35729486416272,5.6502710988016895,2.0133646115735844,0.09861583430436731,3.9942735682556774,0.9294168126548297,3.9942735682556774,0.9294168126548297,3.9942735682556774,0.9294168126548297,-1.7764149959543385,-0.2571636144604071,-2.285435803510838,-15.718811125631866,-2.285435803510838,-15.718811125631866,0.0,0.0,0.0,0.0,0.0,0.0,2.5591321668624616,2.5591321668624616,2.5591321668624616,2.5552176805658853,2.5552176805658853,5.391603302633873,5.391603302633873
460.0,0.46,0.001,0.499,115.58570609335982,5.7036505383157685,2.017351139571601,0.09954748127675715,3.978772181830972,0.9338607981483282,3.978772181830972,0.9338607981483282,3.978772181830972,0.9338607981483282,-1.7787175638297508,-0.2728319748543638,-2.3025678754122487,-15.668360393956709,-2.3025678754122487,-15.668360393956709,0.0,0.0,0.0,0.0,0.0,0.0,2.551278370937884,2.551278370937884,2.551278370937884,2.5473330075330605,2.5473330075330605,5.3856701769525746,5.3856701769525746
461.0,0.461,0.001,0.499,115.81322739882874,5.757281808727391,2.0213221354704696,0.10048352352746738,3.9632093951905643,0.9382076640116905,3.9632093951905643,0.9382076640116905,3.9632093951905643,0.9382076640116905,-1.781038420372419,-0.28844700370995296,-2.320856542668266,-15.615028855589209,-2.320856542668266,-15.615028855589209,0.0,0.0,0.0,0.0,0.0,0.0,2.5433630440591295,2.5433630440591295,2.5433630440591295,2.5393870823516393,2.5393870823516393,5.3794720572286705,5.3794720572286705
462.0,0.462,0.001,0.499,116.03985526697583,5.811159396008095,2.025277537946412,0.10142386481854627,3.947585361953131,0.9424591711223614,3.947585361953131,0.9424591711223614,3.947585361953131,0.9424591711223614,-1.7833786895000125,-0.3040059026958851,-2.340269127593645,-15.558898985932183,-2.340269127593645,-15.558898985932183,0.0,0.0,0.0,0.0,0.0,0.0,2.535386743541107,2.535386743541107,2.535386743541107,2.5313804618022813,2.5313804618022813,5.373008266563518,5.373008266563518
463.0,0.463,0.001,0.499,116.26558619313745,5.865277886589792,2.0292172858315083,0.10236841066540643,3.9319002402259944,0.9466170652574986,3.9319002402259944,0.9466170652574986,3.9319002402259944,0.9466170652574986,-1.7857394614458277,-0.319505958195596,-2.3607719458152268,-15.5000554997109,-2.3607719458152268,-15.5000554997109,0.0,0.0,0.0,0.0,0.0,0.0,2.527350025593398,2.527350025593398,2.527350025593398,2.5233137015164395,2.5233137015164395,5.3662781575418945,5.3662781575418945
464.0,0.464,0.001,0.499,116.49041668183868,5.919631966487022,2.0331413181182127,0.10331706832150515,3.916154192657292,0.9506830766580298,3.916154192657292,0.9506830766580298,3.916154192657292,0.9506830766580298,-1.7881217918748757,-0.3349445432128502,-2.3823304290480727,-15.438585017254207,-2.3823304290480727,-15.438585017254207,0.0,0.0,0.0,0.0,0.0,0.0,2.5192534452327715,2.5192534452327715,2.519253445232772,2.5151873558893048,2.5151873558893048,5.359281128354531,5.359281128354531
465.0,0.465,0.001,0.499,116.71434324705494,5.974216420394679,2.0370495739639183,0.10426974676259687,3.900347386484673,0.9546589196085989,3.900347386484673,0.9546589196085989,3.900347386484673,0.9546589196085989,-1.7905267011214479,-0.35031911894846046,-2.4049092465720063,-15.374575735610255,-2.4049092465720063,-15.374575735610255,0.0,0.0,0.0,0.0,0.0,0.0,2.5110975561973183,2.5110975561973183,2.5110975561973183,2.50700197799485,2.50700197799485,5.352016638249455,5.352016638249455
466.0,0.466,0.001,0.499,116.93736241247619,6.029026130762135,2.040941992695569,0.10522635667057344,3.884479993580541,0.9585462920333035,3.884479993580541,0.9585462920333035,3.884479993580541,0.9585462920333035,-1.7929551735460934,-0.3656272360551156,-2.4284724246454577,-15.308117106655118,-2.4284724246454577,-15.308117106655118,0.0,0.0,0.0,0.0,0.0,0.0,2.502882910862522,2.502882910862522,2.502882910862522,2.4987581195029485,2.4987581195029485,5.344484222182453,5.344484222182453
467.0,0.467,0.001,0.499,117.15947071177376,6.0840560768446315,2.0448185138143167,0.10618681041690796,3.868552190493867,0.9623468751071161,3.868552190493867,0.9623468751071161,3.868552190493867,0.9623468751071161,-1.795408157009253,-0.38086653557926814,-2.452983463159797,-15.239299524152514,-2.452983463159797,-15.239299524152514,0.0,0.0,0.0,0.0,0.0,0.0,2.494610060158603,2.494610060158603,2.494610060158603,2.490456330598589,2.490456330598589,5.336683504555593,5.336683504555593
468.0,0.468,0.001,0.499,117.38066468886937,6.139301333732875,2.048679077000216,0.10715102204571789,3.8525641584885943,0.9660623328828749,3.8525641584885943,0.9660623328828749,3.8525641584885943,0.9660623328828749,-1.7978865624581608,-0.3960347496007793,-2.478405448907823,-15.168214021511162,-2.478405448907823,-15.168214021511162,0.0,0.0,0.0,0.0,0.0,0.0,2.4862795534917503,2.4862795534917503,2.4862795534917503,2.4820971599031543,2.4820971599031543,5.328614211951826,5.328614211951826
469.0,0.46900000000000003,0.001,0.499,117.60094089820635,6.19475707136169,2.0525236221169583,0.10811890725646282,3.836516083578668,0.9696943119337156,3.836516083578668,0.9696943119337156,3.836516083578668,0.9696943119337156,-1.8003912636230741,-0.4111297015825466,-2.504701164913278,-15.094951981767329,-2.504701164913278,-15.094951981767329,0.0,0.0,0.0,0.0,0.0,0.0,2.47789193866617,2.47789193866617,2.47789193866617,2.4736811543977635,2.473681154397763,5.320276184792704,5.320276184792704
470.0,0.47000000000000003,0.001,0.499,117.82029590502263,6.25041855349863,2.056352089216637,0.10909038338629243,3.820408156559717,0.9732444410108112,3.820408156559717,0.9732444410108112,3.820408156559717,0.9732444410108112,-1.802923096818417,-0.4261493064436448,-2.531833195342824,-15.019604861098207,-2.531833195342824,-15.019604861098207,0.0,0.0,0.0,0.0,0.0,0.0,2.4694477618080874,2.4694477618080874,2.4694477618080874,2.4652088593486687,2.4652088593486687,5.311669387864889,5.311669387864889
471.0,0.47100000000000003,0.001,0.499,118.03872628562566,6.306281136713408,2.0601644185445442,0.11006536939205962,3.8042405730374194,0.976714330716276,3.8042405730374194,0.976714330716276,3.8042405730374194,0.976714330716276,-1.8054828608440134,-0.4410915703705952,-2.559764025596523,-14.942263926950439,-2.559764025596523,-14.942263926950439,0.0,0.0,0.0,0.0,0.0,0.0,2.4609475672928207,2.4609475672928207,2.4609475672928207,2.456680818234691,2.456680818234691,5.302793919679044,5.302793919679044
472.0,0.47200000000000003,0.001,0.499,118.25622862766862,6.362340269329024,2.063960550543993,0.11104378583201426,3.788013533452591,0.9801055731910802,3.788013533452591,0.9801055731910802,3.788013533452591,0.9801055731910802,-1.80807131698126,-0.45595459038224634,-2.5884561372463626,-14.863020011651153,-2.5884561372463626,-14.863020011651153,0.0,0.0,0.0,0.0,0.0,0.0,2.45239189767246,2.45239189767246,2.45239189767246,2.4480975726766774,2.4480975726766774,5.293650020641665,5.293650020641665
473.0,0.47300000000000003,0.001,0.499,118.47279953042819,6.41859149035543,2.067740425861164,0.11202555484719212,3.7717272431030304,0.9834197418178187,3.7717272431030304,0.9834197418178187,3.7717272431030304,0.9834197418178187,-1.8106891890788237,-0.4707365536644054,-2.6178720975637195,-14.781963282159076,-2.6178720975637195,-14.781963282159076,0.0,0.0,0.0,0.0,0.0,0.0,2.4437812936068917,2.4437812936068917,2.4437812936068912,2.439459662368981,2.439459662368981,5.284238080036112,5.284238080036112
474.0,0.47400000000000003,0.001,0.499,118.68843560508331,6.475030428406598,2.071503985349972,0.1130106001425141,3.755381912162167,0.9866583909381628,3.755381912162167,0.9866583909381628,3.755381912162167,0.9866583909381628,-1.8133371637222686,-0.48543573669081874,-2.6479746434449782,-14.699183026413339,-2.6479746434449782,-14.699183026413339,0.0,0.0,0.0,0.0,0.0,0.0,2.4351162937967588,2.4351162937967588,2.4351162937967588,2.4307676250129275,2.4307676250129275,5.2745586418235195,5.2745586418235195
475.0,0.47500000000000003,0.001,0.499,118.90313347499506,6.531652800601796,2.0752511700769505,0.11399884696760999,3.738977755694544,0.9898230555848233,3.738977755694544,0.9898230555848233,3.738977755694544,0.9898230555848233,-1.8160158904818777,-0.5000505041473684,-2.6787267596090794,-14.614767456549632,-2.6787267596090794,-14.614767456549632,0.0,0.0,0.0,0.0,0.0,0.0,2.42639743491558,2.42639743491558,2.42639743491558,2.422021996252275,2.422021996252275,5.264612409287069,5.264612409287069
476.0,0.47600000000000003,0.001,0.499,119.11688977598719,6.588454411451939,2.078981921326147,0.11499022209738152,3.7225149936681907,0.9929152512278414,3.7225149936681907,0.9929152512278414,3.7225149936681907,0.9929152512278414,-1.8187259822328787,-0.5145793076764473,-2.7100917510009657,-14.52880352907897,-2.7100917510009657,-14.52880352907897,0.0,0.0,0.0,0.0,0.0,0.0,2.417625251550079,2.417625251550079,2.417625251550079,2.4132233096106237,2.4132233096106237,5.254400248554422,5.254400248554422
477.0,0.47700000000000004,0.001,0.499,119.32970115662742,6.645431151731796,2.0826961806040343,0.11598465381231872,3.7059938509639236,0.9959364735350195,3.7059938509639236,0.9959364735350195,3.7059938509639236,0.9959364735350195,-1.8214680155422691,-0.5290206844584122,-2.742033309390304,-14.441376781964884,-2.742033309390304,-14.441376781964884,0.0,0.0,0.0,0.0,0.0,0.0,2.408800276134553,2.408800276134553,2.408800276134553,2.4043720964307895,2.4043720964307895,5.243923191042839,5.243923191042839
478.0,0.47800000000000004,0.001,0.499,119.54156427850911,6.702578997338881,2.0863938896444236,0.11698207187858371,3.689414557381629,0.9988881981462981,3.689414557381629,0.9988881981462981,3.689414557381629,0.9988881981462981,-1.8242425311164743,-0.5433732556468033,-2.7745155742051484,-14.352571188391034,-2.7745155742051484,-14.352571188391034,0.0,0.0,0.0,0.0,0.0,0.0,2.399923038894134,2.399923038894134,2.3999230388941344,2.3954688858160957,2.3954688858160957,5.233182434879523,5.233182434879523
479.0,0.47900000000000004,0.001,0.499,119.75247581653313,6.7598940081397965,2.090074990413388,0.11798240752787581,3.6727773476435726,1.001771880461879,3.6727773476435726,1.001771880461879,3.6727773476435726,1.001771880461879,-1.8270500343041596,-0.5576357246736868,-2.8075031876852137,-14.262469026883597,-2.8075031876852137,-14.262469026883597,0.0,0.0,0.0,0.0,0.0,0.0,2.3909940677855106,2.3909940677855106,2.3909940677855106,2.386514204573574,2.386514204573574,5.222179345356323,5.222179345356323
480.0,0.48,0.001,0.499,119.96243245919005,6.817372326804846,2.0937394251141845,0.11898559343709143,3.656082461394789,1.0045889554438854,3.656082461394789,1.0045889554438854,3.656082461394789,1.0045889554438854,-1.8298909956486387,-0.5718068754410282,-2.8409613444790924,-14.171150767341372,-2.8409613444790924,-14.171150767341372,0.0,0.0,0.0,0.0,0.0,0.0,2.382013888441439,2.382013888441439,2.382013888441439,2.377508577159063,2.377508577159063,5.210915454482934,5.210915454482934
481.0,0.481,0.001,0.499,120.16488516142802,6.892666721840084,2.0972728913477967,0.1202997285387536,3.35731027803825,1.7671861959407693,3.35731027803825,1.7671861959407693,3.35731027803825,1.7671861959407693,-1.8327658514844827,-0.5858855704134593,-2.874855835844058,-14.078694972431187,-2.874855835844058,-14.078694972431187,0.0,0.0,0.0,0.0,0.0,0.0,2.394520682655011,2.394520682655011,2.394520682655011,2.4023940686201275,2.4023940686201275,5.199392459706362,5.199392459706362
482.0,0.482,0.001,0.499,120.34765488557673,7.018381563763286,2.1004628248071535,0.12249386644893767,3.026782173591363,2.6085274203784556,3.026782173591363,2.6085274203784556,3.026782173591363,2.6085274203784556,-1.835675004573119,-0.5998707486271858,-2.9091530886362453,-13.985178213726451,-2.9091530886362453,-13.985178213726451,0.0,0.0,0.0,0.0,0.0,0.0,2.408127300839391,2.408127300839391,2.4081273008393906,2.429378142205321,2.429378142205321,5.1876122218667815,5.1876122218667815
483.0,0.483,0.001,0.499,120.51219656500103,7.190191647315812,2.1033346188698685,0.12549251809505582,2.7207527805307485,3.3770461642882386,2.7207527805307485,3.3770461642882386,2.7207527805307485,3.3770461642882386,-1.838618824772422,-0.6137614236290877,-2.943820199303108,-13.890675001901865,-2.943820199303108,-13.890675001901865,0.0,0.0,0.0,0.0,0.0,0.0,2.4409091847298003,2.4409091847298003,2.4409091847298003,2.451645497508996,2.451645497508996,5.175576762460995,5.175576762460995
484.0,0.484,0.001,0.499,120.65986698391505,7.404064786331112,2.1059119538877176,0.12922530855244835,2.437602593545958,4.07758893971162,2.437602593545958,4.07758893971162,2.437602593545958,4.07758893971162,-1.8415976497355315,-0.6275566813593343,-2.9788249631094357,-13.795257730246602,-2.9788249631094357,-13.795257730246602,0.0,0.0,0.0,0.0,0.0,0.0,2.4609557916685616,2.4609557916685616,2.4609557916685616,2.4695257630888556,2.4695257630888556,5.163288260284887,5.163288260284887
485.0,0.485,0.001,0.499,120.79193303554283,7.656238246881776,2.108216941318731,0.13362656572520545,2.175812328422851,4.71471700143281,2.175812328422851,4.71471700143281,2.175812328422851,4.71471700143281,-1.8446117856343747,-0.641255677990055,-3.0141358988431217,-13.698996630720721,-3.0141358988431217,-13.698996630720721,0.0,0.0,0.0,0.0,0.0,0.0,2.4767687757579098,2.4767687757579098,2.4767687757579098,2.483324077857337,2.483324077857337,5.1507490475253235,5.1507490475253235
486.0,0.486,0.001,0.499,120.90957729497372,7.943202772536801,2.1102702209918704,0.1386350415343094,1.9339570582860643,5.292719336607157,1.9339570582860643,5.292719336607157,1.9339570582860643,5.292719336607157,-1.8476615079036323,-0.654857637731809,-3.0497222692576713,-13.601959741754092,-3.0497222692576713,-13.601959741754092,0.0,0.0,0.0,0.0,0.0,0.0,2.4886466204723003,2.4886466204723003,2.4886466204723003,2.4933319107380107,2.4933319107380107,5.1379616053704105,5.1379616053704105
487.0,0.487,0.001,0.499,121.0139032645184,8.261687366700745,2.1120910526557606,0.1441936463193481,1.7107006457828413,5.815626035473732,1.7107006457828413,5.815626035473732,1.7107006457828413,5.815626035473732,-1.8507470620011477,-0.6683618506187817,-3.0855540975154714,-13.504212886972633,-3.0855540975154714,-13.504212886972633,0.0,0.0,0.0,0.0,0.0,0.0,2.496873657210853,2.496873657210853,2.496873657210853,2.4998262503002437,2.4998262503002437,5.124928559204629,5.124928559204629
488.0,0.488,0.001,0.499,121.10594030851867,8.608644843565218,2.113697402107368,0.15024919665504524,1.5047904701959987,6.28722170265432,1.5047904701959987,6.28722170265432,1.5047904701959987,6.28722170265432,-1.8538686641810471,-0.6817676702828137,-3.1216021798994715,-13.405819664032004,-3.1216021798994715,-13.405819664032004,0.0,0.0,0.0,0.0,0.0,0.0,2.5017195443003453,2.5017195443003453,2.5017195443003453,2.5030693205076546,2.5030693205076546,5.111652673452567,5.111652673452567
489.0,0.489,0.001,0.499,121.18664829436527,8.981238142711014,2.115106022193044,0.15675217649600756,1.3150524438109048,6.711058669258468,1.3150524438109048,6.711058669258468,1.3150524438109048,6.711058669258468,-1.8570265022761085,-0.6950745117255567,-3.1578380950615297,-13.306841442742948,-3.1578380950615297,-13.306841442742948,0.0,0.0,0.0,0.0,0.0,0.0,2.503439166445005,2.503439166445005,2.503439166445005,2.503308630144138,2.503308630144138,5.09813684613162,5.09813684613162
490.0,0.49,0.001,0.499,121.2569219560551,9.376827390948458,2.1163325289669643,0.16365651136324014,1.1403863086587436,7.090469842271624,1.1403863086587436,7.090469842271624,1.1403863086587436,7.090469842271624,-1.8602207364861822,-0.7082818490972408,-3.194234210073622,-13.20733737168408,-3.194234210073622,-13.20733737168408,0.0,0.0,0.0,0.0,0.0,0.0,2.502272801018278,2.502272801018278,2.502272801018278,2.5007772341021255,2.500777234102126,5.0843841031704455,5.0843841031704455
491.0,0.491,0.001,0.499,121.31759499604529,9.792957687331421,2.1173914732819874,0.17091935515242268,0.9797612026661364,7.428581084828399,0.9797612026661364,7.428581084828399,0.9797612026661364,7.428581084828399,-1.863451500169726,-0.7213892134897568,-3.230763683543752,-13.107364392516017,-3.230763683543752,-13.107364392516017,0.0,0.0,0.0,0.0,0.0,0.0,2.498446453717043,2.498446453717043,2.498446453717043,2.4956941290436525,2.4956941290436525,5.0703975925460565,5.0703975925460565
492.0,0.492,0.001,0.499,121.36944394049449,10.227347582457199,2.1182964080763096,0.1785008890597604,0.832211482982402,7.728323063235103,0.832211482982402,7.728323063235103,0.832211482982402,7.728323063235103,-1.866718900635778,-0.7343961907509912,-3.267400466052078,-13.006977261234304,-3.267400466052078,-13.006977261234304,0.0,0.0,0.0,0.0,0.0,0.0,2.4921723013755366,2.4921723013755366,2.4921723013755366,2.488264733760817,2.488264733760817,5.056180578288436,5.056180578288436
493.0,0.493,0.001,0.499,121.41319176225942,10.67787822041993,2.1190599516066833,0.18636413207332056,0.6968327936132389,7.992442527403376,0.6968327936132389,7.992442527403376,0.6968327936132389,7.992442527403376,-1.870023019933933,-0.7473024193266178,-3.304119298154817,-12.906228575626587,-3.304119298154817,-12.906228575626587,0.0,0.0,0.0,0.0,0.0,0.0,2.483649201850724,2.483649201850724,2.483649201850724,2.478681422008099,2.478681422008099,5.041736434397491,5.041736434397491
494.0,0.494,0.001,0.499,121.44951128527039,11.142583110542347,2.1196938468659785,0.19447476245607523,0.5727783642947162,8.22351301337915,0.5727783642947162,8.22351301337915,0.5727783642947162,8.22351301337915,-1.8733639156401272,-0.7601075881348489,-3.340895706194192,-12.805168808231098,-3.340895706194192,-12.805168808231098,0.0,0.0,0.0,0.0,0.0,0.0,2.4730632447611187,2.4730632447611187,2.4730632447611187,2.4671240865207023,2.4671240865207023,5.027068638713038,5.027068638713038
495.0,0.495,0.001,0.499,121.47902838316264,11.619638495830086,2.120209017409832,0.20280094964371642,0.4592555276642569,8.423944972013889,0.4592555276642569,8.423944972013889,0.4592555276642569,8.423944972013889,-1.8767416216362696,-0.7728114344789767,-3.3777059961423452,-12.703846344127847,-3.3777059961423452,-12.703846344127847,0.0,0.0,0.0,0.0,0.0,0.0,2.4605883255754684,2.4605883255754684,2.4605883255754684,2.453760719808886,2.453760719808886,5.0121807667745095,5.0121807667745095
496.0,0.496,0.001,0.499,121.50232498430834,12.107354285641826,2.120615619804348,0.21131319598989587,0.35552244212670653,8.595995338182988,0.35552244212670653,8.595995338182988,0.35552244212670653,8.595995338182988,-1.8801561488819656,-0.785413742001907,-3.4145272456959717,-12.602307522930264,-3.4145272456959717,-12.602307522930264,0.0,0.0,0.0,0.0,0.0,0.0,2.4463867310233596,2.4463867310233596,2.4463867310233596,2.438748001665357,2.438748001665357,4.99707648570312,4.99707648570312
497.0,0.497,0.001,0.499,121.5199418946846,12.604165521099361,2.1209230928944427,0.21998418780953066,0.26088500829869815,8.741776561596804,0.26088500829869815,8.741776561596804,0.26088500829869815,8.741776561596804,-1.8836074861767924,-0.7979143386862897,-3.451337294826723,-12.500596684382712,-3.451337294826723,-12.500596684382712,0.0,0.0,0.0,0.0,0.0,0.0,2.430609727293696,2.430609727293696,2.430609727293696,2.422231886107988,2.422231886107988,4.9817595481354235,4.9817595481354235
498.0,0.498,0.001,0.499,121.53238144933553,13.108624343090796,2.121140204080583,0.22878865519401317,0.17469396748757723,8.863265124167482,0.17469396748757723,8.863265124167482,0.17469396748757723,8.863265124167482,-1.8870956009117728,-0.8103130949032974,-3.4881147349803157,-12.398756217007676,-3.4881147349803157,-12.398756217007676,0.0,0.0,0.0,0.0,0.0,0.0,2.4133981447417607,2.4133981447417607,2.4133981447417607,2.4043481823081456,2.4043481823081456,4.966233786233591,4.966233786233591
499.0,0.499,0.001,0.499,121.54011000254185,13.619392434214202,2.121275092780449,0.23770324009824303,0.09634217128095678,8.962309570853447,0.09634217128095678,8.962309570853447,0.09634217128095678,8.962309570853447,-1.8906204398088777,-0.8226099215125825,-3.5248388971049938,-12.296826609285104,-3.5248388971049938,-12.296826609285104,0.0,0.0,0.0,0.0,0.0,0.0,2.394882954324919,2.394882954324919,2.394882954324919,2.385223125301025,2.385223125301025,4.950503105794289,4.950503105794289
