step,time_s,dt_s,duration_s,mj_q1_deg,mj_q2_deg,mujoco_q1_rad,mujoco_q2_rad,mj_qd1_raw,mj_qd2_raw,mj_qd1_rad_s,mj_qd2_rad_s,mujoco_qdot1_rad_s,mujoco_qdot2_rad_s,bridge_q1_rad,bridge_q2_rad,bridge_qd1,bridge_qd2,bridge_qdot1_rad_s,bridge_qdot2_rad_s,tau0,tau1,tau1_Nm,tau2_Nm,tau1_applied_Nm,tau2_applied_Nm,mj_hand_speed_norm_fd,mujoco_ee_speed_fd_3d_m_s,mujoco_ee_speed_fd_xz_m_s,mujoco_ee_speed_jac_3d_m_s,mujoco_ee_speed_jac_xz_m_s,bridge_hand_speed_xz,bridge_ee_speed_xz_m_s
0.0,0.0,0.001,0.499,5.002088059159929,54.997385535776786,0.08730290610703366,0.9598854575880106,0.03644350731719041,-0.045631008870626884,0.03644350731719041,-0.045631008870626884,0.03644350731719041,-0.045631008870626884,0.0872621270596054,0.9599174322808262,-0.0043355401110743205,-0.01365631605514956,-0.0043355401110743205,-0.01365631605514956,0.0,0.0,0.0,0.0,0.0,0.0,0.0,0.0,0.0,0.010476155776721298,0.010476155776721298,0.005590395228542051,0.005590395228542051
1.0,0.001,0.001,0.499,5.0062542946495805,54.99219705073698,0.08737562063374152,0.9597949014408755,0.07271452670785386,-0.09055614713501776,0.07271452670785386,-0.09055614713501776,0.07271452670785386,-0.09055614713501776,0.08725345601304893,0.9598901189651243,-0.008671046556467882,-0.027313315701871274,-0.008671046556467882,-0.027313315701871274,0.0,0.0,0.0,0.0,0.0,0.0,0.010476106078891888,0.010476106078891888,0.010476106078891888,0.02095514131203063,0.02095514131203063,0.01118100001213412,0.01118100001213412
2.0,0.002,0.001,0.499,5.012488996850758,54.984474003474226,0.0874844367150334,0.9596601088378532,0.10881608129188691,-0.1347926030222684,0.10881608129188691,-0.1347926030222684,0.10881608129188691,-0.1347926030222684,0.08724044953934691,0.9598491472394296,-0.013006473702024426,-0.04097172569477146,-0.013006473702024426,-0.04097172569477146,0.0,0.0,0.0,0.0,0.0,0.0,0.020954950268094723,0.020954950268094723,0.020954950268094723,0.03143706864222312,0.03143706864222312,0.016772016073633624,0.016772016073633624
3.0,0.003,0.001,0.499,5.020782624261897,54.97425489121348,0.08762918782029143,0.9594817516822722,0.14475110525801735,-0.17835715558102705,0.14475110525801735,-0.17835715558102705,0.14475110525801735,-0.17835715558102705,0.08722310776344112,0.959794514966621,-0.017341775905783664,-0.05463227280852463,-0.017341775905783664,-0.05463227280852463,0.0,0.0,0.0,0.0,0.0,0.0,0.03143665566625813,0.03143665566625813,0.03143665566625813,0.041922027644254914,0.041922027644254914,0.022363645140605497,0.022363645140605497
4.0,0.004,0.001,0.499,5.0311257985889934,54.961577272556156,0.08780971026740701,0.9592604854953898,0.18052244711557666,-0.22126618688241087,0.18052244711557666,-0.22126618688241087,0.18052244711557666,-0.22126618688241087,0.08720143085592784,0.9597262192827719,-0.02167690751328541,-0.0682956838491372,-0.02167690751328541,-0.0682956838491372,0.0,0.0,0.0,0.0,0.0,0.0,0.041921322500810376,0.041921322500810376,0.041921322500810376,0.05241008670618795,0.05241008670618795,0.02795608894743424,0.02795608894743424
5.0,0.005,0.001,0.499,5.043509300014131,54.94647778955559,0.08802584314020108,0.9589969498016809,0.216132872794072,-0.263535693708885,0.216132872794072,-0.263535693708885,0.216132872794072,-0.263535693708885,0.08717541903307496,0.9596442565971067,-0.02601182285287535,-0.08196268566519148,-0.02601182285287535,-0.08196268566519148,0.0,0.0,0.0,0.0,0.0,0.0,0.05240902883531576,0.05240902883531576,0.052409028835315764,0.06290129339184794,0.06290129339184794,0.03354954923742687,0.03354954923742687
6.0,0.006,0.001,0.499,5.057924062633299,54.928992189150684,0.08827742820879897,0.9586917685029274,0.2515850685978958,-0.3051812987535112,0.2515850685978958,-0.3051812987535112,0.2515850685978958,-0.3051812987535112,0.08714507255684395,0.9595486225919476,-0.030346476231012994,-0.09563400515906322,-0.030346476231012994,-0.09563400515906322,0.0,0.0,0.0,0.0,0.0,0.0,0.06289983127207324,0.06289983127207324,0.06289983127207324,0.07339567509904138,0.07339567509904138,0.0391442277649041,0.0391442277649041
7.0,0.007,0.001,0.499,5.0743611700555995,54.90915534398482,0.0885643098528221,0.9583455502415748,0.28688164402313193,-0.3462182613526671,0.28688164402313193,-0.3462182613526671,0.28688164402313193,-0.3462182613526671,0.08711039173491637,0.9594393122226496,-0.03468082192758237,-0.10931036929810621,-0.03468082192758237,-0.10931036929810621,0.0,0.0,0.0,0.0,0.0,0.0,0.07339376564141187,0.07339376564141187,0.07339376564141187,0.08389323971073996,0.08389323971073996,0.04474032629727679,0.04474032629727679
8.0,0.008,0.001,0.499,5.09281185115632,54.88700127263512,0.08888633498726516,0.9579588887538006,0.3220251344430624,-0.38666148777411774,0.3220251344430624,-0.38666148777411774,0.3220251344430624,-0.38666148777411774,0.08707137692072517,0.9593163197175237,-0.03901481419120605,-0.12299250512579726,-0.03901481419120605,-0.12299250512579726,0.0,0.0,0.0,0.0,0.0,0.0,0.08389084768891544,0.08389084768891544,0.08389084768891544,0.09439397623870023,0.09439397623870023,0.05033804661710456,0.05033804661710456
9.0,0.009000000000000001,0.001,0.499,5.113267475976718,54.86256315927663,0.08924335299093379,0.9575323632127195,0.3570180036686404,-0.4265255410811603,0.3570180036686404,-0.4265255410811603,0.3570180036686404,-0.4265255410811603,0.0870280285134906,0.9591796385777509,-0.043348407234562986,-0.1366811397728348,-0.043348407234562986,-0.1366811397728348,0.0,0.0,0.0,0.0,0.0,0.0,0.09439107374667238,0.09439107374667238,0.09439107374667238,0.10489785545904266,0.10489785545904266,0.05593759052413415,0.05593759052413415
10.0,0.01,0.001,0.499,5.135719551763686,54.83587337280453,0.08963521563732367,0.957066538562127,0.3918626463898787,-0.46582465059247946,0.3918626463898787,-0.46582465059247946,0.3918626463898787,-0.46582465059247946,0.08698034695826089,0.9590292615772827,-0.04768155522971085,-0.15037700046818456,-0.04768155522971085,-0.15037700046818456,0.0,0.0,0.0,0.0,0.0,0.0,0.10489442140123707,0.10489442140123707,0.10489442140123707,0.1154048305393655,0.1154048305393655,0.06153915983731415,0.06153915983731415
11.0,0.011,0.001,0.499,5.1601597191427855,54.8069634854363,0.09006177702782747,0.9565619658411707,0.4265613905038014,-0.5045727209563218,0.4265613905038014,-0.5045727209563218,0.4265613905038014,-0.5045727209563218,0.08692833274595747,0.9588651807627326,-0.05201421230341336,-0.1640808145500655,-0.05201421230341336,-0.1640808145500655,0.0,0.0,0.0,0.0,0.0,0.0,0.11540085014620356,0.11540085014620356,0.11540085014620356,0.12591483765701872,0.12591483765701872,0.06714295639678348,0.06714295639678348
12.0,0.012,0.001,0.499,5.186579748418489,54.7758642908152,0.0905228935271618,0.956019182500314,0.4611164993343221,-0.5427833408566326,0.4611164993343221,-0.5427833408566326,0.4611164993343221,-0.5427833408566326,0.086871986413425,0.9586873874532558,-0.0563463325324732,-0.1777933094768695,-0.0563463325324732,-0.1777933094768695,0.0,0.0,0.0,0.0,0.0,0.0,0.12591030202921522,0.12591030202921522,0.12591030202921522,0.13642779660820853,0.13642779660820853,0.07274918206583064,0.07274918206583064
13.0,0.013000000000000001,0.001,0.499,5.2149715359957,54.74260582163499,0.09101842370091094,0.9554387127089462,0.49553017374914565,-0.580469791367885,0.49553017374914565,-0.580469791367885,0.49553017374914565,-0.580469791367885,0.08681130854348593,0.9584958722404178,-0.06067786993907115,-0.19151521283800746,-0.06067786993907115,-0.19151521283800746,0.0,0.0,0.0,0.0,0.0,0.0,0.1364227022843526,0.1364227022843526,0.1364227022843526,0.14694361140764708,0.14694361140764708,0.07835803873282068,0.07835803873282068
14.0,0.014,0.001,0.499,5.245327100916939,54.707217366805125,0.09154822825508947,0.9548210676549718,0.5298045541785341,-0.6176450539744697,0.5298045541785341,-0.6176450539744697,0.5298045541785341,-0.6176450539744697,0.08674629976499981,0.9582906249880531,-0.06500877848611196,-0.20524725236467584,-0.06500877848611196,-0.20524725236467584,0.0,0.0,0.0,0.0,0.0,0.0,0.14693795995682135,0.14693795995682135,0.14693795995682132,0.1574621708785003,0.15746217087850034,0.08396972831308726,0.08396972831308726
15.0,0.015,0.001,0.499,5.2776385815098505,54.66972748817494,0.09211216997763001,0.954166745836702,0.5639417225405385,-0.6543218182697027,0.5639417225405385,-0.6543218182697027,0.5639417225405385,-0.6543218182697027,0.08667696075292723,0.9580716348321126,-0.06933901207257766,-0.2189901559405359,-0.06933901207257766,-0.2189901559405359,0.0,0.0,0.0,0.0,0.0,0.0,0.15745596851532806,0.15745596851532806,0.15745596851532806,0.16798334923242722,0.16798334923242722,0.08958445275078648,0.08958445275078648
16.0,0.016,0.001,0.499,5.311898232139885,54.63016403683419,0.09271011368170708,0.9534762333473533,0.5979437040770708,-0.6905124893487424,0.5979437040770708,-0.6905124893487424,0.5979437040770708,-0.6905124893487424,0.08660329222839834,0.9578388901805003,-0.07366852452888886,-0.23274465161229949,-0.07366852452888886,-0.23274465161229949,0.0,0.0,0.0,0.0,0.0,0.0,0.16797660645476573,0.16797660645476573,0.1679766064547657,0.17850700663953503,0.17850700663953503,0.09520241402070996,0.09520241402070996
17.0,0.017,0.001,0.499,5.34809842006334,54.58855416900672,0.09334192615081205,0.9527500041524444,0.6318124691049751,-0.7262291949089795,0.6318124691049751,-0.7262291949089795,0.6318124691049751,-0.7262291949089795,0.08652529495878607,0.9575923787129,-0.07799726961227471,-0.24651146760021392,-0.07799726961227471,-0.24651146760021392,0.0,0.0,0.0,0.0,0.0,0.0,0.1784997378844227,0.1784997378844227,0.1784997378844227,0.18903298978811275,0.18903298978811275,0.10082381413005365,0.10082381413005365
18.0,0.018000000000000002,0.001,0.499,5.386231622376059,54.54492436155345,0.0940074760854981,0.9519885203603736,0.6655499346860537,-0.7614837920707836,0.6655499346860537,-0.7614837920707836,0.6655499346860537,-0.7614837920707836,0.08644296975778391,0.9573320873805916,-0.08232520100215203,-0.2602913323084392,-0.08232520100215203,-0.2602913323084392,0.0,0.0,0.0,0.0,0.0,0.0,0.1890252131098184,0.1890252131098184,0.1890252131098184,0.1995611324340309,0.1995611324340309,0.10644885512013999,0.10644885512013999
19.0,0.019,0.001,0.499,5.426290423053404,54.49930042709977,0.0947066340517179,0.9511922324864428,0.6991579662198089,-0.7962878739308423,0.6991579662198089,-0.7962878739308423,0.6991579662198089,-0.7962878739308423,0.0863563174854884,0.9570580024062563,-0.0866522722955145,-0.2740849743353104,-0.0866522722955145,-0.2740849743353104,0.0,0.0,0.0,0.0,0.0,0.0,0.19955286919853574,0.19955286919853574,0.19955286919853574,0.2100912559397265,0.21009125593972652,0.11207773906809008,0.11207773906809008
20.0,0.02,0.001,0.499,5.4682675100772595,54.45170752880218,0.09543927243068039,0.9503615797105831,0.7326383789624816,-0.8306527758597185,0.7326383789624816,-0.8306527758597185,0.7326383789624816,-0.8306527758597185,0.08626533904848607,0.9567701092837728,-0.09097843700233238,-0.2878931224834784,-0.09097843700233238,-0.2878931224834784,0.0,0.0,0.0,0.0,0.0,0.0,0.21008253053812764,0.21008253053812764,0.21008253053812764,0.22062316980271893,0.22062316980271893,0.11771066808844284,0.11771066808844284
21.0,0.021,0.001,0.499,5.512155672646043,54.40217019476812,0.09620526537015618,0.9494969901290284,0.7659929394757927,-0.8645895815546739,0.7659929394757927,-0.8645895815546739,0.7659929394757927,-0.8645895815546739,0.08617003539994511,0.9564683927780029,-0.09530364854096342,-0.3017165057699212,-0.09530364854096342,-0.3017165057699212,0.0,0.0,0.0,0.0,0.0,0.0,0.22061400938042014,0.22061400938042014,0.22061400938042014,0.2311566721736259,0.23115667217362593,0.12334784433471833,0.12334784433471833
22.0,0.022,0.001,0.499,5.557947798463872,54.350712332142365,0.09700448873716482,0.9485988810001702,0.7992233670086271,-0.8981091288582629,0.7992233670086271,-0.8981091288582629,0.7992233670086271,-0.8981091288582629,0.08607040753971154,0.9561528369245671,-0.09962786023357581,-0.31555585343581904,-0.09962786023357581,-0.31555585343581904,0.0,0.0,0.0,0.0,0.0,0.0,0.23114710637622582,0.23114710637622582,0.23114710637622582,0.24169155036367126,0.24169155036367126,0.12898947000092215,0.12898947000092215
23.0,0.023,0.001,0.499,5.605636871105248,54.29735724087299,0.09783682007197957,0.9476676589848175,0.8323313348147486,-0.9312220153526835,0.8323313348147486,-0.9312220153526835,0.8323313348147486,-0.9312220153526835,0.08596645651440996,0.9558234250296108,-0.10395102530158375,-0.3294118949562861,-0.10395102530158375,-0.3294118949562861,0.0,0.0,0.0,0.0,0.0,0.0,0.24168161109743502,0.24168161109743502,0.24168161109743502,0.2522275813416981,0.2522275813416981,0.1346357473229875,0.1346357473229875
24.0,0.024,0.001,0.499,5.655215967451723,54.242127627169,0.09870213854338905,0.9467037203810782,0.8653184714094835,-0.9639386037393853,0.8653184714094835,-0.9639386037393853,0.8653184714094835,-0.9639386037393853,0.08585818341754886,0.9554801396695609,-0.10827309686109636,-0.34328536004995097,-0.10827309686109636,-0.34328536004995097,0.0,0.0,0.0,0.0,0.0,0.0,0.2522173025471609,0.2522173025471609,0.25221730254716096,0.2627645322207214,0.2627645322207214,0.14028687858015265,0.14028687858015265
25.0,0.025,0.001,0.499,5.70667825519725,54.18504561666155,0.09960032490515722,0.9457074513540652,0.8981863617681685,-0.9962690270129723,0.8981863617681685,-0.9962690270129723,0.8981863617681685,-0.9962690270129723,0.08574558938963048,0.9551229626908725,-0.1125940279183808,-0.35717697868837883,-0.1125940279183808,-0.35717697868837883,0.0,0.0,0.0,0.0,0.0,0.0,0.26275394966259696,0.26275394966259696,0.262753949662597,0.2733021607340688,0.2733021607340688,0.14594306609626978,0.14594306609626978
26.0,0.026000000000000002,0.001,0.499,5.760016990419001,54.12613276728008,0.10053126145362624,0.9446792281606272,0.9309365484690311,-1.0282231934380008,0.9309365484690311,-1.0282231934380008,0.9309365484690311,-1.0282231934380008,0.08562867561826513,0.9547518752097671,-0.1169137713653401,-0.3710874811053274,-0.1169137713653401,-0.3710874811053274,0.0,0.0,0.0,0.0,0.0,0.0,0.27329131180023997,0.27329131180023997,0.27329131180023997,0.28384021570117934,0.28384021570117934,0.15160451224104282,0.15160451224104282
27.0,0.027,0.001,0.499,5.815225515210641,54.06541008185406,0.10149483198640928,0.9436194173692903,0.9635705327830385,-1.0598107913368626,0.9635705327830385,-1.0598107913368626,0.9635705327830385,-1.0598107913368626,0.08550744333829013,0.9543668576119613,-0.12123227997500678,-0.38501759780582934,-0.12123227997500678,-0.38501759780582934,0.0,0.0,0.0,0.0,0.0,0.0,0.2838291392173271,0.2838291392173271,0.2838291392173271,0.29437843748314085,0.29437843748314085,0.15727141943119063,0.15727141943119063
28.0,0.028,0.001,0.499,5.872297255375137,54.00289802045076,0.10249092176212242,0.9425283760755938,0.9960897757131342,-1.0910412936965461,0.9960897757131342,-1.0910412936965461,0.9960897757131342,-1.0910412936965461,0.08538189383189308,0.9539678895523862,-0.1255495063970528,-0.39896805957509335,-0.1255495063970528,-0.39896805957509335,0.0,0.0,0.0,0.0,0.0,0.0,0.2943671735372911,0.2943671735372911,0.2943671735372911,0.30491655842806453,0.30491655842806453,0.16294399013153282,0.16294399013153282
29.0,0.029,0.001,0.499,5.931225718174344,53.93861651245909,0.10351941746110759,0.9414064521129921,1.0284956989851668,-1.1219239626017055,1.0284956989851668,-1.1219239626017055,1.0284956989851668,-1.1219239626017055,0.08525202842873976,0.953554949954899,-0.12986540315331685,-0.41293959748721604,-0.12986540315331685,-0.41293959748721604,0.0,0.0,0.0,0.0,0.0,0.0,0.30490514820470505,0.30490514820470505,0.30490514820470505,0.3154543033064047,0.3154543033064047,0.1686224268559947,0.1686224268559947
30.0,0.03,0.001,0.499,5.992004490132735,53.872584968428974,0.1045802071471003,0.940253984259491,1.0607896859927066,-1.152467853501109,1.0607896859927066,-1.152467853501109,1.0607896859927066,-1.152467853501109,0.08511784850610642,0.9531280170119852,-0.13417992263334957,-0.42693294291369666,-0.13417992263334957,-0.42693294291369666,0.0,0.0,0.0,0.0,0.0,0.0,0.31544278893369154,0.31544278893369154,0.31544278893369154,0.32599138973634684,0.32599138973634684,0.17430693216852838,0.17430693216852838
31.0,0.031,0.001,0.499,6.054627234892725,53.804822291675414,0.10567318022979814,0.9390713024401768,1.092973082697844,-1.1826818193142112,1.092973082697844,-1.1826818193142112,1.092973082697844,-1.1826818193142112,0.08497935548901644,0.9526870681844535,-0.13849301708997788,-0.44094882753174686,-0.13849301708997788,-0.44094882753174686,0.0,0.0,0.0,0.0,0.0,0.0,0.3259798141410935,0.3259798141410935,0.3259798141410935,0.3365275285993941,0.3365275285993941,0.1799977086839467,0.1799977086839467
32.0,0.032,0.001,0.499,6.1190876911192165,53.73534688965607,0.10679822742828811,0.9378587279257925,1.1250471984899653,-1.212574514384276,1.1250471984899653,-1.212574514384276,1.1250471984899653,-1.212574514384276,0.08483655085038155,0.952232080201121,-0.14280463863488896,-0.4549879833323871,-0.14280463863488896,-0.4549879833323871,0.0,0.0,0.0,0.0,0.0,0.0,0.3365159353726355,0.3365159353726355,0.3365159353726355,0.34706242444629526,0.34706242444629526,0.18569495906866668,0.18569495906866668
33.0,0.033,0.001,0.499,6.185379670451043,53.66417668513077,0.10795524073529252,0.9366165735275083,1.1570133070044057,-1.2421543982841798,1.1570133070044057,-1.2421543982841798,1.1570133070044057,-1.2421543982841798,0.08468943611114732,0.9517630290584927,-0.14711473923423507,-0.4690511426283216,-0.14711473923423507,-0.4690511426283216,0.0,0.0,0.0,0.0,0.0,0.0,0.3470508577155119,0.3470508577155119,0.3470508577155119,0.3575957758934644,0.3575957758934644,0.19139888604135932,0.19139888604135932
34.0,0.034,0.001,0.499,6.253497055497121,53.59132912711111,0.10914411338219532,0.9353451437880276,1.188872646902798,-1.2714297394807388,1.188872646902798,-1.2714297394807388,1.188872646902798,-1.2714297394807388,0.08453801284044306,0.9512798900204311,-0.15142327070425998,-0.48313903806158376,-0.15142327070425998,-0.48313903806158376,0.0,0.0,0.0,0.0,0.0,0.0,0.3575842802057674,0.3575842802057674,0.3575842802057673,0.3681272760100503,0.3681272760100503,0.19710969237350265,0.19710969237350265
35.0,0.035,0.001,0.499,6.323433797875218,53.51682120160781,0.11036473980481216,0.9340447351691644,1.220626422616842,-1.3004086188631432,1.220626422616842,-1.3004086188631432,1.220626422616842,-1.3004086188631432,0.08438228265573611,0.9507826376178202,-0.1557301847069479,-0.49725240261094306,-0.1557301847069479,-0.49725240261094306,0.0,0.0,0.0,0.0,0.0,0.0,0.3681158962222684,0.3681158962222684,0.3681158962222685,0.37865661269582046,0.3786566126958204,0.2028275808898342,0.2028275808898342
36.0,0.036000000000000004,0.001,0.499,6.39518391629134,53.440669442183506,0.11161701560986931,0.9327156362360236,1.252275805057149,-1.329098933140818,1.252275805057149,-1.329098933140818,1.252275805057149,-1.329098933140818,0.08422224722299042,0.9502712456482212,-0.1600354327456961,-0.5113919695990652,-0.1600354327456961,-0.5113919695990652,0.0,0.0,0.0,0.0,0.0,0.0,0.3786453938692295,0.3786453938692295,0.3786453938692295,0.3891834690500328,0.3891834690500328,0.20855275446870017,0.20855275446870017
37.0,0.037,0.001,0.499,6.468741494657815,53.362889940317906,0.11290083754215804,0.9313581278379078,1.2838219322887316,-1.3575083981157954,1.2838219322887316,-1.3575083981157954,1.2838219322887316,-1.3575083981157954,0.0840579082568294,0.9497456871755218,-0.164338966161012,-0.525558472699417,-0.164338966161012,-0.525558472699417,0.0,0.0,0.0,0.0,0.0,0.0,0.3891724563584774,0.3891724563584774,0.3891724563584774,0.3997075237314727,0.3997075237314727,0.21428541604229692,0.21428541604229692
38.0,0.038,0.001,0.499,6.544100680248254,53.2834983555925,0.11421610345233268,0.9299724832860734,1.3152659101746416,-1.3856445518344527,1.3152659101746416,-1.3856445518344527,1.3152659101746416,-1.3856445518344527,0.08388926752070316,0.9492059345295789,-0.16864073612623603,-0.5397526459429067,-0.16864073612623603,-0.5397526459429067,0.0,0.0,0.0,0.0,0.0,0.0,0.3996967623688716,0.3996967623688716,0.39969676236887164,0.410228451309835,0.410228451309835,0.22002576859680323,0.22002576859680323
39.0,0.039,0.001,0.499,6.621255681887656,53.20250992570122,0.11556271226532187,0.9285589685284501,1.3466088129891882,-1.4135147576232545,1.3466088129891882,-1.4135147576232545,1.3466088129891882,-1.4135147576232545,0.08371632682705987,0.9486519593058547,-0.17294069364329095,-0.5539752237242509,-0.17294069364329095,-0.5539752237242509,0.0,0.0,0.0,0.0,0.0,0.0,0.410217986408474,0.410217986408474,0.41021798640847407,0.42074592260863897,0.42074592260863897,0.2257740151723974,0.2257740151723974
40.0,0.04,0.001,0.499,6.70020076817597,53.11993947629369,0.11694056394932398,0.9271178423214371,1.3778516840021051,-1.441126207012931,1.3778516840021051,-1.441126207012931,1.3778516840021051,-1.441126207012931,0.08353908803752141,0.9480837323650466,-0.17723878953845912,-0.5682269408080592,-0.17723878953845912,-0.5682269408080592,0.0,0.0,0.0,0.0,0.0,0.0,0.42073579916252074,0.42073579916252074,0.4207357991625208,0.43125960503986976,0.43125960503986976,0.23153035886315793,0.23153035886315793
41.0,0.041,0.001,0.499,6.780930265743547,53.03580143065689,0.11834955948535894,0.9256493563988818,1.4089955360349666,-1.4684859225553295,1.4089955360349666,-1.4684859225553295,1.4089955360349666,-1.4684859225553295,0.08335755306306322,0.947501223832712,-0.1815349744581885,-0.5825085323346273,-0.1815349744581885,-0.5825085323346273,0.0,0.0,0.0,0.0,0.0,0.0,0.43124986783375063,0.43124986783375063,0.4312498678337507,0.44176916293053237,0.44176916293053237,0.23729500281684274,0.23729500281684274
42.0,0.042,0.001,0.499,6.863438557536949,52.95010981924156,0.11978960083735005,0.9241537556383448,1.440041351991102,-1.4956007605369936,1.440041351991102,-1.4956007605369936,1.440041351991102,-1.4956007605369936,0.0831717238641983,0.9469044030988866,-0.1858291988649289,-0.5968207338254287,-0.1858291988649289,-0.5968207338254287,0.0,0.0,0.0,0.0,0.0,0.0,0.4417598564723834,0.4417598564723834,0.4417598564723834,0.4522742578413206,0.4522742578413206,0.2430681502345449,0.2430681502345449
43.0,0.043000000000000003,0.001,0.499,6.947720081133678,52.86287828903867,0.12126059092271024,0.9226312782247514,1.4709900853601932,-1.522477413593344,1.4709900853601932,-1.522477413593344,1.4709900853601932,-1.522477413593344,0.0829816024511653,0.9462932388176982,-0.1901214130329993,-0.6111642811882961,-0.1901214130329993,-0.6111642811882961,0.0,0.0,0.0,0.0,0.0,0.0,0.452265426302513,0.452265426302513,0.452265426302513,0.4627745488775966,0.4627745488775966,0.2488500043702192,0.2488500043702192
44.0,0.044,0.001,0.499,7.0337693270844115,52.77412011281164,0.12276243358340894,0.9210821558115243,1.5018426606986937,-1.5491224132271768,1.5018426606986937,-1.5491224132271768,1.5018426606986937,-1.5491224132271768,0.08278719088412081,0.945667698906976,-0.19441156704448762,-0.6255399107222825,-0.19441156704448762,-0.6255399107222825,0.0,0.0,0.0,0.0,0.0,0.0,0.46276623603653727,0.46276623603653727,0.46276623603653727,0.47326969299287924,0.47326969299287924,0.25464076853007817,0.25464076853007817
45.0,0.045,0.001,0.499,7.1215808372814635,52.68384819818953,0.12429503355749608,0.9195066136792893,1.5325999740871468,-1.5755421322350274,1.5325999740871468,-1.5755421322350274,1.5325999740871468,-1.5755421322350274,0.08258849127333563,0.9450277505478538,-0.1986996107851844,-0.6399483591221918,-0.1986996107851844,-0.6399483591221918,0.0,0.0,0.0,0.0,0.0,0.0,0.47326194218232126,0.47326194218232126,0.47326194218232126,0.48375934528504544,0.48375934528504544,0.26044064607185247,0.26044064607185247
46.0,0.046,0.001,0.499,7.211149203352173,52.59207509662634,0.12585829645106153,0.9179048708922445,1.5632628935654425,-1.6017427870448078,1.5632628935654425,-1.6017427870448078,1.5632628935654425,-1.6017427870448078,0.08238550577939507,0.944373360184371,-0.20298549394055126,-0.6543903634827694,-0.20298549394055126,-0.6543903634827694,0.0,0.0,0.0,0.0,0.0,0.0,0.4837521993451056,0.4837521993451056,0.4837521993451056,0.4942431592854423,0.4942431592854423,0.2662498404039126,0.2662498404039126
47.0,0.047,0.001,0.499,7.302469065076014,52.498813012231196,0.12745212871060851,0.9162771404522765,1.5938322595469967,-1.6277304399679775,1.5938322595469967,-1.6277304399679775,1.5938322595469967,-1.6277304399679775,0.08217823661340334,0.9437044935230685,-0.207269165991726,-0.6688666613025421,-0.207269165991726,-0.6688666613025421,0.0,0.0,0.0,0.0,0.0,0.0,0.4942366605201095,0.4942366605201095,0.4942366605201095,0.5047207872411149,0.5047207872411149,0.2720685549842477,0.2720685549842477
48.0,0.048,0.001,0.499,7.395535108824308,52.40407381047428,0.12907643759582133,0.9146236294509071,1.6243088852127994,-1.6535110013693743,1.6243088852127994,-1.6535110013693743,1.6243088852127994,-1.6535110013693743,0.08196668603719177,0.9430211155325812,-0.21155057621156512,-0.6833779904872979,-0.21155057621156512,-0.6833779904872979,0.0,0.0,0.0,0.0,0.0,0.0,0.504714977376387,0.504714977376387,0.504714977376387,0.5151918803903514,0.5151918803903514,0.2778969933192985,0.2778969933192985
49.0,0.049,0.001,0.499,7.490342066021379,52.30786902677292,0.13073113115270754,0.9129445392191494,1.6546935568862287,-1.6790902317577063,1.6546935568862287,-1.6790902317577063,1.6546935568862287,-1.6790902317577063,0.08175085636353105,0.942323190443228,-0.21582967366072564,-0.6979250893531932,-0.21582967366072564,-0.6979250893531932,0.0,0.0,0.0,0.0,0.0,0.0,0.5151868005404058,0.5151868005404058,0.5151868005404058,0.5256560892317457,0.5256560892317457,0.2837353589626397,0.2837353589626397
50.0,0.05,0.001,0.499,7.586884711626162,52.210209874962345,0.13241611818709703,0.9112400654753499,1.684987034389497,-1.704473743799583,1.684987034389497,-1.704473743799583,1.684987034389497,-1.704473743799583,0.08153074995634726,0.9416106817465985,-0.22010640718378763,-0.7125086966294794,-0.22010640718378763,-0.7125086966294794,0.0,0.0,0.0,0.0,0.0,0.0,0.5256517798642671,0.5256517798642671,0.5256517798642673,0.5361130637869805,0.5361130637869805,0.2895838555135085,0.2895838555135085
51.0,0.051000000000000004,0.001,0.499,7.685157862633208,52.11110725565522,0.13413130823847957,0.90951039847109,1.7151900513825475,-1.7296670042598496,1.7151900513825475,-1.7296670042598496,1.7151900513825475,-1.7296670042598496,0.08130636923094185,0.9408835521951376,-0.22438072540541856,-0.7271295514608346,-0.22438072540541856,-0.7271295514608346,0.0,0.0,0.0,0.0,0.0,0.0,0.5361095646922482,0.5361095646922482,0.5361095646922482,0.5465624538575308,0.5465624538575308,0.2954426866151756,0.2954426866151756
52.0,0.052000000000000005,0.001,0.499,7.785156376592157,52.01057176449412,0.13587661155416475,0.9077557231352191,1.7453033156851896,-1.7546753358708802,1.7453033156851896,-1.7546753358708802,1.7453033156851896,-1.7546753358708802,0.08107771665421527,0.9401417638017283,-0.22865257672658157,-0.7417883934092927,-0.22865257672658157,-0.7417883934092927,0.0,0.0,0.0,0.0,0.0,0.0,0.5465598041230498,0.5465598041230498,0.5465598041230498,0.557003909275486,0.557003909275486,0.3013120559531536,0.3013120559531536
53.0,0.053,0.001,0.499,7.886875150144748,51.90861370030078,0.13765193906374798,0.9059762192160857,1.7753275095832235,-1.7795039191333815,1.7753275095832235,-1.7795039191333815,1.7753275095832235,-1.7795039191333815,0.08084479474489449,0.9393852778392725,-0.2329219093207887,-0.7564859624557562,-0.2329219093207887,-0.7564859624557562,0.0,0.0,0.0,0.0,0.0,0.0,0.5570021472610683,0.5570021472610683,0.5570021472610683,0.5674370801486898,0.5674370801486897,0.3071921672532408,0.3071921672532408
54.0,0.054,0.001,0.499,7.990309117578483,51.80524307312602,0.13945720235386724,0.9041720614220345,1.8052632901192756,-1.8041577940511628,1.8052632901192756,-1.8041577940511628,1.8052632901192756,-1.8041577940511628,0.08060760607376409,0.9386140548402714,-0.2371886711304012,-0.7712229990010814,-0.2371886711304012,-0.7712229990010814,0.0,0.0,0.0,0.0,0.0,0.0,0.5674362434633471,0.5674362434633471,0.5674362434633471,0.5778616171003922,0.5778616171003922,0.31308322427939445,0.31308322427939445
55.0,0.055,0.001,0.499,8.095453249396138,51.700469612203804,0.14129231364323627,0.9023434195602323,1.8351112893690278,-1.8286418618022364,1.8351112893690278,-1.8286418618022364,1.8351112893690278,-1.8286418618022364,0.08036615326390112,0.9378280545964046,-0.2414528098629781,-0.7860002438667258,-0.2414528098629781,-0.7860002438667258,0.0,0.0,0.0,0.0,0.0,0.0,0.5778617425848437,0.5778617425848437,0.5778617425848438,0.5882771715036097,0.5882771715036097,0.3189854308314304,0.3189854308314304
56.0,0.056,0.001,0.499,8.202302550900287,51.59430277381321,0.1431571857579398,0.9004904586738838,1.8648721147035021,-1.8529608863485196,1.8648721147035021,-1.8529608863485196,1.8648721147035021,-1.8529608863485196,0.08012043899091344,0.9370272361581097,-0.24571427298767531,-0.8008184382949438,-0.24571427298767531,-0.8008184382949438,0.0,0.0,0.0,0.0,0.0,0.0,0.5882782952121596,0.5882782952121596,0.5882782952121596,0.5986833957103832,0.5986833957103833,0.32489899074254475,0.32489899074254475
57.0,0.057,0.001,0.499,8.310852060792085,51.48675174905147,0.1450517321069778,0.8986133391778974,1.8945463490380268,-1.8771194959863362,1.8945463490380268,-1.8771194959863362,1.8945463490380268,-1.8771194959863362,0.07987046598318175,0.9362115578341612,-0.24997300773169662,-0.8156783239485191,-0.24997300773169662,-0.8156783239485191,0.0,0.0,0.0,0.0,0.0,0.0,0.5986855528963199,0.5986855528963199,0.5986855528963199,0.6090799432761249,0.6090799432761249,0.3308241078766541,0.3308241078766541
58.0,0.058,0.001,0.499,8.421096849783607,51.37782547152146,0.1469758666580463,0.8967122169930576,1.9241345510684884,-1.9011221848398292,1.9241345510684884,-1.9011221848398292,1.9241345510684884,-1.9011221848398292,0.07961623702210495,0.9353809771912512,-0.25422896107679843,-0.8305806429100226,-0.25422896107679843,-0.8305806429100226,0.0,0.0,0.0,0.0,0.0,0.0,0.6090831683790502,0.6090831683790502,0.6090831683790502,0.6194664691792401,0.6194664691792401,0.3367609861255488,0.3367609861255488
59.0,0.059000000000000004,0.001,0.499,8.533032019223018,51.2675326249368,0.14892950391354173,0.8947872436787583,1.9536372554954458,-1.9249733142993264,1.9536372554954458,-1.9249733142993264,1.9536372554954458,-1.9249733142993264,0.0793577549423491,0.9345354510535706,-0.25848207975585047,-0.845526137680581,-0.25848207975585047,-0.845526137680581,0.0,0.0,0.0,0.0,0.0,0.0,0.6194707958130711,0.6194707958130711,0.6194707958130711,0.6298426300362094,0.6298426300362094,0.34270982940585576,0.34270982940585576
60.0,0.06,0.001,0.499,8.646652699731908,51.155881650647565,0.1509125588867784,0.8928385665643517,1.9830549732366567,-1.9486771144066308,1.9830549732366567,-1.9486771144066308,1.9830549732366567,-1.9486771144066308,0.07909502263209965,0.9336749355023924,-0.2627323102494539,-0.8605155511781448,-0.2627323102494539,-0.8605155511781448,0.0,0.0,0.0,0.0,0.0,0.0,0.6298480909815452,0.6298480909815452,0.629848090981545,0.6402080843123107,0.6402080843123107,0.34867084165580753,0.34867084165580753
61.0,0.061,0.001,0.499,8.761954049854188,51.04288075508958,0.15292494707840695,0.8908663288791625,2.0123881916285504,-1.9722376851891412,2.0123881916285504,-1.9722376851891412,2.0123881916285504,-1.9722376851891412,0.07882804303331703,0.9327993858756572,-0.26697959878261934,-0.8755496267352417,-0.26697959878261934,-0.8755496267352417,0.0,0.0,0.0,0.0,0.0,0.0,0.6402147115084336,0.6402147115084336,0.6402147115084336,0.6505624925281606,0.6505624925281606,0.35464422683181074,0.35464422683181074
62.0,0.062,0.001,0.499,8.878931254715921,50.92853791716004,0.1549665844530241,0.8888706698812179,2.0416373746171486,-1.9956589979446477,2.0416373746171486,-1.9956589979446477,2.0416373746171486,-1.9956589979446477,0.07855681914199553,0.931908756767561,-0.2712238913215063,-0.8906291080962027,-0.2712238913215063,-0.8906291080962027,0.0,0.0,0.0,0.0,0.0,0.0,0.6505703170658375,0.6505703170658375,0.6505703170658376,0.6609055174622476,0.6609055174622476,0.36063018890481263,0.36063018890481263
63.0,0.063,0.001,0.499,8.997579524695507,50.81286089552234,0.15703738741596304,0.8868517249847393,2.070802962938925,-2.0189448964785863,2.070802962938925,-2.0189448964785863,2.070802962938925,-2.0189448964785863,0.0782813540084253,0.9310030020281471,-0.27546513357022673,-0.9057547394138461,-0.27546513357022673,-0.9057547394138461,0.0,0.0,0.0,0.0,0.0,0.0,0.660914569581756,0.660914569581756,0.660914569581756,0.6712368243496328,0.6712368243496328,0.36662893185645856,0.36662893185645856
64.0,0.064,0.001,0.499,9.117894094103692,50.695857235842546,0.1591372727902551,0.8848096258864439,2.0998853742920707,-2.0420990982954863,2.0998853742920707,-2.0420990982954863,2.0998853742920707,-2.0420990982954863,0.07800165073745759,0.9300820747629015,-0.27970327096771413,-0.9209272652456069,-0.27970327096771413,-0.9209272652456069,0.0,0.0,0.0,0.0,0.0,0.0,0.671247133435065,0.671247133435065,0.671247133435065,0.6815560810769803,0.6815560810769803,0.3726406596750373,0.3726406596750373
65.0,0.065,0.001,0.499,9.239870219872856,50.577534277960154,0.16126615779375372,0.8827445006906975,2.1288850034986107,-2.065125195746287,2.1288850034986107,-2.065125195746287,2.1288850034986107,-2.065125195746287,0.07771771248877292,0.9291459273323524,-0.28393824868466117,-0.9361474305490957,-0.28393824868466117,-0.9361474305490957,0.0,0.0,0.0,0.0,0.0,0.0,0.6815676756564452,0.6815676756564452,0.6815676756564452,0.6918629583740844,0.6918629583740844,0.37866557635120984,0.37866557635120984
66.0,0.066,0.001,0.499,9.363503180255096,50.457899162995616,0.16342396001641152,0.8806564740335644,2.157802222657806,-2.088026657133156,2.157802222657806,-2.088026657133156,2.157802222657806,-2.088026657133156,0.07742954247715239,0.9281945113516753,-0.2881700116205277,-0.9514159806770744,-0.2881700116205277,-0.9514159806770744,0.0,0.0,0.0,0.0,0.0,0.0,0.691875866118491,0.691875866118491,0.691875866118491,0.7021571300020534,0.7021571300020534,0.38470388587351606,0.38470388587351606
67.0,0.067,0.001,0.499,9.488788273528623,50.3369588403968,0.16561059739770279,0.878545667205791,2.186637381291256,-2.1108068277733993,2.186637381291256,-2.1108068277733993,2.186637381291256,-2.1108068277733993,0.07713714397275177,0.9272277776903035,-0.29239850440062126,-0.9667336613718325,-0.29239850440062126,-0.9667336613718325,0.0,0.0,0.0,0.0,0.0,0.0,0.7021713777253543,0.7021713777253543,0.7021713777253543,0.7124382729383044,0.7124382729383044,0.39075579222365575,0.39075579222365575
68.0,0.068,0.001,0.499,9.615720816712017,50.21472007492684,0.16782598820418287,0.876412198274767,2.2153908064800936,-2.1334689310240003,2.2153908064800936,-2.1334689310240003,2.2153908064800936,-2.1334689310240003,0.07684052030137851,0.9262456764715445,-0.2966236713732534,-0.982101218758949,-0.2966236713732534,-0.982101218758949,0.0,0.0,0.0,0.0,0.0,0.0,0.7124538866001082,0.7124538866001082,0.7124538866001081,0.7227060675585198,0.7227060675585198,0.3968214993715384,0.3968214993715384
69.0,0.069,0.001,0.499,9.744296144285908,50.09118945359538,0.17007005100717754,0.8742561822054987,2.244062802994669,-2.1560160692682984,2.244062802994669,-2.1560160692682984,2.244062802994669,-2.1560160692682984,0.07653967484477155,0.9252481570722041,-0.300845456606973,-0.9975193993404258,-0.300845456606973,-0.9975193993404258,0.0,0.0,0.0,0.0,0.0,0.0,0.7227230722660611,0.7227230722660611,0.7227230722660611,0.7329601978157171,0.7329601978157171,0.4029012112700968,0.4029012112700968
70.0,0.07,0.001,0.499,9.874509606921695,49.96637339253544,0.17234270466059462,0.8720777309806325,2.2726536534170796,-2.1784512248662726,2.2726536534170796,-2.1784512248662726,2.2726536534170796,-2.1784512248662726,0.07623461104088367,0.924235168122217,-0.30506380388788035,-1.0129889499871756,-0.30506380388788035,-1.0129889499871756,0.0,0.0,0.0,0.0,0.0,0.0,0.7329786178274371,0.7329786178274371,0.7329786178274371,0.7432003514165669,0.7432003514165669,0.4089951318498611,0.4089951318498611
71.0,0.07100000000000001,0.001,0.499,10.00635657021687,49.840278143827774,0.17464386827885153,0.8698769537195626,2.3011636182569135,-2.200777261069866,2.3011636182569135,-2.200777261069866,2.3011636182569135,-2.200777261069866,0.07592533238416664,0.9232066575042861,-0.3092786567170238,-1.0285106179308485,-0.3092786567170238,-1.0285106179308485,0.0,0.0,0.0,0.0,0.0,0.0,0.7432202101471637,0.7432202101471637,0.7432202101471636,0.7534262199951044,0.7534262199951045,0.4151034650132864,0.4151034650132864
72.0,0.07200000000000001,0.001,0.499,10.139832413436629,49.712909802274766,0.1769734612149121,0.8676539567966579,2.3295929360605454,-2.2229969229047533,2.3295929360605454,-2.2229969229047533,2.3295929360605454,-2.2229969229047533,0.07561184242585876,0.9221625723535312,-0.31348995830788223,-1.0440851507549815,-0.31348995830788223,-1.0440851507549815,0.0,0.0,0.0,0.0,0.0,0.0,0.7534475400206818,0.7534475400206818,0.7534475400206818,0.7636374992839635,0.7636374992839635,0.42122641462883115,0.42122641462883115
73.0,0.073,0.001,0.499,10.274932528261381,49.584274312125594,0.1793314030384264,0.865408843958638,2.357941823514322,-2.245112838019923,2.357941823514322,-2.245112838019923,2.357941823514322,-2.245112838019923,0.07529414477427483,0.9211028590571457,-0.31769765158393526,-1.059713296385454,-0.31769765158393526,-1.059713296385454,0.0,0.0,0.0,0.0,0.0,0.0,0.7636603023479809,0.7636603023479809,0.7636603023479809,0.773833889283259,0.7738338892832589,0.427364184524779,0.427364184524779
74.0,0.074,0.001,0.499,10.41165231753984,49.4543774737545,0.18171761351396837,0.8631417164411316,2.3862104755419598,-2.26712751750643,2.3862104755419598,-2.26712751750643,2.3862104755419598,-2.26712751750643,0.0749722430950985,0.9200274632540655,-0.3219016791763254,-1.075395803080232,-0.3219016791763254,-1.075395803080232,0.0,0.0,0.0,0.0,0.0,0.0,0.7738581963034279,0.7738581963034279,0.7738581963034279,0.784015094427247,0.784015094427247,0.433516978482801,0.433516978482801
75.0,0.075,0.001,0.499,10.54998719404739,49.32322495029389,0.18413201257936485,0.8608526730844449,2.4143990653964678,-2.2890433566866304,2.4143990653964678,-2.2890433566866304,2.4143990653964678,-2.2890433566866304,0.07464614111167689,0.9189363298346471,-0.3261019834216135,-1.0911334194183837,-0.3261019834216135,-1.0911334194183837,0.0,0.0,0.0,0.0,0.0,0.0,0.7840409255031596,0.7840409255031596,0.7840409255031596,0.7941808237488724,0.7941808237488724,0.4396850002312516,0.4396850002312516
76.0,0.076,0.001,0.499,10.689932579249405,49.19082227422377,0.18657452032411176,0.8585418104485697,2.4425077447468997,-2.310862635875209,2.4425077447468997,-2.310862635875209,2.4425077447468997,-2.310862635875209,0.07431584260531726,0.9178294029403588,-0.33029850635963176,-1.10692689428835,-0.33029850635963176,-1.10692689428835,0.0,0.0,0.0,0.0,0.0,0.0,0.7942081981700325,0.7942081981700325,0.7942081981700325,0.804330791042322,0.804330791042322,0.4458684534381949,0.4458684534381949
77.0,0.077,0.001,0.499,10.83148390206928,49.05717485391909,0.189045056967872,0.8562092229274564,2.470536643760233,-2.3325875211132767,2.470536643760233,-2.3325875211132767,2.470536643760233,-2.3325875211132767,0.07398135141558583,0.9167066259634833,-0.3344911897314365,-1.1227769768754494,-0.3344911897314365,-1.1227769768754494,0.0,0.0,0.0,0.0,0.0,0.0,0.8043597272970119,0.8043597272970119,0.8043597272970118,0.8144647150236858,0.8144647150236858,0.45206754170415336,0.45206754170415336
78.0,0.078,0.001,0.499,10.974636597660885,48.92228798015663,0.19154354283905065,0.8538550028625795,2.4984858711786604,-2.3542200648768006,2.4984858711786604,-2.3542200648768006,2.4984858711786604,-2.3542200648768006,0.07364267144060846,0.9155679415468347,-0.33867997497736435,-1.1386844166486023,-0.33867997497736435,-1.1386844166486023,0.0,0.0,0.0,0.0,0.0,0.0,0.8144952308082855,0.8144952308082855,0.8144952308082855,0.8245823194898289,0.8245823194898289,0.45828246855457644,0.45828246855457644
79.0,0.079,0.001,0.499,11.11938610618518,48.786166832582566,0.1940698983534432,0.8514792406558189,2.526355514392576,-2.3757622067606183,2.526355514392576,-2.3757622067606183,2.526355514392576,-2.3757622067606183,0.07329980663737326,0.9144132915834885,-0.342864803235195,-1.154649963346252,-0.342864803235195,-1.154649963346252,0.0,0.0,0.0,0.0,0.0,0.0,0.8246144317183771,0.8246144317183771,0.8246144317183771,0.8346833334755679,0.834683333475568,0.4645134374320223,0.4645134374320223
80.0,0.08,0.001,0.499,11.26572787159082,48.648816486142195,0.19662404399295275,0.8490820248816796,2.554145639509534,-2.3972157741392666,2.554145639509534,-2.3972157741392666,2.554145639509534,-2.3972157741392666,0.07295276102203484,0.913242617216527,-0.3470456153384237,-1.1706743669614659,-0.3470456153384237,-1.1706743669614659,0.0,0.0,0.0,0.0,0.0,0.0,0.834717058290649,0.834717058290649,0.8347170582906491,0.8447674914092406,0.8447674914092406,0.4707606516880462,0.4707606516880462
81.0,0.081,0.001,0.499,11.413657340398451,48.51024191747315,0.19920590028437218,0.8466634423988738,2.5818562914194407,-2.418582482805846,2.5818562914194407,-2.418582482805846,2.5818562914194407,-2.418582482805846,0.07260153867022019,0.9120558588388008,-0.3512223518146467,-1.186758377726198,-0.3512223518146467,-1.186758377726198,0.0,0.0,0.0,0.0,0.0,0.0,0.8448028441912973,0.8448028441912973,0.8448028441912973,0.8548345332667522,0.8548345332667521,0.4770243145747933,0.4770243145747933
82.0,0.082,0.001,0.499,11.563169960488585,48.370448011263065,0.20181538777822844,0.8442235784612837,2.6094874938562533,-2.439863937590138,2.6094874938562533,-2.439863937590138,2.6094874938562533,-2.439863937590138,0.07224614371733613,0.9108529560927061,-0.355394952884064,-1.2029027460946895,-0.355394952884064,-1.2029027460946895,0.0,0.0,0.0,0.0,0.0,0.0,0.8548715286477351,0.8548715286477351,0.8548715286477351,0.8648842047241717,0.8648842047241717,0.4833046292362857,0.4833046292362857
83.0,0.083,0.001,0.499,11.714261179892786,48.22943956657305,0.20445242702768487,0.8417625168283266,2.6370392494564365,-2.461061632957166,2.6370392494564365,-2.461061632957166,2.6370392494564365,-2.461061632957166,0.07188658035887803,0.9096338478699801,-0.35956335845810167,-1.21910822272599,-0.35956335845810167,-1.21910822272599,0.0,0.0,0.0,0.0,0.0,0.0,0.8649228565962718,0.8649228565962718,0.8649228565962719,0.8749162573089515,0.8749162573089516,0.4896017986994025,0.4896017986994025
84.0,0.084,0.001,0.499,11.866926445588057,48.08722130312785,0.2071169385674993,0.8392803398747392,2.664511539814434,-2.482176953587416,2.664511539814434,-2.482176953587416,2.664511539814434,-2.482176953587416,0.07152285285073987,0.9083984723115146,-0.3637275081381589,-1.2353755584655775,-0.3637275081381589,-1.2353755584655775,0.0,0.0,0.0,0.0,0.0,0.0,0.8749565788387728,0.8749565788387728,0.8749565788387728,0.8849304485498313,0.8849304485498313,0.495916025864544,0.495916025864544
85.0,0.085,0.001,0.499,12.021161202294245,47.94379786757381,0.2098088428930347,0.8367771286997993,2.69190432553541,-2.5032111749398847,2.69190432553541,-2.5032111749398847,2.69190432553541,-2.5032111749398847,0.07115496550952538,0.9071467668071885,-0.36788734121448236,-1.2517055043260563,-0.36788734121448236,-1.2517055043260563,0.0,0.0,0.0,0.0,0.0,0.0,0.8849724521892617,0.8849724521892617,0.8849724521892616,0.894926542125476,0.8949265421254761,0.5022475134959763,0.5022475134959763
86.0,0.08600000000000001,0.001,0.499,12.176960891274325,47.79917383970543,0.2125280604393202,0.8342529632360001,2.719217546285501,-2.52416546379916,2.719217546285501,-2.52416546379916,2.719217546285501,-2.52416546379916,0.07078292271286021,0.9058786679957216,-0.37204279666517204,-1.2680988114669105,-0.37204279666517204,-1.2680988114669105,0.0,0.0,0.0,0.0,0.0,0.0,0.8949702396248779,0.8949702396248779,0.8949702396248779,0.9049043080119127,0.9049043080119127,0.5085964642118488,0.5085964642118488
87.0,0.08700000000000001,0.001,0.499,12.334320949137421,47.65335373866149,0.21527451156016003,0.8317079223571924,2.746451120839833,-2.545040878807714,2.746451120839833,-2.545040878807714,2.746451120839833,-2.545040878807714,0.0704067288997049,0.9045941117645483,-0.37619381315532313,-1.284556231173292,-0.37619381315532313,-1.284556231173292,0.0,0.0,0.0,0.0,0.0,0.0,0.9049497104331834,0.9049497104331834,0.9049497104331834,0.9148635226287876,0.9148635226287875,0.5149630804738797,0.5149630804738797
88.0,0.088,0.001,0.499,12.493236806644491,47.50634202909135,0.21804811650728856,0.8291420839862078,2.7736049471285393,-2.56583837098459,2.7736049471285393,-2.56583837098459,2.7736049471285393,-2.56583837098459,0.07002638857066859,0.9032930332497144,-0.3803403290363073,-1.3010785148338198,-0.3803403290363073,-1.3010785148338198,0.0,0.0,0.0,0.0,0.0,0.0,0.9149106403582292,0.9149106403582292,0.9149106403582292,0.9248039689844924,0.9248039689844922,0.5213475645767036,0.5213475645767036
89.0,0.089,0.001,0.499,12.653703887516526,47.35814312729239,0.2208487954095696,0.8265555252019762,2.8006789022810277,-2.586558784231675,2.8006789022810277,-2.586558784231675,2.8006789022810277,-2.586558784231675,0.0696419062883234,0.901975366835797,-0.3844822823451979,-1.317666413917367,-0.3844822823451979,-1.317666413917367,0.0,0.0,0.0,0.0,0.0,0.0,0.9248528117460519,0.9248528117460519,0.9248528117460519,0.9347254368201809,0.9347254368201809,0.5277501186368743,0.5277501186368743
90.0,0.09,0.001,0.499,12.815717607245206,47.208761407318946,0.22367646825223833,0.8239483223461475,2.8276728426687323,-2.6072028558287403,2.8276728426687323,-2.6072028558287403,2.8276728426687323,-2.6072028558287403,0.06925328667751905,0.9006410461558483,-0.388619610804343,-1.3343206799488148,-0.388619610804343,-1.3343206799488148,0.0,0.0,0.0,0.0,0.0,0.0,0.93477601368872,0.93477601368872,0.93477601368872,0.9446277227526941,0.9446277227526941,0.534170944581517,0.534170944581517
91.0,0.091,0.001,0.499,12.97927337190593,47.05820120706356,0.22653105485618494,0.821320551129229,2.8545866039465975,-2.627771216918448,2.8545866039465975,-2.627771216918448,2.8545866039465975,-2.627771216918448,0.06886053442569796,0.8992900040913645,-0.39275225182109136,-1.351042064483745,-0.39275225182109136,-1.351042064483745,0.0,0.0,0.0,0.0,0.0,0.0,0.9446800421692194,0.9446800421692194,0.9446800421692194,0.9545106304164068,0.9545106304164068,0.5406102441366242,0.5406102441366242
92.0,0.092,0.001,0.499,13.14436657697317,46.90646683431089,0.22941247485727848,0.8186722867362465,2.881420001093528,-2.648264392982515,2.881420001093528,-2.648264392982515,2.881420001093528,-2.648264392982515,0.06846365428321029,0.8979221727722825,-0.3968801424876752,-1.3678313190820526,-0.3968801424876752,-1.3678313190820526,0.0,0.0,0.0,0.0,0.0,0.0,0.954564700201117,0.954564700201117,0.954564700201117,0.9643739706039939,0.9643739706039939,0.5470682188149885,0.5470682188149885
93.0,0.093,0.001,0.499,13.310992606138095,46.75356257276478,0.23232064768573052,0.8160036039319363,2.9081728284520483,-2.668682804310238,2.9081728284520483,-2.668682804310238,2.9081728284520483,-2.668682804310238,0.06806265106362903,0.896537483577002,-0.4010032195812544,-1.384689195280446,-0.4010032195812544,-1.384689195280446,0.0,0.0,0.0,0.0,0.0,0.0,0.9644297979699684,0.9644297979699684,0.9644297979699684,0.9742175614061181,0.9742175614061181,0.5535450699037657,0.5535450699037657
94.0,0.094,0.001,0.499,13.479146830128432,46.599492688048876,0.23525549254549794,0.8133145771654757,2.934844859767417,-2.6890267664605916,2.934844859767417,-2.6890267664605916,2.934844859767417,-2.6890267664605916,0.0676575296440649,0.8951358671324382,-0.40512141956412717,-1.4016164445638184,-0.40512141956412717,-1.4016164445638184,0.0,0.0,0.0,0.0,0.0,0.0,0.9742751529753173,0.9742751529753173,0.9742751529753173,0.98404122835002,0.98404122835002,0.5600409984516626,0.5600409984516626
95.0,0.095,0.001,0.499,13.648824605530551,46.44426143368106,0.23821692839372435,0.8106052806747566,2.9614358482264294,-2.7092964907191175,2.9614358482264294,-2.7092964907191175,2.9614358482264294,-2.7092964907191175,0.06724829496548079,0.8937172533141028,-0.4092346785841118,-1.418613818335455,-0.4092346785841118,-1.418613818335455,0.0,0.0,0.0,0.0,0.0,0.0,0.9841005901655413,0.9841005901655413,0.9841005901655413,0.9938448045369824,0.9938448045369824,0.5665562052557416,0.5665562052557416
96.0,0.096,0.001,0.499,13.820021273613776,46.28787305702193,0.24120487392022052,0.8078757885902057,2.9879455264961634,-2.7294920845508304,2.9879455264961634,-2.7294920845508304,2.9879455264961634,-2.7294920845508304,0.06683495203300568,0.8922815712462168,-0.41334293247510456,-1.4356820678860582,-0.41334293247510456,-1.4356820678860582,0.0,0.0,0.0,0.0,0.0,0.0,0.9939059420802214,0.9939059420802214,0.9939059420802214,1.0036281307786543,1.0036281307786543,0.5730908908478368,0.5730908908478368
97.0,0.097,0.001,0.499,13.992732159156917,46.13033180519747,0.24421924752698343,0.8051261750381553,3.014373606762905,-2.74961355205038,3.014373606762905,-2.74961355205038,3.014373606762905,-2.74961355205038,0.06641750591624787,0.8908287493018552,-0.41744611675781873,-1.4528219443615575,-0.41744611675781873,-1.4528219443615575,0.0,0.0,0.0,0.0,0.0,0.0,1.003691048981988,1.003691048981988,1.003691048981988,1.0133910557321706,1.0133910557321706,0.5796452554805757,0.5796452554805757
98.0,0.098,0.001,0.499,14.16695256927707,45.971641930996036,0.24725996730775493,0.8023565142437646,3.0407197807715067,-2.76966079439072,3.0407197807715067,-2.76966079439072,3.0407197807715067,-2.76966079439072,0.06599596174960716,0.8893587151031255,-0.42154416664070976,-1.4700341987296799,-0.42154416664070976,-1.4700341987296799,0.0,0.0,0.0,0.0,0.0,0.0,1.0134557589946953,1.0134557589946953,1.0134557589946953,1.0231334360340378,1.0231334360340378,0.5862194991129954,0.5862194991129954
99.0,0.099,0.001,0.499,14.342677792260693,45.811807698739635,0.25032695102762037,0.7995668806334931,3.0669837198654317,-2.789633610271542,3.0669837198654317,-2.789633610271542,3.0669837198654317,-2.789633610271542,0.06557032473258606,0.8878713955213802,-0.42563701702109247,-1.4873195817452514,-0.42563701702109247,-1.4873195817452514,0.0,0.0,0.0,0.0,0.0,0.0,1.0231999282373194,1.0231999282373194,1.0231999282373194,1.032855136432715,1.0328551364327148,0.5928138213957533,0.5928138213957533
100.0,0.1,0.001,0.499,14.519903096397048,45.65083339012947,0.2534201161026481,0.7967573489371244,3.0931650750277293,-2.809531696368758,3.0931650750277293,-2.809531696368758,3.0931650750277293,-2.809531696368758,0.0651406001300996,0.8863667166774659,-0.42972460248645494,-1.5046788439142014,-0.42972460248645494,-1.5046788439142014,0.0,0.0,0.0,0.0,0.0,0.0,1.0329234209534617,1.0329234209534617,1.0329234209534617,1.0425560299198227,1.0425560299198227,0.5994284216559189,0.5994284216559189
101.0,0.101,0.001,0.499,14.69862372881405,45.488723310065595,0.2565393795795713,0.793927994289338,3.119263476923207,-2.829354647786308,3.119263476923207,-2.829354647786308,3.119263476923207,-2.829354647786308,0.06470679327278363,0.8848446039420097,-0.43380685731597535,-1.5221127354562414,-0.43380685731597535,-1.5221127354562414,0.0,0.0,0.0,0.0,0.0,0.0,1.0426261096468379,1.0426261096468379,1.0426261096468377,1.0522359978599047,1.0522359978599047,0.6060634988813439,0.6060634988813439
102.0,0.10200000000000001,0.001,0.499,14.878834914316617,45.32548179244042,0.25968465811551333,0.7910788923308264,3.145278535942053,-2.8491019585116075,3.145278535942053,-2.8491019585116075,3.145278535942053,-2.8491019585116075,0.06426890955730138,0.8833049819357435,-0.43788371548224697,-1.5396220062661865,-0.43788371548224697,-1.5396220062661865,0.0,0.0,0.0,0.0,0.0,0.0,1.0523078752086545,1.0523078752086545,1.0523078752086543,1.0618949301186524,1.0618949301186524,0.6127192517046017,0.6127192517046017
103.0,0.10300000000000001,0.001,0.499,15.060531854227612,45.161113205905934,0.2628558679577585,0.7882101193089505,3.1712098422451813,-2.868773021875947,3.1712098422451813,-2.868773021875947,3.1712098422451813,-2.868773021875947,0.06382695444664817,0.8817477745298696,-0.4419551106532175,-1.5572074058738914,-0.4419551106532175,-1.5572074058738914,0.0,0.0,0.0,0.0,0.0,0.0,1.0619686070463412,1.0619686070463412,1.0619686070463414,1.071532725189488,1.071532725189488,0.6193958783864895,0.6193958783864895
104.0,0.10400000000000001,0.001,0.499,15.243709725231517,44.99562195961411,0.2660529249235701,0.7853217521779293,3.197056965811554,-2.8883671310211807,3.197056965811554,-2.8883671310211807,3.197056965811554,-2.8883671310211807,0.06338093347045382,0.8801729048464668,-0.44602097619434844,-1.5748696834027676,-0.44602097619434844,-1.5748696834027676,0.0,0.0,0.0,0.0,0.0,0.0,1.071608203209662,1.071608203209662,1.071608203209662,1.0811492903184086,1.0811492903184086,0.6260935767990866,0.6260935767990866
105.0,0.105,0.001,0.499,15.428363678220911,44.82901250893016,0.26927574438005786,0.7824138686985552,3.2228194564877684,-2.907883479374056,3.2228194564877684,-2.907883479374056,3.2228194564877684,-2.907883479374056,0.06293085222528282,0.87858029525894,-0.4500812451710007,-1.592609587526853,-0.4500812451710007,-1.592609587526853,0.0,0.0,0.0,0.0,0.0,0.0,1.0812265705163393,1.0812265705163393,1.0812265705163393,1.0907445416269583,1.090744541626958,0.6328125444083602,0.6328125444083602
106.0,0.106,0.001,0.499,15.61448883714598,44.6612893611181,0.272524241224098,0.7794865475374256,3.2484968440401722,-2.9273211611295475,3.2484968440401722,-2.9273211611295475,3.2484968440401722,-2.9273211611295475,0.06247671637493176,0.8769698673925136,-0.45413585035105264,-1.6104278664263991,-0.45413585035105264,-1.6104278664263991,0.0,0.0,0.0,0.0,0.0,0.0,1.090823624674669,1.090823624674669,1.090823624674669,1.1003184042332121,1.1003184042332121,0.639552978256312,0.639552978256312
107.0,0.107,0.001,0.499,15.802080297867139,44.49245708099803,0.27579832986230784,0.776539868365681,3.274088638209799,-2.946679171744585,3.274088638209799,-2.946679171744585,3.274088638209799,-2.946679171744585,0.062018531650724004,0.8753415421247717,-0.45818472420775747,-1.6283252677419437,-0.45818472420775747,-1.6283252677419437,0.0,0.0,0.0,0.0,0.0,0.0,1.1003992904040567,1.1003992904040567,1.1003992904040567,1.109870812370623,1.109870812370623,0.6463150749426589,0.6463150749426589
108.0,0.108,0.001,0.499,15.991133127010984,44.32252029657443,0.27909792419107826,0.7735739119572375,3.2995943287704006,-2.9659564084435743,3.2995943287704006,-2.9659564084435743,3.2995943287704006,-2.9659564084435743,0.06155630385180116,0.8736952395862448,-0.46222779892284516,-1.646302538526837,-0.46222779892284516,-1.646302538526837,0.0,0.0,0.0,0.0,0.0,0.0,1.109953501554715,1.109953501554715,1.109953501554715,1.1194017095045785,1.1194017095045785,0.653099030606039,0.653099030606039
109.0,0.109,0.001,0.499,16.18164236082979,44.15148370463477,0.28242293757666814,0.7705887602865004,3.3250133855898727,-2.985151670737132,3.3250133855898727,-2.985151670737132,3.3250133855898727,-2.985151670737132,0.06109003884541128,0.8720308791610467,-0.4662650063898772,-1.6643604251981847,-0.4662650063898772,-1.6643604251981847,0.0,0.0,0.0,0.0,0.0,0.0,1.1194862012229148,1.1194862012229148,1.1194862012229148,1.1289110484465172,1.1289110484465172,0.6599050409047355,0.6599050409047355
110.0,0.11,0.001,0.499,16.3736030040647,43.9793520763175,0.2857732828353635,0.7675844966255448,3.3503452586953704,-3.0042636609554685,3.3503452586953704,-3.0042636609554685,3.3503452586953704,-3.0042636609554685,0.06061974256719342,0.8703483794875605,-0.47029627821786,-1.682499673486175,-0.47029627821786,-1.682499673486175,0.0,0.0,0.0,0.0,0.0,0.0,1.1289973418659736,1.1289973418659736,1.1289973418659736,1.138398791465421,1.1383987914654212,0.6667333009969127,0.6667333009969127
111.0,0.111,0.001,0.499,16.567010028812913,43.80613026264863,0.28914887221370594,0.7645612056407469,3.375589378342411,-3.0232909847978764,3.375589378342411,-3.0232909847978764,3.375589378342411,-3.0232909847978764,0.0601454210214583,0.8686476584591788,-0.47432154573512403,-1.7007210283817529,-0.47432154573512403,-1.7007210283817529,0.0,0.0,0.0,0.0,0.0,0.0,1.1384868854129835,1.1384868854129835,1.1384868854129835,1.147864910396503,1.147864910396503,0.6735840055203536,0.6735840055203536
112.0,0.112,0.001,0.499,16.761858373399033,43.631823200045766,0.2925496173687942,0.7615189734888471,3.4007451550882712,-3.0422321518997975,3.4007451550882712,-3.0422321518997975,3.4007451550882712,-3.0422321518997975,0.05966708028146482,0.8669286332250962,-0.47834073999347604,-1.7190252340826064,-0.47834073999347604,-1.7190252340826064,0.0,0.0,0.0,0.0,0.0,0.0,1.1479548033740559,1.1479548033740559,1.1479548033740556,1.1573093867468993,1.1573093867468993,0.6804573485716916,0.6804573485716916
113.0,0.113,0.001,0.499,16.95814294125094,43.45643591578859,0.2959754293486642,0.7584578879124282,3.425811979869995,-3.0610855764189506,3.425811979869995,-3.0610855764189506,3.425811979869995,-3.0610855764189506,0.05918472648969219,0.8651912201911588,-0.48235379177263166,-1.7374130339374272,-0.48235379177263166,-1.7374130339374272,0.0,0.0,0.0,0.0,0.0,0.0,1.1574010769443839,1.1574010769443839,1.1574010769443839,1.166732211798154,1.1667322117981538,0.6873535236851317,0.6873535236851317
114.0,0.114,0.001,0.499,17.155858599780366,43.27997353345455,0.29942621857275153,0.7553780383347861,3.4507892240873206,-3.079849577642035,3.4507892240873206,-3.079849577642035,3.4507892240873206,-3.079849577642035,0.058698365858107254,0.8634353350207704,-0.48636063158493553,-1.755885170388408,-0.48636063158493553,-1.755885170388408,0.0,0.0,0.0,0.0,0.0,0.0,1.1668256971093913,1.1668256971093913,1.1668256971093913,1.176133386705287,1.1761333867052868,0.6942727238106494,0.6942727238106494
115.0,0.115,0.001,0.499,17.355000179268554,43.10244127831857,0.3029018948124424,0.7522795159541726,3.475676239690858,-3.098522380613525,3.475676239690858,-3.098522380613525,3.475676239690858,-3.098522380613525,0.05820800466842688,0.8616608926358584,-0.490361189680377,-1.7744423849119393,-0.490361189680377,-1.7744423849119393,0.0,0.0,0.0,0.0,0.0,0.0,1.176228664739523,1.176228664739523,1.176228664739523,1.185512922592211,1.1855129225922112,0.7012151412916602,0.7012151412916602
116.0,0.116,0.001,0.499,17.55556247175726,42.92384448271532,0.3064023671717182,0.7491624138373846,3.5004723592758356,-3.1171021167880992,3.5004723592758356,-3.1171021167880992,3.5004723592758356,-3.1171021167880992,0.05771364927237497,0.859867807217901,-0.4943553960519085,-1.7930854179574653,-0.4943553960519085,-1.7930854179574653,0.0,0.0,0.0,0.0,0.0,0.0,1.185609990689126,1.185609990689126,1.185609990689126,1.194870840643263,1.1948708406432633,0.7081809678421527,0.7081809678421527
117.0,0.117,0.001,0.499,17.7575402299455,42.74418859136271,0.30992754406789996,0.7460268270126763,3.525176896181757,-3.135586824708251,3.525176896181757,-3.135586824708251,3.525176896181757,-3.135586824708251,0.05721530609193389,0.8580559922090165,-0.4983431804410753,-1.81181500888446,-0.4983431804410753,-1.81181500888446,0.0,0.0,0.0,0.0,0.0,0.0,1.1949696958855633,1.1949696958855633,1.1949696958855633,1.204207172190601,1.2042071721906007,0.7151703945232766,0.7151703945232766
118.0,0.11800000000000001,0.001,0.499,17.960928166092337,42.56347916664501,0.31347733321249827,0.7428728525619677,3.549789144598296,-3.153974450708657,3.549789144598296,-3.153974450708657,3.549789144598296,-3.153974450708657,0.05671298161958993,0.856225360313119,-0.5023244723439643,-1.830631895897482,-0.5023244723439643,-1.830631895897482,0.0,0.0,0.0,0.0,0.0,0.0,1.2043078114169699,1.2043078114169699,1.2043078114169696,1.2135219587972024,1.2135219587972024,0.7221836117193767,0.7221836117193767
119.0,0.11900000000000001,0.001,0.499,18.16572095092612,42.381721893853985,0.317051641592176,0.7397005897123188,3.574308379677783,-3.172262849648877,3.574308379677783,-3.172262849648877,3.574308379677783,-3.172262849648877,0.05620668241857245,0.8543758234971398,-0.5062992010174797,-1.8495368159792684,-0.5062992010174797,-1.8495368159792684,0.0,0.0,0.0,0.0,0.0,0.0,1.2136243786157195,1.2136243786157195,1.2136243786157195,1.2228152523351965,1.2228152523351965,0.7292208091134645,0.7292208091134645
120.0,0.12,0.001,0.499,18.371913212560564,42.19892258638634,0.32065037544983066,0.7365101399266428,3.598733857654618,-3.190449785675984,3.598733857654618,-3.190449785675984,3.598733857654618,-3.190449785675984,0.05569641512308649,0.852507292992318,-0.5102672954859553,-1.8685305048218233,-0.5102672954859553,-1.8685305048218233,0.0,0.0,0.0,0.0,0.0,0.0,1.2229194491341928,1.2229194491341928,1.2229194491341928,1.232087115059253,1.232087115059253,0.7362821756621203,0.7362821756621203
121.0,0.121,0.001,0.499,18.579499535418098,42.015087190895635,0.3242734402658026,0.7333016069936241,3.623064815971974,-3.208532933018727,3.623064815971974,-3.208532933018727,3.623064815971974,-3.208532933018727,0.05518218643853838,0.8506196792955625,-0.5142286845481103,-1.8876136967554602,-0.5142286845481103,-1.8876136967554602,0.0,0.0,0.0,0.0,0.0,0.0,1.2321930850206373,1.2321930850206373,1.2321930850206373,1.2413376196747232,1.2413376196747232,0.7433678995698153,0.7433678995698153
122.0,0.122,0.001,0.499,18.788474459160913,41.83022179239687,0.3279207407392188,0.7300750971168093,3.6473004734161343,-3.226509876814842,3.6473004734161343,-3.226509876814842,3.6473004734161343,-3.226509876814842,0.05466400314175402,0.8487128921708867,-0.518183296784359,-1.9067871246757544,-0.518183296784359,-1.9067871246757544,0.0,0.0,0.0,0.0,0.0,0.0,1.2414453587847223,1.2414453587847223,1.2414453587847223,1.2505668494002478,1.2505668494002478,0.7504781682626485,0.7504781682626485
123.0,0.123,0.001,0.499,18.998832477630124,41.644332619321595,0.3315921807694776,0.7268307190028361,3.671440030258837,-3.2443781139731342,3.671440030258837,-3.2443781139731342,3.671440030258837,-3.2443781139731342,0.05414187208118954,0.8467868406509184,-0.5221310605644819,-1.926051519968359,-0.5221310605644819,-1.926051519968359,0.0,0.0,0.0,0.0,0.0,0.0,1.250676353460802,1.250676353460802,1.2506763534608023,1.259774898024508,1.259774898024508,0.7576131683614835,0.7576131683614835
124.0,0.124,0.001,0.499,19.210568037793646,41.45742604852159,0.3352876634378856,0.7235685839487642,3.695482668407974,-3.2621350540719627,3.695482668407974,-3.2621350540719627,3.695482668407974,-3.2621350540719627,0.053615800177133875,0.8448414330384867,-0.5260719040556686,-1.945407612431642,-0.5260719040556686,-1.945407612431642,0.0,0.0,0.0,0.0,0.0,0.0,1.2598861626634006,1.2598861626634006,1.2598861626634006,1.268961869956805,1.268961869956805,0.7647730856544849,0.7647730856544849
125.0,0.125,0.001,0.499,19.42367553870311,41.26950861021887,0.3390070909894526,0.7202888059284684,3.7194275515670285,-3.2797780202957605,3.7194275515670285,-3.2797780202957605,3.7194275515670285,-3.2797780202957605,0.053085794421902935,0.8428765769082895,-0.5300057552309411,-1.964856130197096,-0.5300057552309411,-1.964856130197096,0.0,0.0,0.0,0.0,0.0,0.0,1.2690748906394558,1.2690748906394558,1.2690748906394558,1.278127880271138,1.2781278802711382,0.7719581050690377,0.7719581050690377
126.0,0.126,0.001,0.499,19.638149330460532,41.08058699289976,0.3427503648148562,0.7169915016780573,3.7432738254036053,-3.297304250411229,3.7432738254036053,-3.297304250411229,3.7432738254036053,-3.297304250411229,0.05255186188002497,0.8408921791086421,-0.5339325418779669,-1.9843977996474755,-0.5339325418779669,-1.9843977996474755,0.0,0.0,0.0,0.0,0.0,0.0,1.27824265230799,1.27824265230799,1.27824265230799,1.287273054743438,1.2872730547434377,0.7791684106430464,0.7791684106430464
127.0,0.127,0.001,0.499,19.853983713195078,40.890668048150665,0.34651738543258365,0.7136767907802724,3.767020617727435,-3.314710897784846,3.767020617727435,-3.314710897784846,3.767020617727435,-3.314710897784846,0.0520140096884167,0.8388881457633095,-0.5378521916082725,-2.004033345332614,-0.5378521916082725,-2.004033345332614,0.0,0.0,0.0,0.0,0.0,0.0,1.2873895733014342,1.2873895733014342,1.2873895733014342,1.2963975298816153,1.2963975298816153,0.786404185495601,0.786404185495601
128.0,0.128,0.001,0.499,20.07117293605069,40.69975879543311,0.35030805247126184,0.710344795747829,3.7906670386782215,-3.3319950324433205,3.7906670386782215,-3.3319950324433205,3.7906670386782215,-3.3319950324433205,0.051472245056549834,0.8368643822734266,-0.5417646318668652,-2.023763489882868,-0.5417646318668652,-2.023763489882868,0.0,0.0,0.0,0.0,0.0,0.0,1.2965157899911037,1.2965157899911037,1.296515789991104,1.305501452948064,1.305501452948064,0.7936656117970039,0.7936656117970039
129.0,0.129,0.001,0.499,20.28971119618501,40.50786642679541,0.35412226465218555,0.7069956421056505,3.8142121809237097,-3.3491536421786345,3.8142121809237097,-3.3491536421786345,3.8142121809237097,-3.3491536421786345,0.05092657526660756,0.8348207933195065,-0.5456697899422762,-2.043588953920148,-0.5456697899422762,-2.043588953920148,0.0,0.0,0.0,0.0,0.0,0.0,1.3056214495115306,1.3056214495115306,1.3056214495115306,1.3145849819742605,1.3145849819742603,0.8009528707381475,0.8009528707381475
130.0,0.13,0.001,0.499,20.509592637780237,40.31499831151843,0.3579599197720539,0.7036294584719511,3.837655119868348,-3.3661836336992925,3.837655119868348,-3.3661836336992925,3.837655119868348,-3.3661836336992925,0.05037700767363053,0.8327572828635401,-0.5495675929770323,-2.063510455966475,-0.5495675929770323,-2.063510455966475,0.0,0.0,0.0,0.0,0.0,0.0,1.314706709774945,1.314706709774945,1.314706709774945,1.323648285767092,1.323648285767092,0.8082661424992322,0.8082661424992322
131.0,0.131,0.001,0.499,20.73081135106663,40.12116200069262,0.3618209146859268,0.7002463766381217,3.86099491387292,-3.3830818338293978,3.86099491387292,-3.3830818338293978,3.86099491387292,-3.3830818338293978,0.04982354970565196,0.83067375415119,-0.5534579679785682,-2.08352871235002,-0.5534579679785682,-2.08352871235002,0.0,0.0,0.0,0.0,0.0,0.0,1.323771739473112,1.323771739473112,1.323771739473112,1.3326915439065325,1.3326915439065328,0.8156056062178174,0.8156056062178174
132.0,0.132,0.001,0.499,20.9533613713592,39.926365231723544,0.3657051452904123,0.6968465316473645,3.884230604485522,-3.3998449907571597,3.884230604485522,-3.3998449907571597,3.884230604485522,-3.3998449907571597,0.049266208863821374,0.8285701097140815,-0.5573408418305901,-2.1036444371085685,-0.5573408418305901,-2.1036444371085685,0.0,0.0,0.0,0.0,0.0,0.0,1.3328167180795285,1.3328167180795285,1.3328167180795285,1.3417149467342953,1.3417149467342953,0.8229714399561966,0.8229714399561966
133.0,0.133,0.001,0.499,21.17723667810831,39.73061593276287,0.3696125065070966,0.6934300618720302,3.907361216684261,-3.416469775334424,3.907361216684261,-3.416469775334424,3.907361216684261,-3.416469775334424,0.04870499272251647,0.8264462513721912,-0.5612161413049008,-2.1238583418903625,-0.5612161413049008,-2.1238583418903625,0.0,0.0,0.0,0.0,0.0,0.0,1.341841835833894,1.341841835833894,1.341841835833894,1.350718695333071,1.350718695333071,0.8303638206680842,0.8303638206680842
134.0,0.134,0.001,0.499,21.402431193964897,39.53392222706201,0.3735428922662286,0.6899971090896013,3.9303857591320366,-3.432952782428789,3.9303857591320366,-3.432952782428789,3.9303857591320366,-3.432952782428789,0.048139908929442775,0.8243020802363389,-0.5650837930736975,-2.144171135852261,-0.5650837930736975,-2.144171135852261,0.0,0.0,0.0,0.0,0.0,0.0,1.350847293721662,1.350847293721662,1.350847293721662,1.3597030014959688,1.359703001495969,0.8377829241646099,0.8377829241646099
135.0,0.135,0.001,0.499,21.62893878386099,39.33629243724507,0.3774961954906724,0.6865478185572714,3.953303224443789,-3.4492905323298655,3.953303224443789,-3.4492905323298655,3.953303224443789,-3.4492905323298655,0.04757096520572042,0.8221374967107837,-0.5689437237223534,-2.164583525555169,-0.5689437237223534,-2.164583525555169,0.0,0.0,0.0,0.0,0.0,0.0,1.3598333034426286,1.3598333034426286,1.3598333034426286,1.368668087685763,1.368668087685763,0.8452289250796052,0.8452289250796052
136.0,0.136,0.001,0.499,21.856753254106255,39.13773508949814,0.381472308080139,0.6830823390850602,3.976112589466562,-3.4654794722111903,3.976112589466562,-3.4654794722111903,3.976112589466562,-3.4654794722111903,0.04699816934595773,0.8199524004959271,-0.5727958597626949,-2.1850962148566757,-0.5727958597626949,-2.1850962148566757,0.0,0.0,0.0,0.0,0.0,0.0,1.3688000873695791,1.3688000873695791,1.3688000873695791,1.377614186983558,1.377614186983558,0.8527019968341786,0.8527019968341786
137.0,0.137,0.001,0.499,22.0858683515014,38.938258917671476,0.3854711208957117,0.6796008231074109,3.9988128155727503,-3.481515977649294,3.9988128155727503,-3.481515977649294,3.9988128155727503,-3.481515977649294,0.04642152921831094,0.8177466905911263,-0.5766401276467856,-2.205709904800847,-0.5766401276467856,-2.205709904800847,0.0,0.0,0.0,0.0,0.0,0.0,1.3777478784965964,1.3777478784965964,1.3777478784965964,1.386541543026477,1.386541543026477,0.860202311600565,0.860202311600565
138.0,0.138,0.001,0.499,22.31627776246909,38.7378728672913,0.38949252374467863,0.6761034267532096,4.021402848966881,-3.4973963542013715,4.021402848966881,-3.4973963542013715,4.021402848966881,-3.4973963542013715,0.04584105276452971,0.8155202652976211,-0.5804764537812295,-2.2264252935051148,-0.5804764537812295,-2.2264252935051148,0.0,0.0,0.0,0.0,0.0,0.0,1.3866769203742915,1.3866769203742915,1.3866769203742915,1.395450409933971,1.395450409933971,0.8677300402652441,0.8677300402652441
139.0,0.139,0.001,0.499,22.547975112203268,38.536586099477795,0.3935364053656849,0.6725903099141666,4.043881621006275,-3.5131168390429797,4.043881621006275,-3.5131168390429797,4.043881621006275,-3.5131168390429797,0.045256747999987704,0.8132730222215769,-0.5843047645420034,-2.247243076044207,-0.5843047645420034,-2.247243076044207,0.0,0.0,0.0,0.0,0.0,0.0,1.39558746703757,1.39558746703757,1.39558746703757,1.4043410522223787,1.4043410522223787,0.8752853523913143,0.8752853523913143
140.0,0.14,0.001,0.499,22.780953963837685,38.33440799476574,0.39760265341422085,0.6690616363114994,4.066248048535926,-3.5286736026671304,4.066248048535926,-3.5286736026671304,4.066248048535926,-3.5286736026671304,0.04466862301369787,0.8110048582772459,-0.5881249862898343,-2.2681639443310524,-0.5881249862898343,-2.2681639443310524,0.0,0.0,0.0,0.0,0.0,0.0,1.4044797829170963,1.4044797829170963,1.4044797829170963,1.4132137447073168,1.4132137447073168,0.8828684161801154,0.8828684161801154
141.0,0.14100000000000001,0.001,0.499,23.01520781763439,38.131348156824195,0.40169115444845876,0.6655175735608533,4.088501034237932,-3.5440627506461118,4.088501034237932,-3.5440627506461118,4.088501034237932,-3.5440627506461118,0.044076685968311734,0.8087156696902513,-0.5919370453861306,-2.289188586994609,-0.5919370453861306,-2.289188586994609,0.0,0.0,0.0,0.0,0.0,0.0,1.413354142742408,1.413354142742408,1.413354142742408,1.4220687723935364,1.4220687723935364,0.8904793984320903,0.8904793984320903
142.0,0.14200000000000002,0.001,0.499,23.250730110193157,37.927416416071544,0.40580179391545457,0.661958293235396,4.110639466995784,-3.5592803254573075,4.110639466995784,-3.5592803254573075,4.110639466995784,-3.5592803254573075,0.04348094510010225,0.8064053520009967,-0.5957408682094809,-2.3103176892545494,-0.5957408682094809,-2.3103176892545494,0.0,0.0,0.0,0.0,0.0,0.0,1.4222108314306938,1.4222108314306938,1.4222108314306938,1.430906430351858,1.430906430351858,0.8981184645068752,0.8981184645068752
143.0,0.14300000000000002,0.001,0.499,23.4875142136826,37.72262283318224,0.4099344561377284,0.6583839709270218,4.132662222273835,-3.5743223083742324,4.132662222273835,-3.5743223083742324,4.132662222273835,-3.5743223083742324,0.042881408718929516,0.804073800068204,-0.599536381172735,-2.3315519327927396,-0.599536381172735,-2.3315519327927396,0.0,0.0,0.0,0.0,0.0,0.0,1.4310501439605023,1.4310501439605023,1.4310501439605023,1.439727023582799,1.4397270235827992,0.9057857782826063,0.9057857782826063
144.0,0.14400000000000002,0.001,0.499,23.725553435093975,37.51697770248139,0.41408902430024064,0.6547947863055978,4.154568162512233,-3.5891846214239367,4.154568162512233,-3.5891846214239367,4.154568162512233,-3.5891846214239367,0.04227808520818884,0.8017209080725824,-0.6033235107406767,-2.352891995621455,-0.6033235107406767,-2.352891995621455,0.0,0.0,0.0,0.0,0.0,0.0,1.4398723852393607,1.4398723852393607,1.4398723852393607,1.4485308668665504,1.4485308668665504,0.9134815021144409,0.9134815021144409
145.0,0.145,0.001,0.499,23.964841015518438,37.31049155522328,0.4182653804377782,0.651190923176186,4.176356137537602,-3.603863129411866,4.176356137537602,-3.603863129411866,4.176356137537602,-3.603863129411866,0.04167098302474054,0.7993465695206342,-0.6071021834483047,-2.3743385519482643,-0.6071021834483047,-2.3743385519482643,0.0,0.0,0.0,0.0,0.0,0.0,1.4486778699464071,1.4486778699464071,1.4486778699464071,1.4573182845989063,1.457318284598906,0.9212057967922741,0.9212057967922741
146.0,0.146,0.001,0.499,24.20537012944882,37.10317516275002,0.42246340542276795,0.6475725695341707,4.1980249849897255,-3.6183536420151907,4.1980249849897255,-3.6183536420151907,4.1980249849897255,-3.6183536420151907,0.041060110698820804,0.7969506772485967,-0.6108723259197326,-2.395892272037517,-0.6108723259197326,-2.395892272037517,0.0,0.0,0.0,0.0,0.0,0.0,1.4574669223732972,1.4574669223732972,1.4574669223732972,1.4660896106128407,1.4660896106128407,0.928958821497647,0.928958821497647
147.0,0.147,0.001,0.499,24.44713388410674,36.89503953952623,0.42668297895353247,0.6439399176182252,4.219573530764497,-3.6326519159455324,4.219573530764497,-3.6326519159455324,4.219573530764497,-3.6326519159455324,0.04044547683393308,0.7945331234265284,-0.6146338648877232,-2.417553822068372,-0.6146338648877232,-2.417553822068372,0.0,0.0,0.0,0.0,0.0,0.0,1.4662398762407658,1.4662398762407658,1.4662398762407658,1.4748451879853566,1.4748451879853566,0.9367407337598368,0.9367407337598368
148.0,0.148,0.001,0.499,24.69012531879606,36.6860959460458,0.4309239795430058,0.6402931639610433,4.241000589473346,-3.6467536571819408,4.241000589473346,-3.6467536571819408,4.241000589473346,-3.6467536571819408,0.03982709010671921,0.7920937995625391,-0.6183867272138697,-2.439323863989298,-0.6183867272138697,-2.439323863989298,0.0,0.0,0.0,0.0,0.0,0.0,1.4749970745065866,1.4749970745065866,1.4749970745065866,1.4835853688293106,1.4835853688293106,0.9445516894111148,0.9445516894111148
149.0,0.149,0.001,0.499,24.934337404283596,36.47635589160668,0.4351862845079252,0.6366325094377684,4.262304964919366,-3.660654523274878,4.262304964919366,-3.660654523274878,4.262304964919366,-3.660654523274878,0.03920495926680977,0.7896325965071701,-0.6221308399094387,-2.461203055368979,-0.6221308399094387,-2.461203055368979,0.0,0.0,0.0,0.0,0.0,0.0,1.4837388691541287,1.4837388691541287,1.4837388691541287,1.4923105140698953,1.4923105140698953,0.9523918425411696,0.9523918425411696
150.0,0.15,0.001,0.499,25.179763042208112,36.26583113694946,0.4394697699585155,0.6329581593120466,4.28348545059031,-3.6743501257218694,4.28348545059031,-3.6743501257218694,4.28348545059031,-3.6743501257218694,0.038579093136652885,0.7871494044579266,-0.6258661301568884,-2.483192049243558,-0.6258661301568884,-2.483192049243558,0.0,0.0,0.0,0.0,0.0,0.0,1.4924656209720162,1.4924656209720162,1.492465620972016,1.5010209932054892,1.5010209932054892,0.9602613454506768,0.9602613454506768
151.0,0.151,0.001,0.499,25.426395064518516,36.05453369675578,0.4437743107886841,0.6292703232796312,4.304540830168639,-3.687836032415381,4.304540830168639,-3.687836032415381,4.304540830168639,-3.687836032415381,0.03794950061132081,0.7846441129639664,-0.6295925253320765,-2.5052914939601463,-0.6295925253320765,-2.5052914939601463,0.0,0.0,0.0,0.0,0.0,0.0,1.5011776993089796,1.5011776993089796,1.5011776993089798,1.509717184052602,1.509717184052602,0.9681603486040152,0.9681603486040152
152.0,0.152,0.001,0.499,25.67422623294225,35.842475842002344,0.4480997806667429,0.6255692155094678,4.325469878058751,-3.7011077701633774,4.325469878058751,-3.7011077701633774,4.325469878058751,-3.7011077701633774,0.03731619065829364,0.7821166109309499,-0.6333099530271726,-2.5275020330165314,-0.6333099530271726,-2.5275020330165314,0.0,0.0,0.0,0.0,0.0,0.0,1.5098754818209958,1.5098754818209958,1.5098754818209958,1.5183994724746703,1.5183994724746703,0.976089000581113,0.976089000581113
153.0,0.153,0.001,0.499,25.923249238484907,35.629670102166216,0.4524460520266744,0.6218550546821848,4.346271359931501,-3.7141608272828903,4.346271359931501,-3.7141608272828903,4.346271359931501,-3.7141608272828903,0.03667917231721935,0.7795667866260528,-0.6370183410742889,-2.549824304897013,-0.6370183410742889,-2.549824304897013,0.0,0.0,0.0,0.0,0.0,0.0,1.5185593541985365,1.5185593541985365,1.5185593541985365,1.5270682520944663,1.5270682520944663,0.9840474480284166,0.9840474480284166
154.0,0.154,0.001,0.499,26.17345670096204,35.416129267277434,0.45681299605996045,0.618128064025918,4.366944033286106,-3.726990656266819,4.366944033286106,-3.726990656266819,4.366944033286106,-3.726990656266819,0.0360384546996495,0.7769945276831486,-0.6407176175698456,-2.572258942904293,-0.6407176175698456,-2.572258942904293,0.0,0.0,0.0,0.0,0.0,0.0,1.527229709876662,1.527229709876662,1.527229709876662,1.5357239239899199,1.5357239239899199,0.9920358356089738,0.9920358356089738
155.0,0.155,0.001,0.499,26.424841168564125,35.201866389814576,0.4612004827079899,0.614388471349394,4.387486648029479,-3.739592676524049,4.387486648029479,-3.739592676524049,4.387486648029479,-3.739592676524049,0.03539404698874982,0.7743997211081612,-0.6444077108996843,-2.594806574987347,-0.6444077108996843,-2.594806574987347,0.0,0.0,0.0,0.0,0.0,0.0,1.535886949732443,1.535886949732443,1.5358869497324432,1.5443668963731754,1.5443668963731754,1.0000543059516191,1.0000543059516191
156.0,0.156,0.001,0.499,26.67739511745579,34.98689478643913,0.46560838065506294,0.6106365090722011,4.407897947073038,-3.7519622771928463,4.407897947073038,-3.7519622771928463,4.407897947073038,-3.7519622771928463,0.03474595843898487,0.771782253284596,-0.6480885497649458,-2.6174678235652045,-0.6480885497649458,-2.6174678235652045,0.0,0.0,0.0,0.0,0.0,0.0,1.5445314817592581,1.5445314817592581,1.5445314817592581,1.5529975842527253,1.5529975842527253,1.008102999599254,1.008102999599254
157.0,0.157,0.001,0.499,26.931110951410158,34.771228039564505,0.4700365573220099,0.6068724142521738,4.428176666946954,-3.764094820027347,4.428176666946954,-3.764094820027347,4.428176666946954,-3.764094820027347,0.034094198375776145,0.7691420099792494,-0.6517600632087269,-2.640243305346568,-0.6517600632087269,-2.640243305346568,0.0,0.0,0.0,0.0,0.0,0.0,1.5531637207322508,1.5531637207322508,1.5531637207322508,1.5616164090785118,1.5616164090785118,1.0161820549562137,1.0161820549562137
158.0,0.158,0.001,0.499,27.185981001479444,34.55487999875547,0.4744848788604417,0.6030964286098169,4.448321538431819,-3.775985642356812,4.448321538431819,-3.775985642356812,4.448321538431819,-3.775985642356812,0.033438776195132615,0.7664788763481042,-0.6554221806435326,-2.663133631145185,-0.6554221806435326,-2.663133631145185,0.0,0.0,0.0,0.0,0.0,0.0,1.5617840878487206,1.5617840878487206,1.5617840878487206,1.5702237983698848,1.5702237983698848,1.0242916082347044,1.0242916082347044
159.0,0.159,0.001,0.499,27.4419975257027,34.33786478195387,0.47895321014764936,0.5993087985496998,4.468331287207652,-3.787630060117176,4.468331287207652,-3.787630060117176,4.468331287207652,-3.787630060117176,0.032779701363253075,0.7637927369424132,-0.659074831879538,-2.68613940569091,-0.659074831879538,-2.68613940569091,0.0,0.0,0.0,0.0,0.0,0.0,1.5703930103574246,1.5703930103574246,1.5703930103574246,1.5788201853263857,1.5788201853263855,1.0324317934003129,1.0324317934003129
160.0,0.16,0.001,0.499,27.69915270885176,34.120196776526626,0.48344141478216945,0.5955097751787455,4.488204634520122,-3.7990233709542527,4.488204634520122,-3.7990233709542527,4.488204634520122,-3.7990233709542527,0.0321169834160994,0.7610834757149768,-0.662717947153677,-2.709261227436369,-0.662717947153677,-2.709261227436369,0.0,0.0,0.0,0.0,0.0,0.0,1.5789909211683102,1.5789909211683102,1.5789909211683104,1.587406008421307,1.587406008421307,1.0406027421165687,1.0406027421165687
161.0,0.161,0.001,0.499,27.957438662216305,33.90189064013178,0.4879493550800333,0.5916996143213477,4.507940297863846,-3.810160857397804,4.507940297863846,-3.810160857397804,4.507940297863846,-3.810160857397804,0.03145063195893982,0.7583509760266176,-0.6663514571595739,-2.732499688359158,-0.6663514571595739,-2.732499688359158,0.0,0.0,0.0,0.0,0.0,0.0,1.587578258443667,1.587578258443667,1.587578258443667,1.5959817109780647,1.5959817109780647,1.0488045836885556,1.0488045836885556
162.0,0.162,0.001,0.499,28.216847423429073,33.68296130139874,0.49247689207171585,0.5878785765312421,4.527536991682561,-3.8210377901055166,4.527536991682561,-3.8210377901055166,4.527536991682561,-3.8210377901055166,0.03078065666586149,0.7555951206528582,-0.6699752930783317,-2.7558553737594904,-0.6699752930783317,-2.7558553737594904,0.0,0.0,0.0,0.0,0.0,0.0,1.596155465176011,1.596155465176011,1.596155465176011,1.6045477407294153,1.6045477407294153,1.0570374450055613,1.0570374450055613
163.0,0.163,0.001,0.499,28.47737095633212,33.463423960418666,0.4970238854998018,0.5840469271000663,4.546993428085946,-3.8316494311757463,4.546993428085946,-3.8316494311757463,4.546993428085946,-3.8316494311757463,0.030107067279251293,0.7528157917908049,-0.6735893866101971,-2.7793288620532213,-0.6735893866101971,-2.7793288620532213,0.0,0.0,0.0,0.0,0.0,0.0,1.604722988743887,1.604722988743887,1.604722988743887,1.613104549359623,1.613104549359623,1.0653014504827587,1.0653014504827587
164.0,0.164,0.001,0.499,28.739001150885095,33.24329408904124,0.5015901938173846,0.5802049360625386,4.566308317582807,-3.841991037527727,4.566308317582807,-3.841991037527727,4.566308317582807,-3.841991037527727,0.029429873609244178,0.7500128710662448,-0.6771936700071146,-2.8029207245601633,-0.6771936700071146,-2.8029207245601633,0.0,0.0,0.0,0.0,0.0,0.0,1.6132812804556758,1.6132812804556758,1.6132812804556758,1.6216525920297062,1.621652592029706,1.0735967220019067,1.0735967220019067
165.0,0.165,0.001,0.499,29.00172982311646,33.022587430973935,0.5061756741872149,0.5763528781981909,4.585480369830321,-3.8520578643477488,4.585480369830321,-3.8520578643477488,4.585480369830321,-3.8520578643477488,0.02874908553313799,0.7471862395409572,-0.6807880761061893,-2.8266315252876177,-0.6807880761061893,-2.8266315252876177,0.0,0.0,0.0,0.0,0.0,0.0,1.621830795072538,1.621830795072538,1.621830795072538,1.6301923268859357,1.6301923268859357,1.0819233788510623,1.0819233788510623
166.0,0.166,0.001,0.499,29.2655487151185,32.80132000168019,0.5107801824816138,0.5724910330295913,4.604508294398953,-3.8618451685996344,4.604508294398953,-3.8618451685996344,4.604508294398953,-3.8618451685996344,0.028064712994773915,0.7443357777202482,-0.684372538364073,-2.850461820709041,-0.684372538364073,-2.850461820709041,0.0,0.0,0.0,0.0,0.0,0.0,1.6303719903169482,1.6303719903169482,1.6303719903169482,1.6387242145518108,1.6387242145518108,1.0902815376632995,1.0902815376632995
167.0,0.167,0.001,0.499,29.530449495087076,32.579508088072835,0.5154035732831665,0.5686196848169937,4.623390801552664,-3.871348212597644,4.623390801552664,-3.871348212597644,4.623390801552664,-3.871348212597644,0.027376766003881624,0.7414613655607104,-0.6879469908922909,-2.8744121595377634,-0.6879469908922909,-2.8744121595377634,0.0,0.0,0.0,0.0,0.0,0.0,1.6389053263646456,1.6389053263646456,1.6389053263646456,1.6472487176037702,1.64724871760377,1.0986713123544214,1.0986713123544214
168.0,0.168,0.001,0.499,29.7964237574069,32.357168247999354,0.5200456998862105,0.5647391225493539,4.642126603043924,-3.880562267639752,4.642126603043924,-3.880562267639752,4.642126603043924,-3.880562267639752,0.0266852546353881,0.7385628824782148,-0.6915113684935266,-2.8984830824956807,-0.6915113684935266,-2.8984830824956807,0.0,0.0,0.0,0.0,0.0,0.0,1.6474312653176026,1.6474312653176026,1.6474312653176026,1.6557663000309586,1.6557663000309586,1.1070928140596599,1.1070928140596599
169.0,0.169,0.001,0.499,30.063463022783182,32.13431730951571,0.5247064142991336,0.5608496399316548,4.660714412923048,-3.889482617699042,4.660714412923048,-3.889482617699042,4.660714412923048,-3.889482617699042,0.025990189028689218,0.7356402073561379,-0.6950656066988796,-2.922675122076835,-0.6950656066988796,-2.922675122076835,0.0,0.0,0.0,0.0,0.0,0.0,1.6559502706659244,1.6559502706659244,1.6559502706659244,1.6642774266794083,1.6642774266794083,1.115546151069355,1.115546151069355
170.0,0.17,0.001,0.499,30.33155873842048,31.910972369945334,0.5293855672474949,0.5569515353684841,4.6791529483612875,-3.8981045631707683,4.6791529483612875,-3.8981045631707683,4.6791529483612875,-3.8981045631707683,0.025291579386883103,0.7326932185538321,-0.6986096418061155,-2.9469888023058055,-0.6986096418061155,-2.9469888023058055,0.0,0.0,0.0,0.0,0.0,0.0,1.6644628067307756,1.6644628067307756,1.6644628067307756,1.6727825626810353,1.6727825626810355,1.1240314287636037,1.1240314287636037
171.0,0.171,0.001,0.499,30.600702278249397,31.687150794720566,0.5340830081779819,0.5530451119438117,4.697440930487082,-3.906423424672432,4.697440930487082,-3.906423424672432,4.697440930487082,-3.906423424672432,0.02458943597596418,0.7297217939153412,-0.7021434109189231,-2.971424638490822,-0.7021434109189231,-2.971424638490822,0.0,0.0,0.0,0.0,0.0,0.0,1.6729693380922128,1.6729693380922128,1.6729693380922128,1.681282172867922,1.681282172867922,1.1325487495458737,1.1325487495458737
172.0,0.17200000000000001,0.001,0.499,30.870884943201954,31.462870216003335,0.5387985852632168,0.5491306773969177,4.7155770852348216,-3.914434546894011,4.7155770852348216,-3.914434546894011,4.7155770852348216,-3.914434546894011,0.023883769123976984,0.7267258107783696,-0.7056668519871969,-2.9959831369715264,-0.7056668519871969,-2.9959831369715264,0.0,0.0,0.0,0.0,0.0,0.0,1.6814703290034243,1.6814703290034243,1.6814703290034243,1.689776721172381,1.689776721172381,1.1410982127755733,1.1410982127755733
173.0,0.17300000000000001,0.001,0.499,31.142097961536265,31.23814853108265,0.5435321454074222,0.5452085440944224,4.733560144205405,-3.922133302495292,4.733560144205405,-3.922133302495292,4.733560144205405,-3.922133302495292,0.023174589220128623,0.7237051459835083,-0.7091799038483615,-3.02066479486129,-0.7091799038483615,-3.02066479486129,0.0,0.0,0.0,0.0,0.0,0.0,1.6899662427923778,1.6899662427923778,1.6899662427923778,1.6982666700133748,1.6982666700133748,1.1496799146995664,1.1496799146995664
174.0,0.17400000000000002,0.001,0.499,31.41433248921112,31.013003900546213,0.5482835342529601,0.5412790289983754,4.751388845537861,-3.9295150960470444,4.751388845537861,-3.9295150960470444,4.751388845537861,-3.9295150960470444,0.022461906713858868,0.7206596758837243,-0.7126825062697545,-3.0454700997840107,-0.7126825062697545,-3.0454700997840107,0.0,0.0,0.0,0.0,0.0,0.0,1.698457541245349,1.698457541245349,1.698457541245349,1.7067524796698834,1.7067524796698836,1.1582939483826336,1.1582939483826336
175.0,0.17500000000000002,0.001,0.499,31.68757961031115,30.78745474622393,0.5530525961877513,0.5373424536303628,4.7690619347912175,-3.9365753680125666,4.7690619347912175,-3.9365753680125666,4.7690619347912175,-3.9365753680125666,0.02174573211386678,0.717589276354119,-0.7161745999920858,-3.070399529605303,-0.7161745999920858,-3.070399529605303,0.0,0.0,0.0,0.0,0.0,0.0,1.706944683981854,1.706944683981854,1.706944683981854,1.7152346076418972,1.715234607641897,1.1669404036368631,1.1669404036368631
176.0,0.176,0.001,0.499,31.961830337523008,30.561519748901212,0.557839174353587,0.5333991440315968,4.786578165835771,-3.943309598765942,4.786578165835771,-3.943309598765942,4.786578165835771,-3.943309598765942,0.02102607598709279,0.7144938228019609,-0.7196561267739892,-3.095453552157999,-0.7196561267739892,-3.095453552157999,0.0,0.0,0.0,0.0,0.0,0.0,1.7154281278169898,1.7154281278169898,1.7154281278169896,1.72371350799974,1.72371350799974,1.175619366949972,1.175619366949972
177.0,0.177,0.001,0.499,32.23707561266313,30.335217845800123,0.5626431106553399,0.5294494307189537,4.803936301752857,-3.9497133126431394,4.803936301752857,-3.9497133126431394,4.803936301752857,-3.9497133126431394,0.020302948957655106,0.7113731901769991,-0.723127029437684,-3.12063262496188,-0.723127029437684,-3.12063262496188,0.0,0.0,0.0,0.0,0.0,0.0,1.723908326107656,1.723908326107656,1.723908326107656,1.732189630722483,1.732189630722483,1.1843309214125488,1.1843309214125488
178.0,0.178,0.001,0.499,32.51330630725747,30.108568227826797,0.567464245771082,0.5254936486369318,4.821135115742169,-3.95578208202189,4.821135115742169,-3.95578208202189,4.821135115742169,-3.95578208202189,0.019576361705739342,0.7082272529820616,-0.7265872519157637,-3.1459371949375514,-0.7265872519157637,-3.1459371949375514,0.0,0.0,0.0,0.0,0.0,0.0,1.7323857280938315,1.7323857280938315,1.7323857280938315,1.7406634210262708,1.7406634210262708,1.193075146644209,1.193075146644209
179.0,0.179,0.001,0.499,32.790513223173605,29.881590336583677,0.5723024191631176,0.5215321371055057,4.838173392035632,-3.9615115314260843,4.838173392035632,-3.9615115314260843,4.838173392035632,-3.9615115314260843,0.018846324966440217,0.7050558852839472,-0.7300367392991265,-3.1713676981143797,-0.7300367392991265,-3.1713676981143797,0.0,0.0,0.0,0.0,0.0,0.0,1.7408607782268988,1.7408607782268988,1.7408607782268988,1.749135318683414,1.749135318683414,1.2018521187186628,1.2018521187186628
180.0,0.18,0.001,0.499,33.068687093305506,29.65430386114545,0.5771574690899344,0.5175652397638555,4.855049926816781,-3.966897341650238,4.855049926816781,-3.966897341650238,4.855049926816781,-3.966897341650238,0.01811284952855415,0.7018589607246148,-0.7334754378860677,-3.1969245593324125,-0.7334754378860677,-3.1969245593324125,0.0,0.0,0.0,0.0,0.0,0.0,1.7493339154883358,1.7493339154883358,1.7493339154883358,1.7576057573331678,1.7576057573331678,1.2106619100876848,1.2106619100876848
181.0,0.181,0.001,0.499,33.34781858231125,29.426728734597795,0.5820292326190789,0.5135933045099561,4.871763529144552,-3.971935253899392,4.871763529144552,-3.971935253899392,4.871763529144552,-3.971935253899392,0.0173759462333216,0.6986363525326766,-0.7369032952325476,-3.222608191938195,-0.7369032952325476,-3.222608191938195,0.0,0.0,0.0,0.0,0.0,0.0,1.7578055727010926,1.7578055727010926,1.7578055727010926,1.766075163785146,1.766075163785146,1.219504589503982,1.219504589503982
182.0,0.182,0.001,0.499,33.62789828740383,29.198885130338276,0.5869175456409592,0.5096166834360165,4.888313021880358,-3.9766210739396244,4.888313021880358,-3.9766210739396244,4.888313021880358,-3.9766210739396244,0.01663562597311795,0.6953879335352022,-0.7403202602036524,-3.2484189974744053,-0.7403202602036524,-3.2484189974744053,0.0,0.0,0.0,0.0,0.0,0.0,1.7662761758348355,1.7662761758348355,1.7662761758348358,1.7745439573163935,1.7745439573163933,1.2283802219429574,1.2283802219429574
183.0,0.183,0.001,0.499,33.90891673919525,28.970793458139163,0.5918222428835764,0.5056357327597624,4.904697242617258,-3.980950676254193,4.904697242617258,-3.980950676254193,4.904697242617258,-3.980950676254193,0.015891899690091683,0.692113576169839,-0.7437262830262645,-3.2743573653632283,-0.7437262830262645,-3.2743573653632283,0.0,0.0,0.0,0.0,0.0,0.0,1.774746143302319,1.774746143302319,1.7747461433023193,1.783012548963144,1.783012548963144,1.2372888685233603,1.2372888685233603
184.0,0.184,0.001,0.499,34.19086440259383,28.742474359972054,0.5967431579281864,0.5016508127515622,4.920915044610008,-3.9849200082001373,4.920915044610008,-3.9849200082001373,4.920915044610008,-3.9849200082001373,0.015144778374748724,0.6888131524972556,-0.7471213153429589,-3.3004236725833818,-0.7471213153429589,-3.3004236725833818,0.0,0.0,0.0,0.0,0.0,0.0,1.783215885253877,1.783215885253877,1.783215885253877,1.7914813408083803,1.7914813408083803,1.2462305864268246,1.2462305864268246
185.0,0.185,0.001,0.499,34.47373167775486,28.513948705594665,0.6016801232258912,0.49766228765740217,4.9369652977047265,-3.988525094160034,4.9369652977047265,-3.988525094160034,4.9369652977047265,-3.988525094160034,0.014394273064481586,0.6854865342139149,-0.750505310267139,-3.3266182833407263,-0.750505310267139,-3.3266182833407263,0.0,0.0,0.0,0.0,0.0,0.0,1.7916858028633722,1.7916858028633722,1.7916858028633722,1.79995072526631,1.79995072526631,1.2552054288162846,1.2552054288162846
186.0,0.186,0.001,0.499,34.75750890108435,28.285237587900273,0.606632970115158,0.49367052561771874,4.952846889266882,-3.9917620396834317,4.952846889266882,-3.9917620396834317,4.952846889266882,-3.9917620396834317,0.013640394842042155,0.6821335926651826,-0.7538782224394308,-3.3529415487323715,-0.7538782224394308,-3.3529415487323715,0.0,0.0,0.0,0.0,0.0,0.0,1.8001562876159618,1.8001562876159618,1.8001562876159616,1.8084210843649444,1.8084210843649444,1.2642134447532734,1.2642134447532734
187.0,0.187,0.001,0.499,35.04218634629584,28.05636231803083,0.6116015288402643,0.48967589858210636,4.96855872510627,-3.9946270356123574,4.96855872510627,-3.9946270356123574,4.96855872510627,-3.9946270356123574,0.012883154833956807,0.6787541988587784,-0.7572400080853483,-3.3793938064042073,-0.7572400080853483,-3.3793938064042073,0.0,0.0,0.0,0.0,0.0,0.0,1.8086277205910426,1.8086277205910426,1.8086277205910426,1.8168927890279816,1.8168927890279813,1.2732546791140897,1.2732546791140897
188.0,0.188,0.001,0.499,35.32775422551992,27.827344420254935,0.6165856285706619,0.4856787822199212,4.984099730397602,-3.997116362185161,4.984099730397602,-3.997116362185161,4.984099730397602,-3.997116362185161,0.012122564208882561,0.6753482234785766,-0.7605906250742462,-3.4059753802017814,-0.7605906250742462,-3.4059753802017814,0.0,0.0,0.0,0.0,0.0,0.0,1.8171004717448667,1.8171004717448667,1.8171004717448667,1.8253661983572353,1.8253661983572353,1.2823291725048447,1.2823291725048447
189.0,0.189,0.001,0.499,35.61420269046615,27.59820562661224,0.6215850974212572,0.4816795558268084,4.999468850595333,-3.999226393112835,4.999468850595333,-3.999226393112835,4.999468850595333,-3.999226393112835,0.011358634175902986,0.6719155368987622,-0.7639300329795746,-3.432686579814453,-0.7639300329795746,-3.432686579814453,0.0,0.0,0.0,0.0,0.0,0.0,1.8255748991963505,1.8255748991963505,1.8255748991963505,1.8338416589168893,1.8338416589168893,1.2914369611753738,1.2914369611753738
190.0,0.19,0.001,0.499,35.901521833637055,27.368967871326234,0.6265997624735985,0.47767860222718656,5.014665052341293,-4.000953599621852,5.014665052341293,-4.000953599621852,5.014665052341293,-4.000953599621852,0.010591375982762536,0.6684560091983495,-0.7672581931404494,-3.4595277004127425,-0.7672581931404494,-3.4595277004127425,0.0,0.0,0.0,0.0,0.0,0.0,1.8340513485094496,1.8340513485094496,1.8340513485094496,1.8423195040208582,1.8423195040208582,1.3005780769320177,1.3005780769320177
191.0,0.191,0.001,0.499,36.18970168959354,27.13965328498763,0.6316294497979622,0.4736763076727291,5.029687324363677,-4.0022945544574595,5.029687324363677,-4.0022945544574595,5.029687324363677,-4.0022945544574595,0.009820800914037984,0.6649695101760706,-0.7705750687245533,-3.4864990222788164,-0.7705750687245533,-3.4864990222788164,0.0,0.0,0.0,0.0,0.0,0.0,1.8425301519858408,1.8425301519858408,1.8425301519858408,1.8508000530246045,1.8508000530246045,1.3097525470492744,1.3097525470492744
192.0,0.192,0.001,0.499,36.4787322362713,26.910284188511028,0.6366739844763282,0.46967306173688783,5.044534678365939,-4.003245935841304,5.044534678365939,-4.003245935841304,5.044534678365939,-4.003245935841304,0.009046920289245603,0.6614559093656406,-0.77388062479238,-3.5136008104300283,-0.77388062479238,-3.5136008104300283,0.0,0.0,0.0,0.0,0.0,0.0,1.8510116279556863,1.8510116279556863,1.8510116279556863,1.8592836106227235,1.8592836106227235,1.318960394180314,1.318960394180314
193.0,0.193,0.001,0.499,36.76860339634743,26.680883086867762,0.6417331906262322,0.46566925720551067,5.0592061499041066,-4.0038045313771695,5.0592061499041066,-4.0038045313771695,5.0592061499041066,-4.0038045313771695,0.008269745460882768,0.6579150760514051,-0.7771748283628354,-3.540833314235456,-0.7771748283628354,-3.540833314235456,0.0,0.0,0.0,0.0,0.0,0.0,1.859496080078435,1.859496080078435,1.859496080078435,1.8677704661536814,1.8677704661536814,1.3282016362663658,1.3282016362663658
194.0,0.194,0.001,0.499,37.05930503865667,26.451472662598334,0.6468068914254833,0.46166528996361206,5.073700799251023,-4.003967241898601,5.073700799251023,-4.003967241898601,5.073700799251023,-4.003967241898601,0.00748928781240256,0.6543468792843797,-0.7804576484802076,-3.5681967670253654,-0.7804576484802076,-3.5681967670253654,0.0,0.0,0.0,0.0,0.0,0.0,1.8679837966487414,1.8679837966487414,1.8679837966487414,1.8762608929130637,1.8762608929130637,1.3374762864449654,1.3374762864449654
195.0,0.195,0.001,0.499,37.35082697965617,26.222075769108056,0.6518949091377293,0.45766155887835996,5.088017712246022,-4.0037310852521015,5.088017712246022,-4.0037310852521015,5.088017712246022,-4.0037310852521015,0.006705558756120042,0.6507511878986862,-0.7837290562825184,-3.5956913856935424,-0.7837290562825184,-3.5956913856935424,0.0,0.0,0.0,0.0,0.0,0.0,1.87647504991172,1.87647504991172,1.87647504991172,1.8847551474767112,1.8847551474767115,1.3467843529570804,1.3467843529570804
196.0,0.196,0.001,0.499,37.64315898493818,25.992715423749985,0.6569970651388578,0.45365846567835033,5.102156001128524,-4.003093200009628,5.102156001128524,-4.003093200009628,5.102156001128524,-4.003093200009628,0.005918569731048774,0.6471278705283938,-0.7869890250712677,-3.6233173702924284,-0.7869890250712677,-3.6233173702924284,0.0,0.0,0.0,0.0,0.0,0.0,1.8849700953893296,1.8849700953893296,1.8849700953893296,1.8932534690351441,1.8932534690351444,1.3561258390530972,1.3561258390530972
197.0,0.197,0.001,0.499,37.93629077078936,25.763414800699575,0.6621131799442118,0.4496564148292463,5.116114805354062,-4.002050849104061,5.116114805354062,-4.002050849104061,5.116114805354062,-4.002050849104061,0.005128332200666194,0.6434767956247728,-0.7902375303825803,-3.6510749036210073,-0.7902375303825803,-3.6510749036210073,0.0,0.0,0.0,0.0,0.0,0.0,1.8934691712146443,1.8934691712146443,1.8934691712146443,1.901756078740632,1.9017560787406318,1.3655007428976884,1.3655007428976884
198.0,0.198,0.001,0.499,38.23021200579585,25.534197223625792,0.667243073236603,0.4456558134058649,5.1298932923912295,-4.0006014233813785,5.1298932923912295,-4.0006014233813785,5.1298932923912295,-4.0006014233813785,0.0043348576506064265,0.6397978314739674,-0.7934745500597674,-3.6789641508053843,-0.7934745500597674,-3.6789641508053843,0.0,0.0,0.0,0.0,0.0,0.0,1.9019724974834156,1.9019724974834156,1.9019724974834156,1.9102631790683082,1.9102631790683082,1.374909057473549,1.374909057473549
199.0,0.199,0.001,0.499,38.52491231249275,25.305086158163846,0.6723865638951011,0.44165707096080165,5.143490658498061,-3.9987424450632667,5.143490658498061,-3.9987424450632667,5.143490658498061,-3.9987424450632667,0.003538157586279116,0.6360908462150954,-0.7967000643273106,-3.7069852588720105,-0.7967000643273106,-3.7069852588720105,0.0,0.0,0.0,0.0,0.0,0.0,1.9104802756157342,1.9104802756157342,1.9104802756157342,1.9187749531926879,1.9187749531926879,1.3843507704840188,1.3843507704840188
200.0,0.2,0.001,0.499,38.820381269056895,25.076105204194995,0.6775434700245775,0.43766059938968765,5.156906129476381,-3.996471571113984,5.156906129476381,-3.996471571113984,5.156906129476381,-3.996471571113984,0.002738243530412839,0.6323557078587819,-0.7999140558662772,-3.7351383563135028,-0.7999140558662772,-3.7351383563135028,0.0,0.0,0.0,0.0,0.0,0.0,1.9189926877363712,1.9189926877363712,1.918992687736371,1.927291564380954,1.927291564380954,1.393825864254585,1.393825864254585
201.0,0.201,0.001,0.499,39.11660841104141,24.847278087939323,0.6827136089859801,0.4336668127931823,5.17013896140265,-3.993786596505344,5.17013896140265,-3.993786596505344,5.17013896140265,-3.993786596505344,0.0019351270205216634,0.6285922843061349,-0.8031165098911756,-3.763423552647015,-0.8031165098911756,-3.763423552647015,0.0,0.0,0.0,0.0,0.0,0.0,1.9275098960687451,1.9275098960687451,1.9275098960687451,1.9358131554043192,1.935813155404319,1.4033343156332734,1.4033343156332734
202.0,0.202,0.001,0.499,39.41358323315084,24.618628653867567,0.687896797427314,0.4296761273358085,5.183188441333886,-3.9906854573737776,5.183188441333886,-3.9906854573737776,5.183188441333886,-3.9906854573737776,0.001128819606293407,0.6248004433681698,-0.8063074142282564,-3.791840937965121,-0.8063074142282564,-3.791840937965121,0.0,0.0,0.0,0.0,0.0,0.0,1.9360320423506678,1.9360320423506678,1.9360320423506678,1.9443398479688212,1.9443398479688212,1.4128760958899356,1.4128760958899356
203.0,0.203,0.001,0.499,39.71129519105505,24.390180856438658,0.6930928513153013,0.425688961101745,5.1960538879872535,-3.987166234063556,5.1960538879872535,-3.987166234063556,5.1960538879872535,-3.987166234063556,0.00031933284689814035,0.6209800527856906,-0.8094867593952667,-3.8203905824791757,-0.8094867593952667,-3.8203905824791757,0.0,0.0,0.0,0.0,0.0,0.0,1.9445592472653934,1.9445592472653934,1.9445592472653934,1.9528717421667914,1.9528717421667914,1.42245117061444,1.42245117061444
204.0,0.20400000000000001,0.001,0.499,40.00973370324065,24.161958751669665,0.6983015859676932,0.4217057339476946,5.2087346523919384,-3.9832271540503665,5.2087346523919384,-3.9832271540503665,5.2087346523919384,-3.9832271540503665,-0.0004933216917845214,0.6171309802496354,-0.8126545386826617,-3.849072536055118,-0.8126545386826617,-3.849072536055118,0.0,0.0,0.0,0.0,0.0,0.0,1.953091609898119,1.953091609898119,1.9530916098981193,1.9614089159502759,1.9614089159502759,1.4320594996137674,1.4320594996137674
205.0,0.20500000000000002,0.001,0.499,40.30888815289798,23.933986488545496,0.7035228160862051,0.417726867352955,5.221230118511994,-3.978866594739597,5.221230118511994,-3.978866594739597,5.221230118511994,-3.978866594739597,-0.001309132440020799,0.6132530934218937,-0.8158107482362775,-3.8778868277416922,-0.8158107482362775,-3.8778868277416922,0.0,0.0,0.0,0.0,0.0,0.0,1.9616292072096382,1.9616292072096382,1.9616292072096382,1.9699514246276113,1.9699514246276113,1.4417010368080279,1.4417010368080279
206.0,0.20600000000000002,0.001,0.499,40.60874788984209,23.706288300275702,0.708756355790044,0.41375278426682116,5.2335397038388445,-3.9740830861338337,5.2335397038388445,-3.9740830861338337,5.2335397038388445,-3.9740830861338337,-0.0021280878271622687,0.6093462599566026,-0.8189553871414696,-3.9068334652910646,-0.8189553871414696,-3.9068334652910646,0.0,0.0,0.0,0.0,0.0,0.0,1.9701720935368578,1.9701720935368578,1.9701720935368578,1.9784993003843319,1.9784993003843319,1.451375730125399,1.451375730125399
207.0,0.20700000000000002,0.001,0.499,40.909302232465876,23.478888495406267,0.7140020186499962,0.4097839089534569,5.245662859952216,-3.96887531336428,5.245662859952216,-3.96887531336428,5.245662859952216,-3.96887531336428,-0.0029501762846709857,0.6054103475219308,-0.8220884575087168,-3.9359124346718195,-0.8220884575087168,-3.9359124346718195,0.0,0.0,0.0,0.0,0.0,0.0,1.9787203001160734,1.9787203001160734,1.9787203001160734,1.9870525518295292,1.9870525518295292,1.4610835213960092,1.4610835213960092
208.0,0.20800000000000002,0.001,0.499,41.21054046972344,23.25181144879444,0.7192596177230446,0.4058206668343759,5.257599073048299,-3.9632421190809928,5.257599073048299,-3.9632421190809928,5.257599073048299,-3.9632421190809928,-0.0037753862492316786,0.6014452238223564,-0.8252099645606931,-3.965123699574322,-0.8252099645606931,-3.965123699574322,0.0,0.0,0.0,0.0,0.0,0.0,1.9872738346305472,1.9872738346305472,1.9872738346305472,1.9956111635687446,1.9956111635687446,1.4708243462447557,1.4708243462447557
209.0,0.209,0.001,0.499,41.512451863141784,23.025081592454995,0.7245289655874786,0.40186348432867885,5.2693478644339935,-3.9571825056970598,5.2693478644339935,-3.9571825056970598,5.2693478644339935,-3.9571825056970598,-0.004603706165952484,0.597450756621448,-0.8283199167208055,-3.994467200908444,-0.8283199167208055,-3.994467200908444,0.0,0.0,0.0,0.0,0.0,0.0,1.9958326807893483,1.9958326807893483,1.9958326807893483,2.004175095804409,2.004175095804409,1.4805981339830965,1.4805981339830965
210.0,0.21,0.001,0.499,41.81502564885883,22.798723406286527,0.7298098743784648,0.3979127886911968,5.280908790986184,-3.9506956374820765,5.280908790986184,-3.9506956374820765,5.280908790986184,-3.9506956374820765,-0.005435124491655681,0.5934268137651543,-0.8314183257031971,-4.02394285629365,-0.8314183257031971,-4.02394285629365,0.0,0.0,0.0,0.0,0.0,0.0,2.0043967979254464,2.0043967979254464,2.004396797925446,2.0127442839647958,2.0127442839647958,1.4904048074997998,1.4904048074997998
211.0,0.211,0.001,0.499,42.11825103968567,22.5727614086867,0.7351021558240398,0.39396900784869626,5.29228144557501,-3.9437808425005443,5.29228144557501,-3.9437808425005443,5.29228144557501,-3.9437808425005443,-0.006269629698259891,0.5893732632056128,-0.8345052066042107,-4.053550559541459,-0.8345052066042107,-4.053550559541459,0.0,0.0,0.0,0.0,0.0,0.0,2.012966120632044,2.012966120632044,2.012966120632044,2.021318638362385,2.021318638362385,1.5002442831506901,1.5002442831506901
212.0,0.212,0.001,0.499,42.42211722719099,22.347220147065546,0.74040562128149,0.3900325702343052,5.303465457450198,-3.9364376143910684,5.303465457450198,-3.9364376143910684,5.303465457450198,-3.9364376143910684,-0.007107210276255201,0.5852899730254825,-0.8375805779953094,-4.083290180130282,-0.8375805779953094,-4.083290180130282,0.0,0.0,0.0,0.0,0.0,0.0,2.021540558419853,2.021540558419853,2.021540558419853,2.02989804388247,2.02989804388247,1.5101164706473902,1.5101164706473902
213.0,0.213,0.001,0.499,42.72661338380538,22.122124188266174,0.7457200817740796,0.3861039046203227,5.314460492589592,-3.928665613982538,5.314460492589592,-3.928665613982538,5.314460492589592,-3.928665613982538,-0.007947854738272649,0.5811768114628098,-0.8406444620174469,-4.113161562672675,-0.8406444620174469,-4.113161562672675,0.0,0.0,0.0,0.0,0.0,0.0,2.0301199954103812,2.0301199954103812,2.0301199954103817,2.03848235970277,2.03848235970277,1.5200212729450788,1.5200212729450788
214.0,0.214,0.001,0.499,43.03172866494354,21.89749810890241,0.7510453480280886,0.38218343994957893,5.325266254009076,-3.920464670743761,5.325266254009076,-3.920464670743761,5.325266254009076,-3.920464670743761,-0.008791551622749529,0.5770336469364348,-0.8436968844768801,-4.143164526375015,-0.8436968844768801,-4.143164526375015,0.0,0.0,0.0,0.0,0.0,0.0,2.038704290056521,2.038704290056521,2.0387042900565207,2.047071419044737,2.047071419044737,1.5299585861292846,1.5299585861292846
215.0,0.215,0.001,0.499,43.33745221114184,21.673366485623117,0.7563812305101218,0.3782716051655156,5.3358824820331865,-3.911834784063341,5.3358824820331865,-3.911834784063341,5.3358824820331865,-3.911834784063341,-0.009638289497691943,0.5728603480719451,-0.846737874942414,-4.173298864489654,-0.846737874942414,-4.173298864489654,0.0,0.0,0.0,0.0,0.0,0.0,2.0472932748970503,2.0472932748970503,2.0472932748970503,2.0556650289571876,2.0556650289571876,1.5399282993017303,1.5399282993017303
216.0,0.216,0.001,0.499,43.643773150209164,21.44975388531304,0.7617275394646477,0.3743688290411587,5.3463089545257745,-3.9027761243569263,5.3463089545257745,-3.9027761243569263,5.3463089545257745,-3.9027761243569263,-0.010488056964536011,0.5686567837281855,-0.8497674668440681,-4.203564343759584,-0.8497674668440681,-4.203564343759584,0.0,0.0,0.0,0.0,0.0,0.0,2.05588675634267,2.05588675634267,2.05588675634267,2.064262970132771,2.064262970132771,1.549930294465247,1.549930294465247
217.0,0.217,0.001,0.499,43.95068059938871,21.226684855240315,0.7670840849517279,0.37047554000715943,5.356545487080178,-3.8932890339992747,5.356545487080178,-3.8932890339992747,5.356545487080178,-3.8932890339992747,-0.011340842662109161,0.5644228230243299,-0.8527856975731497,-4.233960703855676,-0.8527856975731497,-4.233960703855676,0.0,0.0,0.0,0.0,0.0,0.0,2.0644845144929977,2.0644845144929977,2.0644845144929977,2.072864996757754,2.0728649967577546,1.5599644464077822,1.5599644464077822
218.0,0.218,0.001,0.499,44.258163667528216,21.004183913160674,0.7724506768848963,0.36659216597908045,5.3665919331684435,-3.883374028078957,5.3665919331684435,-3.883374028078957,5.3665919331684435,-3.883374028078957,-0.012196635270692882,0.5601583353675234,-0.8557926085837206,-4.264487656806539,-0.8557926085837206,-4.264487656806539,0.0,0.0,0.0,0.0,0.0,0.0,2.0730863029914786,2.0730863029914786,2.073086302991478,2.081470836395498,2.081470836395498,1.5700306225855165,1.5700306225855165
219.0,0.219,0.001,0.499,44.56621145725647,20.782275537388696,0.7778271250691455,0.3627191341841066,5.376448184249237,-3.8730317949738606,5.376448184249237,-3.8730317949738606,5.376448184249237,-3.8730317949738606,-0.013055423516188321,0.5558631904811022,-0.8587882454954392,-4.295144886421094,-0.8587882454954392,-4.295144886421094,0.0,0.0,0.0,0.0,0.0,0.0,2.0816918489076732,2.0816918489076732,2.0816918489076732,2.090080189903902,2.090080189903902,1.5801286830051215,1.5801286830051215
220.0,0.22,0.001,0.499,44.87481306716358,20.56098415684644,0.7832132392389797,0.3588568709873606,5.3861141698341575,-3.862263196746034,5.3861141698341575,-3.862263196746034,5.3861141698341575,-3.862263196746034,-0.01391719617438608,0.5515372584333983,-0.8617726581977581,-4.325932047703925,-0.8617726581977581,-4.325932047703925,0.0,0.0,0.0,0.0,0.0,0.0,2.0903008526593765,2.0903008526593765,2.0903008526593765,2.0986927313870476,2.0986927313870476,1.5902584801051738,1.5902584801051738
221.0,0.221,0.001,0.499,45.183957593982626,20.34033414109988,0.788608829096492,0.3550058017180058,5.395589857512286,-3.851069269354778,5.395589857512286,-3.851069269354778,5.395589857512286,-3.851069269354778,-0.014781942075341536,0.5471804096671348,-0.8647459009554568,-4.356848766263504,-0.8647459009554568,-4.356848766263504,0.0,0.0,0.0,0.0,0.0,0.0,2.098912987963645,2.098912987963645,2.098912987963645,2.107308108181149,2.107308108181149,1.6004198586367542,1.6004198586367542
222.0,0.222,0.001,0.499,45.49363413477038,20.120349790393554,0.7940137043494249,0.35116635049531847,5.404875252932877,-3.83945122268728,5.404875252932877,-3.83945122268728,5.404875252932877,-3.83945122268728,-0.015649650107857023,0.5427925150294214,-0.8677080325154859,-4.387894637713401,-0.8677080325154859,-4.387894637713401,0.0,0.0,0.0,0.0,0.0,0.0,2.10752790182657,2.10752790182657,2.10752790182657,2.1159259408748587,2.1159259408748587,1.6106126555432614,1.6106126555432614
223.0,0.223,0.001,0.499,45.8038317890846,19.901055325693957,0.7994276747491711,0.347338940054912,5.4139703997462005,-3.8274104404064633,5.4139703997462005,-3.8274104404064633,5.4139703997462005,-3.8274104404064633,-0.01652030922407212,0.5383734458023548,-0.8706591162150953,-4.419069227066584,-0.8706591162150953,-4.419069227066584,0.0,0.0,0.0,0.0,0.0,0.0,2.116145214563445,2.116145214563445,2.116145214563445,2.124545823363873,2.124545823363873,1.6208366998394657,1.6208366998394657
224.0,0.224,0.001,0.499,46.114539661155504,19.682474878752103,0.8048505501286738,0.3435239915752959,5.422875379502651,-3.814948479616113,5.422875379502651,-3.814948479616113,5.422875379502651,-3.814948479616113,-0.017393908444163338,0.5339230737342319,-0.8735992200912195,-4.450372068122929,-0.8735992200912195,-4.450372068122929,0.0,0.0,0.0,0.0,0.0,0.0,2.124764519856426,2.124764519856426,2.124764519856426,2.133167322939719,2.133167322939719,1.6310918124898295,1.6310918124898295
225.0,0.225,0.001,0.499,46.425746862049195,19.464632482195736,0.8102821404401841,0.33972192450495214,5.431590311510316,-3.802067070343726,5.431590311510316,-3.802067070343726,5.431590311510316,-3.802067070343726,-0.018270436861154427,0.5294412710713817,-0.8765284169910882,-4.4818026628501,-0.8765284169910882,-4.4818026628501,0.0,0.0,0.0,0.0,0.0,0.0,2.133385384843301,2.133385384843301,2.133385384843301,2.1417899804124882,2.1417899804124882,1.6413778062861333,1.6413778062861333
226.0,0.226,0.001,0.499,46.73744251182044,19.247552059661558,0.8157222557928354,0.33593315639011023,5.4401153526513095,-3.7887681148419277,5.4401153526513095,-3.7887681148419277,5.4401153526513095,-3.7887681148419277,-0.019149883645838455,0.5249279105906238,-0.8794467846840287,-4.513360480757917,-0.8794467846840287,-4.513360480757917,0.0,0.0,0.0,0.0,0.0,0.0,2.14200735024209,2.14200735024209,2.14200735024209,2.150413310267234,2.150413310267234,1.651694485724431,1.651694485724431
227.0,0.227,0.001,0.499,47.04961574165266,19.03125741597779,0.8211707064899927,0.33215810270340057,5.44845069715726,-3.775053686709665,5.44845069715726,-3.775053686709665,5.44845069715726,-3.775053686709665,-0.020032238051812878,0.5203828656323575,-0.8823544059744236,-4.545044958266399,-0.8823544059744236,-4.545044958266399,0.0,0.0,0.0,0.0,0.0,0.0,2.1506299305085483,2.1506299305085483,2.1506299305085483,2.1590368008536327,2.1590368008536323,1.6620416468813746,1.6620416468813746
228.0,0.228,0.001,0.499,47.36225569598273,18.815772227407365,0.8266273030663371,0.32839717667356577,5.456596576344449,-3.7609260298347915,5.456596576344449,-3.7609260298347915,5.456596576344449,-3.7609260298347915,-0.02091748942062866,0.5158060101342898,-0.8852513688157853,-4.576855498067653,-0.8852513688157853,-4.576855498067653,0.0,0.0,0.0,0.0,0.0,0.0,2.1592526140260837,2.1592526140260837,2.1592526140260837,2.167659914608461,2.1676599146084614,1.6724190772899408,1.6724190772899408
229.0,0.229,0.001,0.499,47.67535153460831,18.60112003196177,0.8320918563246463,0.32465078911640577,5.464553258309173,-3.746387557160019,5.464553258309173,-3.746387557160019,5.464553258309173,-3.746387557160019,-0.021805627187054564,0.511197218665808,-0.8881377664259035,-4.608791468481786,-0.8881377664259035,-4.608791468481786,0.0,0.0,0.0,0.0,0.0,0.0,2.1678748633298217,2.1678748633298217,2.1678748633298217,2.1762820883103435,2.1762820883103435,1.6828265558145972,1.6828265558145972
230.0,0.23,0.001,0.499,47.98889243477548,18.387324219795627,0.8375641773722303,0.3209193482671312,5.472321047584008,-3.7314408492745903,5.472321047584008,-3.7314408492745903,5.472321047584008,-3.7314408492745903,-0.022696640884457588,0.506556366463001,-0.8910136974030233,-4.640852202807067,-0.8910136974030233,-4.640852202807067,0.0,0.0,0.0,0.0,0.0,0.0,2.176496115361638,2.176496115361638,2.1764961153616373,2.184902733366143,2.184902733366143,1.693263852525948,1.693263852525948
231.0,0.231,0.001,0.499,48.30286759324453,18.17440802369176,0.8430440776569861,0.3172032596142968,5.479900284755735,-3.716088652834387,5.479900284755735,-3.716088652834387,5.479900284755735,-3.716088652834387,-0.02359052015030059,0.5018833294643364,-0.8938792658430029,-4.673036998664533,-0.8938792658430029,-4.673036998664533,0.0,0.0,0.0,0.0,0.0,0.0,2.1851157817565117,2.1851157817565117,2.1851157817565117,2.1935212361283165,2.1935212361283165,1.703730728574895,1.703730728574895
232.0,0.232,0.001,0.499,48.61726622833161,17.962394509646472,0.8485313690030318,0.3135029257354833,5.487291346045775,-3.7003338788135482,5.487291346045775,-3.7003338788135482,5.487291346045775,-3.7003338788135482,-0.024487254731757994,0.49717798434699917,-0.8967345814574017,-4.705345117337298,-0.8967345814574017,-4.705345117337298,0.0,0.0,0.0,0.0,0.0,0.0,2.1937332491609847,2.1937332491609847,2.1937332491609842,2.202136958242466,2.202136958242466,1.7142269360663653,1.7142269360663653
233.0,0.233,0.001,0.499,48.93207758192438,17.751306567564413,0.8540258636458858,0.30981874613489224,5.49449464285406,-3.684179600591012,5.49449464285406,-3.684179600591012,5.49449464285406,-3.684179600591012,-0.025386834491450436,0.49244020856389437,-0.8995797596924423,-4.737775783104796,-0.8995797596924423,-4.737775783104796,0.0,0.0,0.0,0.0,0.0,0.0,2.202347879580586,2.202347879580586,2.202347879580586,2.210749237024258,2.210749237024258,1.7247522179326351,1.7247522179326351
234.0,0.234,0.001,0.499,49.2472909214694,17.541166902072366,0.8595273742671532,0.3061511170830165,5.5015106212673635,-3.6676290518757284,5.5015106212673635,-3.6676290518757284,5.5015106212673635,-3.6676290518757284,-0.026289249413299225,0.48766988038132214,-0.9024149218487899,-4.770328182572234,-0.9024149218487899,-4.770328182572234,0.0,0.0,0.0,0.0,0.0,0.0,2.210959010755571,2.210959010755571,2.2109590107555706,2.2193573858648183,2.2193573858648183,1.7353063078063067,1.7353063078063067
235.0,0.23500000000000001,0.001,0.499,49.56289554192935,17.331998023460887,0.8650357140286864,0.3025004314585419,5.508339761533163,-3.6506856244746175,5.508339761533163,-3.6506856244746175,5.508339761533163,-3.6506856244746175,-0.02719448960850131,0.4828668789173266,-0.9052401952020862,-4.8030014639955425,-0.9052401952020862,-4.8030014639955425,0.0,0.0,0.0,0.0,0.0,0.0,2.219565956568175,2.219565956568175,2.2195659565681747,2.2279606946636448,2.2279606946636448,1.7458889298929856,1.7458889298929856
236.0,0.23600000000000002,0.001,0.499,49.87888076770829,17.123822238762617,0.8705506966061866,0.2988670785926342,5.514982577500209,-3.633352865907641,5.514982577500209,-3.633352865907641,5.514982577500209,-3.633352865907641,-0.028102545321625483,0.4780310841807245,-0.9080557131241738,-4.835794736602115,-0.9080557131241738,-4.835794736602115,0.0,0.0,0.0,0.0,0.0,0.0,2.228168007473915,2.228168007473915,2.228168007473915,2.2365584302880483,2.2365584302880483,1.7564997988436923,1.7564997988436923
237.0,0.23700000000000002,0.001,0.499,50.19523595454297,16.916661642975704,0.8760721362222136,0.29525144411575954,5.521439616027019,-3.6156344768746624,5.521439616027019,-3.6156344768746624,5.521439616027019,-3.6156344768746624,-0.029013406936830424,0.4731623771108168,-0.9108616152049404,-4.868707069907665,-0.9108616152049404,-4.868707069907665,0.0,0.0,0.0,0.0,0.0,0.0,2.2367644309602603,2.2367644309602603,2.2367644309602603,2.2451498370580207,2.2451498370580207,1.7671386196270815,1.7671386196270815
238.0,0.23800000000000002,0.001,0.499,50.51195049135849,16.710538110440613,0.8815998476785731,0.29165390980718053,5.527711456359598,-3.5975343085790312,5.527711456359598,-3.5975343085790312,5.527711456359598,-3.5975343085790312,-0.029927064984205137,0.4682606396177873,-0.9136580473747122,-4.901737493029529,-0.9136580473747122,-4.901737493029529,0.0,0.0,0.0,0.0,0.0,0.0,2.2453544720313823,2.2453544720313823,2.2453544720313823,2.2537341372554636,2.2537341372554636,1.7778050874015006,1.7778050874015006
239.0,0.23900000000000002,0.001,0.499,50.82901380208662,16.505473286378137,0.8871336463880529,0.2880748534472674,5.533798709479741,-3.579056359913099,5.533798709479741,-3.579056359913099,5.533798709479741,-3.579056359913099,-0.030843510146232257,0.4633257546237905,-0.9164451620271189,-4.934884993996781,-0.9164451620271189,-4.934884993996781,0.0,0.0,0.0,0.0,0.0,0.0,2.253937353717321,2.253937353717321,2.2539373537173213,2.262310531656601,2.262310531656601,1.7884988873869538,1.7884988873869538
240.0,0.24,0.001,0.499,51.1464153474452,16.301488578596327,0.8926733484054782,0.28451464867275633,5.539702017425318,-3.5602047745111025,5.539702017425318,-3.5602047745111025,5.539702017425318,-3.5602047745111025,-0.03176273326437461,0.458357606104733,-0.9192231181423484,-4.96814851905753,-0.9192231181423484,-4.96814851905753,0.0,0.0,0.0,0.0,0.0,0.0,2.262512277603212,2.262512277603212,2.262512277603212,2.2708782000863827,2.2708782000863827,1.7992196947370245,1.7992196947370245
241.0,0.241,0.001,0.499,51.46414462667703,16.09860514937351,0.8982187704580622,0.28097366483508124,5.545422052584012,-3.5409838376750877,5.545422052584012,-3.5409838376750877,5.545422052584012,-3.5409838376750877,-0.032684725345785315,0.45335607913274917,-0.9219920814107089,-5.001526971983792,-0.9219920814107089,-5.001526971983792,0.0,0.0,0.0,0.0,0.0,0.0,2.2710784243846702,2.2710784243846702,2.2710784243846702,2.2794363019936608,2.2794363019936608,1.809967174410813,1.809967174410813
242.0,0.242,0.001,0.499,51.78219117924694,15.896843907524385,0.9037697299750242,0.2774522668619015,5.550959516962006,-3.5213979731797345,5.550959516962006,-3.5213979731797345,5.550959516962006,-3.5213979731797345,-0.033609477570141724,0.4483210599193748,-0.9247522243564084,-5.035019213374366,-0.9247522243564084,-5.035019213374366,0.0,0.0,0.0,0.0,0.0,0.0,2.279634954440845,2.279634954440845,2.279634954440845,2.287983977045881,2.287983977045881,1.8207409810449513,1.8207409810449513
243.0,0.243,0.001,0.499,52.10054458649547,15.696225500655816,0.9093260451164534,0.27395081512193936,5.556315141429173,-3.5014517399621368,5.556315141429173,-3.5014517399621368,5.556315141429173,-3.5014517399621368,-0.03453698129660318,0.4432524358594187,-0.9275037264614573,-5.068624059956135,-0.9275037264614573,-5.068624059956135,0.0,0.0,0.0,0.0,0.0,0.0,2.2881810084281002,2.2881810084281002,2.2881810084281002,2.296520345742005,2.296520345742005,1.8315407588257566,1.8315407588257566
244.0,0.244,0.001,0.499,52.4191944732482,15.49677030761846,0.9148875348013957,0.2704696652932366,5.561489684942338,-3.4811498287027582,5.561489684942338,-3.4811498287027582,5.561489684942338,-3.4811498287027582,-0.03546722807089278,0.43815009557553447,-0.930246774289599,-5.102340283884258,-0.930246774289599,-5.102340283884258,0.0,0.0,0.0,0.0,0.0,0.0,2.296715707890096,2.296715707890096,2.296715707890096,2.305044510042353,2.305044510042353,1.8423661413615835,1.8423661413615835
245.0,0.245,0.001,0.499,52.73813050937935,15.298498431160208,0.920454018735144,0.2670091682349327,5.566483933748232,-3.460497058303917,5.566483933748232,-3.460497058303917,5.566483933748232,-3.460497058303917,-0.03640020963250295,0.4330139289634927,-0.9329815616101642,-5.136166612041741,-0.9329815616101642,-5.136166612041741,0.0,0.0,0.0,0.0,0.0,0.0,2.3052381558884436,2.3052381558884436,2.3052381558884436,2.3135555540140706,2.3135555540140706,1.85321675155545,1.85321675155545
246.0,0.246,0.001,0.499,53.057342411328605,15.101429690786889,0.9260253174357117,0.2635696698626604,5.5712987005677626,-3.439498372272285,5.5712987005677626,-3.439498372272285,5.5712987005677626,-3.439498372272285,-0.03733591792202469,0.42784382723815384,-0.9357082895217436,-5.170101725338871,-0.9357082895217436,-5.170101725338871,0.0,0.0,0.0,0.0,0.0,0.0,2.313747437642966,2.313747437642966,2.313747437642966,2.3220525444908624,2.3220525444908624,1.864092201477992,1.864092201477992
247.0,0.247,0.001,0.499,53.37681994357026,14.905583615835347,0.931601252259475,0.2601515110276484,5.575934823763259,-3.4181588350119827,5.575934823763259,-3.4181588350119827,5.575934823763259,-3.4181588350119827,-0.03827434508860025,0.42263968298014076,-0.9384271665755677,-5.204144258013054,-0.9384271665755677,-5.204144258013054,0.0,0.0,0.0,0.0,0.0,0.0,2.3222426211934004,2.3222426211934004,2.3222426211934004,2.330534531745685,2.330534531745685,1.87499209224083,1.87499209224083
248.0,0.248,0.001,0.499,53.69655292003381,14.710979438763662,0.9371816454259654,0.2567550273996134,5.5803931664903486,-3.3964836280349404,5.5803931664903486,-3.3964836280349404,5.5803931664903486,-3.3964836280349404,-0.03921548349749873,0.41740139018321115,-0.9411384088984776,-5.238292796929602,-0.9411384088984776,-5.238292796929602,0.0,0.0,0.0,0.0,0.0,0.0,2.3307227580660292,2.3307227580660292,2.3307227580660292,2.3390005501750273,2.3390005501750273,1.885916013870409,1.885916013870409
249.0,0.249,0.001,0.499,54.01653120547506,14.51763608866285,0.9427663200418015,0.25338054935351817,5.584674615836147,-3.3744780460952426,5.584674615836147,-3.3744780460952426,5.584674615836147,-3.3744780460952426,-0.0401593257378141,0.4121288443023271,-0.9438422403153666,-5.27254588088403,-0.9438422403153666,-5.27254588088403,0.0,0.0,0.0,0.0,0.0,0.0,2.3391868839599845,2.3391868839599845,2.3391868839599845,2.3474496189934873,2.3474496189934873,1.8968635451823925,1.8968635451823925
250.0,0.25,0.001,0.499,54.33674471679731,14.325572184994025,0.9483551001237469,0.2500284018602639,5.588780081945428,-3.35214749325423,5.588780081945428,-3.35214749325423,5.588780081945428,-3.35214749325423,-0.041105864630285066,0.40682194230242064,-0.9465388924709666,-5.306901999906476,-0.9465388924709666,-5.306901999906476,0.0,0.0,0.0,0.0,0.0,0.0,2.347634019435406,2.347634019435406,2.347634019435406,2.355880742937258,2.355880742937258,1.9078342536566815,1.9078342536566815
251.0,0.251,0.001,0.499,54.657183424321744,14.134806031554572,0.9539478106208834,0.24669890438138078,5.592710497136445,-3.329497478883136,5.592710497136445,-3.329497478883136,5.592710497136445,-3.329497478883136,-0.042055093235235916,0.4014805827078518,-0.9492286049508493,-5.3413595945688455,-0.9492286049508493,-5.3413595945688455,0.0,0.0,0.0,0.0,0.0,0.0,2.3560631706180035,2.3560631706180035,2.3560631706180035,2.364292912975266,2.364292912975266,1.9188276953131416,1.9188276953131416
252.0,0.252,0.001,0.499,54.97783735300673,13.945355610676575,0.9595442774358914,0.24339237076777073,5.596466815008076,-3.30653361361005,5.596466815008076,-3.30653361361005,5.596466815008076,-3.30653361361005,-0.043007004860637424,0.3961046656525565,-0.951911625401507,-5.375917055295338,-0.951911625401507,-5.375917055295338,0.0,0.0,0.0,0.0,0.0,0.0,2.3644733299062684,2.3644733299062684,2.3644733299062684,2.3726851070266033,2.3726851070266033,1.9298434145881158,1.9298434145881158
253.0,0.253,0.001,0.499,55.29869658361556,13.757238577660237,0.9651443274454313,0.24010910916255276,5.600050009539928,-3.28326160521796,5.600050009539928,-3.28326160521796,5.600050009539928,-3.28326160521796,-0.0439615930702868,0.3906940929308795,-0.9545882096493725,-5.410572721677017,-0.9545882096493725,-5.410572721677017,0.0,0.0,0.0,0.0,0.0,0.0,2.3728634766854255,2.3728634766854255,2.3728634766854255,2.3810562906829986,2.3810562906829986,1.940880944211805,1.940880944211805
254.0,0.254,0.001,0.499,55.61975125383233,13.570472255444765,0.9707477885196184,0.23684942190805214,5.603461074187055,-3.2596872545006152,5.603461074187055,-3.2596872545006152,5.603461074187055,-3.2596872545006152,-0.04491885169210543,0.38524876804908836,-0.9572586218186325,-5.445324881791119,-0.9572586218186325,-5.445324881791119,0.0,0.0,0.0,0.0,0.0,0.0,2.381232578050003,2.381232578050003,2.381232578050003,2.3894054179350626,2.3894054179350626,1.9519398050866004,1.9519398050866004
255.0,0.255,0.001,0.499,55.94099155932564,13.385073629518716,0.9763544895405892,0.23361360545696927,5.606701020970869,-3.235816451082856,5.606701020970869,-3.235816451082856,5.606701020970869,-3.235816451082856,-0.045878774826553115,0.37976859627756254,-0.9599231344476846,-5.480171771525819,-0.9599231344476846,-5.480171771525819,0.0,0.0,0.0,0.0,0.0,0.0,2.3895795895251575,2.3895795895251575,2.3895795895251575,2.3977314319010405,2.3977314319010405,1.963019506166459,1.963019506166459
256.0,0.256,0.001,0.499,56.26240775476027,13.201059343071494,0.981964260420157,0.23040195028775726,5.609770879567858,-3.2116551692120248,5.609770879567858,-3.2116551692120248,5.609770879567858,-3.2116551692120248,-0.046841356855157196,0.37425348470365133,-0.962582028604082,-5.515111573911202,-0.962582028604082,-5.515111573911202,0.0,0.0,0.0,0.0,0.0,0.0,2.3979034557930867,2.3979034557930867,2.3979034557930863,2.406033265556906,2.406033265556906,1.9741195443374016,1.9741195443374016
257.0,0.257,0.001,0.499,56.583990154756385,13.018445692387246,0.9875769321165547,0.22721474082423032,5.612671696397639,-3.1872094635269357,5.612671696397639,-3.1872094635269357,5.612671696397639,-3.1872094635269357,-0.047806592449155,0.36870334228519414,-0.965235593997805,-5.550142418457204,-0.965235593997805,-5.550142418457204,0.0,0.0,0.0,0.0,0.0,0.0,2.4062031114220415,2.4062031114220415,2.4062031114220415,2.4143098424665714,2.4143098424665714,1.985239404299237,1.985239404299237
258.0,0.258,0.001,0.499,56.90572913479671,12.837248622482116,0.9931923366502666,0.2240522553594195,5.6154045337118745,-3.162485464810808,5.6154045337118745,-3.162485464810808,5.6154045337118745,-3.162485464810808,-0.04877447657824769,0.3631180799046948,-0.9678841290926935,-5.585262380499318,-0.9678841290926935,-5.585262380499318,0.0,0.0,0.0,0.0,0.0,0.0,2.414477481591241,2.414477481591241,2.414477481591241,2.4225600775111036,2.4225600775111036,1.9963785584485898,1.9963785584485898
259.0,0.259,0.001,0.499,57.22761513208152,12.6574837229854,0.9988103071189521,0.2209147659836851,5.617970468685523,-3.1374893757344227,5.617970468685523,-3.1374893757344227,5.617970468685523,-3.1374893757344227,-0.04974500451946356,0.3574976104241419,-0.9705279412158697,-5.62046948055289,-0.9705279412158697,-5.62046948055289,0.0,0.0,0.0,0.0,0.0,0.0,2.422725482819635,2.422725482819635,2.422725482819635,2.4307828776158207,2.4307828776158207,2.0075364667633444,2.0075364667633444
260.0,0.26,0.001,0.499,57.54963864633189,12.479166224264779,1.004430677711464,0.21780253851708947,5.620370592511857,-3.1122274665956287,5.620370592511857,-3.1122274665956287,5.620370592511857,-3.1122274665956287,-0.05071817186612853,0.35184184874046504,-0.9731673466649747,-5.655761683676853,-0.9731673466649747,-5.655761683676853,0.0,0.0,0.0,0.0,0.0,0.0,2.4309460236888807,2.4309460236888807,2.4309460236888802,2.4389771424742075,2.4389771424742075,2.018712576688584,2.018712576688584
261.0,0.261,0.001,0.499,57.87179024054129,12.302310993795565,1.0100532837209666,0.2147158324460283,5.622606009502639,-3.086706071061174,5.622606009502639,-3.086706071061174,5.622606009502639,-3.086706071061174,-0.051693974536941564,0.3461507118416173,-0.9758026708130371,-5.691136898847765,-0.9758026708130371,-5.691136898847765,0.0,0.0,0.0,0.0,0.0,0.0,2.4391380055643226,2.4391380055643226,2.439138005564322,2.447141765267613,2.4471417652676126,2.0299063230241376,2.0299063230241376
262.0,0.262,0.001,0.499,58.19406054167602,12.126932532773436,1.0156779615571614,0.21165490086411162,5.624677836194792,-3.0609315819166696,5.624677836194792,-3.0609315819166696,5.624677836194792,-3.0609315819166696,-0.05267240878515235,0.34042411886327223,-0.9784342482107876,-5.726592978345052,-0.9784342482107876,-5.726592978345052,0.0,0.0,0.0,0.0,0.0,0.0,2.4473003233133577,2.4473003233133577,2.4473003233133577,2.4552756333797636,2.4552756333797636,2.041117127813838,2.041117127813838
263.0,0.263,0.001,0.499,58.516440241324986,11.953044972969897,1.0213045487576262,0.2086199904172813,5.6265872004648445,-3.034910446830319,5.6265872004648445,-3.034910446830319,5.6265872004648445,-3.034910446830319,-0.05365347120783858,0.3346619911461238,-0.9810624226862287,-5.762127717148382,-0.9810624226862287,-5.762127717148382,0.0,0.0,0.0,0.0,0.0,0.0,2.455431866015213,2.455431866015213,2.455431866015213,2.4633776291051244,2.4633776291051244,2.052344400236572,2.052344400236572
264.0,0.264,0.001,0.499,58.83892009629911,11.78066207382935,1.0269328839982785,0.20561134125314545,5.628335240652394,-3.0086491641358535,5.628335240652394,-3.0086491641358535,5.628335240652394,-3.0086491641358535,-0.054637158755279844,0.3288642522937757,-0.9836875474412603,-5.797738852348114,-0.9836875474412603,-5.797738852348114,0.0,0.0,0.0,0.0,0.0,0.0,2.46353151766742,2.46353151766742,2.46353151766742,2.4714466303502385,2.4714466303502385,2.06358753649926,2.06358753649926
265.0,0.265,0.001,0.499,59.16149092918125,11.609797219806401,1.0325628071029722,0.20262918697450552,5.629923104693745,-2.9821542786399258,5.629923104693745,-2.9821542786399258,5.629923104693745,-2.9821542786399258,-0.05562346874042501,0.3230308282312059,-0.9863099851451635,-5.833424062569799,-0.9863099851451635,-5.833424062569799,0.0,0.0,0.0,0.0,0.0,0.0,2.4715981578848285,2.4715981578848285,2.4715981578848285,2.4794815113271924,2.4794815113271924,2.074845919731851,2.074845919731851
266.0,0.266,0.001,0.499,59.484143628827006,11.440463417941686,1.038194159052239,0.19967375459704653,5.631351949266858,-2.9554323774589966,5.631351949266858,-2.9554323774589966,5.631351949266858,-2.9554323774589966,-0.05661239884844974,0.31716164726379215,-0.9889301080247329,-5.8691809674137305,-0.9889301080247329,-5.8691809674137305,0.0,0.0,0.0,0.0,0.0,0.0,2.4796306625895945,2.4796306625895945,2.4796306625895945,2.487481143238389,2.487481143238389,2.0861189198844396,2.0861189198844396
267.0,0.267,0.001,0.499,59.80686915081734,11.272673295674254,1.0438267819911877,0.19674526451115598,5.6326229389486455,-2.9284900858905445,5.6326229389486455,-2.9284900858905445,5.6326229389486455,-2.9284900858905445,-0.05760394714640059,0.3112566401368816,-0.9915482979508469,-5.90500712691056,-0.9915482979508469,-5.90500712691056,0.0,0.0,0.0,0.0,0.0,0.0,2.4876279046931025,2.4876279046931025,2.4876279046931025,2.495444394951897,2.4954443949518974,2.097405893626645,2.097405893626645
268.0,0.268,0.001,0.499,60.1296585178636,11.106439098888291,1.0494605192365734,0.19384393044783277,5.633737245385625,-2.9013340633232043,5.633737245385625,-2.9013340633232043,5.633737245385625,-2.9013340633232043,-0.05859811209292185,0.3053157400958876,-0.9941649465212614,-5.940900040994035,-0.9941649465212614,-5.940900040994035,0.0,0.0,0.0,0.0,0.0,0.0,2.4955887547694737,2.4955887547694737,2.4955887547694737,2.5033701336666763,2.5033701336666763,2.108706184249324,2.108706184249324
269.0,0.269,0.001,0.499,60.45250282016588,10.941772690191696,1.0550952152830522,0.19096995944864256,5.634696046478841,-2.8739709991902176,5.634696046478841,-2.8739709991902176,5.634696046478841,-2.8739709991902176,-0.05959489254806126,0.29933888294689565,-0.9967804551394047,-5.9768571489919164,-0.9967804551394047,-5.9768571489919164,0.0,0.0,0.0,0.0,0.0,0.0,2.503512081717095,2.503512081717095,2.503512081717095,2.511257225566995,2.511257225566995,2.1200191215687676,2.1200191215687676
270.0,0.27,0.001,0.499,60.7753932157256,10.778685547423771,1.060730715808636,0.18812355183967222,5.6355005255839465,-2.846407608970346,5.6355005255839465,-2.846407608970346,5.6355005255839465,-2.846407608970346,-0.06059428778315021,0.29332600711775947,-0.9993952350889491,-6.012875829136174,-0.9993952350889491,-6.012875829136174,0.0,0.0,0.0,0.0,0.0,0.0,2.511396753411824,2.511396753411824,2.511396753411824,2.519104536465484,2.519104536465484,2.1313440218334856,2.1313440218334856
271.0,0.271,0.001,0.499,61.098320930613035,10.617188762389121,1.0663668676793634,0.18530490120943205,5.636151870727223,-2.818650630240163,5.636151870727223,-2.818650630240163,5.636151870727223,-2.818650630240163,-0.06159629749075414,0.2872770537196659,-1.0020097076039303,-6.048953398093569,-1.0020097076039303,-6.048953398093569,0.0,0.0,0.0,0.0,0.0,0.0,2.5192416373454014,2.5192416373454014,2.5192416373454014,2.526910932434221,2.526910932434221,2.1426801876336876,2.1426801876336876
272.0,0.272,0.001,0.499,61.421277259191015,10.457293039814566,1.0720035189532018,0.18251419439065064,5.636651273838291,-2.7907068187814112,5.636651273838291,-2.7907068187814112,5.636651273838291,-2.7907068187814112,-0.06260092179468832,0.28119196660914814,-1.0046243039341807,-6.0850871105177555,-1.0046243039341807,-6.0850871105177555,0.0,0.0,0.0,0.0,0.0,0.0,2.5270456012564213,2.5270456012564213,2.5270456012564213,2.5346752804233663,2.5346752804233663,2.1540269078136065,2.1540269078136065
273.0,0.273,0.001,0.499,61.74425356429556,10.299008696525746,1.077640518883202,0.17975161144590376,5.636999930000189,-2.762582944746866,5.636999930000189,-2.762582944746866,5.636999930000189,-2.762582944746866,-0.06360816126009416,0.27507069245052407,-1.0072394654058394,-6.121274158624061,-1.0072394654058394,-6.121274158624061,0.0,0.0,0.0,0.0,0.0,0.0,2.5348075137449864,2.5348075137449864,2.5348075137449864,2.5423964488669037,2.5423964488669037,2.1653834573867625,2.1653834573867625
274.0,0.274,0.001,0.499,62.067241277374684,10.14234566083987,1.0832777179199193,0.17701732565701586,5.637199036717412,-2.7342857888879153,5.637199036717412,-2.7342857888879153,5.637199036717412,-2.7342857888879153,-0.06461801690357086,0.26891318077873594,-1.0098556434766977,-6.157511671788108,-1.0098556434766977,-6.157511671788108,0.0,0.0,0.0,0.0,0.0,0.0,2.5425262448764805,2.5425262448764805,2.5425262448764805,2.5500733082750284,2.5500733082750284,2.176749097454303,2.176749097454303
275.0,0.275,0.001,0.499,62.39023189858618,9.987313472170888,1.0889149677131218,0.17431150351816904,5.637249793202473,-2.705822138846822,5.637249793202473,-2.705822138846822,5.637249793202473,-2.705822138846822,-0.065630490203357,0.26271938406256645,-1.012473299786136,-6.193796716169475,-1.012473299786136,-6.193796716169475,0.0,0.0,0.0,0.0,0.0,0.0,2.550200666771783,2.550200666771783,2.550200666771783,2.5577047318128656,2.5577047318128656,2.1881230751265472,2.1881230751265472
276.0,0.276,0.001,0.499,62.713216996855756,9.833921280843247,1.0945521211128033,0.17163430473265265,5.6371533996814644,-2.6771987855164054,5.6371533996814644,-2.6771987855164054,5.6371533996814644,-2.6771987855164054,-0.0666455831095564,0.25648925776820486,-1.015092906199404,-6.230126294361597,-1.015092906199404,-6.230126294361597,0.0,0.0,0.0,0.0,0.0,0.0,2.557829654184178,2.557829654184178,2.557829654184178,2.5652895958651727,2.565289595865173,2.1995046234478552,2.1995046234478552
277.0,0.277,0.001,0.499,63.03618820989638,9.682177848110234,1.1001890321695222,0.168985882213183,5.6369110567190335,-2.6484225194696385,5.6369110567190335,-2.6484225194696385,5.6369110567190335,-2.6484225194696385,-0.0676632980544024,0.25022276042313574,-1.0177149448459923,-6.266497345069136,-1.0177149448459923,-6.266497345069136,0.0,0.0,0.0,0.0,0.0,0.0,2.5654120850612223,2.5654120850612223,2.565412085061222,2.572826780586751,2.5728267805867504,2.2108929613249555,2.2108929613249555
278.0,0.278,0.001,0.499,63.35913724419019,9.532091546372712,1.1058255561340853,0.16636638208572158,5.636523964563142,-2.619500127461425,5.636523964563142,-2.619500127461425,5.636523964563142,-2.619500127461425,-0.06868363796255424,0.2439198536803217,-1.020339908151844,-6.302906742814043,-1.020339908151844,-6.302906742814043,0.0,0.0,0.0,0.0,0.0,0.0,2.572946841093181,2.572946841093181,2.572946841093181,2.5803151704383467,2.5803151704383467,2.222287293458862,2.222287293458862
279.0,0.279,0.001,0.499,63.682055874933916,9.38367035959408,1.1114615494565951,0.16377594369671697,5.635993322509898,-2.5904383890045994,5.635993322509898,-2.5904383890045994,5.635993322509898,-2.5904383890045994,-0.06970660626141939,0.23758050238265013,-1.0229682988651487,-6.3393512976715725,-1.0229682988651487,-6.3393512976715725,0.0,0.0,0.0,0.0,0.0,0.0,2.5804328082480983,2.5804328082480983,2.5804328082480987,2.5877536547078384,2.5877536547078384,2.233686810280504,2.233686810280504
280.0,0.28,0.001,0.499,64.00493594594913,9.236921883907025,1.1170968697848838,0.161214699623695,5.635320328288709,-2.5612440730219594,5.635320328288709,-2.5612440730219594,5.635320328288709,-2.5612440730219594,-0.07073220689149486,0.23120467462761263,-1.0256006300754614,-6.375827755037499,-1.0256006300754614,-6.375827755037499,0.0,0.0,0.0,0.0,0.0,0.0,2.5878688772898344,2.5878688772898344,2.5878688772898344,2.595141128016556,2.595141128016556,2.2450906878902197,2.2450906878902197
281.0,0.281,0.001,0.499,64.32776936955844,9.091853328407666,1.1227313759623516,0.15868277568911907,5.634506177467936,-2.5319239345759295,5.634506177467936,-2.5319239345759295,5.634506177467936,-2.5319239345759295,-0.07176044431672074,0.22479234183218483,-1.0282374252258863,-6.412332795427812,-1.0282374252258863,-6.412332795427812,0.0,0.0,0.0,0.0,0.0,0.0,2.595253944283172,2.595253944283172,2.595253944283172,2.6024764908106457,2.6024764908106457,2.2564980880012255,2.2564980880012255
282.0,0.28200000000000003,0.001,0.499,64.65054812642875,8.948471516132548,1.1283649280252328,0.15618029097744182,5.633552062881177,-2.5024847116772304,5.633552062881177,-2.5024847116772304,5.633552062881177,-2.5024847116772304,-0.0727913235348388,0.2183434787978727,-1.030879218118065,-6.448863034312148,-1.030879218118065,-6.448863034312148,0.0,0.0,0.0,0.0,0.0,0.0,2.602586911084137,2.602586911084137,2.602586911084137,2.609758649837372,2.609758649837372,2.2679081578872147,2.2679081578872147
283.0,0.28300000000000003,0.001,0.499,64.97326426538294,8.806782885213883,1.133997387199307,0.1537073578552681,5.632459174074255,-2.472933122173734,5.632459174074255,-2.472933122173734,5.632459174074255,-2.472933122173734,-0.07382485008774851,0.21185806377589042,-1.0335265529097066,-6.485415021982261,-1.0335265529097066,-6.485415021982261,0.0,0.0,0.0,0.0,0.0,0.0,2.609866685813168,2.609866685813168,2.609866685813168,2.6169865186063297,2.6169865186063297,2.2793200303342136,2.2793200303342136
284.0,0.28400000000000003,0.001,0.499,65.29590990318098,8.666793490208407,1.13962861589608,0.15126408199454763,5.631228696772945,-2.443275860720467,5.631228696772945,-2.443275860720467,5.631228696772945,-2.443275860720467,-0.07486103007185291,0.20533607853243363,-1.0361799841043962,-6.521985243456794,-1.0361799841043962,-6.521985243456794,0.0,0.0,0.0,0.0,0.0,0.0,2.6170921833167715,2.6170921833167715,2.6170921833167715,2.6241590178355807,2.6241590178355807,2.2907328235968314,2.2907328235968314
285.0,0.28500000000000003,0.001,0.499,65.61847722427173,8.528509003595138,1.1452584777084514,0.14885056239871608,5.6298618123713915,-2.413519595831543,5.6298618123713915,-2.413519595831543,5.6298618123713915,-2.413519595831543,-0.07589987014838633,0.19877750841400998,-1.0388400765334214,-6.558570118423649,-1.0388400765334214,-6.558570118423649,0.0,0.0,0.0,0.0,0.0,0.0,2.624262325611174,2.624262325611174,2.624262325611174,2.6312750758827064,2.6312750758827064,2.3021456413590538,2.3021456413590538
286.0,0.28600000000000003,0.001,0.499,65.94095848051664,8.391934717437334,1.1508868374058925,0.14646689143170147,5.628359697441172,-2.3836709670146066,5.628359697441172,-2.3836709670146066,5.628359697441172,-2.3836709670146066,-0.07694137755371568,0.19218234241278875,-1.0415074053293516,-6.595166001221228,-1.0415074053293516,-6.595166001221228,0.0,0.0,0.0,0.0,0.0,0.0,2.631376042311856,2.631376042311856,2.631376042311856,2.6383336291608597,2.6383336291608597,2.3135575726996986,2.3135575726996986
287.0,0.28700000000000003,0.001,0.499,66.26334599088646,8.257075545203861,1.1565135609291533,0.14411315484971327,5.626723523260873,-2.3537365819881972,5.626723523260873,-2.3537365819881972,5.626723523260873,-2.3537365819881972,-0.07798556010960679,0.18555057323192892,-1.0441825558911106,-6.631769180859833,-1.0441825558911106,-6.631769180859833,0.0,0.0,0.0,0.0,0.0,0.0,2.638432271050314,2.638432271050314,2.638432271050314,2.645333622539888,2.645333622539888,2.324967692062696,2.324967692062696
288.0,0.28800000000000003,0.001,0.499,66.58563214113224,8.123936023745259,1.1621385153845192,0.141789431835731,5.624954455366023,-2.32372301398227,5.624954455366023,-2.32372301398227,5.624954455366023,-2.32372301398227,-0.07903242623344707,0.17888219735084443,-1.0468661238402812,-6.668375881084486,-1.0468661238402812,-6.668375881084486,0.0,0.0,0.0,0.0,0.0,0.0,2.6454299578711855,2.6454299578711855,2.6454299578711855,2.652274009732644,2.652274009732644,2.3363750592323185,2.3363750592323185
289.0,0.289,0.001,0.499,66.90780938343158,7.992520315419678,1.1677615690376384,0.13949579503660908,5.623053653119189,-2.293636799121934,5.623053653119189,-2.293636799121934,5.623053653119189,-2.293636799121934,-0.08008198494841545,0.172177215090364,-1.0495587149683832,-6.7049822604804445,-1.0495587149683832,-6.7049822604804445,0.0,0.0,0.0,0.0,0.0,0.0,2.6523680576208575,2.6523680576208575,2.6523680576208575,2.6591537536666245,2.6591537536666245,2.347778719313506,2.347778719313506
290.0,0.29,0.001,0.499,67.22987023601154,7.862832210363974,1.1733825913069384,0.13723231060271476,5.621022269299991,-2.2634844338943285,5.621022269299991,-2.2634844338943285,5.621022269299991,-2.2634844338943285,-0.08113424589359032,0.16543563067774134,-1.0522609451748692,-6.741584412622654,-1.0522609451748692,-6.741584412622654,0.0,0.0,0.0,0.0,0.0,0.0,2.659245534315569,2.659245534315569,2.659245534315569,2.6659718268410755,2.6659718268410755,2.3591777027174294,2.3591777027174294
291.0,0.291,0.001,0.499,67.55180728274895,7.73487512890519,1.1790014527566532,0.13499903823001638,5.618861449714777,-2.233272372698394,5.618861449714777,-2.233272372698394,5.618861449714777,-2.233272372698394,-0.0821892193339859,0.15865745231147096,-1.0549734403955862,-6.778178366270379,-1.0549734403955862,-6.778178366270379,0.0,0.0,0.0,0.0,0.0,0.0,2.666061361499398,2.666061361499398,2.666061361499398,2.67272721166978,2.67272721166978,2.370571025152433,2.370571025152433
292.0,0.292,0.001,0.499,67.8736131727498,7.60865212410768,1.1846180250894789,0.13279603120453923,5.616572332825637,-2.203007025477167,5.616572332825637,-2.203007025477167,5.616572332825637,-2.203007025477167,-0.08324691617050735,0.15184269222586272,-1.0576968365214496,-6.814760085608236,-1.0576968365214496,-6.814760085608236,0.0,0.0,0.0,0.0,0.0,0.0,2.6728145225857305,2.6728145225857305,2.6728145225857305,2.6794189008096994,2.6794189008096994,2.3819576876204946,2.3819576876204946
293.0,0.293,0.001,0.499,68.19528061990817,7.484165884451213,1.1902321811388774,0.13062333644910715,5.614156049398438,-2.172694755432089,5.614156049398438,-2.172694755432089,5.614156049398438,-2.172694755432089,-0.08430734794981444,0.1449913667553279,-1.0604317793070905,-6.851325470534816,-1.0604317793070905,-6.851325470534816,0.0,0.0,0.0,0.0,0.0,0.0,2.679504011185515,2.679504011185515,2.679504011185515,2.6860458974756916,2.6860458974756916,2.3933366764193447,2.3933366764193447
294.0,0.294,0.001,0.499,68.51680240244619,7.361418736635366,1.195843794861047,0.12848099457228845,5.611613722169513,-2.142341876818694,5.611613722169513,-2.142341876818694,5.611613722169513,-2.142341876818694,-0.08537052687408367,0.1381034963983278,-1.0631789242692284,-6.8878703570000885,-1.0631789242692284,-6.8878703570000885,0.0,0.0,0.0,0.0,0.0,0.0,2.6861288314222262,2.6861288314222262,2.6861288314222262,2.692607215741564,2.692607215741564,2.404706963150396,2.404706963150396
295.0,0.295,0.001,0.499,68.83817136243593,7.240412648505595,1.2014527413265776,0.12636903991946552,5.608946465530612,-2.111954652822941,5.608946465530612,-2.111954652822941,5.608946465530612,-2.111954652822941,-0.08643646581065821,0.1311791058809351,-1.06593893657454,-6.9243905173927205,-1.06593893657454,-6.9243905173927205,0.0,0.0,0.0,0.0,0.0,0.0,2.6926879982306025,2.6926879982306025,2.6926879982306025,2.699101880827654,2.699101880827654,2.4160675047326046,2.4160675047326046
296.0,0.296,0.001,0.499,69.15938040530425,7.121149232096409,1.2070588967118094,0.12428750062594819,5.606155385231715,-2.0815392935173223,5.606155385231715,-2.0815392935173223,5.606155385231715,-2.0815392935173223,-0.087505178301575,0.12421822421995665,-1.068712490916792,-6.960881660978438,-1.068712490916792,-6.960881660978438,0.0,0.0,0.0,0.0,0.0,0.0,2.6991805376469844,2.6991805376469844,2.6991805376469844,2.705528929375285,2.705528929375285,2.427417243422428,2.427417243422428
297.0,0.297,0.001,0.499,69.48042249932168,7.003629746787142,1.2126621382899108,0.12223639867205237,5.6032415781012705,-2.0511019538958184,5.6032415781012705,-2.0511019538958184,5.6032415781012705,-2.0511019538958184,-0.08857667857295802,0.11722088478556614,-1.0715002713830162,-6.997339434390512,-1.0715002713830162,-6.997339434390512,0.0,0.0,0.0,0.0,0.0,0.0,2.7056054870803035,2.7056054870803035,2.7056054870803035,2.7118874097082686,2.7118874097082686,2.438755106839993,2.438755106839993
298.0,0.298,0.001,0.499,69.80129067507615,6.887855102565845,1.2182623444216942,0.12021574994006572,5.600206131783411,-2.0206487319866455,5.600206131783411,-2.0206487319866455,5.600206131783411,-2.0206487319866455,-0.08965098154426653,0.11018712536339272,-1.0743029713085117,-7.033759422173421,-1.0743029713085117,-7.033759422173421,0.0,0.0,0.0,0.0,0.0,0.0,2.7119618955758007,2.7119618955758007,2.7119618955758007,2.7181763820818214,2.718176382081822,2.450080008001638,2.450080008001638
299.0,0.299,0.001,0.499,70.1219780249327,6.773825863396928,1.223859394546186,0.11822556427302404,5.597050124491689,-1.990185667041681,5.597050124491689,-1.990185667041681,5.597050124491689,-1.990185667041681,-0.090728102837387,0.10311698821601202,-1.0771212931204683,-7.070137147380691,-1.0771212931204683,-7.070137147380691,0.0,0.0,0.0,0.0,0.0,0.0,2.7182488240640406,2.7182488240640406,2.7182488240640406,2.7243949189191454,2.7243949189191454,2.46139084535895,2.46139084535895
300.0,0.3,0.001,0.499,70.4424777024799,6.661542250688204,1.229453169170965,0.11626584553522266,5.593774624778853,-1.9597187378013747,5.593774624778853,-1.9597187378013747,5.593774624778853,-1.9597187378013747,-0.091808058785557,0.09601052014378414,-1.079955948170012,-7.106468072227877,-1.079955948170012,-7.106468072227877,0.0,0.0,0.0,0.0,0.0,0.0,2.7244653455949495,2.7244653455949495,2.7244653455949495,2.7305421050359553,2.7305421050359553,2.472686502844444,2.472686502844444
301.0,0.301,0.001,0.499,70.7627829219641,6.551004146853104,1.2350435498622871,0.11433659167438878,5.590380691322169,-1.9292538608338832,5.590380691322169,-1.9292538608338832,5.590380691322169,-1.9292538608338832,-0.09289086644210949,0.08886777254498253,-1.0828076565524858,-7.142747598801612,-1.0828076565524858,-7.142747598801612,0.0,0.0,0.0,0.0,0.0,0.0,2.7306105455665466,2.7306105455665466,2.7306105455665466,2.736617037853303,2.736617037853303,2.4839658499240063,2.4839658499240063
302.0,0.302,0.001,0.499,71.08288695771208,6.442211098963863,1.240630419235011,0.11243779478544166,5.586869372723796,-1.8987968889471116,5.586869372723796,-1.8987968889471116,5.586869372723796,-1.8987968889471116,-0.09397654358902528,0.08168880147515696,-1.085677146915786,-7.178971069825573,-1.085677146915786,-7.178971069825573,0.0,0.0,0.0,0.0,0.0,0.0,2.7366835219342445,2.7366835219342445,2.736683521934244,2.7426188275989634,2.7426188275989634,2.495227741656263,2.495227741656263
303.0,0.303,0.001,0.499,71.40278314354326,6.335162322491608,1.2462136609423369,0.11056944117576938,5.583241707325718,-1.8683536096722937,5.583241707325718,-1.8683536096722937,5.583241707325718,-1.8683536096722937,-0.09506510874528187,0.07447366770567278,-1.0885651562565901,-7.215133769484181,-1.0885651562565901,-7.215133769484181,0.0,0.0,0.0,0.0,0.0,0.0,2.742683385414592,2.742683385414592,2.742683385414592,2.7485465974977,2.7485465974977,2.506471018758974,2.506471018758974
304.0,0.304,0.001,0.499,71.72246487217201,6.2298567051292935,1.2517931596653755,0.10873151143195169,5.579498723038705,-1.8379297438176967,5.579498723038705,-1.8379297438176967,5.579498723038705,-1.8379297438176967,-0.0961565811749862,0.067222436781368,-1.0914724297043175,-7.251230924304783,-1.0914724297043175,-7.251230924304783,0.0,0.0,0.0,0.0,0.0,0.0,2.748609259675932,2.748609259675932,2.748609259675932,2.754399483950752,2.754399483950752,2.517694507682606,2.517694507682606
305.0,0.305,0.001,0.499,72.04192559460095,6.126292810693582,1.2573688011025603,0.10692398048786068,5.575641437184805,-1.8075309440910028,5.575641437184805,-1.8075309440910028,5.575641437184805,-1.8075309440910028,-0.09725098089527888,0.05993517907726899,-1.0943997202926847,-7.287257704099005,-1.0943997202926847,-7.287257704099005,0.0,0.0,0.0,0.0,0.0,0.0,2.7544602815176726,2.7544602815176726,2.754460281517673,2.760176636704803,2.760176636704803,2.528897020691209,2.528897020691209
306.0,0.306,0.001,0.499,72.36115881950602,6.024468883101801,1.2629404719589132,0.1051468176940718,5.571670856352845,-1.7771627937888865,5.571670856352845,-1.7771627937888865,5.571670856352845,-1.7771627937888865,-0.09834832868399761,0.0526119698543051,-1.0973477887187233,-7.323209222963888,-1.0973477887187233,-7.323209222963888,0.0,0.0,0.0,0.0,0.0,0.0,2.760235601039917,2.760235601039917,2.760235601039917,2.7658772190107865,2.7658772190107865,2.5400773559507175,2.5400773559507175
307.0,0.307,0.001,0.499,72.68015811261387,5.924382850420217,1.2685080599351797,0.10339998688851952,5.56758797626643,-1.7468308055522823,5.56758797626643,-1.7468308055522823,5.56758797626643,-1.7468308055522823,-0.09944864608708676,0.04525288931396173,-1.1003174030891467,-7.35908054034337,-1.1003174030891467,-7.35908054034337,0.0,0.0,0.0,0.0,0.0,0.0,2.7659343818034556,2.7659343818034556,2.7659343818034556,2.7715004077728262,2.7715004077728262,2.5512342976248084,2.5512342976248084
308.0,0.308,0.001,0.499,72.99891709607255,5.826032328979958,1.2740714537168436,0.1016834464683337,5.563393781663923,-1.7165404201858219,5.563393781663923,-1.7165404201858219,5.563393781663923,-1.7165404201858219,-0.10055195542574072,0.03785802265181115,-1.1033093386539672,-7.39486666215058,-1.1033093386539672,-7.39486666215058,0.0,0.0,0.0,0.0,0.0,0.0,2.771555800978458,2.771555800978458,2.771555800978458,2.7770453936876054,2.7770453936876054,2.5623666159784273,2.5623666159784273
309.0,0.309,0.001,0.499,73.31742944781578,5.729414627556972,1.2796305429630335,0.0999971494627938,5.559089246189902,-1.6862970055399022,5.559089246189902,-1.6862970055399022,5.559089246189902,-1.6862970055399022,-0.101658279803268,0.0304274601098598,-1.1063243775272769,-7.430562541951349,-1.1063243775272769,-7.430562541951349,0.0,0.0,0.0,0.0,0.0,0.0,2.7770990494850456,2.7770990494850456,2.7770990494850456,2.7825113813744946,2.7825113813744946,2.5734730674891226,2.5734730674891226
310.0,0.31,0.001,0.499,73.63568890092185,5.6345267516125634,1.285185218295331,0.09834104360733995,5.554675332297585,-1.6561058554538466,5.554675332297585,-1.6561058554538466,5.554675332297585,-1.6561058554538466,-0.10276764311166313,0.02296129702765056,-1.1093633083951264,-7.466163082209242,-1.1093633083951264,-7.466163082209242,0.0,0.0,0.0,0.0,0.0,0.0,2.7825633321248735,2.7825633321248735,2.7825633321248735,2.787897589496717,2.7878975894967164,2.5845523949662743,2.5845523949662743
311.0,0.311,0.001,0.499,73.95368924296733,5.541365407591046,1.2907353712864926,0.09671507141858134,5.550152991161724,-1.6259721887586065,5.550152991161724,-1.6259721887586065,5.550152991161724,-1.6259721887586065,-0.10388007003787358,0.015459633892058193,-1.1124269262104498,-7.501663135592367,-1.1124269262104498,-7.501663135592367,0.0,0.0,0.0,0.0,0.0,0.0,2.7879478677015825,2.7879478677015825,2.7879478677015825,2.7932032508738676,2.7932032508738676,2.595603327678365,2.595603327678365
312.0,0.312,0.001,0.499,74.27142431537644,5.449927007271228,1.2962808944490942,0.09511917027024387,5.545523162601487,-1.595901148337468,5.545523162601487,-1.595901148337468,5.545523162601487,-1.595901148337468,-0.10499558606974858,0.007922576385716114,-1.115516031875003,-7.537057506342079,-1.115516031875003,-7.537057506342079,0.0,0.0,0.0,0.0,0.0,0.0,2.793251889135326,2.793251889135326,2.793251889135326,2.798427612586062,2.798427612586062,2.606624581488372,2.606624581488372
313.0,0.313,0.001,0.499,74.58888801276657,5.360207672168471,1.301821681224107,0.09355327247000064,5.540786775012827,-1.5658978002432238,5.540786775012827,-1.5658978002432238,5.540786775012827,-1.5658978002432238,-0.1061142175016569,0.0003502354340124657,-1.1186314319083028,-7.572340951703648,-1.1186314319083028,-7.572340951703648,0.0,0.0,0.0,0.0,0.0,0.0,2.7984746435682455,2.7984746435682455,2.7984746435682455,2.8035699360700215,2.8035699360700215,2.617614858997412,2.617614858997412
314.0,0.314,0.001,0.499,74.90607428229046,5.272203237984194,1.3073576259694168,0.09201730533713036,5.535944745309882,-1.5359671328702849,5.535944745309882,-1.5359671328702849,5.535944745309882,-1.5359671328702849,-0.10723599143976047,-0.0072572727494063715,-1.1217739381035694,-7.607508183418837,-1.1217739381035694,-7.607508183418837,0.0,0.0,0.0,0.0,0.0,0.0,2.803615392459009,2.803615392459009,2.803615392459009,2.8086294972073405,2.8086294972073405,2.6285728496967184,2.6285728496967184
315.0,0.315,0.001,0.499,75.22297712297538,5.185909259099738,1.3128886239482918,0.09051119128095013,5.530997978874936,-1.5061140561802249,5.530997978874936,-1.5061140561802249,5.530997978874936,-1.5061140561802249,-0.10836093580693117,-0.014899826618686631,-1.124944367170698,-7.64255386928026,-1.124944367170698,-7.64255386928026,0.0,0.0,0.0,0.0,0.0,0.0,2.808673411676502,2.808673411676502,2.808673411676502,2.8136055864052607,2.8136055864052607,2.6394972301280806,2.6394972301280806
316.0,0.316,0.001,0.499,75.53959058506008,5.101321013111636,1.3184145713178081,0.08903484787997086,5.5259473695164925,-1.476343400979263,5.5259473695164925,-1.476343400979263,5.5259473695164925,-1.476343400979263,-0.10948907934729747,-0.022577299253433894,-1.1281435403663072,-7.6774726347472635,-1.1281435403663072,-7.6774726347472635,0.0,0.0,0.0,0.0,0.0,0.0,2.8136479915759347,2.8136479915759347,2.8136479915759347,2.8184975086701693,2.8184975086701693,2.650386664052798,2.650386664052798
317.0,0.317,0.001,0.499,75.8559087693297,5.018433505405387,1.3239353651172432,0.08758818796172464,5.520793799435018,-1.4466599182462174,5.520793799435018,-1.4466599182462174,5.520793799435018,-1.4466599182462174,-0.1106204516304084,-0.03028955831805689,-1.1313722831109265,-7.712259064622996,-1.1313722831109265,-7.712259064622996,0.0,0.0,0.0,0.0,0.0,0.0,2.8185384370793987,2.8185384370793987,2.8185384370793987,2.8233045836741066,2.8233045836741066,2.6612398026292863,2.6612398026292863
318.0,0.318,0.001,0.499,76.17192582644908,4.9372414737649235,1.3294509032564392,0.08617111968321516,5.515538139195936,-1.4170682785094806,5.515538139195936,-1.4170682785094806,5.515538139195936,-1.4170682785094806,-0.11175508305500181,-0.038036466022849096,-1.1346314245934157,-7.746907704792204,-1.1346314245934157,-7.746907704792204,0.0,0.0,0.0,0.0,0.0,0.0,2.8233440677386006,2.8233440677386006,2.8233440677386006,2.8280261458145373,2.8280261458145373,2.672055284599382,2.672055284599382
319.0,0.319,0.001,0.499,76.48763595629495,4.857739393015056,1.3349610845041486,0.08478354661194355,5.510181247709456,-1.3875730712716028,5.510181247709456,-1.3875730712716028,5.510181247709456,-1.3875730712716028,-0.11289300485236453,-0.04581787908686829,-1.1379217973627234,-7.781413064019195,-1.1379217973627234,-7.781413064019195,0.0,0.0,0.0,0.0,0.0,0.0,2.8280642177983446,2.8280642177983446,2.8280642177983446,2.8326615442676113,2.8326615442676113,2.682831736483451,2.682831736483451
320.0,0.32,0.001,0.499,76.80303340728747,4.779921479694222,1.3404658084763654,0.08342536780746346,5.5047239722168415,-1.3581788044800913,5.5047239722168415,-1.3581788044800913,5.5047239722168415,-1.3581788044800913,-0.11403424908927165,-0.05363364870267358,-1.1412442369071203,-7.815769615805292,-1.1412442369071203,-7.815769615805292,0.0,0.0,0.0,0.0,0.0,0.0,2.832698236249913,2.832698236249913,2.832698236249913,2.8372101430351626,2.8372101430351626,2.693567772784362,2.693567772784362
321.0,0.321,0.001,0.499,77.11811247572106,4.7037816967550095,1.3459649756246481,0.08209647790342038,5.499167148282732,-1.3288899040430706,5.499167148282732,-1.3288899040430706,5.499167148282732,-1.3288899040430706,-0.11517884867049272,-0.06148362050297857,-1.1445995812210628,-7.849971800304991,-1.1445995812210628,-7.849971800304991,0.0,0.0,0.0,0.0,0.0,0.0,2.837245486880316,2.837245486880316,2.837245486880316,2.841671320985684,2.841671320985684,2.7042619962004135,2.7042619962004135
322.0,0.322,0.001,0.499,77.43286750509537,4.6293137582899115,1.3514584872244413,0.0807967671900319,5.493511599793153,-1.2997107133884782,5.493511599793153,-1.2997107133884782,5.493511599793153,-1.2997107133884782,-0.11632683734085258,-0.0693676345292785,-1.1479886703598665,-7.884014026299923,-1.1479886703598665,-7.884014026299923,0.0,0.0,0.0,0.0,0.0,0.0,2.8417053483127956,2.8417053483127956,2.8417053483127956,2.8460444718894595,2.8460444718894595,2.7149129978472577,2.7149129978472577
323.0,0.323,0.001,0.499,77.74729288544629,4.556511134279939,1.3569462453634002,0.07952612169696639,5.487758138958865,-1.2706454930655104,5.487758138958865,-1.2706454930655104,5.487758138958865,-1.2706454930655104,-0.11747824968683498,-0.07728552520250807,-1.1514123459823973,-7.917890673229579,-1.1514123459823973,-7.917890673229579,0.0,0.0,0.0,0.0,0.0,0.0,2.846077214044993,2.846077214044993,2.846077214044993,2.8503290044481147,2.8503290044481147,2.7255193574888947,2.7255193574888947
324.0,0.324,0.001,0.499,78.06138305267747,4.4853670553636995,1.362428152929724,0.07828442327657933,5.481907566323709,-1.2416984203870645,5.481907566323709,-1.2416984203870645,5.481907566323709,-1.2416984203870645,-0.11863312113771698,-0.08523712129578577,-1.1548714508820033,-7.951596093277692,-1.1548714508820033,-7.951596093277692,0.0,0.0,0.0,0.0,0.0,0.0,2.8503604924776376,2.8503604924776376,2.850360492477638,2.854524342318736,2.8545243423187356,2.7360796437777894,2.7360796437777894
325.0,0.325,0.001,0.499,78.37513248789266,4.415874517624699,1.3679041136005017,0.07707154968746736,5.4759606707776305,-1.212873589111964,5.4759606707776305,-1.212873589111964,5.4759606707776305,-1.212873589111964,-0.11979148796622294,-0.09322224590929876,-1.1583668285059463,-7.98512461351299,-1.1583668285059463,-7.98512461351299,0.0,0.0,0.0,0.0,0.0,0.0,2.854554606941867,2.854554606941867,2.854554606941867,2.858629924132805,2.858629924132805,2.746592414504152,2.746592414504152
326.0,0.326,0.001,0.499,78.68853571672892,4.348026287394633,1.3733740318300758,0.07588737467830158,5.469918229574079,-1.1841750091657912,5.469918229574079,-1.1841750091657912,5.469918229574079,-1.1841750091657912,-0.12095338728868654,-0.10124071644738171,-1.1618993224636074,-8.018470538082951,-1.1618993224636074,-8.018470538082951,0.0,0.0,0.0,0.0,0.0,0.0,2.858658995718352,2.858658995718352,2.8586589957183515,2.8626452035100836,2.8626452035100836,2.7570562168544352,2.7570562168544352
327.0,0.327,0.001,0.499,79.0015873086912,4.281814906070524,1.3788378128384273,0.07473176807190238,5.463781008351491,-1.155606606399192,5.463781008351491,-1.155606606399192,5.463781008351491,-1.155606606399192,-0.12211885706471032,-0.10929234459784078,-1.1654697760237716,-8.051628150459067,-1.1654697760237716,-8.051628150459067,0.0,0.0,0.0,0.0,0.0,0.0,2.8626731120521067,2.8626731120521067,2.8626731120521067,2.866569649067658,2.866569649067658,2.7674695876790643,2.7674695876790643
328.0,0.328,0.001,0.499,79.31428187648822,4.217232694943622,1.384295362599586,0.07360459584951982,5.457549761158593,-1.1271722223825544,5.457549761158593,-1.1271722223825544,5.457549761158593,-1.1271722223825544,-0.12328793609631164,-0.11737693631357277,-1.1690790316013187,-8.084591715731982,-1.1690790316013187,-8.084591715731982,0.0,0.0,0.0,0.0,0.0,0.0,2.8665964241635873,2.8665964241635873,2.8665964241635873,2.8704027444242883,2.8704027444242883,2.777831053769444,2.777831053769444
329.0,0.329,0.001,0.499,79.62661407537014,4.1542717600380525,1.3897465878300692,0.07250572023528382,5.451225230483253,-1.098875614236006,5.451225230483253,-1.098875614236006,5.451225230483253,-1.098875614236006,-0.12446066402654532,-0.12549429179652755,-1.1727279302336748,-8.117355482954792,-1.1727279302336748,-8.117355482954792,0.0,0.0,0.0,0.0,0.0,0.0,2.8704284152541173,2.8704284152541173,2.8704284152541177,2.8741439882002657,2.8741439882002657,2.7881391321442583,2.7881391321442583
330.0,0.33,0.001,0.499,79.938578602468,4.092923996957234,1.3951913959773539,0.0714349997807901,5.444808147284653,-1.0707204544937152,5.444808147284653,-1.0707204544937152,5.444808147284653,-1.0707204544937152,-0.12563708133759272,-0.13364420548406017,-1.176417311047402,-8.149913687532614,-1.176417311047402,-8.149913687532614,0.0,0.0,0.0,0.0,0.0,0.0,2.8741685835058624,2.8741685835058624,2.8741685835058624,2.8777928940128583,2.877792894012858,2.798392330345069,2.798392330345069
331.0,0.331,0.001,0.499,80.25017019613517,4.033181095736158,1.4006296952083823,0.07039228944978858,5.438299231028555,-1.042710331001516,5.438299231028555,-1.042710331001516,5.438299231028555,-1.042710331001516,-0.12681722934830805,-0.14182646603771665,-1.1801480107153297,-8.182260553656473,-1.1801480107153297,-8.182260553656473,0.0,0.0,0.0,0.0,0.0,0.0,2.8778164420801327,2.8778164420801327,2.8778164420801327,2.881348990467554,2.881348990467554,2.808589146741227,2.808589146741227
332.0,0.332,0.001,0.499,80.56138363529107,3.975034545697688,1.4060613943981077,0.06937744070294165,5.43169918972545,-1.0148487468469252,5.43169918972545,-1.0148487468469252,5.43169918972545,-1.0148487468469252,-0.12800115021121272,-0.15004085633449607,-1.183920862904656,-8.21439029677941,-1.183920862904656,-8.21439029677941,0.0,0.0,0.0,0.0,0.0,0.0,2.8813715191088005,2.8813715191088005,2.8813715191088005,2.884811821145213,2.8848118211452136,2.8187280708440916,2.8187280708440916
333.0,0.333,0.001,0.499,80.8722137387671,3.9184756403110574,1.4114864031180792,0.068390301582621,5.425008719971391,-0.9871391203206512,5.425008719971391,-0.9871391203206512,5.425008719971391,-0.9871391203206512,-0.12918888690892918,-0.15828715346062866,-1.1877366977164723,-8.246297126132585,-1.1877366977164723,-8.246297126132585,0.0,0.0,0.0,0.0,0.0,0.0,2.884833357682743,2.884833357682743,2.8848333576827434,2.888180944585248,2.888180944585248,2.828807583630548,2.828807583630548
334.0,0.334,0.001,0.499,81.18265536465516,3.8634954820508183,1.4169046316250704,0.06743071679771226,5.418228506991349,-0.9595847849087396,5.418228506991349,-0.9595847849087396,5.418228506991349,-0.9595847849087396,-0.13038048325004636,-0.16656512870790774,-1.1915963411171875,-8.277975247279073,-1.1915963411171875,-8.277975247279073,0.0,0.0,0.0,0.0,0.0,0.0,2.8882015158364736,2.8882015158364736,2.8882015158364736,2.8914559342649593,2.8914559342649593,2.8388261578758054,2.8388261578758054
335.0,0.335,0.001,0.499,81.4927034096588,3.8100849872545295,1.4223159908497554,0.06649852780839773,5.411359224684906,-0.9321889893145344,5.411359224684906,-0.9321889893145344,5.411359224684906,-0.9321889893145344,-0.13157598386440872,-0.17487454757261064,-1.1955006143623523,-8.309418864702902,-1.1955006143623523,-8.309418864702902,0.0,0.0,0.0,0.0,0.0,0.0,2.8914755665284155,2.8914755665284155,2.8914755665284155,2.894636378575163,2.8946363785751634,2.848782258495443,2.848782258495443
336.0,0.336,0.001,0.499,81.80235280844695,3.758234890977531,1.4277203923854296,0.06559357291088805,5.404401535674148,-0.9049548975096746,5.404401535674148,-0.9049548975096746,5.404401535674148,-0.9049548975096746,-0.13277543419782212,-0.18321516975704147,-1.199450333413409,-8.340622184430815,-1.199450333413409,-8.340622184430815,0.0,0.0,0.0,0.0,0.0,0.0,2.8946550976181573,2.8946550976181573,2.8946550976181573,2.8977218807921785,2.8977218807921785,2.8586743428966876,2.8586743428966876
337.0,0.337,0.001,0.499,82.11159853301073,3.7079357518431673,1.4331177484767832,0.06471568732207467,5.397356091353624,-0.8778855888133803,5.397356091353624,-0.8778855888133803,5.397356091353624,-0.8778855888133803,-0.13397888050617002,-0.19158674917372556,-1.2034463083479119,-8.371579416684085,-1.2034463083479119,-8.371579416684085,0.0,0.0,0.0,0.0,0.0,0.0,2.8977397118385126,2.8977397118385126,2.8977397118385126,2.900712059046303,2.900712059046303,2.868500861338848,2.868500861338848
338.0,0.338,0.001,0.499,82.42043559202314,3.6591779568868894,1.4385079720087255,0.06386470326407534,5.390223531942244,-0.8509840579993205,5.390223531942244,-0.8509840579993205,5.390223531942244,-0.8509840579993205,-0.1351863698489338,-0.1999890339522832,-1.2074893427637903,-8.402284778557654,-1.2074893427637903,-8.402284778557654,0.0,0.0,0.0,0.0,0.0,0.0,2.9007290267668733,2.9007290267668733,2.9007290267668733,2.9036065462868628,2.9036065462868628,2.878260257302891,2.878260257302891
339.0,0.339,0.001,0.499,82.72885903020169,3.611951726392698,1.4438909764952625,0.06304045004864595,5.383004486537011,-0.8242532154293873,5.383004486537011,-0.8242532154293873,5.383004486537011,-0.8242532154293873,-0.13639795008211206,-0.20842176644900695,-1.2115802331782417,-8.432732496723753,-1.2115802331782417,-8.432732496723753,0.0,0.0,0.0,0.0,0.0,0.0,2.9036226747891143,2.9036226747891143,2.9036226747891143,2.9064049902439275,2.9064049902439275,2.8879509678700677,2.8879509678700677
340.0,0.34,0.001,0.499,83.03686392767452,3.5662471187204074,1.449266676068431,0.06224275416143221,5.375699573168486,-0.7976958872137369,5.375699573168486,-0.7976958872137369,5.375699573168486,-0.7976958872137369,-0.13761366985053392,-0.21688468325916402,-1.2157197684218688,-8.462916810157061,-1.2157197684218688,-8.462916810157061,0.0,0.0,0.0,0.0,0.0,0.0,2.9064203030644804,2.9064203030644804,2.9064203030644804,2.9091070533867662,2.9091070533867662,2.8975714241095325,2.8975714241095325
341.0,0.341,0.001,0.499,83.3444453993495,3.5220540351222764,1.4546349854672889,0.061471439346035724,5.368309398857906,-0.7713148153964887,5.368309398857906,-0.7713148153964887,5.368309398857906,-0.7713148153964887,-0.1388335785795626,-0.2253775152320424,-1.2199087290286912,-8.492831972878392,-1.2199087290286912,-8.492831972878392,0.0,0.0,0.0,0.0,0.0,0.0,2.909121573484032,2.909121573484032,2.9091215734840317,2.9117124128791287,2.9117124128791287,2.9071200514748794,2.9071200514748794
342.0,0.342,0.001,0.499,83.6515985942868,3.4793622245475615,1.4599958200269647,0.06072632668786922,5.360834559675885,-0.7451126581665073,5.360834559675885,-0.7451126581665073,5.360834559675885,-0.7451126581665073,-0.14005772646618528,-0.2338999874887562,-1.2241478866226816,-8.522472256713794,-1.2241478866226816,-8.522472256713794,0.0,0.0,0.0,0.0,0.0,0.0,2.911726162627031,2.911726162627031,2.911726162627031,2.914220760531416,2.914220760531416,2.9165952702094895,2.9165952702094895
343.0,0.343,0.001,0.499,83.95831869507496,3.4381612884335855,1.4653490956677673,0.0600072346977765,5.353275640802633,-0.7190919900927175,5.353275640802633,-0.7190919900927175,5.353275640802633,-0.7190919900927175,-0.14128616446948677,-0.2424518194428221,-1.2284380033014959,-8.551831954065896,-1.2284380033014959,-8.551831954065896,0.0,0.0,0.0,0.0,0.0,0.0,2.914233761714323,2.914233761714323,2.914233761714323,2.916631802749815,2.9166318027498144,2.925995495760618,2.925995495760618
344.0,0.34400000000000003,0.001,0.499,84.26460091721049,3.3984406854819493,1.4706947288843568,0.05931397939539307,5.3456332165896425,-0.6932553023834376,5.3456332165896425,-0.6932553023834376,5.3456332165896425,-0.6932553023834376,-0.14251894430050485,-0.25103272482351635,-1.232779831018081,-8.580905380694238,-1.232779831018081,-8.580905380694238,0.0,0.0,0.0,0.0,0.0,0.0,2.9166440765582218,2.9166440765582218,2.9166440765582218,2.9189452604824533,2.9189452604824533,2.935319139202075,2.935319139202075
345.0,0.34500000000000003,0.001,0.499,84.57044050848093,3.360189736418534,1.4760326367349796,0.05864637439222383,5.337907850622806,-0.6676050031692371,5.337907850622806,-0.6676050031692371,5.337907850622806,-0.6676050031692371,-0.1437561184114657,-0.25964241170201763,-1.237174110960863,-8.60968687850128,-1.237174110960863,-8.60968687850128,0.0,0.0,0.0,0.0,0.0,0.0,2.9189568275103808,2.9189568275103808,2.9189568275103803,2.9211608691626374,2.9211608691626374,2.944564607665424,2.944564607665424
346.0,0.34600000000000003,0.001,0.499,84.87583274835178,3.3233976287359805,1.4813627368307665,0.058004230974414976,5.330100095786932,-0.6421434178088541,5.330100095786932,-0.6421434178088541,5.330100095786932,-0.6421434178088541,-0.14499773998439894,-0.2682805825203384,-1.2416215729332296,-8.63817081832072,-1.2416215729332296,-8.63817081832072,0.0,0.0,0.0,0.0,0.0,0.0,2.92117174940497,2.92117174940497,2.9211717494049703,2.923278378649214,2.923278378649214,2.9537303047795347,2.9537303047795347
347.0,0.34700000000000003,0.001,0.499,85.18077294735723,3.2880534214173416,1.486684947325098,0.057387358185197246,5.322210494331633,-0.6168727892177318,5.322210494331633,-0.6168727892177318,5.322210494331633,-0.6168727892177318,-0.14624386291913197,-0.27694693412304305,-1.2461229347330385,-8.666351602704685,-1.2461229347330385,-8.666351602704685,0.0,0.0,0.0,0.0,0.0,0.0,2.923288591500056,2.923288591500056,2.923288591500056,2.9252975531641274,2.9252975531641274,2.9628146311183716,2.9628146311183716
348.0,0.34800000000000003,0.001,0.499,85.48525644649449,3.254146049639637,1.4919991869030367,0.05679556290697849,5.314239577938583,-0.5917952782187548,5.314239577938583,-0.5917952782187548,5.314239577938583,-0.5917952782187548,-0.14749454182066485,-0.2856411577917494,-1.2506789015328892,-8.69422366870635,-1.2506789015328892,-8.69422366870635,0.0,0.0,0.0,0.0,0.0,0.0,2.925307117417355,2.925307117417355,2.925307117417355,2.927218171227197,2.927218171227197,2.9718159846568635,2.9718159846568635
349.0,0.34900000000000003,0.001,0.499,85.78927861662238,3.2216643294560674,1.4973053747708267,0.05622864994306371,5.306187867790129,-0.5669129639147875,5.306187867790129,-0.5669129639147875,5.306187867790129,-0.5669129639147875,-0.14874983198592676,-0.29436293928240387,-1.2552901652619133,-8.721781490654472,-1.2552901652619133,-8.721781490654472,0.0,0.0,0.0,0.0,0.0,0.0,2.9272271050759513,2.9272271050759513,2.9272271050759513,2.9290400255881623,2.9290400255881623,2.9807327612346994,2.9807327612346994
350.0,0.35000000000000003,0.001,0.499,86.09283485786369,3.1905969624556545,1.5026034306454659,0.05568642209898107,5.298055874639262,-0.5422278440826395,5.298055874639262,-0.5422278440826395,5.298055874639262,-0.5422278440826395,-0.1500097893899166,-0.30311195886532016,-1.259957403989842,-8.749019582916304,-1.259957403989842,-8.749019582916304,0.0,0.0,0.0,0.0,0.0,0.0,2.9290483466265735,2.9290483466265735,2.929048346626574,2.930762923156058,2.930762923156058,2.989563355027879,2.989563355027879
351.0,0.35100000000000003,0.001,0.499,86.39592059901176,3.1609325403991004,1.5078932747443468,0.05516868026339298,5.289844098880957,-0.5177418355880952,5.289844098880957,-0.5177418355880952,5.289844098880957,-0.5177418355880952,-0.15127447067123073,-0.3118878913679655,-1.2646812813141197,-8.775932502645363,-1.2646812813141197,-8.775932502645363,0.0,0.0,0.0,0.0,0.0,0.0,2.930770648381458,2.930770648381458,2.930770648381458,2.932386684925914,2.9323866849259135,2.998306159027838,2.998306159027838
352.0,0.352,0.001,0.499,86.6985312969411,3.1326595498296816,1.5131748277749717,0.05467522348857131,5.281553030624896,-0.4934567748216683,5.281553030624896,-0.4934567748216683,5.281553030624896,-0.4934567748216683,-0.15254393311698158,-0.32069040622047595,-1.2694624457508399,-8.802514852510459,-1.2694624457508399,-8.802514852510459,0.0,0.0,0.0,0.0,0.0,0.0,2.932393830741221,2.932393830741221,2.932393830741221,2.933911145902859,2.933911145902859,3.006959565527968,3.006959565527968
353.0,0.353,0.001,0.499,87.0006624360224,3.1057663766580053,1.5184480109247414,0.054205849070416555,5.273183149769593,-0.4693744181547529,5.273183149769593,-0.4693744181547529,5.273183149769593,-0.4693744181547529,-0.15381823464711186,-0.3295191675038784,-1.2743015301302811,-8.828761283402454,-1.2743015301302811,-8.828761283402454,0.0,0.0,0.0,0.0,0.0,0.0,2.933917728120784,2.933917728120784,2.9339177281207847,2.9353361550236268,2.9353361550236268,3.015521966617328,3.015521966617328
354.0,0.354,0.001,0.499,87.30230952754178,3.080241310719484,1.5237127458508193,0.0537603526280007,5.264734926077947,-0.4454964424158575,5.264734926077947,-0.4454964424158575,5.264734926077947,-0.4454964424158575,-0.1550974337981097,-0.3383738340009935,-1.2791991509978264,-8.854666497115161,-1.2791991509978264,-8.854666497115161,0.0,0.0,0.0,0.0,0.0,0.0,2.935342188870142,2.935342188870142,2.935342188870142,2.936661575075524,2.936661575075524,3.0239917546813304,3.0239917546813304
355.0,0.355,0.001,0.499,87.60346810912449,3.0560725503033837,1.5289689546700735,0.05333852818261407,5.256208819254255,-0.42182444538662206,5.256208819254255,-0.42182444538662206,5.256208819254255,-0.42182444538662206,-0.15638158970613075,-0.34725405924999037,-1.2841559080210498,-8.880225248996867,-1.2841559080210498,-8.880225248996867,0.0,0.0,0.0,0.0,0.0,0.0,2.9366670751954134,2.9366670751954134,2.9366670751954134,2.937887282612852,2.937887282612852,3.032367322909202,3.032367322909202
356.0,0.356,0.001,0.499,87.90413374416306,3.0332482066523423,1.5342165599490962,0.05294016823629674,5.247605279022715,-0.39835994631732763,5.247605279022715,-0.39835994631732763,5.247605279022715,-0.39835994631732763,-0.1576707620895345,-0.35615949160055926,-1.2891723834037538,-8.905432350568923,-1.2891723834037538,-8.905432350568923,0.0,0.0,0.0,0.0,0.0,0.0,2.9378922630755633,2.9378922630755633,2.937892263075563,2.9390131678708595,2.9390131678708595,3.040647065807976,3.040647065807976
357.0,0.357,0.001,0.499,88.2043020212501,3.0117563084312473,1.5394554846943036,0.05256506384983512,5.238924745207459,-0.3751043864616181,5.238924745207459,-0.3751043864616181,5.238924745207459,-0.3751043864616181,-0.15896501123084225,-0.3650897742726672,-1.2942491413077395,-8.93028267210793,-1.2942491413077395,-8.93028267210793,0.0,0.0,0.0,0.0,0.0,0.0,2.9390176421760748,2.9390176421760748,2.9390176421760748,2.9400391346772077,2.9400391346772072,3.048829379722785,3.048829379722785
358.0,0.358,0.001,0.499,88.5039685536157,2.99158480616439,1.5446856523421177,0.05221300472020496,5.230167647814153,-0.3520591296301634,5.230167647814153,-0.3520591296301634,5.230167647814153,-0.3520591296301634,-0.16026439795812533,-0.37404454541785526,-1.2993867272830872,-8.954771145188072,-1.2993867272830872,-8.954771145188072,0.0,0.0,0.0,0.0,0.0,0.0,2.9400431157622253,2.9400431157622253,2.9400431157622253,2.940965100360986,2.940965100360986,3.056912663363202,3.056912663363202
359.0,0.359,0.001,0.499,88.80312897856975,2.9727215766398287,1.549906986749231,0.05188377925744196,5.22133440711321,-0.32922546276299663,5.22133440711321,-0.32922546276299663,5.22133440711321,-0.32922546276299663,-0.16156898362583305,-0.3830234381830354,-1.304585667707721,-8.978892765180165,-1.304585667707721,-8.978892765180165,0.0,0.0,0.0,0.0,0.0,0.0,2.940968600607945,2.940968600607945,2.940968600607945,2.94179099565933,2.94179099565933,3.064895318335382,3.064895318335382
360.0,0.36,0.001,0.499,89.10177895694882,2.955154427279906,1.5551194121829557,0.051577174660921696,5.21242543372466,-0.3066045965202678,5.21242543372466,-0.3066045965202678,5.21242543372466,-0.3066045965202678,-0.16287883009507007,-0.3920260807767395,-1.3098464692370215,-9.00264259370409,-1.3098464692370215,-9.00264259370409,0.0,0.0,0.0,0.0,0.0,0.0,2.941794026903047,2.941794026903047,2.941794026903047,2.9425167646216264,2.9425167646216264,3.0727757496797223,3.0727757496797223
361.0,0.361,0.001,0.499,89.39991417256839,2.9388711004768737,1.5603228533116604,0.05129297699503054,5.203441128704716,-0.28419766589115786,5.203441128704716,-0.28419766589115786,5.203441128704716,-0.28419766589115786,-0.16419399971333432,-0.40105209653777085,-1.3151696182642465,-9.02601576103134,-1.3151696182642465,-9.02601576103134,0.0,0.0,0.0,0.0,0.0,0.0,2.942519338158147,2.942519338158147,2.9425193381581467,2.9431423645113446,2.9431423645113446,3.08055236641379,3.08055236641379
362.0,0.362,0.001,0.499,89.69753033167984,2.923859277892607,1.5655172351952946,0.05103097126420984,5.194381883634094,-0.26200573082070155,5.194381883634094,-0.26200573082070155,5.194381883634094,-0.26200573082070155,-0.16551455529372683,-0.4101011040062053,-1.3205555803925038,-9.049007468434436,-1.3205555803925038,-9.049007468434436,0.0,0.0,0.0,0.0,0.0,0.0,2.9431444911067497,2.9431444911067497,2.9431444911067497,2.943667765705538,2.9436677657055386,3.0882235820802024,3.0882235820802024
363.0,0.363,0.001,0.499,89.99462316243273,2.9101065847213903,1.5707024832760028,0.05079094148735557,5.185248080708125,-0.2400297768542686,5.185248080708125,-0.2400297768542686,5.185248080708125,-0.2400297768542686,-0.16684056009364584,-0.4191727169966854,-1.3260047999190119,-9.071612990480117,-1.3260047999190119,-9.071612990480117,0.0,0.0,0.0,0.0,0.0,0.0,2.9436694556055483,2.9436694556055483,2.943669455605548,2.9440929515919945,2.9440929515919945,3.0957878152991976,3.0957878152991976
364.0,0.364,0.001,0.499,90.29118841434232,2.8976005939147824,1.5758785233688315,0.05057267077155612,5.176040092828711,-0.21827071579945434,5.176040092828711,-0.21827071579945434,5.176040092828711,-0.21827071579945434,-0.16817207779297821,-0.42826654467394865,-1.3315176993323692,-9.093827677263263,-1.3315176993323692,-9.093827677263263,0.0,0.0,0.0,0.0,0.0,0.0,2.9440942145311495,2.9440942145311495,2.9440942145311495,2.944417918464108,2.944417918464108,3.103243490325569,3.103243490325569
365.0,0.365,0.001,0.499,90.58722185776247,2.88632883036757,1.5810452816525296,0.05037594138515099,5.166758283698167,-0.1967293864051306,5.166758283698167,-0.1967293864051306,5.166758283698167,-0.1967293864051306,-0.16950917247180175,-0.4373821916305272,-1.3370946788235378,-9.115646956578583,-1.3370946788235378,-9.115646956578583,0.0,0.0,0.0,0.0,0.0,0.0,2.944418763676533,2.944418763676533,2.944418763676533,2.9446426754134616,2.9446426754134616,3.110589037609674,3.110589037609674
366.0,0.366,0.001,0.499,90.88271928336407,2.8762787750638514,1.5862026846604445,0.05020053483009358,5.157403007915,-0.17540655505740643,5.157403007915,-0.17540655505740643,5.157403007915,-0.17540655505740643,-0.17085190858761298,-0.4465192579665545,-1.3427361158112303,-9.137066336027287,-1.3427361158112303,-9.137066336027287,0.0,0.0,0.0,0.0,0.0,0.0,2.9446431116430642,2.9446431116430642,2.9446431116430642,2.94476724422016,2.9447672442201602,3.117822894362185,3.117822894362185
367.0,0.367,0.001,0.499,91.17767650161898,2.8674378691822864,1.591350659271516,0.05004623191360134,5.14797461107167,-0.15430291649224567,5.14797461107167,-0.15430291649224567,5.14797461107167,-0.15430291649224567,-0.17220035095209535,-0.4556773393716105,-1.3484423644823686,-9.158081405055972,-1.3484423644823686,-9.158081405055972,0.0,0.0,0.0,0.0,0.0,0.0,2.9447672797313276,2.9447672797313276,2.9447672797313276,2.944791659240928,2.9447916592409276,3.1249435051222645,3.1249435051222645
368.0,0.368,0.001,0.499,91.47208934228975,2.859793518159576,1.5964891327013704,0.04991281281907685,5.1384734298543755,-0.1334190945244861,5.1384734298543755,-0.1334190945244861,5.1384734298543755,-0.1334190945244861,-0.17355456470744363,-0.46485602720853564,-1.3542137553482678,-9.178687836925164,-1.3542137553482678,-9.178687836925164,0.0,0.0,0.0,0.0,0.0,0.0,2.9447913018299765,2.9447913018299765,2.9447913018299765,2.9447159672950254,2.944715967295025,3.131949322328834,3.131949322328834
369.0,0.369,0.001,0.499,91.76595365392517,2.8533330957112524,1.6016180324935152,0.04980005717628385,5.128899792144896,-0.11275564279300078,5.128899792144896,-0.11275564279300078,5.128899792144896,-0.11275564279300078,-0.1749146153022608,-0.4740549085991407,-1.3600505948171702,-9.198881390605017,-1.3600505948171702,-9.198881390605017,0.0,0.0,0.0,0.0,0.0,0.0,2.9447152243012633,2.9447152243012633,2.9447152243012633,2.944540227547958,2.944540227547958,3.1388388068945927,3.1388388068945927
370.0,0.37,0.001,0.499,92.0592653033618,2.848043947808858,1.6067372865106397,0.049707744130762115,5.119254017124551,-0.09231304552173636,5.119254017124551,-0.09231304552173636,5.119254017124551,-0.09231304552173636,-0.17628056846704454,-0.48327356651173653,-1.3659531647837393,-9.21865791259585,-1.3659531647837393,-9.21865791259585,0.0,0.0,0.0,0.0,0.0,0.0,2.9445391058653634,2.9445391058653634,2.9445391058653634,2.9442645113930683,2.9442645113930683,3.1456104287824447,3.1456104287824447
371.0,0.371,0.001,0.499,92.35202017523149,2.8439133966126304,1.61184682292602,0.04963565241246575,5.109536415380292,-0.07209171829636009,5.109536415380292,-0.07209171829636009,5.109536415380292,-0.07209171829636009,-0.17765249018928064,-0.49251157985040783,-1.371921722236093,-9.238013338671312,-1.371921722236093,-9.238013338671312,0.0,0.0,0.0,0.0,0.0,0.0,2.944263017482118,2.944263017482118,2.944263017482118,2.943888902330987,2.943888902330987,3.152262667583981,3.152262667583981
372.0,0.372,0.001,0.499,92.64421417147523,2.8409287443588096,1.6169465702150332,0.04958356040360951,5.099747289012974,-0.052092008856239005,5.099747289012974,-0.052092008856239005,5.099747289012974,-0.052092008856239005,-0.17903044668816157,-0.5017685235459499,-1.3779564988809334,-9.256943695542137,-1.3779564988809334,-9.256943695542137,0.0,0.0,0.0,0.0,0.0,0.0,2.9438870422308137,2.9438870422308137,2.943887042230813,2.943413495847004,2.943413495847004,3.158794013099656,3.158794013099656
373.0,0.373,0.001,0.499,92.93584321086317,2.839077277200705,1.6220364571467811,0.04955124620570804,5.0898869317478335,-0.03231419790146845,5.0898869317478335,-0.03231419790146845,5.0898869317478335,-0.03231419790146845,-0.18041450438894888,-0.5110439686483885,-1.3840577007873023,-9.275445102438574,-1.3840577007873023,-9.275445102438574,0.0,0.0,0.0,0.0,0.0,0.0,2.943411275187497,2.943411275187497,2.9434112751874966,2.942838399286373,2.942838399286373,3.165202965920307,3.165202965920307
374.0,0.374,0.001,0.499,93.22690322852131,2.838346269002677,1.6271164127758284,0.04953848770579338,5.0799556290472,-0.01275849991466086,5.0799556290472,-0.01275849991466086,5.0799556290472,-0.01275849991466086,-0.18180472989699833,-0.5203374824209983,-1.3902255080494665,-9.293513772609748,-1.3902255080494665,-9.293513772609748,0.0,0.0,0.0,0.0,0.0,0.0,2.942835823300592,2.942835823300592,2.942835823300592,2.9421637317275993,2.942163731727599,3.171488038009633,3.171488038009633
375.0,0.375,0.001,0.499,93.51739017546454,2.838722985086206,1.632186366434054,0.049545062641796186,5.06995365822547,0.006574936002802836,5.06995365822547,0.006574936002802836,5.06995365822547,0.006574936002802836,-0.18320118997146773,-0.5296486284357367,-1.3964600744694047,-9.311146014738378,-1.3964600744694047,-9.311146014738378,0.0,0.0,0.0,0.0,0.0,0.0,2.942160805263947,2.942160805263947,2.942160805263947,2.9413896238537305,2.9413896238537305,3.1776477532872742,3.1776477532872742
376.0,0.376,0.001,0.499,93.8073000181366,2.8401946859272376,1.6372462477226202,0.04957074866707655,5.059881288566356,0.02568602528036588,5.059881288566356,0.02568602528036588,5.059881288566356,0.02568602528036588,-0.18460395149872708,-0.538976966670006,-1.4027615272593388,-9.328338234269411,-1.4027615272593388,-9.328338234269411,0.0,0.0,0.0,0.0,0.0,0.0,2.9413863513887053,2.9413863513887053,2.9413863513887053,2.9405162178216777,2.9405162178216773,3.1836806482121105,3.1836806482121105
377.0,0.377,0.001,0.499,94.0966287379568,2.8427486308040057,1.6422959865040627,0.0496153234140906,5.049738781442439,0.04457474701404622,5.049738781442439,0.04457474701404622,5.049738781442439,0.04457474701404622,-0.1860130814654918,-0.5483220536046574,-1.4091299667647248,-9.345086934651325,-1.4091299667647248,-9.345086934651325,0.0,0.0,0.0,0.0,0.0,0.0,2.940512603472892,2.940512603472892,2.940512603472892,2.939543667129631,2.939543667129631,3.1895852723653957,3.1895852723653957
378.0,0.378,0.001,0.499,94.38537233087364,2.8463720813945694,1.6473355128944998,0.04967856455717927,5.039526390437021,0.06324114308866848,5.039526390437021,0.06324114308866848,5.039526390437021,0.06324114308866848,-0.1874286469316999,-0.5576834423231464,-1.415565466208084,-9.361388718489009,-1.415565466208084,-9.361388718489009,0.0,0.0,0.0,0.0,0.0,0.0,2.9395397146678603,2.9395397146678603,2.9395397146678603,2.938472136482582,2.938472136482582,3.1953601890333583,3.1953601890333583
379.0,0.379,0.001,0.499,94.67352680692574,2.8510523053232966,1.652364757255968,0.04976024987446618,5.029244361468301,0.08168531728691052,5.029244361468301,0.08168531728691052,5.029244361468301,0.08168531728691052,-0.18885071500315392,-0.5670606826117537,-1.4220680714540244,-9.377240288607302,-1.4220680714540244,-9.377240288607302,0.0,0.0,0.0,0.0,0.0,0.0,2.938467849344201,2.938467849344201,2.938467849344201,2.937301801656006,2.9373018016560066,3.201003975788862,3.201003975788862
380.0,0.38,0.001,0.499,94.96108818980986,2.8567765796555666,1.657383650188884,0.04986015730885169,5.018892932915873,0.09990743438550753,5.018892932915873,0.09990743438550753,5.018892932915873,0.09990743438550753,-0.1902793528039497,-0.5764533210607782,-1.428637800795767,-9.39263844902446,-1.428637800795767,-9.39263844902446,0.0,0.0,0.0,0.0,0.0,0.0,2.937297182957082,2.937297182957082,2.9372971829570815,2.9360328493577286,2.9360328493577286,3.2065152250717674,3.2065152250717674
381.0,0.381,0.001,0.499,95.24805251645633,2.8635321943399727,1.6623921225246334,0.04997806502809066,5.008472335749541,0.11790771923896418,5.008472335749541,0.11790771923896418,5.008472335749541,0.11790771923896418,-0.19171462744871318,-0.5858609011666132,-1.4352746447634652,-9.407580105834949,-1.4352746447634652,-9.407580105834949,0.0,0.0,0.0,0.0,0.0,0.0,2.936027901904974,2.936027901904974,2.936027901904974,2.9346654770880525,2.9346654770880525,3.211892544767569,3.211892544767569
382.0,0.382,0.001,0.499,95.53441583661207,2.871306455597331,1.6673901053182938,0.050113751483941794,4.997982793660455,0.13568645585113873,4.997982793660455,0.13568645585113873,4.997982793660455,0.13568645585113873,-0.19315660601466775,-0.5952829634346144,-1.4419785659545634,-9.422062268001213,-1.4419785659545634,-9.422062268001213,0.0,0.0,0.0,0.0,0.0,0.0,2.93466020339303,2.93466020339303,2.93466020339303,2.9331998929981427,2.933199892998143,3.2171345587839584,3.2171345587839584
383.0,0.383,0.001,0.499,95.82017421243117,2.880086689255821,1.6723775298414882,0.050266995470376864,4.987424523194544,0.1532439864350696,4.987424523194544,0.1532439864350696,4.987424523194544,0.1532439864350696,-0.19460535551355415,-0.6047190454826685,-1.4487494988864127,-9.436082048054152,-1.4487494988864127,-9.436082048054152,0.0,0.0,0.0,0.0,0.0,0.0,2.9331942952885535,2.9331942952885535,2.933194295288553,2.931636315746758,2.9316363157467578,3.222239907624889,3.222239907624889
384.0,0.384,0.001,0.499,96.10532371807322,2.8898602440316035,1.6773543275753764,0.050437576180838294,4.9767977338882545,0.170580710461427,4.9767977338882545,0.170580710461427,4.9767977338882545,0.170580710461427,-0.19606094286342549,-0.6141686821453708,-1.455587349871325,-9.449636662702302,-1.455587349871325,-9.449636662702302,0.0,0.0,0.0,0.0,0.0,0.0,2.9316303959801346,2.9316303959801346,2.931630395980135,2.929974974355351,2.9299749743553516,3.2272072489617734,3.2272072489617734
385.0,0.385,0.001,0.499,96.38986043930974,2.900614494754297,1.6823204302037829,0.050625273264534275,4.966102628406547,0.1876970836959817,4.966102628406547,0.1876970836959817,4.966102628406547,0.1876970836959817,-0.1975234348603397,-0.6236314055787207,-1.4624919969142147,-9.46272343334981,-1.4624919969142147,-9.46272343334981,0.0,0.0,0.0,0.0,0.0,0.0,2.929968734230768,2.929968734230768,2.929968734230768,2.928216108061595,2.928216108061595,3.2320352582014085,3.2320352582014085
386.0,0.386,0.001,0.499,96.67378047313836,2.9123368455366903,1.687275769606466,0.05082986688176077,4.95533940268315,0.20459361722649186,4.95533940268315,0.20459361722649186,4.95533940268315,0.20459361722649186,-0.19899289814997265,-0.6331067453652441,-1.4694632896329403,-9.475339786523522,-1.4694632896329403,-9.475339786523522,0.0,0.0,0.0,0.0,0.0,0.0,2.928209549032359,2.928209549032359,2.9282095490323594,2.926359966171375,2.926359966171375,3.2367226290502495,3.2367226290502495
387.0,0.387,0.001,0.499,96.9570799274054,2.9250147328881217,1.692220277852529,0.05105113775824019,4.944508246063036,0.22127087647942,4.944508246063036,0.22127087647942,4.944508246063036,0.22127087647942,-0.20046939919917406,-0.6425942286194538,-1.4765010492014246,-9.48748325420965,-1.4765010492014246,-9.48748325420965,0.0,0.0,0.0,0.0,0.0,0.0,2.926353089457308,2.926353089457308,2.926353089457308,2.9244068079093233,2.9244068079093233,3.241268074074642,3.241268074074642
388.0,0.388,0.001,0.499,97.23975492043665,2.9386356287709616,1.6971538871939762,0.05128886723846709,4.933609341447069,0.2377294802269013,4.933609341447069,0.2377294802269013,4.933609341447069,0.2377294802269013,-0.20195300426748966,-0.6520933800935544,-1.4836050683156,-9.499151474100636,-1.4836050683156,-9.499151474100636,0.0,0.0,0.0,0.0,0.0,0.0,2.9243996145086046,2.9243996145086046,2.9243996145086046,2.9223569022679174,2.9223569022679174,3.245670325256618,3.245670325256618
389.0,0.389,0.001,0.499,97.52180158067648,2.953187043599665,1.702076530059415,0.051542837338051484,4.922642865438821,0.25397009958439387,4.922642865438821,0.25397009958439387,4.922642865438821,0.25397009958439387,-0.20344377937867186,-0.6616037222833074,-1.4907751111821892,-9.510342189753032,-1.4907751111821892,-9.510342189753032,0.0,0.0,0.0,0.0,0.0,0.0,2.9223493929692093,2.9223493929692093,2.9223493929692093,2.9202105278552244,2.9202105278552244,3.249928134544887,3.249928134544887
390.0,0.39,0.001,0.499,97.80321604633568,2.9686565291818803,1.7069881390479085,0.05181283079505093,4.91160898849347,0.26999345699945027,4.91160898849347,0.26999345699945027,4.91160898849347,0.26999345699945027,-0.20494179029220216,-0.6711247755339648,-1.4980109135303,-9.521053250657342,-1.4980109135303,-9.521053250657342,0.0,0.0,0.0,0.0,0.0,0.0,2.920202703249964,2.920202703249964,2.920202703249964,2.917967972741325,2.917967972741325,3.254040274400626,3.254040274400626
391.0,0.391,0.001,0.499,98.08399446504774,2.9850316816011433,1.7118886469229773,0.05209863112028299,4.9005078750687785,0.2858003252320599,4.9005078750687785,0.2858003252320599,4.9005078750687785,0.2858003252320599,-0.20644710247484793,-0.6806560581461857,-1.5053121826457765,-9.531282612220924,-1.5053121826457765,-9.531282612220924,0.0,0.0,0.0,0.0,0.0,0.0,2.917959833234715,2.917959833234715,2.917959833234715,2.915629534303492,2.915629534303492,3.2580055383377036,3.2580055383377036
392.0,0.392,0.001,0.499,98.36413299353406,3.002300144040688,1.7167779866067554,0.05240002264661001,4.889339683778056,0.3013915263270186,4.889339683778056,0.3013915263270186,4.889339683778056,0.3013915263270186,-0.20795978107227617,-0.690197086481851,-1.5126785974282226,-9.541028335665251,-1.5126785974282226,-9.541028335665251,0.0,0.0,0.0,0.0,0.0,0.0,2.9156210801265643,2.9156210801265643,2.9156210801265643,2.913195519070173,2.9131955190701735,3.2618227414569496,3.2618227414569496
393.0,0.393,0.001,0.499,98.64362779727787,3.0204496095479456,1.7216560911743004,0.0527167905771888,4.8781045675450825,0.3167679305787922,4.8781045675450825,0.3167679305787922,4.8781045675450825,0.3167679305787922,-0.20947989088074673,-0.6997473750696899,-1.5201098084705735,-9.550288587838917,-1.5201098084705735,-9.550288587838917,0.0,0.0,0.0,0.0,0.0,0.0,2.9131867502902633,2.9131867502902633,2.9131867502902633,2.9106662425638388,2.9106662425638383,3.265490720974119,3.265490720974119
394.0,0.394,0.001,0.499,98.92247505020735,3.03946782373934,1.7265228938480612,0.05304872103267815,4.866802673760914,0.33193045548934685,4.866802673760914,0.33193045548934685,4.866802673760914,0.33193045548934685,-0.2110074963189078,-0.7093064367106379,-1.5276054381610675,-9.559061640947947,-1.5276054381610675,-9.559061640947947,0.0,0.0,0.0,0.0,0.0,0.0,2.9106571590967647,2.9106571590967647,2.9106571590967647,2.9080420291427536,2.9080420291427536,3.2690083367411695,3.2690083367411695
395.0,0.395,0.001,0.499,99.20067093438762,3.059342587444988,1.7313783279925037,0.05339560109739758,4.855434144442507,0.3468800647194269,4.855434144442507,0.3468800647194269,4.855434144442507,0.3468800647194269,-0.21254266139971523,-0.718873782582843,-1.5351650808074333,-9.567345872205099,-1.5351650808074333,-9.567345872205099,0.0,0.0,0.0,0.0,0.0,0.0,2.908032630763092,2.908032630763092,2.908032630763092,2.905323211841749,2.905323211841749,3.272374471760501,3.272374471760501
396.0,0.396,0.001,0.499,99.47821163972205,3.080061759292968,1.7362223271088968,0.05375721886443135,4.8439991163931,0.36161776703376985,4.8439991163931,0.36161776703376985,4.8439991163931,0.36161776703376985,-0.21408544970249832,-0.7284489223462429,-1.542788302783082,-9.575139763399976,-1.542788302783082,-9.575139763399976,0.0,0.0,0.0,0.0,0.0,0.0,2.905313498193372,2.905313498193372,2.9053134981933724,2.9025101322120297,2.9025101322120297,3.2755880326917985,3.2755880326917985
397.0,0.397,0.001,0.499,99.75509336366281,3.1016132582328355,1.741054824830261,0.0541333634796721,4.832497721364266,0.37614461524075127,4.832497721364266,0.37614461524075127,4.832497721364266,0.37614461524075127,-0.21563592434519338,-0.7380313642466348,-1.550474642695064,-9.5824419003919,-1.550474642695064,-9.5824419003919,0.0,0.0,0.0,0.0,0.0,0.0,2.9025001028190656,2.9025001028190656,2.9025001028190656,2.8996031401601163,2.8996031401601168,3.278647950351132,3.278647950351132
398.0,0.398,0.001,0.499,100.03131231093083,3.123985065998092,1.7458757549164807,0.05452382518479906,4.820930086219569,0.39046170512696204,4.820930086219569,0.39046170512696204,4.820930086219569,0.39046170512696204,-0.2171941479567669,-0.7476206152191625,-1.5582236115735193,-9.589250972527587,-1.5582236115735193,-9.589250972527587,0.0,0.0,0.0,0.0,0.0,0.0,2.8995927944368,2.8995927944368,2.8995927944367996,2.896602593785953,2.8966025937859534,3.2815531802019704,3.2815531802019704
399.0,0.399,0.001,0.499,100.30686469324519,3.147165229507352,1.7506850512495804,0.05492839535918629,4.809296333099735,0.40457017438722337,4.809296333099735,0.40457017438722337,4.809296333099735,0.40457017438722337,-0.21876018264984923,-0.7572161809911483,-1.566034693082328,-9.595565771985811,-1.566034693082328,-9.595565771985811,0.0,0.0,0.0,0.0,0.0,0.0,2.896591931046794,2.896591931046794,2.896591931046794,2.8935088592202756,2.8935088592202756,3.2843027028377754,3.2843027028377754
400.0,0.4,0.001,0.499,100.58174672906205,3.171141863203967,1.7554826478291696,0.05534686656073684,4.797596579589259,0.4184712015505521,4.797596579589259,0.4184712015505521,4.797596579589259,0.4184712015505521,-0.22033408999359985,-0.7668175661841996,-1.5739073437506352,-9.601385193051314,-1.5739073437506352,-9.601385193051314,0.0,0.0,0.0,0.0,0.0,0.0,2.893497878689195,2.893497878689195,2.8934978786891947,2.89032231046128,2.89032231046128,3.2868955244558418,3.2868955244558418
401.0,0.401,0.001,0.499,100.85595464332326,3.1959031513339156,1.760268478768054,0.05577903256563943,4.785830938884351,0.43216600490259116,4.785830938884351,0.43216600490259116,4.785830938884351,0.43216600490259116,-0.22191593098682477,-0.77642427441552,-1.5818409932249085,-9.606708231320342,-1.5818409932249085,-9.606708231320342,0.0,0.0,0.0,0.0,0.0,0.0,2.8903110112825243,2.8903110112825243,2.8903110112825243,2.8870433292106923,2.887043329210692,3.2893306773220674,3.2893306773220674
402.0,0.402,0.001,0.499,101.12948466721457,3.221437350161775,1.765042478288016,0.056224688407044456,4.773999519962143,0.4456558414050258,4.773999519962143,0.4456558414050258,4.773999519962143,0.4456558414050258,-0.22350576603136593,-0.7860358083983602,-1.5898350445411495,-9.611533982840255,-1.5898350445411495,-9.611533982840255,0.0,0.0,0.0,0.0,0.0,0.0,2.887031710456365,2.887031710456365,2.887031710456365,2.883672304709264,2.883672304709264,3.2916072202263384,3.2916072202263384
403.0,0.403,0.001,0.499,101.4023330379337,3.247732790124641,1.7698045807157672,0.05668363041265696,4.762102427751041,0.45894200561250964,4.762102427751041,0.45894200561250964,4.762102427751041,0.45894200561250964,-0.2251036549057828,-0.7956516700415459,-1.5978888744168733,-9.615861643185745,-1.5978888744168733,-9.615861643185745,0.0,0.0,0.0,0.0,0.0,0.0,2.8836603653893476,2.8836603653893476,2.8836603653893476,2.8802096335718086,2.8802096335718086,3.2937242389282146,3.2937242389282146
404.0,0.404,0.001,0.499,101.67449599846819,3.2747778779238774,1.7745547204790693,0.057155656241244586,4.7501397633021485,0.4720258285876256,4.7501397633021485,0.4720258285876256,4.7501397633021485,0.4720258285876256,-0.22670965673934523,-0.8052713605480202,-1.6060018335624342,-9.619690506474285,-1.6060018335624342,-9.619690506474285,0.0,0.0,0.0,0.0,0.0,0.0,2.880197372642948,2.880197372642948,2.880197372642948,2.8766557196218074,2.8766557196218074,3.2956808465926373,3.2956808465926373
405.0,0.405,0.001,0.499,101.94596979738306,3.3025610985546163,1.7792928321030308,0.057640564918058995,4.738111623961636,0.4849086768144107,4.738111623961636,0.4849086768144107,4.738111623961636,0.4849086768144107,-0.2283238299863565,-0.8148943805123436,-1.614173247011265,-9.623019964323468,-1.614173247011265,-9.623019964323468,0.0,0.0,0.0,0.0,0.0,0.0,2.8766431359948395,2.8766431359948395,2.87664313599484,2.8730109737256826,2.8730109737256826,3.2974761842153417,3.2974761842153417
406.0,0.406,0.001,0.499,102.21675068861855,3.331071017272955,1.7840188502065748,0.05813815686916997,4.726018103543975,0.4975919511109744,4.726018103543975,0.4975919511109744,4.726018103543975,0.4975919511109744,-0.22994623240082507,-0.8245202300170966,-1.6224024144685742,-9.62584950475298,-1.6224024144685742,-9.62584950475298,0.0,0.0,0.0,0.0,0.0,0.0,2.8729980662746057,2.8729980662746057,2.8729980662746053,2.8692758136267913,2.8692758136267913,3.299109421037718,3.299109421037718
407.0,0.40700000000000003,0.001,0.499,102.48683493129766,3.3602962815008306,1.7887327094990808,0.05864823395471171,4.713859292505917,0.5100770855417417,4.713859292505917,0.5100770855417417,4.713859292505917,0.5100770855417417,-0.2315769210115031,-0.8341484087281306,-1.6306886106780265,-9.628178711033984,-1.6306886106780265,-9.628178711033984,0.0,0.0,0.0,0.0,0.0,0.0,2.8692625811967445,2.8692625811967445,2.869262581196745,2.865450663779218,2.8654506637792183,3.3005797549508338,3.3005797549508338
408.0,0.40800000000000003,0.001,0.499,102.75621878954382,3.3902256226685763,1.7934343447772019,0.05917059950104157,4.7016352781211115,0.5223655463298523,4.7016352781211115,0.5223655463298523,4.7016352781211115,0.5223655463298523,-0.23321595209730903,-0.8437784159886194,-1.6390310858059185,-9.630007260488744,-1.6390310858059185,-9.630007260488744,0.0,0.0,0.0,0.0,0.0,0.0,2.8654371051934104,2.8654371051934104,2.8654371051934104,2.86153595518143,2.86153595518143,3.3018864128883556,3.3018864128883556
409.0,0.40900000000000003,0.001,0.499,103.02489853230851,3.4208478579952084,1.7981236909218572,0.05970505833181181,4.689346144655263,0.534458830770246,4.689346144655263,0.534458830770246,4.689346144655263,0.534458830770246,-0.23486338116315136,-0.8534097509118627,-1.6474290658423443,-9.631334923243342,-1.6474290658423443,-9.631334923243342,0.0,0.0,0.0,0.0,0.0,0.0,2.8615220692489225,2.8615220692489225,2.861522069248923,2.857532125209865,2.857532125209865,3.3030286512081255,3.3030286512081255
410.0,0.41000000000000003,0.001,0.499,103.29287043320902,3.452151892206499,1.8028006828953989,0.06025141679795578,4.6769919735417025,0.546358466143965,4.6769919735417025,0.546358466143965,4.6769919735417025,0.546358466143965,-0.2365192629161702,-0.863041912472799,-1.6558817530188286,-9.632161560936375,-1.6558817530188286,-9.632161560936375,0.0,0.0,0.0,0.0,0.0,0.0,2.8575179107330966,2.8575179107330966,2.857517910733097,2.8534396174525374,2.853439617452538,3.3040057560621316,3.3040057560621316
411.0,0.41100000000000003,0.001,0.499,103.56013077037618,3.4841267191909497,1.8074652557389561,0.06080948280658998,4.664572843557266,0.5580660086342014,4.664572843557266,0.5580660086342014,4.664572843557266,0.5580660086342014,-0.23818365124241211,-0.8726743995981856,-1.6643883262418988,-9.632487125386538,-1.6643883262418988,-9.632487125386538,0.0,0.0,0.0,0.0,0.0,0.0,2.853425073232925,2.853425073232925,2.853425073232925,2.849258881542701,2.849258881542701,3.304817043754646,3.304817043754646
412.0,0.41200000000000003,0.001,0.499,103.82667582631234,3.5167614235937883,1.8121173445699545,0.061379065848834596,4.652088830998371,0.5695830422446165,4.652088830998371,0.5695830422446165,4.652088830998371,0.5695830422446165,-0.23985659918395416,-0.8823067112554076,-1.6729479415420485,-9.63231165722201,-1.6729479415420485,-9.63231165722201,0.0,0.0,0.0,0.0,0.0,0.0,2.849244006388739,2.849244006388739,2.849244006388739,2.844990372992669,2.8449903729926684,3.3054618610883066,3.3054618610883066
413.0,0.41300000000000003,0.001,0.499,104.09250188775924,3.550045182349144,1.8167568845798117,0.06195997702655505,4.639540009857163,0.5809111777204538,4.639540009857163,0.5809111777204538,4.639540009857163,0.5809111777204538,-0.2415381589164917,-0.8919383465398821,-1.6815597325375387,-9.631635284474555,-1.6815597325375387,-9.631635284474555,0.0,0.0,0.0,0.0,0.0,0.0,2.844975165724647,2.844975165724647,2.844975165724647,2.840634553027844,2.8406345530278436,3.3059395856979132,3.3059395856979132
414.0,0.41400000000000003,0.001,0.499,104.35760524557614,3.5839672661506077,1.8213838110318092,0.06255202907802802,4.6269264519976385,0.5920520514729676,4.6269264519976385,0.5920520514729676,4.6269264519976385,0.5920520514729676,-0.24322838172740416,-0.9015688047610234,-1.690222810912473,-9.630458221141264,-1.690222810912473,-9.630458221141264,0.0,0.0,0.0,0.0,0.0,0.0,2.8406190124852513,2.8406190124852513,2.8406190124852513,2.836191888421023,2.836191888421023,3.3062496263717462,3.3062496263717462
415.0,0.41500000000000004,0.001,0.499,104.62198219462798,3.618517040860374,1.825998059259141,0.06315503640253571,4.6142482273315935,0.6030073245076829,4.6142482273315935,0.6030073245076829,4.6142482273315935,0.6030073245076829,-0.24492731799431272,-0.9111975855267402,-1.6989362669085737,-9.628780765716835,-1.6989362669085737,-9.628780765716835,0.0,0.0,0.0,0.0,0.0,0.0,2.836176013467063,2.836176013467063,2.836176013467063,2.831662851327071,2.831662851327071,3.3063914233601945,3.3063914233601945
416.0,0.41600000000000004,0.001,0.499,104.88562903368349,3.6536839688572345,1.8305995646631352,0.0637688150838927,4.601505403994313,0.613778681356996,4.601505403994313,0.613778681356996,4.601505403994313,0.613778681356996,-0.2466350171641428,-0.9208241888264396,-1.707699169830078,-9.626603299699282,-1.707699169830078,-9.626603299699282,0.0,0.0,0.0,0.0,0.0,0.0,2.831646640855137,2.831646640855137,2.831646640855137,2.827047919117992,2.827047919117992,3.306364448671516,3.306364448671516
417.0,0.417,0.001,0.499,105.1485420653236,3.6894576103236902,1.8351882627116551,0.06439318291291032,4.588698048519868,0.6243678290176243,4.588698048519868,0.6243678290176243,4.588698048519868,0.6243678290176243,-0.24835152773270397,-0.9304481151125115,-1.7165105685611743,-9.623926286071947,-1.7165105685611743,-9.623926286071947,0.0,0.0,0.0,0.0,0.0,0.0,2.8270313720560187,2.8270313720560187,2.8270313720560187,2.8223475742184863,2.822347574218486,3.3061682063545463,3.3061682063545463
418.0,0.418,0.001,0.499,105.41071759585957,3.725827624472485,1.839764088937671,0.06502795940880372,4.575826226015904,0.6347764958934038,4.575826226015904,0.6347764958934038,4.575826226015904,0.6347764958934038,-0.25007689722479937,-0.9400688653802761,-1.725369492095381,-9.620750267764645,-1.725369492095381,-9.620750267764645,0.0,0.0,0.0,0.0,0.0,0.0,2.822330689534174,2.822330689534174,2.822330689534174,2.8175623039420876,2.817562303942088,3.3058022327681935,3.3058022327681935
419.0,0.419,0.001,0.499,105.67215193526138,3.7627837707129097,1.8443269789380088,0.06567296583954765,4.562890000337803,0.6450064307439293,4.562890000337803,0.6450064307439293,4.562890000337803,0.6450064307439293,-0.25181117217487564,-0.9496859412463728,-1.7342749500762813,-9.617075866096725,-1.7342749500762813,-9.617075866096725,0.0,0.0,0.0,0.0,0.0,0.0,2.817545080648127,2.817545080648127,2.8175450806481273,2.8126926003278774,2.8126926003278774,3.3052660968375416,3.3052660968375416
420.0,0.42,0.001,0.499,105.93284139709576,3.8003159097572197,1.848876868372271,0.06632802524118718,4.549889434262107,0.6550594016395238,4.549889434262107,0.6550594016395238,4.549889434262107,0.6550594016395238,-0.25355439810822467,-0.9592988450255777,-1.7432259333490139,-9.612903779204839,-1.7432259333490139,-9.612903779204839,0.0,0.0,0.0,0.0,0.0,0.0,2.8126750374859175,2.8126750374859175,2.8126750374859175,2.807738959977906,2.807738959977906,3.3045594002964433,3.3045594002964433
421.0,0.421,0.001,0.499,106.1927822984744,3.838414004667576,1.85341369296193,0.06699296243611019,4.536824589659081,0.664937194923016,4.536824589659081,0.664937194923016,4.536824589659081,0.664937194923016,-0.2553066195227466,-0.9689070798060359,-1.7522214145219224,-9.608234780458101,-1.7522214145219224,-9.608234780458101,0.0,0.0,0.0,0.0,0.0,0.0,2.8077210567019435,2.8077210567019435,2.8077210567019435,2.8027018838953572,2.802701883895357,3.3036817779164336,3.3036817779164336
422.0,0.422,0.001,0.499,106.45197096001178,3.877068121843914,1.8579373884895944,0.06766760405028899,4.523695527664305,0.6746416141787976,4.523695527664305,0.6746416141787976,4.523695527664305,0.6746416141787976,-0.2570678798712843,-0.9785101495228992,-1.7612603485377674,-9.603069716863299,-1.7612603485377674,-9.603069716863299,0.0,0.0,0.0,0.0,0.0,0.0,2.802683639357266,2.802683639357266,2.802683639357266,2.7975818773235126,2.7975818773235126,3.3026328977218498,3.3026328977218498
423.0,0.423,0.001,0.499,106.71040370579286,3.9162684319531866,1.8624478907984436,0.06835177852949861,4.510502308849175,0.684174479209625,4.510502308849175,0.684174479209625,4.510502308849175,0.684174479209625,-0.2588382215445382,-0.988107559030362,-1.7703416732538992,-9.597409507462768,-1.7703416732538992,-9.597409507462768,0.0,0.0,0.0,0.0,0.0,0.0,2.797563290755824,2.797563290755824,2.797563290755824,2.792379449585595,2.792379449585595,3.3014124611910325,3.3014124611910325
424.0,0.424,0.001,0.499,106.96807686335045,3.956005210800452,1.8669451357918339,0.06904531615452023,4.497244993390202,0.6935376250216154,4.497244993390202,0.6935376250216154,4.497244993390202,0.6935376250216154,-0.260617685854569,-0.9976988141720894,-1.7794643100307994,-9.591255141727448,-1.7794643100307994,-9.591255141727448,0.0,0.0,0.0,0.0,0.0,0.0,2.79236052028418,2.79236052028418,2.79236052028418,2.7870951139255373,2.7870951139255373,3.3000202034435024,3.3000202034435024
425.0,0.425,0.001,0.499,107.22498676365227,3.9962688401423025,1.871429059433071,0.06974804905533812,4.483923641236998,0.7027329008178855,4.483923641236998,0.7027329008178855,4.483923641236998,0.7027329008178855,-0.2624063130188974,-1.007283421850037,-1.788627164328391,-9.584607677947611,-1.788627164328391,-9.584607677947611,0.0,0.0,0.0,0.0,0.0,0.0,2.787075841254766,2.787075841254766,2.787075841254766,2.7817293873497446,2.7817293873497446,3.2984558934129935,3.2984558934129935
426.0,0.426,0.001,0.499,107.48112974109738,4.037049808443152,1.8758995977453496,0.07045981122433938,4.470538312278835,0.7117621690012659,4.470538312278835,0.7117621690012659,4.470538312278835,0.7117621690012659,-0.26420414214520693,-1.0168608900916607,-1.7978291263095312,-9.577468241623642,-1.7978291263095312,-9.577468241623642,0.0,0.0,0.0,0.0,0.0,0.0,2.781709770743575,2.781709770743575,2.781709770743575,2.776282790469908,2.776282790469908,3.2967193340062813,3.2967193340062813
427.0,0.427,0.001,0.499,107.73650213352228,4.078338711574929,1.8803566868118593,0.07118043852852589,4.457089066509677,0.7206273041865136,4.457089066509677,0.7206273041865136,4.457089066509677,0.7206273041865136,-0.26601121121665705,-1.0264307281155198,-1.8070690714500934,-9.5698380238592,-1.8070690714500934,-9.5698380238592,0.0,0.0,0.0,0.0,0.0,0.0,2.7762628294356984,2.7762628294356984,2.7762628294356984,2.770755847346919,2.770755847346919,3.2948103622476825,3.2948103622476825
428.0,0.428,0.001,0.499,107.99110028221624,4.1201262534607395,1.884800262776051,0.07190976872074832,4.4435759641915595,0.7293301922224393,4.4435759641915595,0.7293301922224393,4.4435759641915595,0.7293301922224393,-0.2678275570778121,-1.0359924463952788,-1.8163458611550582,-9.561718279759026,-1.8163458611550582,-9.561718279759026,0.0,0.0,0.0,0.0,0.0,0.0,2.770735541467678,2.770735541467678,2.770735541467678,2.7651490853359513,2.7651490853359513,3.2927288494091997,3.2927288494091997
429.0,0.429,0.001,0.499,108.24492053194587,4.162403246663094,1.889230261842067,0.07264764144997267,4.429999066016234,0.7378727292243488,4.429999066016234,0.7378727292243488,4.429999066016234,0.7378727292243488,-0.26965321542119214,-1.0455455567221124,-1.8256583433800333,-9.553110326833522,-1.8256583433800333,-9.553110326833522,0.0,0.0,0.0,0.0,0.0,0.0,2.765128434272598,2.765128434272598,2.765128434272598,2.759463034932758,2.759463034932758,3.2904747011261963,3.2904747011261963
430.0,0.43,0.001,0.499,108.49795923098895,4.20516061291731,1.8936466202753321,0.07339389827058986,4.416358433264953,0.7462568206171889,4.416358433264953,0.7462568206171889,4.416358433264953,0.7462568206171889,-0.2714882207744498,-1.0550895722655247,-1.8350053532576285,-9.544015543412225,-1.8350053532576285,-9.544015543412225,0.0,0.0,0.0,0.0,0.0,0.0,2.7594420384262714,2.7594420384262714,2.7594420384262714,2.753698229621235,2.753698229621235,3.2880478574985945,3.2880478574985945
431.0,0.431,0.001,0.499,108.75021273117727,4.2483893836107285,1.8980492744032984,0.07414838265077964,4.402654127966312,0.7544843801897799,4.402654127966312,0.7544843801897799,4.402654127966312,0.7544843801897799,-0.2733326064881779,-1.0646240076325928,-1.84438571372812,-9.534435367068129,-1.84438571372812,-9.534435367068129,0.0,0.0,0.0,0.0,0.0,0.0,2.7536768874945867,2.7536768874945867,2.7536768874945867,2.7478552057223107,2.7478552057223107,3.2854482931775055,3.2854482931775055
432.0,0.432,0.001,0.499,109.00167738794832,4.292080700208394,1.9024381606163505,0.07491093997994014,4.388886213052045,0.7625573291604965,4.388886213052045,0.7625573291604965,4.388886213052045,0.7625573291604965,-0.27518640472435174,-1.0741483789256476,-1.8537982361738454,-9.524371293054793,-1.8537982361738454,-9.524371293054793,0.0,0.0,0.0,0.0,0.0,0.0,2.7478335178821274,2.7478335178821274,2.7478335178821274,2.7419345022442045,2.7419345022442045,3.282676017437286,3.282676017437286
433.0,0.433,0.001,0.499,109.25234956040583,4.33622581462588,1.9068132153688613,0.07568141757519489,4.375054752510662,0.7704775952547551,4.375054752510662,0.7704775952547551,4.375054752510662,0.7704775952547551,-0.2770496464454085,-1.0836622037984056,-1.8632417210567713,-9.513824872758036,-1.8632417210567713,-9.513824872758036,0.0,0.0,0.0,0.0,0.0,0.0,2.7419124686824827,2.7419124686824827,2.7419124686824827,2.735936660734106,2.735936660734106,3.2797310742329877,3.2797310742329877
434.0,0.434,0.001,0.499,109.50222561138908,4.38081608954996,1.9111743751804002,0.07645966468698955,4.361159811538867,0.778247111794646,4.361159811538867,0.778247111794646,4.361159811538867,0.778247111794646,-0.2789223614039672,-1.0931650015105696,-1.872714958558696,-9.502797712163927,-1.872714958558696,-9.502797712163927,0.0,0.0,0.0,0.0,0.0,0.0,2.7359142815295123,2.7359142815295123,2.7359142815295123,2.729862225131316,2.729862225131316,3.276613542243154,3.276613542243154
435.0,0.435,0.001,0.499,109.75130190755057,4.425842998707819,1.9155215766370908,0.07724553250379058,4.347201456690634,0.7858678168010399,4.347201456690634,0.7858678168010399,4.347201456690634,0.7858678168010399,-0.28080457813319076,-1.1026562929809143,-1.8822167292235439,-9.49129147034472,-1.8822167292235439,-9.49129147034472,0.0,0.0,0.0,0.0,0.0,0.0,2.7298395004500278,2.7298395004500278,2.7298395004500278,2.7237117416219148,2.723711741621915,3.2733235348979908,3.2733235348979908
436.0,0.436,0.001,0.499,109.99957481944227,4.471298127085571,1.9198547563931148,0.07803887415589907,4.333179756023875,0.7933416521084833,4.333179756023875,0.7933416521084833,4.333179756023875,0.7933416521084833,-0.282696323937792,-1.1121356008388785,-1.891745804601228,-9.479307857964255,-1.891745804601228,-9.479307857964255,0.0,0.0,0.0,0.0,0.0,0.0,2.723688671718404,2.723688671718404,2.723688671718404,2.7174857584949685,2.717485758494968,3.269861200392875,3.269861200392875
437.0,0.437,0.001,0.499,110.24704072160998,4.517173171096796,1.9241738511723594,0.07883954471839225,4.319094779244606,0.8006705624931839,4.319094779244606,0.8006705624931839,4.319094779244606,0.8006705624931839,-0.2845976248856845,-1.1216024494746828,-1.9013009478925584,-9.466848635804267,-1.9013009478925584,-9.466848635804267,0.0,0.0,0.0,0.0,0.0,0.0,2.7174623437144927,2.7174623437144927,2.7174623437144927,2.711184826000339,2.711184826000339,3.2662267216872314,3.2662267216872314
438.0,0.438,0.001,0.499,110.49369599269592,4.563459938701892,1.928478797770208,0.07964740121320663,4.3049465978485335,0.8078564948143748,4.3049465978485335,0.8078564948143748,4.3049465978485335,0.8078564948143748,-0.2865085058002792,-1.1310563650879957,-1.9108809145946868,-9.453915613312942,-1.9108809145946868,-9.453915613312942,0.0,0.0,0.0,0.0,0.0,0.0,2.711161066776939,2.711161066776939,2.711161066776939,2.7048094962081493,2.7048094962081493,3.262420316488772,3.262420316488772
439.0,0.439,0.001,0.499,110.73953701554917,4.610150349479009,1.932769533055468,0.08046230261037596,4.290735285259977,0.8149013971693291,4.290735285259977,0.8149013971693291,4.290735285259977,0.8149013971693291,-0.2884289902534258,-1.1404968757351726,-1.9204844531465883,-9.440510647176966,-1.9204844531465883,-9.440510647176966,0.0,0.0,0.0,0.0,0.0,0.0,2.7047853930673216,2.7047853930673216,2.7047853930673216,2.6983603228699,2.6983603228698994,3.2584422372231376,3.2584422372231376
440.0,0.44,0.001,0.499,110.98456017734408,4.657236434647365,1.937045993972436,0.08128410982843824,4.276460916968063,0.821807218062288,4.276460916968063,0.821807218062288,4.276460916968063,0.821807218062288,-0.2903591005589999,-1.1499235113750907,-1.930110305574088,-9.426635639918223,-1.930110305574088,-9.426635639918223,0.0,0.0,0.0,0.0,0.0,0.0,2.6983358764281475,2.6983358764281475,2.6983358764281475,2.6918378612813156,2.6918378612813156,3.2542927709889544,3.2542927709889544
441.0,0.441,0.001,0.499,111.22876186970613,4.704710337043762,1.9413081175430962,0.08211268573402579,4.262123570660112,0.8285759055875457,4.262123570660112,0.8285759055875457,4.262123570660112,0.8285759055875457,-0.2922988577671338,-1.159335803913607,-1.93975720813395,-9.412292538516192,-1.93975720813395,-9.412292538516192,0.0,0.0,0.0,0.0,0.0,0.0,2.6918130722461515,2.6918130722461515,2.6918130722461515,2.6852426681469512,2.6852426681469512,3.2499722394983652,3.2499722394983652
442.0,0.442,0.001,0.499,111.47213848884539,4.752564311053111,1.9455558408694482,0.08294789514065272,4.247723326352145,0.8352094066269244,4.247723326352145,0.8352094066269244,4.247723326352145,0.8352094066269244,-0.2942482816590904,-1.168733287246664,-1.9494238919565612,-9.397483333057007,-1.9494238919565612,-9.397483333057007,0.0,0.0,0.0,0.0,0.0,0.0,2.6852175373176226,2.6852175373176226,2.6852175373176226,2.678575301446554,2.678575301446554,3.245480999003062,3.245480999003062
443.0,0.443,0.001,0.499,111.7146864356972,4.800790722493821,1.9497891011359647,0.08378960480671457,4.233260266516463,0.841709666061856,4.233260266516463,0.841709666061856,4.233260266516463,0.841709666061856,-0.29620739074277713,-1.178115497302074,-1.959109083686745,-9.382210055410036,-1.959109083686745,-9.382210055410036,0.0,0.0,0.0,0.0,0.0,0.0,2.6785498297130683,2.6785498297130683,2.6785498297130683,2.671836320303273,2.671836320303273,3.2408194402058945,3.2408194402058945
444.0,0.444,0.001,0.499,111.95640211607015,4.8493820484588905,1.9540078356121708,0.08463768343271484,4.218734476206214,0.8480786260002742,4.218734476206214,0.8480786260002742,4.218734476206214,0.8480786260002742,-0.2981762022488994,-1.1874819720800067,-1.968811506122258,-9.366474777932769,-1.968811506122258,-9.366474777932769,0.0,0.0,0.0,0.0,0.0,0.0,2.6718105086470443,2.6718105086470443,2.6718105086470443,2.6650262848536936,2.6650262848536936,3.2359879881580977,3.2359879881580977
445.0,0.445,0.001,0.499,112.19728194080082,4.898330877113558,1.9582119816553478,0.08549200165773335,4.204146043176911,0.8543182250185063,4.204146043176911,0.8543182250185063,4.204146043176911,0.8543182250185063,-0.3001547321277489,-1.1968322516922114,-1.9785298788495254,-9.350279612204675,-1.9785298788495254,-9.350279612204675,0.0,0.0,0.0,0.0,0.0,0.0,2.6650001343470686,2.6650001343470686,2.6650001343470686,2.658145756119752,2.658145756119752,3.2309871021422305,3.2309871021422305
446.0,0.446,0.001,0.499,112.4373223259154,4.947629907450394,1.9624014767133526,0.0863524320551517,4.189495058004835,0.8604303974183392,4.189495058004835,0.8604303974183392,4.189495058004835,0.8604303974183392,-0.3021429950466251,-1.206165878400002,-1.9882629188761902,-9.333626707790641,-1.9882629188761902,-9.333626707790641,0.0,0.0,0.0,0.0,0.0,0.0,2.6581192679249495,2.6581192679249495,2.6581192679249495,2.65119529588256,2.65119529588256,3.2258172755408965,3.2258172755408965
447.0,0.447,0.001,0.499,112.67651969279801,4.99727194900269,1.966576258327555,0.08721884912765111,4.174781614202275,0.8664170724994196,4.174781614202275,0.8664170724994196,4.174781614202275,0.8664170724994196,-0.30414100438788516,-1.2154823966510364,-1.998009341260052,-9.316518251034472,-1.998009341260052,-9.316518251034472,0.0,0.0,0.0,0.0,0.0,0.0,2.651168471252097,2.651168471252097,2.651168471252097,2.644175466558146,2.644175466558146,3.220479035691321,3.220479035691321
448.0,0.448,0.001,0.499,112.91487046836521,5.047249921517069,1.9707362641358845,0.08809112930149825,4.1600058083295615,0.8722801738471351,4.1600058083295615,0.8722801738471351,4.1600058083295615,0.8722801738471351,-0.30614877224761916,-1.2247813531149192,-2.007767859733989,-9.298956463882886,-2.007767859733989,-9.298956463882886,0.0,0.0,0.0,0.0,0.0,0.0,2.644148306833796,2.644148306833796,2.644148306833796,2.637086831075149,2.6370868310751496,3.214972943725917,3.214972943725917
449.0,0.449,0.001,0.499,113.15237108524694,5.097556854586164,1.9748814318759884,0.08896915092013435,4.145167740103841,0.8780216186361087,4.145167740103841,0.8780216186361087,4.145167740103841,0.8780216186361087,-0.3081663094349456,-1.2340622967176595,-2.017537187326467,-9.280943602740317,-2.017537187326467,-9.280943602740317,0.0,0.0,0.0,0.0,0.0,0.0,2.6370593376867784,2.6370593376867784,2.6370593376867784,2.6299299527544866,2.6299299527544866,3.209299594398894,3.209299594398894
450.0,0.45,0.001,0.499,113.38901798197345,5.148185887242306,1.979011699388493,0.08985279423708378,4.130267512504568,0.8836433169494239,4.130267512504568,0.8836433169494239,4.130267512504568,0.8836433169494239,-0.31019362547192286,-1.2433247786750143,-2.0273160369772394,-9.262481957354781,-2.0273160369772394,-9.262481957354781,0.0,0.0,0.0,0.0,0.0,0.0,2.629902127220162,2.629902127220162,2.6299021272201624,2.622705395191014,2.622705395191014,3.203459615899075,3.203459615899075
451.0,0.451,0.001,0.499,113.62480760316802,5.199130267513117,1.9831270046203686,0.09074194140819747,4.115305231875657,0.8891471711136848,4.115305231875657,0.8891471711136848,4.115305231875657,0.8891471711136848,-0.31223072859407075,-1.2525683525247493,-2.0371031221478724,-9.243573849734975,-2.0371031221478724,-9.243573849734975,0.0,0.0,0.0,0.0,0.0,0.0,2.62267723911521,2.62267723911521,2.62267723911521,2.615413722137189,2.615413722137189,3.1974536696489944,3.1974536696489944
452.0,0.452,0.001,0.499,113.85973639974547,5.2503833519399,1.987227285628393,0.09163647648324746,4.100281008024288,0.894535075050002,4.100281008024288,0.894535075050002,4.100281008024288,0.894535075050002,-0.3142776257514975,-1.261792574157848,-2.046897157426718,-9.224221633098676,-2.046897157426718,-9.224221633098676,0.0,0.0,0.0,0.0,0.0,0.0,2.6153852372104835,2.6153852372104835,2.6153852372104835,2.608055497388769,2.608055497388769,3.19128245009044,3.19128245009044
453.0,0.453,0.001,0.499,114.09380082911593,5.30193860505978,1.9913124805827094,0.09253628539688845,4.085194954316309,0.8998089136409793,4.085194954316309,0.8998089136409793,4.085194954316309,0.8998089136409793,-0.31633432261062544,-1.2709970018487005,-2.056696859127983,-9.204427690852471,-2.056696859127983,-9.204427690852471,0.0,0.0,0.0,0.0,0.0,0.0,2.6080266853864935,2.6080266853864935,2.6080266853864935,2.600631284672549,2.600631284672549,3.1849466844565586,3.1849466844565586
454.0,0.454,0.001,0.499,114.32699735539414,5.35378959885248,1.9953825277704775,0.09344125595900221,4.0700471877682345,0.9049705621137661,4.0700471877682345,0.9049705621137661,4.0700471877682345,0.9049705621137661,-0.31840082355651,-1.2801811962843033,-2.0665009458845485,-9.184194435602745,-2.0665009458845485,-9.184194435602745,0.0,0.0,0.0,0.0,0.0,0.0,2.6006021474534413,2.6006021474534413,2.6006021474534413,2.5931416475361435,2.5931416475361435,3.1784471325306676,3.1784471325306676
455.0,0.455,0.001,0.499,114.55932244961362,5.405930012152686,1.9994373655996134,0.09435127784444143,4.054837829135801,0.910021885439224,4.054837829135801,0.910021885439224,4.054837829135801,0.910021885439224,-0.3204771316957442,-1.289344720592501,-2.076308139234196,-9.163524308197786,-2.076308139234196,-9.163524308197786,0.0,0.0,0.0,0.0,0.0,0.0,2.5931121870419993,2.5931121870419993,2.593112187041999,2.5855871492398514,2.5855871492398514,3.171784586391941,3.171784586391941
456.0,0.456,0.001,0.499,114.79077258994577,5.458353630028896,2.0034769326026125,0.09526624258218867,4.039567002999075,0.9149647377472425,4.039567002999075,0.9149647377472425,4.039567002999075,0.9149647377472425,-0.32256324885994314,-1.298487140369302,-2.0861171641989253,-9.142419776800823,-2.0861171641989253,-9.142419776800823,0.0,0.0,0.0,0.0,0.0,0.0,2.585557367493049,2.585557367493049,2.585557367493049,2.577968352650583,2.577968352650583,3.1649598701481136,3.1649598701481136
457.0,0.457,0.001,0.499,115.02134426192376,5.511054343129717,2.0075011674404566,0.0961860435439469,4.024234837844086,0.9198009617582308,4.024234837844086,0.9198009617582308,4.024234837844086,0.9198009617582308,-0.3246591756098002,-1.3076080237052956,-2.0959267498570364,-9.120883335993705,-2.0959267498570364,-9.120883335993705,0.0,0.0,0.0,0.0,0.0,0.0,2.577938251753785,2.577938251753785,2.577938251753785,2.5702858201378804,2.5702858201378804,3.1579738396553796,3.1579738396553796
458.0,0.458,0.001,0.499,115.25103395867067,5.564026146998492,2.0115100089065976,0.09711057593217769,4.008841466140989,0.9245323882307923,4.008841466140989,0.9245323882307923,4.008841466140989,0.9245323882307923,-0.32676491123970786,-1.3167069412112065,-2.1057356299076786,-9.098917505910904,-2.1057356299076786,-9.098917505910904,0.0,0.0,0.0,0.0,0.0,0.0,2.570255402272877,2.570255402272877,2.570255402272877,2.5625401134720165,2.5625401134720165,3.150827382225668,3.150827382225668
459.0,0.459,0.001,0.499,115.47983818113217,5.617263141357228,2.0155033959310162,0.09803973676760327,3.993387024418732,0.9291608354255833,3.993387024418732,0.9291608354255833,3.993387024418732,0.9291608354255833,-0.3288804537829354,-1.32578346604261,-2.1155425432275607,-9.076524831403455,-2.1155425432275607,-9.076524831403455,0.0,0.0,0.0,0.0,0.0,0.0,2.562509380896827,2.562509380896827,2.562509380896827,2.554731793724212,2.554731793724212,3.1435214163214678,3.1435214163214678
460.0,0.46,0.001,0.499,115.70775343831305,5.67075952936072,2.0194812675843523,0.09897342487618861,3.977871653336237,0.9336881085853377,3.977871653336237,0.9336881085853377,3.977871653336237,0.9336881085853377,-0.33100580001735497,-1.3348371739238423,-2.1253462344195446,-9.053707881232368,-2.1253462344195446,-9.053707881232368,0.0,0.0,0.0,0.0,0.0,0.0,2.55470074877338,2.55470074877338,2.5547007487733806,2.5468614211689315,2.546861421168932,3.1360568912384115,3.1360568912384115
461.0,0.461,0.001,0.499,115.93477624751783,5.724509616821815,2.0234435630821026,0.09991154087561965,3.96229549775009,0.938115999431036,3.96229549775009,0.938115999431036,3.96229549775009,0.938115999431036,-0.3331409454717078,-1.3438676431711334,-2.135145454352837,-9.030469247291023,-2.135145454352837,-9.030469247291023,0.0,0.0,0.0,0.0,0.0,0.0,2.5468300662512426,2.5468300662512426,2.5468300662512426,2.538929555188293,2.538929555188293,3.128434786775807,3.128434786775807
462.0,0.462,0.001,0.499,116.16090313459482,5.778507811408727,2.0273902217888815,0.10085398716129383,3.9466587067787424,0.9424462856741753,3.9466587067787424,0.9424462856741753,3.9466587067787424,0.9424462856741753,-0.3352858844324023,-1.3528744547149893,-2.144938960694518,-9.006811543855997,-2.144938960694518,-9.006811543855997,0.0,0.0,0.0,0.0,0.0,0.0,2.5388978927852777,2.5388978927852777,2.5388978927852777,2.5309367541785783,2.5309367541785783,3.1206561128953307,3.1206561128953307
463.0,0.463,0.001,0.499,116.38613063418389,5.832748621815322,2.0313211832227447,0.10180066789183893,3.9309614338632257,0.9466807305450963,3.9309614338632257,0.9466807305450963,3.9309614338632257,0.9466807305450963,-0.33744060995083447,-1.361857192121855,-2.15472551843214,-8.982737406865713,-2.15472551843214,-8.982737406865713,0.0,0.0,0.0,0.0,0.0,0.0,2.53090478684314,2.53090478684314,2.53090478684314,2.522883575458849,2.522883575458849,3.1127219093681098,3.1127219093681098
464.0,0.464,0.001,0.499,116.61045528996735,5.887226656905311,2.035236387059569,0.10275148897417623,3.9152038368243973,0.9508210823373,3.9152038368243973,0.9508210823373,3.9152038368243973,0.9508210823373,-0.3396051138512216,-1.3708154416150813,-2.1645039003871585,-8.958249493226266,-2.1645039003871585,-8.958249493226266,0.0,0.0,0.0,0.0,0.0,0.0,2.5228513058136124,2.5228513058136124,2.5228513058136124,2.5147705751816596,2.5147705751816596,3.104633245410405,3.104633245410405
465.0,0.465,0.001,0.499,116.83387365492405,5.941936624831224,2.039135773137486,0.10370635804814392,3.8993860779167195,0.9548690739676879,3.8993860779167195,0.9548690739676879,3.8993860779167195,0.9548690739676879,-0.34177938673894054,-1.379748792095225,-2.174272887718945,-8.933350480143751,-2.174272887718945,-8.933350480143751,0.0,0.0,0.0,0.0,0.0,0.0,2.514738005917297,2.514738005917297,2.514738005917297,2.5065983082458727,2.5065983082458727,3.0963912193081464,3.0963912193081464
466.0,0.466,0.001,0.499,117.05638229158622,5.996873332129118,2.0430192814613646,0.10466518447069656,3.883508323878595,0.9588264225526404,3.883508323878595,0.9588264225526404,3.883508323878595,0.9588264225526404,-0.3439634180093597,-1.3886568351597073,-2.184031270419154,-8.908043064482355,-2.184031270419154,-8.908043064482355,0.0,0.0,0.0,0.0,0.0,0.0,2.506565442120408,2.506565442120408,2.506565442120408,2.4983673282115637,2.4983673282115637,3.0879969580305477,3.0879969580305477
467.0,0.467,0.001,0.499,117.27797777229911,6.0520316827898775,2.046886852207344,0.1056278792996964,3.867570745979271,0.9626948289998397,3.867570745979271,0.9626948289998397,3.867570745979271,0.9626948289998397,-0.34615719585715593,-1.3975391651218547,-2.1937778477962273,-8.882329962147441,-2.1937778477962273,-8.882329962147441,0.0,0.0,0.0,0.0,0.0,0.0,2.498334168047032,2.498334168047032,2.498334168047032,2.490078187217015,2.490078187217015,3.079451616833071,3.079451616833071
468.0,0.468,0.001,0.499,117.49865667948302,6.107406677308039,2.050738425727406,0.10659435527731213,3.851573520062336,0.9664759776157377,3.851573520062336,0.9664759776157377,3.851573520062336,0.9664759776157377,-0.34836070728610574,-1.4063953790293475,-2.2035114289498168,-8.856213907492869,-2.2035114289498168,-8.856213907492869,0.0,0.0,0.0,0.0,0.0,0.0,2.4900447359000952,2.4900447359000952,2.4900447359000952,2.481731435897789,2.481731435897789,3.0707563788499828,3.0707563788499828
469.0,0.46900000000000003,0.001,0.499,117.7184156058978,6.162993411709011,2.054573942553992,0.10756452681304068,3.8355168265858333,0.9701715357285521,3.8355168265858333,0.9701715357285521,3.8355168265858333,0.9701715357285521,-0.3505739381193407,-1.4152250766820993,-2.213230833234921,-8.82969765275167,-2.213230833234921,-8.82969765275167,0.0,0.0,0.0,0.0,0.0,0.0,2.4816976963756194,2.4816976963756194,2.4816976963756194,2.473327623307881,2.473327623307881,3.0619124546767873,3.0619124546767873
470.0,0.47000000000000003,0.001,0.499,117.93725115490923,6.21878707655557,2.058393343404651,0.10853830996636736,3.819400850659012,0.9737831533266728,3.819400850659012,0.9737831533266728,3.819400850659012,0.9737831533266728,-0.35279687301005624,-1.4240278606495886,-2.2229348907155484,-8.802783967489283,-2.2229348907155484,-8.802783967489283,0.0,0.0,0.0,0.0,0.0,0.0,2.473293598589296,2.473293598589296,2.473293598589296,2.46486729684292,2.46486729684292,3.0529210819428023,3.0529210819428023
471.0,0.47100000000000003,0.001,0.499,118.15515994075751,6.2747829559345245,2.062196569186727,0.10951562242907971,3.8032257820757542,0.9773124627123441,3.8032257820757542,0.9773124627123441,3.8032257820757542,0.9773124627123441,-0.35502949545266393,-1.432803336287667,-2.2326224426077124,-8.775475638078417,-2.2326224426077124,-8.775475638078417,0.0,0.0,0.0,0.0,0.0,0.0,2.46483298999385,2.46483298999385,2.4648329899938504,2.456351002165437,2.456351002165437,3.0437835248741694,3.0437835248741694
472.0,0.47200000000000003,0.001,0.499,118.37213858882735,6.330976426424393,2.0659835610020716,0.11049638350725019,3.7869918153447006,0.9807610781704863,3.7869918153447006,0.9807610781704863,3.7869918153447006,0.9807610781704863,-0.3572717877943755,-1.4415511117548618,-2.2422923417115843,-8.747775467194707,-2.2422923417115843,-8.747775467194707,0.0,0.0,0.0,0.0,0.0,0.0,2.4563164163100963,2.4563164163100963,2.456316416310096,2.447779283132162,2.447779283132162,3.034501073847589,3.034501073847589
473.0,0.47300000000000003,0.001,0.499,118.58818373591966,6.387362956044978,2.0697542601517878,0.1114805141029027,3.770699149716113,0.9841305956525066,3.770699149716113,0.9841305956525066,3.770699149716113,0.9841305956525066,-0.35952373124720816,-1.450270798028194,-2.2519434528326374,-8.719686273332186,-2.2519434528326374,-8.719686273332186,0.0,0.0,0.0,0.0,0.0,0.0,2.4477444214499267,2.4477444214499267,2.4477444214499267,2.439152681723357,2.439152681723357,3.0250750449350887,3.0250750449350887
474.0,0.47400000000000003,0.001,0.499,118.80329203052457,6.443938103189658,2.0735086081409935,0.11246793669537765,3.754347989205509,0.987422592474943,3.754347989205509,0.987422592474943,3.754347989205509,0.987422592474943,-0.36178530590039976,-1.4589620089185316,-2.2615746531916154,-8.691210890337693,-2.2615746531916154,-8.691210890337693,0.0,0.0,0.0,0.0,0.0,0.0,2.439117547446856,2.439117547446856,2.439117547446856,2.430471737974157,2.4304717379741576,3.015506779440123,3.015506779440123
475.0,0.47500000000000003,0.001,0.499,119.01746013309564,6.500697515541271,2.0772465466836074,0.11345857532241042,3.7379385426141107,0.9906386270327796,3.7379385426141107,0.9906386270327796,3.7379385426141107,0.9906386270327796,-0.36405649073322294,-1.4676243610854949,-2.2711848328231827,-8.66235216696323,-2.2711848328231827,-8.66235216696323,0.0,0.0,0.0,0.0,0.0,0.0,2.4304363343886513,2.4304363343886513,2.4304363343886513,2.4217369899079184,2.4217369899079184,3.005797643425336,3.005797643425336
476.0,0.47600000000000003,0.001,0.499,119.23068471632506,6.5576369289723875,2.0809680177071535,0.11445235556093769,3.721471023546139,0.9937802385272606,3.721471023546139,0.9937802385272606,3.721471023546139,0.9937802385272606,-0.366337263628186,-1.4762574740519303,-2.2807728949631043,-8.633112966435348,-2.2807728949631043,-8.633112966435348,0.0,0.0,0.0,0.0,0.0,0.0,2.4217013203488036,2.4217013203488036,2.4217013203488036,2.4129489734715386,2.412948973471539,2.995949027232311,2.995949027232311
477.0,0.47700000000000004,0.001,0.499,119.44296246541963,6.614752166430819,2.0846729633575762,0.11544920450764572,3.7049456504230074,0.9968489467080253,3.7049456504230074,0.9968489467080253,3.7049456504230074,0.9968489467080253,-0.36862760138460987,-1.484860970217971,-2.2903377564238276,-8.603496166040587,-2.2903377564238276,-8.603496166040587,0.0,0.0,0.0,0.0,0.0,0.0,2.4129130413244324,2.4129130413244324,2.412913041324432,2.404108222472757,2.404108222472757,2.985962344993632,2.985962344993632
478.0,0.47800000000000004,0.001,0.499,119.65429007837747,6.672039136811158,2.0883613260040708,0.1164490507592751,3.688362646494454,0.9998462516293798,3.688362646494454,0.9998462516293798,3.688362646494454,0.9998462516293798,-0.37092747973256823,-1.4934344748746968,-2.299878347958338,-8.573504656725994,-2.299878347958338,-8.573504656725994,0.0,0.0,0.0,0.0,0.0,0.0,2.4040720311697243,2.4040720311697243,2.4040720311697243,2.3952152685193937,2.3952152685193937,2.9758390341376115,2.9758390341376115
479.0,0.47900000000000004,0.001,0.499,119.86466426626501,6.729493833813152,2.0920330482439176,0.11745182439269561,3.6717222398466585,1.0027736334205146,3.6717222398466585,1.0027736334205146,3.6717222398466585,1.0027736334205146,-0.3732368733471804,-1.5019776162174105,-2.309393614612167,-8.543141342713762,-2.309393614612167,-8.543141342713762,0.0,0.0,0.0,0.0,0.0,0.0,2.3951788215395666,2.3951788215395666,2.3951788215395666,2.3862706409605297,2.38627064096053,2.965580554886024,2.965580554886024
480.0,0.48,0.001,0.499,120.07408175349448,6.787112334787702,2.095688072907325,0.11845745694476507,3.6550246634073926,1.0056325520694707,3.6550246634073926,1.0056325520694707,3.6550246634073926,1.0056325520694707,-0.37555575586324386,-1.5104900253585396,-2.318882516063453,-8.512409141129016,-2.318882516063453,-8.512409141129016,0.0,0.0,0.0,0.0,0.0,0.0,2.3862339418266427,2.3862339418266427,2.3862339418266427,2.377274866829595,2.377274866829595,2.9551883897452225,2.9551883897452225
481.0,0.481,0.001,0.499,120.26267310872917,6.898151661838606,2.0989796129969687,0.12039545880100215,3.291540089643817,1.9380018562370736,3.291540089643817,1.9380018562370736,3.291540089643817,1.9380018562370736,-0.3778840998901948,-1.5189713363401793,-2.3283440269509454,-8.481310981639778,-2.3283440269509454,-8.481310981639778,0.0,0.0,0.0,0.0,0.0,0.0,2.37723791910818,2.37723791910818,2.37723791910818,2.4088108417708467,2.4088108417708467,2.9446640429909783,2.9446640429909783
482.0,0.482,0.001,0.499,120.43203660595375,7.0579004541282995,2.10193556365623,0.12318360120254183,2.955950659261325,2.788142401539682,2.955950659261325,2.788142401539682,2.955950659261325,2.788142401539682,-0.38022187702738464,-1.5274211861462874,-2.3377771371898635,-8.449849806108148,-2.3377771371898635,-8.449849806108148,0.0,0.0,0.0,0.0,0.0,0.0,2.4087404565943014,2.4087404565943014,2.4087404565943014,2.435172712926852,2.435172712926852,2.9340090401474335,2.9340090401474335
483.0,0.483,0.001,0.499,120.58365966864653,7.26197464339021,2.1045818853221765,0.12674536772350023,2.6463216659465916,3.561766520958404,2.6463216659465916,3.561766520958404,2.6463216659465916,3.561766520958404,-0.38256905787966017,-1.5358392147145392,-2.347180852275529,-8.418028568251739,-2.347180852275529,-8.418028568251739,0.0,0.0,0.0,0.0,0.0,0.0,2.4350726261326434,2.4350726261326434,2.4350726261326434,2.4567135188783844,2.4567135188783844,2.923224927460544,2.923224927460544
484.0,0.484,0.001,0.499,120.71892615563904,7.506297154653363,2.106942730887802,0.1310095999817832,2.3608455656252727,4.264232258282969,2.3608455656252727,4.264232258282969,2.3608455656252727,4.264232258282969,-0.3849256120732349,-1.5442250649478537,-2.356554193574696,-8.385850233314423,-2.356554193574696,-8.385850233314423,0.0,0.0,0.0,0.0,0.0,0.0,2.4565880572644296,2.4565880572644296,2.4565880572644296,2.473774777032837,2.473774777032837,2.9123132713664015,2.9123132713664015
485.0,0.485,0.001,0.499,120.83912318771388,7.787078571638799,2.109040564848633,0.13591016018659416,2.0978339608310295,4.900560204810979,2.0978339608310295,4.900560204810979,2.0978339608310295,4.900560204810979,-0.3872915082718394,-1.5525783827255992,-2.36589619860451,-8.353317777745454,-2.36589619860451,-8.353317777745454,0.0,0.0,0.0,0.0,0.0,0.0,2.4736284889048616,2.4736284889048616,2.4736284889048616,2.4866834383395457,2.4866834383395457,2.9012756579548213,2.9012756579548213
486.0,0.486,0.001,0.499,120.94544754093167,8.100798800958847,2.1108962748873368,0.14138561111834066,1.8557100387038636,5.475450931746508,1.8557100387038636,5.475450931746508,1.8557100387038636,5.475450931746508,-0.3896667141931384,-1.5608988169144853,-2.3752059212990435,-8.32043418888602,-2.3752059212990435,-8.32043418888602,0.0,0.0,0.0,0.0,0.0,0.0,2.4865209034730507,2.4865209034730507,2.4865209034730507,2.495750309995588,2.495750309995588,2.8901136924286064,2.8901136924286064
487.0,0.487,0.001,0.499,121.03901163209805,8.444189740681752,2.1125292763398265,0.14737891363802275,1.633001452489681,5.993302519682087,1.633001452489681,5.993302519682087,1.633001452489681,5.993302519682087,-0.3920511966254018,-1.5691860193791476,-2.3844824322633524,-8.287202464662348,-2.3844824322633524,-8.287202464662348,0.0,0.0,0.0,0.0,0.0,0.0,2.495576037326622,2.495576037326622,2.495576037326622,2.5012693840617506,2.5012693840617506,2.8788289985588946,2.8788289985588946
488.0,0.488,0.001,0.499,121.12084912092723,8.81421893881047,2.1139576099714597,0.1538371414738833,1.428333631633081,6.458227835860569,1.428333631633081,6.458227835860569,1.428333631633081,6.458227835860569,-0.3944449214444168,-1.577439644992432,-2.39372481901502,-8.253625613284433,-2.39372481901502,-8.253625613284433,0.0,0.0,0.0,0.0,0.0,0.0,2.5010877489442915,2.5010877489442915,2.5010877489442915,2.5035177245681224,2.5035177245681224,2.867423218136997,2.867423218136997
489.0,0.489,0.001,0.499,121.19192015242744,9.20807421364404,2.115198033473927,0.16071121279607625,1.2404235024672936,6.874071322192958,1.2404235024672936,6.874071322192958,1.2404235024672936,6.874071322192958,-0.39684785363062997,-1.5856593516453814,-2.4029321862131527,-8.21970665294953,-2.4029321862131527,-8.21970665294953,0.0,0.0,0.0,0.0,0.0,0.0,2.503332922097562,2.503332922097562,2.503332922097562,2.5027556979910868,2.5027556979910863,2.855898010423152,2.855898010423152
490.0,0.49,0.001,0.499,121.25311626189857,9.62314919919684,2.116266107073609,0.16795563793664053,1.068073599682023,7.244425140564292,1.068073599682023,7.244425140564292,1.068073599682023,7.244425140564292,-0.39925995728650476,-1.593844800256931,-2.412103655874805,-8.185448611549553,-2.412103655874805,-8.185448611549553,0.0,0.0,0.0,0.0,0.0,0.0,2.5025717023806937,2.5025717023806937,2.5025717023806937,2.4992274136119663,2.4992274136119663,2.8442550515926253,2.8442550515926253
491.0,0.491,0.001,0.499,121.30526496374485,10.057029773577566,2.1171762736214674,0.17552828252002836,0.9101665478582937,7.572644583387818,0.9101665478582937,7.572644583387818,0.9101665478582937,7.572644583387818,-0.40168119565408356,-1.6019956547833125,-2.4212383675788187,-8.150854526381535,-2.4212383675788187,-8.150854526381535,0.0,0.0,0.0,0.0,0.0,0.0,2.4990479405576553,2.4990479405576553,2.4990479405576553,2.493161290620108,2.4931612906201077,2.832496034179583,2.832496034179583
492.0,0.492,0.001,0.499,121.34913404410699,10.507481325505921,2.1179419335136087,0.18339014522189634,0.7656598921413512,7.86186270186797,0.7656598921413512,7.86186270186797,0.7656598921413512,7.86186270186797,-0.4041115311327406,-1.6101115822271728,-2.4303354786570766,-8.115927443860325,-2.4303354786570766,-8.115927443860325,0.0,0.0,0.0,0.0,0.0,0.0,2.4929897628181132,2.4929897628181132,2.4929897628181132,2.484770699846213,2.484770699846213,2.8206226665191716,2.8206226665191716
493.0,0.493,0.001,0.499,121.38543557613349,10.972436813234502,2.1185755147709893,0.1915051493579762,0.6335812573807308,8.115004136079863,0.6335812573807308,8.115004136079863,0.6335812573807308,8.115004136079863,-0.4065509252971138,-1.6181922526464054,-2.4393941643731614,-8.080670419232767,-2.4393941643731614,-8.080670419232767,0.0,0.0,0.0,0.0,0.0,0.0,2.4846102169993998,2.4846102169993998,2.4846102169993998,2.4742546470957887,2.4742546470957887,2.8086366721882583,2.8086366721882583
494.0,0.494,0.001,0.499,121.41482967555999,11.449985570491496,2.1190885385866403,0.19983994751091788,0.5130238156508894,8.334798152941701,0.5130238156508894,8.334798152941701,0.5130238156508894,8.334798152941701,-0.40899933891520224,-1.6262373391626979,-2.4484136180884453,-8.045086516292537,-2.4484136180884453,-8.045086516292537,0.0,0.0,0.0,0.0,0.0,0.0,2.4741079618713777,2.4741079618713777,2.4741079618713777,2.4617984767812264,2.4617984767812264,2.796539789445272,2.796539789445272
495.0,0.495,0.001,0.499,121.43792801316035,11.93836281525296,2.119491680629504,0.20836373842382366,0.4031420428638457,8.523790912905788,0.4031420428638457,8.523790912905788,0.4031420428638457,8.523790912905788,-0.41145673196661786,-1.634246517969793,-2.4573930514156213,-8.009178807094951,-2.4573930514156213,-8.009178807094951,0.0,0.0,0.0,0.0,0.0,0.0,2.4616679778182537,2.4616679778182537,2.4616679778182537,2.447574581769509,2.447574581769509,2.784333770669597,2.784333770669597
496.0,0.496,0.001,0.499,121.45529709958157,12.435939818886773,2.1197948283756176,0.2170480954194415,0.30314774611358714,8.684356995617833,0.30314774611358714,8.684356995617833,0.30314774611358714,8.684356995617833,-0.4139230636609776,-1.642219468341464,-2.4663316943597096,-7.972950371670998,-2.4663316943597096,-7.972950371670998,0.0,0.0,0.0,0.0,0.0,0.0,2.4474622842991223,2.4474622842991223,2.4474622842991227,2.431743109833745,2.431743109833745,2.7720203818009836,2.7720203818009836
497.0,0.497,0.001,0.499,121.46746135707893,12.9412146952613,2.120007134720007,0.22586680563978428,0.21230634438950183,8.81871022034279,0.21230634438950183,8.81871022034279,0.21230634438950183,8.81871022034279,-0.4163982924564242,-1.6501558726392038,-2.4752287954465757,-7.936404297739918,-2.4752287954465757,-7.936404297739918,0.0,0.0,0.0,0.0,0.0,0.0,2.431650653971572,2.431650653971572,2.431650653971572,2.414452659908794,2.414452659908794,2.7596014017794226,2.7596014017794226
498.0,0.498,0.001,0.499,121.47490599173284,13.452803771621975,2.1201370681063256,0.23479571943951474,0.12993338631888798,8.928913799730452,0.12993338631888798,8.928913799730452,0.12993338631888798,8.928913799730452,-0.4188823760782632,-1.6580554163196235,-2.484083621839006,-7.89954368041967,-2.484083621839006,-7.89954368041967,0.0,0.0,0.0,0.0,0.0,0.0,2.414381316215305,2.414381316215305,2.414381316215305,2.395840963170807,2.395840963170807,2.747078621985964,2.747078621985964
499.0,0.499,0.001,0.499,121.4780796788496,13.969433505296806,2.120192459395941,0.24381260930584198,0.055391289615690835,9.016889866327219,0.055391289615690835,9.016889866327219,0.055391289615690835,9.016889866327219,-0.4213752715377036,-1.665917787941558,-2.492895459440398,-7.862371621934669,-2.492895459440398,-7.862371621934669,0.0,0.0,0.0,0.0,0.0,0.0,2.395791644774644,2.395791644774644,2.395791644774644,2.3760355451916317,2.3760355451916313,2.7344538456849374,2.7344538456849374
