# WaveFront *.obj file (generated by Autodesk ATF)

mtllib Two_link_model_obj.mtl

g Body1

v -1.398427 0.000000 -64.496557
v -1.347315 -0.388229 -64.496557
v -1.197465 -0.750000 -64.496557
v -0.959087 -1.060660 -64.496557
v -0.648427 -1.299038 -64.496557
v -0.286655 -1.448889 -64.496557
v 0.101573 -1.500000 -64.496557
v 0.489802 -1.448889 -64.496557
v 0.851573 -1.299038 -64.496557
v 1.162234 -1.060660 -64.496557
v 1.400612 -0.750000 -64.496557
v 1.550462 -0.388229 -64.496557
v 1.601573 0.000000 -64.496557
v 1.550462 0.388229 -64.496557
v 1.400612 0.750000 -64.496557
v 1.162234 1.060660 -64.496557
v 0.851573 1.299038 -64.496557
v 0.489802 1.448889 -64.496557
v 0.101573 1.500000 -64.496557
v -0.286655 1.448889 -64.496557
v -0.648427 1.299038 -64.496557
v -0.959087 1.060660 -64.496557
v -1.197465 0.750000 -64.496557
v -1.347315 0.388229 -64.496557
v 0.101573 0.000000 -65.184346
v -1.088355 0.000000 -64.786790
v -0.723510 0.000000 -65.004202
v -0.320687 0.000000 -65.138786
v -1.047809 -0.307976 -64.786790
v -0.695396 -0.213547 -65.004202
v -0.306299 -0.109289 -65.138786
v -0.928935 -0.594964 -64.786790
v -0.612970 -0.412542 -65.004202
v -0.264115 -0.211130 -65.138786
v -0.739833 -0.841406 -64.786790
v -0.481849 -0.583422 -65.004202
v -0.197010 -0.298583 -65.138786
v -0.493391 -1.030508 -64.786790
v -0.310968 -0.714544 -65.004202
v -0.109557 -0.365688 -65.138786
v -0.206403 -1.149383 -64.786790
v -0.111974 -0.796970 -65.004202
v -0.007716 -0.407872 -65.138786
v 0.101573 -1.189928 -64.786790
v 0.101573 -0.825084 -65.004202
v 0.101573 -0.422260 -65.138786
v 0.409550 -1.149383 -64.786790
v 0.315121 -0.796970 -65.004202
v 0.210862 -0.407872 -65.138786
v 0.696538 -1.030508 -64.786790
v 0.514115 -0.714544 -65.004202
v 0.312704 -0.365688 -65.138786
v 0.942980 -0.841406 -64.786790
v 0.684996 -0.583422 -65.004202
v 0.400157 -0.298583 -65.138786
v 1.132082 -0.594964 -64.786790
v 0.816117 -0.412542 -65.004202
v 0.467262 -0.211130 -65.138786
v 1.250956 -0.307976 -64.786790
v 0.898543 -0.213547 -65.004202
v 0.509446 -0.109289 -65.138786
v 1.291502 0.000000 -64.786790
v 0.926657 0.000000 -65.004202
v 0.523834 0.000000 -65.138786
v 1.250956 0.307976 -64.786790
v 0.898543 0.213547 -65.004202
v 0.509446 0.109289 -65.138786
v 1.132082 0.594964 -64.786790
v 0.816117 0.412542 -65.004202
v 0.467262 0.211130 -65.138786
v 0.942980 0.841406 -64.786790
v 0.684996 0.583422 -65.004202
v 0.400157 0.298583 -65.138786
v 0.696538 1.030508 -64.786790
v 0.514115 0.714544 -65.004202
v 0.312704 0.365688 -65.138786
v 0.409550 1.149383 -64.786790
v 0.315121 0.796970 -65.004202
v 0.210862 0.407872 -65.138786
v 0.101573 1.189928 -64.786790
v 0.101573 0.825084 -65.004202
v 0.101573 0.422260 -65.138786
v -0.206403 1.149383 -64.786790
v -0.111974 0.796970 -65.004202
v -0.007716 0.407872 -65.138786
v -0.493391 1.030508 -64.786790
v -0.310968 0.714544 -65.004202
v -0.109557 0.365688 -65.138786
v -0.739833 0.841406 -64.786790
v -0.481849 0.583422 -65.004202
v -0.197010 0.298583 -65.138786
v -0.928935 0.594964 -64.786790
v -0.612970 0.412542 -65.004202
v -0.264115 0.211130 -65.138786
v -1.047809 0.307976 -64.786790
v -0.695396 0.213547 -65.004202
v -0.306299 0.109289 -65.138786
v -1.398427 0.000000 -114.496557
v -1.347315 -0.388229 -114.496557
v -1.197465 -0.750000 -114.496557
v -0.959087 -1.060660 -114.496557
v -0.648427 -1.299038 -114.496557
v -0.286655 -1.448889 -114.496557
v 0.101573 -1.500000 -114.496557
v 0.489802 -1.448889 -114.496557
v 0.851573 -1.299038 -114.496557
v 1.162234 -1.060660 -114.496557
v 1.400612 -0.750000 -114.496557
v 1.550462 -0.388229 -114.496557
v 1.601573 0.000000 -114.496557
v 1.550462 0.388229 -114.496557
v 1.400612 0.750000 -114.496557
v 1.162234 1.060660 -114.496557
v 0.851573 1.299038 -114.496557
v 0.489802 1.448889 -114.496557
v 0.101573 1.500000 -114.496557
v -0.286655 1.448889 -114.496557
v -0.648427 1.299038 -114.496557
v -0.959087 1.060660 -114.496557
v -1.197465 0.750000 -114.496557
v -1.347315 0.388229 -114.496557
v 1.601573 0.000000 -72.829890
v 1.601573 0.000000 -81.163224
v 1.601573 0.000000 -89.496557
v 1.601573 0.000000 -97.829890
v 1.601573 0.000000 -106.163224
v -1.347315 0.388229 -72.829890
v -1.347315 0.388229 -81.163224
v -1.347315 0.388229 -89.496557
v -1.347315 0.388229 -97.829890
v -1.347315 0.388229 -106.163224
v -1.398427 0.000000 -106.163224
v -1.398427 0.000000 -97.829890
v -1.398427 0.000000 -89.496557
v -1.398427 0.000000 -81.163224
v -1.398427 0.000000 -72.829890
v -1.197465 0.750000 -72.829890
v -1.197465 0.750000 -81.163224
v -1.197465 0.750000 -89.496557
v -1.197465 0.750000 -97.829890
v -1.197465 0.750000 -106.163224
v -0.959087 1.060660 -72.829890
v -0.959087 1.060660 -81.163224
v -0.959087 1.060660 -89.496557
v -0.959087 1.060660 -97.829890
v -0.959087 1.060660 -106.163224
v -0.648427 1.299038 -72.829890
v -0.648427 1.299038 -81.163224
v -0.648427 1.299038 -89.496557
v -0.648427 1.299038 -97.829890
v -0.648427 1.299038 -106.163224
v -0.286655 1.448889 -72.829890
v -0.286655 1.448889 -81.163224
v -0.286655 1.448889 -89.496557
v -0.286655 1.448889 -97.829890
v -0.286655 1.448889 -106.163224
v 0.101573 1.500000 -72.829890
v 0.101573 1.500000 -81.163224
v 0.101573 1.500000 -89.496557
v 0.101573 1.500000 -97.829890
v 0.101573 1.500000 -106.163224
v 0.489802 1.448889 -72.829890
v 0.489802 1.448889 -81.163224
v 0.489802 1.448889 -89.496557
v 0.489802 1.448889 -97.829890
v 0.489802 1.448889 -106.163224
v 0.851573 1.299038 -72.829890
v 0.851573 1.299038 -81.163224
v 0.851573 1.299038 -89.496557
v 0.851573 1.299038 -97.829890
v 0.851573 1.299038 -106.163224
v 1.162234 1.060660 -72.829890
v 1.162234 1.060660 -81.163224
v 1.162234 1.060660 -89.496557
v 1.162234 1.060660 -97.829890
v 1.162234 1.060660 -106.163224
v 1.400612 0.750000 -72.829890
v 1.400612 0.750000 -81.163224
v 1.400612 0.750000 -89.496557
v 1.400612 0.750000 -97.829890
v 1.400612 0.750000 -106.163224
v 1.550462 0.388229 -72.829890
v 1.550462 0.388229 -81.163224
v 1.550462 0.388229 -89.496557
v 1.550462 0.388229 -97.829890
v 1.550462 0.388229 -106.163224
v 1.550462 -0.388229 -72.829890
v 1.550462 -0.388229 -81.163224
v 1.550462 -0.388229 -89.496557
v 1.550462 -0.388229 -97.829890
v 1.550462 -0.388229 -106.163224
v 1.400612 -0.750000 -72.829890
v 1.400612 -0.750000 -81.163224
v 1.400612 -0.750000 -89.496557
v 1.400612 -0.750000 -97.829890
v 1.400612 -0.750000 -106.163224
v 1.162234 -1.060660 -72.829890
v 1.162234 -1.060660 -81.163224
v 1.162234 -1.060660 -89.496557
v 1.162234 -1.060660 -97.829890
v 1.162234 -1.060660 -106.163224
v 0.851573 -1.299038 -72.829890
v 0.851573 -1.299038 -81.163224
v 0.851573 -1.299038 -89.496557
v 0.851573 -1.299038 -97.829890
v 0.851573 -1.299038 -106.163224
v 0.489802 -1.448889 -72.829890
v 0.489802 -1.448889 -81.163224
v 0.489802 -1.448889 -89.496557
v 0.489802 -1.448889 -97.829890
v 0.489802 -1.448889 -106.163224
v 0.101573 -1.500000 -72.829890
v 0.101573 -1.500000 -81.163224
v 0.101573 -1.500000 -89.496557
v 0.101573 -1.500000 -97.829890
v 0.101573 -1.500000 -106.163224
v -0.286655 -1.448889 -72.829890
v -0.286655 -1.448889 -81.163224
v -0.286655 -1.448889 -89.496557
v -0.286655 -1.448889 -97.829890
v -0.286655 -1.448889 -106.163224
v -0.648427 -1.299038 -72.829890
v -0.648427 -1.299038 -81.163224
v -0.648427 -1.299038 -89.496557
v -0.648427 -1.299038 -97.829890
v -0.648427 -1.299038 -106.163224
v -0.959087 -1.060660 -72.829890
v -0.959087 -1.060660 -81.163224
v -0.959087 -1.060660 -89.496557
v -0.959087 -1.060660 -97.829890
v -0.959087 -1.060660 -106.163224
v -1.197465 -0.750000 -72.829890
v -1.197465 -0.750000 -81.163224
v -1.197465 -0.750000 -89.496557
v -1.197465 -0.750000 -97.829890
v -1.197465 -0.750000 -106.163224
v -1.347315 -0.388229 -72.829890
v -1.347315 -0.388229 -81.163224
v -1.347315 -0.388229 -89.496557
v -1.347315 -0.388229 -97.829890
v -1.347315 -0.388229 -106.163224
vt -1.407382 -2.376071 0.000000
vt -1.832912 -2.376071 0.000000
vt -1.407382 -2.592077 0.000000
vt -1.832912 -2.592077 0.000000
vt -1.407382 2.592077 0.000000
vt -1.832912 2.592077 0.000000
vt -1.407382 2.376071 0.000000
vt -1.832912 2.376071 0.000000
vt -1.407382 2.160065 0.000000
vt -1.832912 2.160065 0.000000
vt -1.407382 1.944058 0.000000
vt -1.832912 1.944058 0.000000
vt -1.407382 1.728052 0.000000
vt -1.832912 1.728052 0.000000
vt -1.407382 1.512045 0.000000
vt -1.832912 1.512045 0.000000
vt -1.407382 1.296039 0.000000
vt -1.832912 1.296039 0.000000
vt -1.407382 1.080032 0.000000
vt -1.832912 1.080032 0.000000
vt -1.407382 0.864026 0.000000
vt -1.832912 0.864026 0.000000
vt -1.407382 0.648019 0.000000
vt -1.832912 0.648019 0.000000
vt -1.407382 0.432013 0.000000
vt -1.832912 0.432013 0.000000
vt -1.407382 0.216006 0.000000
vt -1.832912 0.216006 0.000000
vt -1.407382 0.000000 0.000000
vt -1.832912 0.000000 0.000000
vt -1.407382 -0.216006 0.000000
vt -1.832912 -0.216006 0.000000
vt -1.407382 -0.432013 0.000000
vt -1.832912 -0.432013 0.000000
vt -1.407382 -0.648019 0.000000
vt -1.832912 -0.648019 0.000000
vt -1.407382 -0.864026 0.000000
vt -1.832912 -0.864026 0.000000
vt -1.407382 -1.080032 0.000000
vt -1.832912 -1.080032 0.000000
vt -1.407382 -1.296039 0.000000
vt -1.832912 -1.296039 0.000000
vt -1.407382 -1.512045 0.000000
vt -1.832912 -1.512045 0.000000
vt -1.407382 -1.728052 0.000000
vt -1.832912 -1.728052 0.000000
vt -1.407382 -1.944058 0.000000
vt -1.832912 -1.944058 0.000000
vt -1.407382 -2.160065 0.000000
vt -1.832912 -2.160065 0.000000
vt -2.683972 2.592077 0.000000
vt -3.109502 2.592077 0.000000
vt -2.683972 2.376071 0.000000
vt -3.109502 2.376071 0.000000
vt -2.683972 2.160065 0.000000
vt -3.109502 2.160065 0.000000
vt -2.683972 1.944058 0.000000
vt -3.109502 1.944058 0.000000
vt -2.683972 1.728052 0.000000
vt -3.109502 1.728052 0.000000
vt -2.683972 1.512045 0.000000
vt -3.109502 1.512045 0.000000
vt -2.683972 1.296039 0.000000
vt -3.109502 1.296039 0.000000
vt -2.683972 1.080032 0.000000
vt -3.109502 1.080032 0.000000
vt -2.683972 0.864026 0.000000
vt -2.683972 0.648019 0.000000
vt -3.109502 0.648019 0.000000
vt -2.683972 0.432013 0.000000
vt -3.109502 0.432013 0.000000
vt -2.683972 0.216006 0.000000
vt -3.109502 0.216006 0.000000
vt -2.683972 0.000000 0.000000
vt -3.109502 0.000000 0.000000
vt -2.683972 -0.216006 0.000000
vt -3.109502 -0.216006 0.000000
vt -2.683972 -0.432013 0.000000
vt -3.109502 -0.432013 0.000000
vt -2.683972 -0.648019 0.000000
vt -3.109502 -0.648019 0.000000
vt -2.683972 -0.864026 0.000000
vt -2.683972 -1.080032 0.000000
vt -3.109502 -1.080032 0.000000
vt -2.683972 -1.296039 0.000000
vt -3.109502 -1.296039 0.000000
vt -2.683972 -1.512045 0.000000
vt -3.109502 -1.512045 0.000000
vt -2.683972 -1.728052 0.000000
vt -3.109502 -1.728052 0.000000
vt -2.683972 -1.944058 0.000000
vt -3.109502 -1.944058 0.000000
vt -2.683972 -2.160065 0.000000
vt -3.109502 -2.160065 0.000000
vt -2.683972 -2.376071 0.000000
vt -3.109502 -2.376071 0.000000
vt -2.683972 -2.592077 0.000000
vt -2.258442 2.592077 0.000000
vt -2.258442 2.376071 0.000000
vt -2.258442 2.160065 0.000000
vt -2.258442 1.944058 0.000000
vt -2.258442 1.728052 0.000000
vt -2.258442 1.512045 0.000000
vt -2.258442 1.296039 0.000000
vt -2.258442 1.080032 0.000000
vt -2.258442 0.864026 0.000000
vt -2.258442 0.648019 0.000000
vt -2.258442 0.432013 0.000000
vt -2.258442 0.216006 0.000000
vt -2.258442 0.000000 0.000000
vt -2.258442 -0.216006 0.000000
vt -2.258442 -0.432013 0.000000
vt -2.258442 -0.648019 0.000000
vt -2.258442 -0.864026 0.000000
vt -2.258442 -1.080032 0.000000
vt -2.258442 -1.296039 0.000000
vt -2.258442 -1.512045 0.000000
vt -2.258442 -1.728052 0.000000
vt -2.258442 -1.944058 0.000000
vt -2.258442 -2.160065 0.000000
vt -2.258442 -2.376071 0.000000
vt -2.258442 -2.592077 0.000000
vt -3.109502 -0.864026 0.000000
vt -3.109502 0.864026 0.000000
vt 25.000000 0.392699 0.000000
vt 16.666667 0.392699 0.000000
vt 25.000000 0.000000 0.000000
vt 16.666667 0.000000 0.000000
vt 25.000000 -0.392699 0.000000
vt 16.666667 -0.392699 0.000000
vt 25.000000 -0.785398 0.000000
vt 16.666667 -0.785398 0.000000
vt 25.000000 -1.178097 0.000000
vt 16.666667 -1.178097 0.000000
vt 25.000000 -1.570796 0.000000
vt 16.666667 -1.570796 0.000000
vt 25.000000 -1.963495 0.000000
vt 16.666667 -1.963495 0.000000
vt 25.000000 -2.356194 0.000000
vt 16.666667 -2.356194 0.000000
vt 25.000000 -2.748894 0.000000
vt 16.666667 -2.748894 0.000000
vt 25.000000 -3.141593 0.000000
vt 16.666667 -3.141593 0.000000
vt 25.000000 -3.534292 0.000000
vt 16.666667 -3.534292 0.000000
vt 25.000000 -3.926991 0.000000
vt 16.666667 -3.926991 0.000000
vt 25.000000 -4.319690 0.000000
vt 16.666667 -4.319690 0.000000
vt 25.000000 -4.712389 0.000000
vt 16.666667 -4.712389 0.000000
vt 25.000000 4.712389 0.000000
vt 16.666667 4.712389 0.000000
vt 25.000000 4.319690 0.000000
vt 16.666667 4.319690 0.000000
vt 25.000000 3.926991 0.000000
vt 16.666667 3.926991 0.000000
vt 25.000000 3.534292 0.000000
vt 16.666667 3.534292 0.000000
vt 25.000000 3.141593 0.000000
vt 16.666667 3.141593 0.000000
vt 25.000000 2.748894 0.000000
vt 16.666667 2.748894 0.000000
vt 25.000000 2.356194 0.000000
vt 16.666667 2.356194 0.000000
vt 25.000000 1.963495 0.000000
vt 16.666667 1.963495 0.000000
vt 25.000000 1.570796 0.000000
vt 16.666667 1.570796 0.000000
vt 25.000000 1.178097 0.000000
vt 16.666667 1.178097 0.000000
vt 25.000000 0.785398 0.000000
vt 16.666667 0.785398 0.000000
vt -25.000000 -0.392699 0.000000
vt -16.666667 -0.392699 0.000000
vt -25.000000 0.000000 0.000000
vt -16.666667 0.000000 0.000000
vt -25.000000 0.392699 0.000000
vt -16.666667 0.392699 0.000000
vt -25.000000 0.785398 0.000000
vt -16.666667 0.785398 0.000000
vt -25.000000 1.178097 0.000000
vt -16.666667 1.178097 0.000000
vt -25.000000 1.570796 0.000000
vt -16.666667 1.570796 0.000000
vt -25.000000 1.963495 0.000000
vt -16.666667 1.963495 0.000000
vt -25.000000 2.356194 0.000000
vt -16.666667 2.356194 0.000000
vt -25.000000 2.748894 0.000000
vt -16.666667 2.748894 0.000000
vt -25.000000 3.141593 0.000000
vt -16.666667 3.141593 0.000000
vt -25.000000 3.534292 0.000000
vt -16.666667 3.534292 0.000000
vt -25.000000 3.926991 0.000000
vt -16.666667 3.926991 0.000000
vt -25.000000 4.319690 0.000000
vt -16.666667 4.319690 0.000000
vt -25.000000 4.712389 0.000000
vt -16.666667 4.712389 0.000000
vt -25.000000 -4.712389 0.000000
vt -16.666667 -4.712389 0.000000
vt -25.000000 -4.319690 0.000000
vt -16.666667 -4.319690 0.000000
vt -25.000000 -3.926991 0.000000
vt -16.666667 -3.926991 0.000000
vt -25.000000 -3.534292 0.000000
vt -16.666667 -3.534292 0.000000
vt -25.000000 -3.141593 0.000000
vt -16.666667 -3.141593 0.000000
vt -25.000000 -2.748894 0.000000
vt -16.666667 -2.748894 0.000000
vt -25.000000 -2.356194 0.000000
vt -16.666667 -2.356194 0.000000
vt -25.000000 -1.963495 0.000000
vt -16.666667 -1.963495 0.000000
vt -25.000000 -1.570796 0.000000
vt -16.666667 -1.570796 0.000000
vt -25.000000 -1.178097 0.000000
vt -16.666667 -1.178097 0.000000
vt -25.000000 -0.785398 0.000000
vt -16.666667 -0.785398 0.000000
vt 8.333333 4.712389 0.000000
vt 8.333333 4.319690 0.000000
vt 8.333333 3.926991 0.000000
vt 8.333333 3.534292 0.000000
vt 8.333333 3.141593 0.000000
vt 8.333333 2.748894 0.000000
vt 8.333333 2.356194 0.000000
vt 8.333333 1.963495 0.000000
vt 8.333333 1.570796 0.000000
vt 8.333333 1.178097 0.000000
vt 8.333333 0.785398 0.000000
vt 8.333333 0.392699 0.000000
vt 8.333333 0.000000 0.000000
vt 8.333333 -0.392699 0.000000
vt 8.333333 -0.785398 0.000000
vt 8.333333 -1.178097 0.000000
vt 8.333333 -1.570796 0.000000
vt 8.333333 -1.963495 0.000000
vt 8.333333 -2.356194 0.000000
vt 8.333333 -2.748894 0.000000
vt 8.333333 -3.141593 0.000000
vt 8.333333 -3.534292 0.000000
vt 8.333333 -3.926991 0.000000
vt 8.333333 -4.319690 0.000000
vt 8.333333 -4.712389 0.000000
vt 0.000000 4.712389 0.000000
vt 0.000000 4.319690 0.000000
vt 0.000000 3.926991 0.000000
vt 0.000000 3.534292 0.000000
vt 0.000000 3.141593 0.000000
vt 0.000000 2.748894 0.000000
vt 0.000000 2.356194 0.000000
vt 0.000000 1.963495 0.000000
vt 0.000000 1.570796 0.000000
vt 0.000000 1.178097 0.000000
vt 0.000000 0.785398 0.000000
vt 0.000000 0.392699 0.000000
vt 0.000000 0.000000 0.000000
vt 0.000000 -0.392699 0.000000
vt 0.000000 -0.785398 0.000000
vt 0.000000 -1.178097 0.000000
vt 0.000000 -1.570796 0.000000
vt 0.000000 -1.963495 0.000000
vt 0.000000 -2.356194 0.000000
vt 0.000000 -2.748894 0.000000
vt 0.000000 -3.141593 0.000000
vt 0.000000 -3.534292 0.000000
vt 0.000000 -3.926991 0.000000
vt 0.000000 -4.319690 0.000000
vt 0.000000 -4.712389 0.000000
vt -8.333333 4.712389 0.000000
vt -8.333333 4.319690 0.000000
vt -8.333333 3.926991 0.000000
vt -8.333333 3.534292 0.000000
vt -8.333333 3.141593 0.000000
vt -8.333333 2.748894 0.000000
vt -8.333333 2.356194 0.000000
vt -8.333333 1.963495 0.000000
vt -8.333333 1.570796 0.000000
vt -8.333333 1.178097 0.000000
vt -8.333333 0.785398 0.000000
vt -8.333333 0.392699 0.000000
vt -8.333333 0.000000 0.000000
vt -8.333333 -0.392699 0.000000
vt -8.333333 -0.785398 0.000000
vt -8.333333 -1.178097 0.000000
vt -8.333333 -1.570796 0.000000
vt -8.333333 -1.963495 0.000000
vt -8.333333 -2.356194 0.000000
vt -8.333333 -2.748894 0.000000
vt -8.333333 -3.141593 0.000000
vt -8.333333 -3.534292 0.000000
vt -8.333333 -3.926991 0.000000
vt -8.333333 -4.319690 0.000000
vt -8.333333 -4.712389 0.000000
vt 1.448889 0.388229 0.000000
vt -1.448889 0.388229 0.000000
vt 1.500000 0.000000 0.000000
vt -1.500000 0.000000 0.000000
vt 1.448889 -0.388229 0.000000
vt -1.448889 -0.388229 0.000000
vt 1.299038 -0.750000 0.000000
vt -1.299038 -0.750000 0.000000
vt 1.060660 -1.060660 0.000000
vt -1.060660 -1.060660 0.000000
vt 0.750000 -1.299038 0.000000
vt -0.750000 -1.299038 0.000000
vt 0.388229 -1.448889 0.000000
vt -0.388229 -1.448889 0.000000
vt -0.000000 -1.500000 0.000000
vt -1.299038 0.750000 0.000000
vt 1.299038 0.750000 0.000000
vt -1.060660 1.060660 0.000000
vt 1.060660 1.060660 0.000000
vt -0.750000 1.299038 0.000000
vt 0.750000 1.299038 0.000000
vt -0.388229 1.448889 0.000000
vt 0.388229 1.448889 0.000000
vt -0.000000 1.500000 0.000000
vn 0.731921 0.196118 0.652556
vn 0.580622 0.155577 0.799171
vn 0.757740 0.000000 0.652556
vn 0.601104 0.000000 0.799171
vn 0.731921 -0.196118 0.652556
vn 0.580622 -0.155577 0.799171
vn 0.656222 -0.378870 0.652556
vn 0.520572 -0.300552 0.799171
vn 0.535803 -0.535803 0.652556
vn 0.425045 -0.425045 0.799171
vn 0.378870 -0.656222 0.652556
vn 0.300552 -0.520572 0.799171
vn 0.196118 -0.731921 0.652556
vn 0.155577 -0.580622 0.799171
vn -0.000000 -0.757740 0.652556
vn -0.000000 -0.601104 0.799171
vn -0.196118 -0.731921 0.652556
vn -0.155577 -0.580622 0.799171
vn -0.378870 -0.656222 0.652556
vn -0.300552 -0.520572 0.799171
vn -0.535803 -0.535803 0.652556
vn -0.425045 -0.425045 0.799171
vn -0.656222 -0.378870 0.652556
vn -0.520572 -0.300552 0.799171
vn -0.731921 -0.196118 0.652556
vn -0.580622 -0.155577 0.799171
vn -0.757740 -0.000000 0.652556
vn -0.601104 -0.000000 0.799171
vn -0.731921 0.196118 0.652556
vn -0.580622 0.155577 0.799171
vn -0.656222 0.378870 0.652556
vn -0.520572 0.300552 0.799171
vn -0.535803 0.535803 0.652556
vn -0.425045 0.425045 0.799171
vn -0.378870 0.656222 0.652556
vn -0.300552 0.520572 0.799171
vn -0.196118 0.731921 0.652556
vn -0.155577 0.580622 0.799171
vn -0.000000 0.757740 0.652556
vn -0.000000 0.601104 0.799171
vn 0.196118 0.731921 0.652556
vn 0.155577 0.580622 0.799171
vn 0.378870 0.656222 0.652556
vn 0.300552 0.520572 0.799171
vn 0.535803 0.535803 0.652556
vn 0.425045 0.425045 0.799171
vn 0.656222 0.378870 0.652556
vn 0.520572 0.300552 0.799171
vn 0.213309 -0.000000 0.976985
vn 0.000000 -0.000000 1.000000
vn 0.206041 -0.055208 0.976985
vn 0.184731 -0.106655 0.976985
vn 0.150832 -0.150832 0.976985
vn 0.106655 -0.184731 0.976985
vn 0.055208 -0.206041 0.976985
vn -0.000000 -0.213309 0.976985
vn -0.055208 -0.206041 0.976985
vn -0.106655 -0.184731 0.976985
vn -0.150832 -0.150832 0.976985
vn -0.184731 -0.106655 0.976985
vn -0.206041 -0.055208 0.976985
vn -0.213309 -0.000000 0.976985
vn -0.206041 0.055208 0.976985
vn -0.184731 0.106655 0.976985
vn -0.150832 0.150832 0.976985
vn -0.106655 0.184731 0.976985
vn -0.055208 0.206041 0.976985
vn -0.000000 0.213309 0.976985
vn 0.055208 0.206041 0.976985
vn 0.106655 0.184731 0.976985
vn 0.150832 0.150832 0.976985
vn 0.184731 0.106655 0.976985
vn 0.206041 0.055208 0.976985
vn 0.416799 -0.000000 0.908998
vn 0.402597 -0.107876 0.908998
vn 0.360959 -0.208400 0.908998
vn 0.294722 -0.294722 0.908998
vn 0.208400 -0.360959 0.908998
vn 0.107876 -0.402597 0.908998
vn -0.000000 -0.416799 0.908998
vn -0.107876 -0.402597 0.908998
vn -0.208400 -0.360959 0.908998
vn -0.294722 -0.294722 0.908998
vn -0.360959 -0.208400 0.908998
vn -0.402597 -0.107876 0.908998
vn -0.416799 -0.000000 0.908998
vn -0.402597 0.107876 0.908998
vn -0.360959 0.208400 0.908998
vn -0.294722 0.294722 0.908998
vn -0.208400 0.360959 0.908998
vn -0.107876 0.402597 0.908998
vn -0.000000 0.416799 0.908998
vn 0.107876 0.402597 0.908998
vn 0.208400 0.360959 0.908998
vn 0.294722 0.294722 0.908998
vn 0.360959 0.208400 0.908998
vn 0.402597 0.107876 0.908998
vn -0.965926 0.258819 -0.000000
vn -0.965926 0.258819 -0.000000
vn -1.000000 0.000000 -0.000000
vn -1.000000 0.000000 -0.000000
vn -0.965926 -0.258819 -0.000000
vn -0.965926 -0.258819 -0.000000
vn -0.866025 -0.500000 -0.000000
vn -0.866025 -0.500000 -0.000000
vn -0.707107 -0.707107 -0.000000
vn -0.707107 -0.707107 -0.000000
vn -0.500000 -0.866025 -0.000000
vn -0.500000 -0.866025 -0.000000
vn -0.258819 -0.965926 -0.000000
vn -0.258819 -0.965926 -0.000000
vn 0.000000 -1.000000 -0.000000
vn 0.000000 -1.000000 -0.000000
vn 0.258819 -0.965926 -0.000000
vn 0.258819 -0.965926 -0.000000
vn 0.500000 -0.866025 -0.000000
vn 0.500000 -0.866025 -0.000000
vn 0.707107 -0.707107 -0.000000
vn 0.707107 -0.707107 -0.000000
vn 0.866025 -0.500000 -0.000000
vn 0.866025 -0.500000 -0.000000
vn 0.965926 -0.258819 -0.000000
vn 0.965926 -0.258819 -0.000000
vn 1.000000 -0.000000 -0.000000
vn 1.000000 -0.000000 -0.000000
vn 0.965926 0.258819 0.000000
vn 0.965926 0.258819 0.000000
vn 0.866025 0.500000 0.000000
vn 0.866025 0.500000 0.000000
vn 0.707107 0.707107 0.000000
vn 0.707107 0.707107 0.000000
vn 0.500000 0.866025 0.000000
vn 0.500000 0.866025 0.000000
vn 0.258819 0.965926 0.000000
vn 0.258819 0.965926 0.000000
vn 0.000000 1.000000 0.000000
vn 0.000000 1.000000 0.000000
vn -0.258819 0.965926 -0.000000
vn -0.258819 0.965926 -0.000000
vn -0.500000 0.866025 -0.000000
vn -0.500000 0.866025 -0.000000
vn -0.707107 0.707107 -0.000000
vn -0.707107 0.707107 -0.000000
vn -0.866025 0.500000 -0.000000
vn -0.866025 0.500000 -0.000000
vn -0.965926 -0.258819 -0.000000
vn -0.965926 -0.258819 -0.000000
vn -1.000000 0.000000 -0.000000
vn -1.000000 0.000000 -0.000000
vn -0.965926 0.258819 -0.000000
vn -0.965926 0.258819 -0.000000
vn -0.866025 0.500000 -0.000000
vn -0.866025 0.500000 -0.000000
vn -0.707107 0.707107 -0.000000
vn -0.707107 0.707107 -0.000000
vn -0.500000 0.866025 -0.000000
vn -0.500000 0.866025 -0.000000
vn -0.258819 0.965926 -0.000000
vn -0.258819 0.965926 -0.000000
vn 0.000000 1.000000 0.000000
vn 0.000000 1.000000 0.000000
vn 0.258819 0.965926 0.000000
vn 0.258819 0.965926 0.000000
vn 0.500000 0.866025 0.000000
vn 0.500000 0.866025 0.000000
vn 0.707107 0.707107 0.000000
vn 0.707107 0.707107 0.000000
vn 0.866025 0.500000 0.000000
vn 0.866025 0.500000 0.000000
vn 0.965926 0.258819 0.000000
vn 0.965926 0.258819 0.000000
vn 1.000000 0.000000 0.000000
vn 1.000000 0.000000 0.000000
vn 0.965926 -0.258819 -0.000000
vn 0.965926 -0.258819 -0.000000
vn 0.866025 -0.500000 -0.000000
vn 0.866025 -0.500000 -0.000000
vn 0.707107 -0.707107 -0.000000
vn 0.707107 -0.707107 -0.000000
vn 0.500000 -0.866025 -0.000000
vn 0.500000 -0.866025 -0.000000
vn 0.258819 -0.965926 -0.000000
vn 0.258819 -0.965926 -0.000000
vn 0.000000 -1.000000 -0.000000
vn 0.000000 -1.000000 -0.000000
vn -0.258819 -0.965926 -0.000000
vn -0.258819 -0.965926 -0.000000
vn -0.500000 -0.866025 -0.000000
vn -0.500000 -0.866025 -0.000000
vn -0.707107 -0.707107 -0.000000
vn -0.707107 -0.707107 -0.000000
vn -0.866025 -0.500000 -0.000000
vn -0.866025 -0.500000 -0.000000
vn 1.000000 0.000000 0.000000
vn 0.965926 0.258819 0.000000
vn 0.866025 0.500000 0.000000
vn 0.707107 0.707107 0.000000
vn 0.500000 0.866025 0.000000
vn 0.258819 0.965926 0.000000
vn 0.000000 1.000000 0.000000
vn -0.258819 0.965926 -0.000000
vn -0.500000 0.866025 -0.000000
vn -0.707107 0.707107 -0.000000
vn -0.866025 0.500000 -0.000000
vn -0.965926 0.258819 -0.000000
vn -1.000000 0.000000 -0.000000
vn -0.965926 -0.258819 -0.000000
vn -0.866025 -0.500000 -0.000000
vn -0.707107 -0.707107 -0.000000
vn -0.500000 -0.866025 -0.000000
vn -0.258819 -0.965926 -0.000000
vn 0.000000 -1.000000 -0.000000
vn 0.258819 -0.965926 -0.000000
vn 0.500000 -0.866025 -0.000000
vn 0.707107 -0.707107 -0.000000
vn 0.866025 -0.500000 -0.000000
vn 0.965926 -0.258819 -0.000000
vn 1.000000 0.000000 0.000000
vn 0.965926 0.258819 0.000000
vn 0.866025 0.500000 0.000000
vn 0.707107 0.707107 0.000000
vn 0.500000 0.866025 0.000000
vn 0.258819 0.965926 0.000000
vn 0.000000 1.000000 0.000000
vn -0.258819 0.965926 -0.000000
vn -0.500000 0.866025 -0.000000
vn -0.707107 0.707107 -0.000000
vn -0.866025 0.500000 -0.000000
vn -0.965926 0.258819 -0.000000
vn -1.000000 0.000000 -0.000000
vn -0.965926 -0.258819 -0.000000
vn -0.866025 -0.500000 -0.000000
vn -0.707107 -0.707107 -0.000000
vn -0.500000 -0.866025 -0.000000
vn -0.258819 -0.965926 -0.000000
vn 0.000000 -1.000000 -0.000000
vn 0.258819 -0.965926 -0.000000
vn 0.500000 -0.866025 -0.000000
vn 0.707107 -0.707107 -0.000000
vn 0.866025 -0.500000 -0.000000
vn 0.965926 -0.258819 -0.000000
vn 1.000000 0.000000 0.000000
vn 0.965926 0.258819 0.000000
vn 0.866025 0.500000 0.000000
vn 0.707107 0.707107 0.000000
vn 0.500000 0.866025 0.000000
vn 0.258819 0.965926 0.000000
vn 0.000000 1.000000 0.000000
vn -0.258819 0.965926 -0.000000
vn -0.500000 0.866025 -0.000000
vn -0.707107 0.707107 -0.000000
vn -0.866025 0.500000 -0.000000
vn -0.965926 0.258819 -0.000000
vn -1.000000 0.000000 -0.000000
vn -0.965926 -0.258819 -0.000000
vn -0.866025 -0.500000 -0.000000
vn -0.707107 -0.707107 -0.000000
vn -0.500000 -0.866025 -0.000000
vn -0.258819 -0.965926 -0.000000
vn 0.000000 -1.000000 -0.000000
vn 0.258819 -0.965926 -0.000000
vn 0.500000 -0.866025 -0.000000
vn 0.707107 -0.707107 -0.000000
vn 0.866025 -0.500000 -0.000000
vn 0.965926 -0.258819 -0.000000
vn 0.000000 0.000000 -1.000000
vn 0.000000 0.000000 -1.000000
vn 0.000000 0.000000 -1.000000
vn 0.000000 0.000000 -1.000000
vn 0.000000 0.000000 -1.000000
vn 0.000000 0.000000 -1.000000
vn 0.000000 0.000000 -1.000000
vn 0.000000 0.000000 -1.000000
vn 0.000000 0.000000 -1.000000
vn 0.000000 0.000000 -1.000000
vn 0.000000 0.000000 -1.000000
vn 0.000000 0.000000 -1.000000
vn 0.000000 0.000000 -1.000000
vn 0.000000 0.000000 -1.000000
vn 0.000000 0.000000 -1.000000
vn 0.000000 0.000000 -1.000000
vn 0.000000 0.000000 -1.000000
vn 0.000000 0.000000 -1.000000
vn 0.000000 0.000000 -1.000000
vn 0.000000 0.000000 -1.000000
vn 0.000000 0.000000 -1.000000
vn 0.000000 0.000000 -1.000000
vn 0.000000 0.000000 -1.000000
vn 0.000000 0.000000 -1.000000
usemtl Steel_-_Satin
f 2/1/1 29/2/2 1/3/3
f 1/3/3 29/2/2 26/4/4
f 1/5/3 26/6/4 24/7/5
f 24/7/5 26/6/4 95/8/6
f 24/7/5 95/8/6 23/9/7
f 23/9/7 95/8/6 92/10/8
f 23/9/7 92/10/8 22/11/9
f 22/11/9 92/10/8 89/12/10
f 22/11/9 89/12/10 21/13/11
f 21/13/11 89/12/10 86/14/12
f 21/13/11 86/14/12 20/15/13
f 20/15/13 86/14/12 83/16/14
f 20/15/13 83/16/14 19/17/15
f 19/17/15 83/16/14 80/18/16
f 19/17/15 80/18/16 18/19/17
f 18/19/17 80/18/16 77/20/18
f 18/19/17 77/20/18 17/21/19
f 17/21/19 77/20/18 74/22/20
f 17/21/19 74/22/20 16/23/21
f 16/23/21 74/22/20 71/24/22
f 16/23/21 71/24/22 15/25/23
f 15/25/23 71/24/22 68/26/24
f 15/25/23 68/26/24 14/27/25
f 14/27/25 68/26/24 65/28/26
f 14/27/25 65/28/26 13/29/27
f 13/29/27 65/28/26 62/30/28
f 13/29/27 62/30/28 12/31/29
f 12/31/29 62/30/28 59/32/30
f 12/31/29 59/32/30 11/33/31
f 11/33/31 59/32/30 56/34/32
f 11/33/31 56/34/32 10/35/33
f 10/35/33 56/34/32 53/36/34
f 10/35/33 53/36/34 9/37/35
f 9/37/35 53/36/34 50/38/36
f 9/37/35 50/38/36 8/39/37
f 8/39/37 50/38/36 47/40/38
f 8/39/37 47/40/38 7/41/39
f 7/41/39 47/40/38 44/42/40
f 7/41/39 44/42/40 6/43/41
f 6/43/41 44/42/40 41/44/42
f 6/43/41 41/44/42 5/45/43
f 5/45/43 41/44/42 38/46/44
f 5/45/43 38/46/44 4/47/45
f 4/47/45 38/46/44 35/48/46
f 4/47/45 35/48/46 3/49/47
f 3/49/47 35/48/46 32/50/48
f 3/49/47 32/50/48 2/1/1
f 2/1/1 32/50/48 29/2/2
f 28/51/49 25/52/50 97/53/51
f 97/53/51 25/54/50 94/55/52
f 94/55/52 25/56/50 91/57/53
f 91/57/53 25/58/50 88/59/54
f 88/59/54 25/60/50 85/61/55
f 85/61/55 25/62/50 82/63/56
f 82/63/56 25/64/50 79/65/57
f 79/65/57 25/66/50 76/67/58
f 73/68/59 25/69/50 70/70/60
f 70/70/60 25/71/50 67/72/61
f 67/72/61 25/73/50 64/74/62
f 64/74/62 25/75/50 61/76/63
f 61/76/63 25/77/50 58/78/64
f 58/78/64 25/79/50 55/80/65
f 55/80/65 25/81/50 52/82/66
f 49/83/67 25/84/50 46/85/68
f 46/85/68 25/86/50 43/87/69
f 43/87/69 25/88/50 40/89/70
f 40/89/70 25/90/50 37/91/71
f 37/91/71 25/92/50 34/93/72
f 34/93/72 25/94/50 31/95/73
f 31/95/73 25/96/50 28/97/49
f 26/6/4 27/98/74 95/8/6
f 95/8/6 27/98/74 96/99/75
f 95/8/6 96/99/75 92/10/8
f 92/10/8 96/99/75 93/100/76
f 92/10/8 93/100/76 89/12/10
f 89/12/10 93/100/76 90/101/77
f 89/12/10 90/101/77 86/14/12
f 86/14/12 90/101/77 87/102/78
f 86/14/12 87/102/78 83/16/14
f 83/16/14 87/102/78 84/103/79
f 83/16/14 84/103/79 80/18/16
f 80/18/16 84/103/79 81/104/80
f 80/18/16 81/104/80 77/20/18
f 77/20/18 81/104/80 78/105/81
f 77/20/18 78/105/81 74/22/20
f 74/22/20 78/105/81 75/106/82
f 74/22/20 75/106/82 71/24/22
f 71/24/22 75/106/82 72/107/83
f 71/24/22 72/107/83 68/26/24
f 68/26/24 72/107/83 69/108/84
f 68/26/24 69/108/84 65/28/26
f 65/28/26 69/108/84 66/109/85
f 65/28/26 66/109/85 62/30/28
f 62/30/28 66/109/85 63/110/86
f 62/30/28 63/110/86 59/32/30
f 59/32/30 63/110/86 60/111/87
f 59/32/30 60/111/87 56/34/32
f 56/34/32 60/111/87 57/112/88
f 56/34/32 57/112/88 53/36/34
f 53/36/34 57/112/88 54/113/89
f 53/36/34 54/113/89 50/38/36
f 50/38/36 54/113/89 51/114/90
f 50/38/36 51/114/90 47/40/38
f 47/40/38 51/114/90 48/115/91
f 47/40/38 48/115/91 44/42/40
f 44/42/40 48/115/91 45/116/92
f 44/42/40 45/116/92 41/44/42
f 41/44/42 45/116/92 42/117/93
f 41/44/42 42/117/93 38/46/44
f 38/46/44 42/117/93 39/118/94
f 38/46/44 39/118/94 35/48/46
f 35/48/46 39/118/94 36/119/95
f 35/48/46 36/119/95 32/50/48
f 32/50/48 36/119/95 33/120/96
f 32/50/48 33/120/96 29/2/2
f 29/2/2 33/120/96 30/121/97
f 29/2/2 30/121/97 26/4/4
f 26/4/4 30/121/97 27/122/74
f 27/98/74 28/51/49 96/99/75
f 96/99/75 28/51/49 97/53/51
f 96/99/75 97/53/51 93/100/76
f 93/100/76 97/53/51 94/55/52
f 93/100/76 94/55/52 90/101/77
f 90/101/77 94/55/52 91/57/53
f 90/101/77 91/57/53 87/102/78
f 87/102/78 91/57/53 88/59/54
f 87/102/78 88/59/54 84/103/79
f 84/103/79 88/59/54 85/61/55
f 84/103/79 85/61/55 81/104/80
f 81/104/80 85/61/55 82/63/56
f 81/104/80 82/63/56 78/105/81
f 78/105/81 82/63/56 79/65/57
f 78/105/81 79/65/57 75/106/82
f 75/106/82 79/65/57 76/67/58
f 75/106/82 76/67/58 72/107/83
f 72/107/83 76/67/58 73/68/59
f 72/107/83 73/68/59 69/108/84
f 69/108/84 73/68/59 70/70/60
f 69/108/84 70/70/60 66/109/85
f 66/109/85 70/70/60 67/72/61
f 66/109/85 67/72/61 63/110/86
f 63/110/86 67/72/61 64/74/62
f 63/110/86 64/74/62 60/111/87
f 60/111/87 64/74/62 61/76/63
f 60/111/87 61/76/63 57/112/88
f 57/112/88 61/76/63 58/78/64
f 57/112/88 58/78/64 54/113/89
f 54/113/89 58/78/64 55/80/65
f 54/113/89 55/80/65 51/114/90
f 51/114/90 55/80/65 52/82/66
f 51/114/90 52/82/66 48/115/91
f 48/115/91 52/82/66 49/83/67
f 48/115/91 49/83/67 45/116/92
f 45/116/92 49/83/67 46/85/68
f 45/116/92 46/85/68 42/117/93
f 42/117/93 46/85/68 43/87/69
f 42/117/93 43/87/69 39/118/94
f 39/118/94 43/87/69 40/89/70
f 39/118/94 40/89/70 36/119/95
f 36/119/95 40/89/70 37/91/71
f 36/119/95 37/91/71 33/120/96
f 33/120/96 37/91/71 34/93/72
f 33/120/96 34/93/72 30/121/97
f 30/121/97 34/93/72 31/95/73
f 30/121/97 31/95/73 27/122/74
f 27/122/74 31/95/73 28/97/49
f 52/82/66 25/123/50 49/83/67
f 76/67/58 25/124/50 73/68/59
f 24/125/98 127/126/99 1/127/100
f 1/127/100 127/126/99 136/128/101
f 1/127/100 136/128/101 2/129/102
f 2/129/102 136/128/101 237/130/103
f 2/129/102 237/130/103 3/131/104
f 3/131/104 237/130/103 232/132/105
f 3/131/104 232/132/105 4/133/106
f 4/133/106 232/132/105 227/134/107
f 4/133/106 227/134/107 5/135/108
f 5/135/108 227/134/107 222/136/109
f 5/135/108 222/136/109 6/137/110
f 6/137/110 222/136/109 217/138/111
f 6/137/110 217/138/111 7/139/112
f 7/139/112 217/138/111 212/140/113
f 7/139/112 212/140/113 8/141/114
f 8/141/114 212/140/113 207/142/115
f 8/141/114 207/142/115 9/143/116
f 9/143/116 207/142/115 202/144/117
f 9/143/116 202/144/117 10/145/118
f 10/145/118 202/144/117 197/146/119
f 10/145/118 197/146/119 11/147/120
f 11/147/120 197/146/119 192/148/121
f 11/147/120 192/148/121 12/149/122
f 12/149/122 192/148/121 187/150/123
f 12/149/122 187/150/123 13/151/124
f 13/151/124 187/150/123 122/152/125
f 13/153/124 122/154/125 14/155/126
f 14/155/126 122/154/125 182/156/127
f 14/155/126 182/156/127 15/157/128
f 15/157/128 182/156/127 177/158/129
f 15/157/128 177/158/129 16/159/130
f 16/159/130 177/158/129 172/160/131
f 16/159/130 172/160/131 17/161/132
f 17/161/132 172/160/131 167/162/133
f 17/161/132 167/162/133 18/163/134
f 18/163/134 167/162/133 162/164/135
f 18/163/134 162/164/135 19/165/136
f 19/165/136 162/164/135 157/166/137
f 19/165/136 157/166/137 20/167/138
f 20/167/138 157/166/137 152/168/139
f 20/167/138 152/168/139 21/169/140
f 21/169/140 152/168/139 147/170/141
f 21/169/140 147/170/141 22/171/142
f 22/171/142 147/170/141 142/172/143
f 22/171/142 142/172/143 23/173/144
f 23/173/144 142/172/143 137/174/145
f 23/173/144 137/174/145 24/125/98
f 24/125/98 137/174/145 127/126/99
f 99/175/146 241/176/147 98/177/148
f 98/177/148 241/176/147 132/178/149
f 98/177/148 132/178/149 121/179/150
f 121/179/150 132/178/149 131/180/151
f 121/179/150 131/180/151 120/181/152
f 120/181/152 131/180/151 141/182/153
f 120/181/152 141/182/153 119/183/154
f 119/183/154 141/182/153 146/184/155
f 119/183/154 146/184/155 118/185/156
f 118/185/156 146/184/155 151/186/157
f 118/185/156 151/186/157 117/187/158
f 117/187/158 151/186/157 156/188/159
f 117/187/158 156/188/159 116/189/160
f 116/189/160 156/188/159 161/190/161
f 116/189/160 161/190/161 115/191/162
f 115/191/162 161/190/161 166/192/163
f 115/191/162 166/192/163 114/193/164
f 114/193/164 166/192/163 171/194/165
f 114/193/164 171/194/165 113/195/166
f 113/195/166 171/194/165 176/196/167
f 113/195/166 176/196/167 112/197/168
f 112/197/168 176/196/167 181/198/169
f 112/197/168 181/198/169 111/199/170
f 111/199/170 181/198/169 186/200/171
f 111/199/170 186/200/171 110/201/172
f 110/201/172 186/200/171 126/202/173
f 110/203/172 126/204/173 109/205/174
f 109/205/174 126/204/173 191/206/175
f 109/205/174 191/206/175 108/207/176
f 108/207/176 191/206/175 196/208/177
f 108/207/176 196/208/177 107/209/178
f 107/209/178 196/208/177 201/210/179
f 107/209/178 201/210/179 106/211/180
f 106/211/180 201/210/179 206/212/181
f 106/211/180 206/212/181 105/213/182
f 105/213/182 206/212/181 211/214/183
f 105/213/182 211/214/183 104/215/184
f 104/215/184 211/214/183 216/216/185
f 104/215/184 216/216/185 103/217/186
f 103/217/186 216/216/185 221/218/187
f 103/217/186 221/218/187 102/219/188
f 102/219/188 221/218/187 226/220/189
f 102/219/188 226/220/189 101/221/190
f 101/221/190 226/220/189 231/222/191
f 101/221/190 231/222/191 100/223/192
f 100/223/192 231/222/191 236/224/193
f 100/223/192 236/224/193 99/175/146
f 99/175/146 236/224/193 241/176/147
f 122/154/125 123/225/194 182/156/127
f 182/156/127 123/225/194 183/226/195
f 182/156/127 183/226/195 177/158/129
f 177/158/129 183/226/195 178/227/196
f 177/158/129 178/227/196 172/160/131
f 172/160/131 178/227/196 173/228/197
f 172/160/131 173/228/197 167/162/133
f 167/162/133 173/228/197 168/229/198
f 167/162/133 168/229/198 162/164/135
f 162/164/135 168/229/198 163/230/199
f 162/164/135 163/230/199 157/166/137
f 157/166/137 163/230/199 158/231/200
f 157/166/137 158/231/200 152/168/139
f 152/168/139 158/231/200 153/232/201
f 152/168/139 153/232/201 147/170/141
f 147/170/141 153/232/201 148/233/202
f 147/170/141 148/233/202 142/172/143
f 142/172/143 148/233/202 143/234/203
f 142/172/143 143/234/203 137/174/145
f 137/174/145 143/234/203 138/235/204
f 137/174/145 138/235/204 127/126/99
f 127/126/99 138/235/204 128/236/205
f 127/126/99 128/236/205 136/128/101
f 136/128/101 128/236/205 135/237/206
f 136/128/101 135/237/206 237/130/103
f 237/130/103 135/237/206 238/238/207
f 237/130/103 238/238/207 232/132/105
f 232/132/105 238/238/207 233/239/208
f 232/132/105 233/239/208 227/134/107
f 227/134/107 233/239/208 228/240/209
f 227/134/107 228/240/209 222/136/109
f 222/136/109 228/240/209 223/241/210
f 222/136/109 223/241/210 217/138/111
f 217/138/111 223/241/210 218/242/211
f 217/138/111 218/242/211 212/140/113
f 212/140/113 218/242/211 213/243/212
f 212/140/113 213/243/212 207/142/115
f 207/142/115 213/243/212 208/244/213
f 207/142/115 208/244/213 202/144/117
f 202/144/117 208/244/213 203/245/214
f 202/144/117 203/245/214 197/146/119
f 197/146/119 203/245/214 198/246/215
f 197/146/119 198/246/215 192/148/121
f 192/148/121 198/246/215 193/247/216
f 192/148/121 193/247/216 187/150/123
f 187/150/123 193/247/216 188/248/217
f 187/150/123 188/248/217 122/152/125
f 122/152/125 188/248/217 123/249/194
f 123/225/194 124/250/218 183/226/195
f 183/226/195 124/250/218 184/251/219
f 183/226/195 184/251/219 178/227/196
f 178/227/196 184/251/219 179/252/220
f 178/227/196 179/252/220 173/228/197
f 173/228/197 179/252/220 174/253/221
f 173/228/197 174/253/221 168/229/198
f 168/229/198 174/253/221 169/254/222
f 168/229/198 169/254/222 163/230/199
f 163/230/199 169/254/222 164/255/223
f 163/230/199 164/255/223 158/231/200
f 158/231/200 164/255/223 159/256/224
f 158/231/200 159/256/224 153/232/201
f 153/232/201 159/256/224 154/257/225
f 153/232/201 154/257/225 148/233/202
f 148/233/202 154/257/225 149/258/226
f 148/233/202 149/258/226 143/234/203
f 143/234/203 149/258/226 144/259/227
f 143/234/203 144/259/227 138/235/204
f 138/235/204 144/259/227 139/260/228
f 138/235/204 139/260/228 128/236/205
f 128/236/205 139/260/228 129/261/229
f 128/236/205 129/261/229 135/237/206
f 135/237/206 129/261/229 134/262/230
f 135/237/206 134/262/230 238/238/207
f 238/238/207 134/262/230 239/263/231
f 238/238/207 239/263/231 233/239/208
f 233/239/208 239/263/231 234/264/232
f 233/239/208 234/264/232 228/240/209
f 228/240/209 234/264/232 229/265/233
f 228/240/209 229/265/233 223/241/210
f 223/241/210 229/265/233 224/266/234
f 223/241/210 224/266/234 218/242/211
f 218/242/211 224/266/234 219/267/235
f 218/242/211 219/267/235 213/243/212
f 213/243/212 219/267/235 214/268/236
f 213/243/212 214/268/236 208/244/213
f 208/244/213 214/268/236 209/269/237
f 208/244/213 209/269/237 203/245/214
f 203/245/214 209/269/237 204/270/238
f 203/245/214 204/270/238 198/246/215
f 198/246/215 204/270/238 199/271/239
f 198/246/215 199/271/239 193/247/216
f 193/247/216 199/271/239 194/272/240
f 193/247/216 194/272/240 188/248/217
f 188/248/217 194/272/240 189/273/241
f 188/248/217 189/273/241 123/249/194
f 123/249/194 189/273/241 124/274/218
f 124/250/218 125/275/242 184/251/219
f 184/251/219 125/275/242 185/276/243
f 184/251/219 185/276/243 179/252/220
f 179/252/220 185/276/243 180/277/244
f 179/252/220 180/277/244 174/253/221
f 174/253/221 180/277/244 175/278/245
f 174/253/221 175/278/245 169/254/222
f 169/254/222 175/278/245 170/279/246
f 169/254/222 170/279/246 164/255/223
f 164/255/223 170/279/246 165/280/247
f 164/255/223 165/280/247 159/256/224
f 159/256/224 165/280/247 160/281/248
f 159/256/224 160/281/248 154/257/225
f 154/257/225 160/281/248 155/282/249
f 154/257/225 155/282/249 149/258/226
f 149/258/226 155/282/249 150/283/250
f 149/258/226 150/283/250 144/259/227
f 144/259/227 150/283/250 145/284/251
f 144/259/227 145/284/251 139/260/228
f 139/260/228 145/284/251 140/285/252
f 139/260/228 140/285/252 129/261/229
f 129/261/229 140/285/252 130/286/253
f 129/261/229 130/286/253 134/262/230
f 134/262/230 130/286/253 133/287/254
f 134/262/230 133/287/254 239/263/231
f 239/263/231 133/287/254 240/288/255
f 239/263/231 240/288/255 234/264/232
f 234/264/232 240/288/255 235/289/256
f 234/264/232 235/289/256 229/265/233
f 229/265/233 235/289/256 230/290/257
f 229/265/233 230/290/257 224/266/234
f 224/266/234 230/290/257 225/291/258
f 224/266/234 225/291/258 219/267/235
f 219/267/235 225/291/258 220/292/259
f 219/267/235 220/292/259 214/268/236
f 214/268/236 220/292/259 215/293/260
f 214/268/236 215/293/260 209/269/237
f 209/269/237 215/293/260 210/294/261
f 209/269/237 210/294/261 204/270/238
f 204/270/238 210/294/261 205/295/262
f 204/270/238 205/295/262 199/271/239
f 199/271/239 205/295/262 200/296/263
f 199/271/239 200/296/263 194/272/240
f 194/272/240 200/296/263 195/297/264
f 194/272/240 195/297/264 189/273/241
f 189/273/241 195/297/264 190/298/265
f 189/273/241 190/298/265 124/274/218
f 124/274/218 190/298/265 125/299/242
f 125/275/242 126/202/173 185/276/243
f 185/276/243 126/202/173 186/200/171
f 185/276/243 186/200/171 180/277/244
f 180/277/244 186/200/171 181/198/169
f 180/277/244 181/198/169 175/278/245
f 175/278/245 181/198/169 176/196/167
f 175/278/245 176/196/167 170/279/246
f 170/279/246 176/196/167 171/194/165
f 170/279/246 171/194/165 165/280/247
f 165/280/247 171/194/165 166/192/163
f 165/280/247 166/192/163 160/281/248
f 160/281/248 166/192/163 161/190/161
f 160/281/248 161/190/161 155/282/249
f 155/282/249 161/190/161 156/188/159
f 155/282/249 156/188/159 150/283/250
f 150/283/250 156/188/159 151/186/157
f 150/283/250 151/186/157 145/284/251
f 145/284/251 151/186/157 146/184/155
f 145/284/251 146/184/155 140/285/252
f 140/285/252 146/184/155 141/182/153
f 140/285/252 141/182/153 130/286/253
f 130/286/253 141/182/153 131/180/151
f 130/286/253 131/180/151 133/287/254
f 133/287/254 131/180/151 132/178/149
f 133/287/254 132/178/149 240/288/255
f 240/288/255 132/178/149 241/176/147
f 240/288/255 241/176/147 235/289/256
f 235/289/256 241/176/147 236/224/193
f 235/289/256 236/224/193 230/290/257
f 230/290/257 236/224/193 231/222/191
f 230/290/257 231/222/191 225/291/258
f 225/291/258 231/222/191 226/220/189
f 225/291/258 226/220/189 220/292/259
f 220/292/259 226/220/189 221/218/187
f 220/292/259 221/218/187 215/293/260
f 215/293/260 221/218/187 216/216/185
f 215/293/260 216/216/185 210/294/261
f 210/294/261 216/216/185 211/214/183
f 210/294/261 211/214/183 205/295/262
f 205/295/262 211/214/183 206/212/181
f 205/295/262 206/212/181 200/296/263
f 200/296/263 206/212/181 201/210/179
f 200/296/263 201/210/179 195/297/264
f 195/297/264 201/210/179 196/208/177
f 195/297/264 196/208/177 190/298/265
f 190/298/265 196/208/177 191/206/175
f 190/298/265 191/206/175 125/299/242
f 125/299/242 191/206/175 126/204/173
f 121/300/266 111/301/267 98/302/268
f 98/302/268 111/301/267 110/303/269
f 98/302/268 110/303/269 99/304/270
f 99/304/270 110/303/269 109/305/271
f 99/304/270 109/305/271 100/306/272
f 100/306/272 109/305/271 108/307/273
f 100/306/272 108/307/273 101/308/274
f 101/308/274 108/307/273 107/309/275
f 101/308/274 107/309/275 102/310/276
f 102/310/276 107/309/275 106/311/277
f 102/310/276 106/311/277 103/312/278
f 103/312/278 106/311/277 105/313/279
f 103/312/278 105/313/279 104/314/280
f 111/301/267 121/300/266 112/315/281
f 112/315/281 121/300/266 120/316/282
f 112/315/281 120/316/282 113/317/283
f 113/317/283 120/316/282 119/318/284
f 113/317/283 119/318/284 114/319/285
f 114/319/285 119/318/284 118/320/286
f 114/319/285 118/320/286 115/321/287
f 115/321/287 118/320/286 117/322/288
f 115/321/287 117/322/288 116/323/289
g Body1:1

v -0.101573 -1.496557 -64.600000
v -0.469389 -1.424666 -64.600000
v -0.807903 -1.263840 -64.600000
v -1.095984 -1.024119 -64.600000
v -1.315647 -0.720467 -64.600000
v -1.453181 -0.371840 -64.600000
v -1.500000 0.000000 -64.600000
v -1.453181 0.371840 -64.600000
v -1.315647 0.720467 -64.600000
v -1.095984 1.024119 -64.600000
v -0.807903 1.263840 -64.600000
v -0.469389 1.424666 -64.600000
v -0.101573 1.496557 -64.600000
v -0.101573 1.445563 -64.987337
v -0.101573 1.296056 -65.348278
v -0.101573 1.058226 -65.658226
v -0.101573 0.748278 -65.896056
v -0.101573 0.387337 -66.045563
v -0.101573 0.000000 -66.096557
v -0.101573 -0.387337 -66.045563
v -0.101573 -0.748278 -65.896056
v -0.101573 -1.058226 -65.658226
v -0.101573 -1.296056 -65.348278
v -0.101573 -1.445563 -64.987337
v -0.411700 0.225453 -66.024666
v -0.252814 -0.395489 -66.024666
v -0.454738 -1.380199 -64.971840
v -0.411700 -1.249572 -65.320467
v -0.342962 -1.040941 -65.624119
v -0.252814 -0.767328 -65.863840
v -0.146884 -0.445815 -66.024666
v -0.782686 -1.224393 -64.971840
v -0.708610 -1.108512 -65.320467
v -0.590299 -0.923432 -65.624119
v -0.435138 -0.680707 -65.863840
v -0.411700 -0.225453 -66.024666
v -1.061775 -0.992154 -64.971840
v -0.961285 -0.898253 -65.320467
v -0.800787 -0.748278 -65.624119
v -0.590299 -0.551593 -65.863840
v -0.342962 -0.320474 -66.024666
v -1.274582 -0.697979 -64.971840
v -1.153952 -0.631920 -65.320467
v -0.961285 -0.526413 -65.624119
v -0.708610 -0.388045 -65.863840
v -1.407824 -0.360233 -64.971840
v -1.274582 -0.326140 -65.320467
v -1.061775 -0.271687 -65.624119
v -0.782686 -0.200274 -65.863840
v -0.454738 -0.116358 -66.024666
v -1.453181 -0.000000 -64.971840
v -1.315647 -0.000000 -65.320467
v -1.095984 -0.000000 -65.624119
v -0.807903 -0.000000 -65.863840
v -0.469389 -0.000000 -66.024666
v -1.407824 0.360233 -64.971840
v -1.274582 0.326140 -65.320467
v -1.061775 0.271687 -65.624119
v -0.782686 0.200274 -65.863840
v -0.454738 0.116358 -66.024666
v -1.274582 0.697979 -64.971840
v -1.153952 0.631920 -65.320467
v -0.961285 0.526413 -65.624119
v -0.708610 0.388045 -65.863840
v -0.252814 0.395489 -66.024666
v -1.061775 0.992154 -64.971840
v -0.961285 0.898253 -65.320467
v -0.800787 0.748278 -65.624119
v -0.590299 0.551593 -65.863840
v -0.342962 0.320474 -66.024666
v -0.782686 1.224393 -64.971840
v -0.708610 1.108512 -65.320467
v -0.590299 0.923432 -65.624119
v -0.435138 0.680707 -65.863840
v -0.454738 1.380199 -64.971840
v -0.411700 1.249572 -65.320467
v -0.342962 1.040941 -65.624119
v -0.252814 0.767328 -65.863840
v -0.146884 0.445815 -66.024666
v -0.101573 1.445563 -64.212663
v -0.101573 1.296056 -63.851722
v -0.101573 1.058226 -63.541774
v -0.101573 0.748278 -63.303944
v -0.101573 0.387337 -63.154437
v -0.101573 -0.000000 -63.103443
v -0.101573 -0.387337 -63.154437
v -0.101573 -0.748278 -63.303944
v -0.101573 -1.058226 -63.541774
v -0.101573 -1.296056 -63.851722
v -0.101573 -1.445563 -64.212663
v 0.101573 1.496557 -64.600000
v 0.101573 1.445563 -64.987337
v 0.101573 1.296056 -65.348278
v 0.101573 1.058226 -65.658226
v 0.101573 0.748278 -65.896056
v 0.101573 0.387337 -66.045563
v 0.101573 0.000000 -66.096557
v 0.101573 -0.387337 -66.045563
v 0.101573 -0.748278 -65.896056
v 0.101573 -1.058226 -65.658226
v 0.101573 -1.296056 -65.348278
v 0.101573 -1.445563 -64.987337
v 0.101573 -1.496557 -64.600000
v 0.101573 -1.445563 -64.212663
v 0.101573 -1.296056 -63.851722
v 0.101573 -1.058226 -63.541774
v 0.101573 -0.748278 -63.303944
v 0.101573 -0.387337 -63.154437
v 0.101573 0.000000 -63.103443
v 0.101573 0.387337 -63.154437
v 0.101573 0.748278 -63.303944
v 0.101573 1.058226 -63.541774
v 0.101573 1.296056 -63.851722
v 0.101573 1.445563 -64.212663
v 0.469389 1.424666 -64.600000
v 0.807903 1.263840 -64.600000
v 1.095984 1.024119 -64.600000
v 1.315647 0.720467 -64.600000
v 1.453181 0.371840 -64.600000
v 1.500000 0.000000 -64.600000
v 1.453181 -0.371840 -64.600000
v 1.315647 -0.720467 -64.600000
v 1.095984 -1.024119 -64.600000
v 0.807903 -1.263840 -64.600000
v 0.469389 -1.424666 -64.600000
v 0.411700 -0.225453 -66.024666
v 0.252814 0.395489 -66.024666
v 0.454738 1.380199 -64.971840
v 0.411700 1.249572 -65.320467
v 0.342962 1.040941 -65.624119
v 0.252814 0.767328 -65.863840
v 0.146884 0.445815 -66.024666
v 0.782686 1.224393 -64.971840
v 0.708610 1.108512 -65.320467
v 0.590299 0.923432 -65.624119
v 0.435138 0.680707 -65.863840
v 0.411700 0.225453 -66.024666
v 1.061775 0.992154 -64.971840
v 0.961285 0.898253 -65.320467
v 0.800787 0.748278 -65.624119
v 0.590299 0.551593 -65.863840
v 0.342962 0.320474 -66.024666
v 1.274582 0.697979 -64.971840
v 1.153952 0.631920 -65.320467
v 0.961285 0.526413 -65.624119
v 0.708610 0.388045 -65.863840
v 1.407824 0.360233 -64.971840
v 1.274582 0.326140 -65.320467
v 1.061775 0.271687 -65.624119
v 0.782686 0.200274 -65.863840
v 0.454738 0.116358 -66.024666
v 1.453181 0.000000 -64.971840
v 1.315647 0.000000 -65.320467
v 1.095984 0.000000 -65.624119
v 0.807903 0.000000 -65.863840
v 0.469389 0.000000 -66.024666
v 1.407824 -0.360233 -64.971840
v 1.274582 -0.326140 -65.320467
v 1.061775 -0.271687 -65.624119
v 0.782686 -0.200274 -65.863840
v 0.454738 -0.116358 -66.024666
v 1.274582 -0.697979 -64.971840
v 1.153952 -0.631920 -65.320467
v 0.961285 -0.526413 -65.624119
v 0.708610 -0.388045 -65.863840
v 0.252814 -0.395489 -66.024666
v 1.061775 -0.992154 -64.971840
v 0.961285 -0.898253 -65.320467
v 0.800787 -0.748278 -65.624119
v 0.590299 -0.551593 -65.863840
v 0.342962 -0.320474 -66.024666
v 0.782686 -1.224393 -64.971840
v 0.708610 -1.108512 -65.320467
v 0.590299 -0.923432 -65.624119
v 0.435138 -0.680707 -65.863840
v 0.454738 -1.380199 -64.971840
v 0.411700 -1.249572 -65.320467
v 0.342962 -1.040941 -65.624119
v 0.252814 -0.767328 -65.863840
v 0.146884 -0.445815 -66.024666
v -0.033881 1.499617 -64.600000
v 0.033881 1.499617 -64.600000
v 0.033881 -1.499617 -64.600000
v -0.033881 -1.499617 -64.600000
v -0.000000 -0.000000 -63.100000
v 0.100481 -0.375000 -63.151111
v -0.100481 0.375000 -63.151111
v 0.000000 -0.388229 -63.151111
v 0.000000 -0.750000 -63.300962
v 0.000000 -1.060660 -63.539340
v 0.000000 -1.299038 -63.850000
v 0.000000 -1.448889 -64.211771
v -0.100481 -0.375000 -63.151111
v 0.000000 1.448889 -64.211771
v 0.000000 1.299038 -63.850000
v 0.000000 1.060660 -63.539340
v 0.000000 0.750000 -63.300962
v 0.000000 0.388229 -63.151111
v 0.100481 0.375000 -63.151111
v 1.500000 0.000000 -4.600000
v 1.448889 0.388229 -4.600000
v 1.299038 0.750000 -4.600000
v 1.060660 1.060660 -4.600000
v 0.750000 1.299038 -4.600000
v 0.388229 1.448889 -4.600000
v 0.000000 1.500000 -4.600000
v -0.388229 1.448889 -4.600000
v -0.750000 1.299038 -4.600000
v -1.060660 1.060660 -4.600000
v -1.299038 0.750000 -4.600000
v -1.448889 0.388229 -4.600000
v -1.500000 0.000000 -4.600000
v -1.448889 -0.388229 -4.600000
v -1.299038 -0.750000 -4.600000
v -1.060660 -1.060660 -4.600000
v -0.750000 -1.299038 -4.600000
v -0.388229 -1.448889 -4.600000
v -0.000000 -1.500000 -4.600000
v 0.388229 -1.448889 -4.600000
v 0.750000 -1.299038 -4.600000
v 1.060660 -1.060660 -4.600000
v 1.299038 -0.750000 -4.600000
v 1.448889 -0.388229 -4.600000
v -1.500000 0.000000 -57.100000
v -1.500000 0.000000 -49.600000
v -1.500000 0.000000 -42.100000
v -1.500000 0.000000 -34.600000
v -1.500000 0.000000 -27.100000
v -1.500000 0.000000 -19.600000
v -1.500000 0.000000 -12.100000
v 0.388229 -1.448889 -57.100000
v 0.388229 -1.448889 -49.600000
v 0.388229 -1.448889 -42.100000
v 0.388229 -1.448889 -34.600000
v 0.388229 -1.448889 -27.100000
v 0.388229 -1.448889 -19.600000
v 0.388229 -1.448889 -12.100000
v -0.000000 -1.500000 -12.100000
v -0.000000 -1.500000 -19.600000
v -0.000000 -1.500000 -27.100000
v -0.000000 -1.500000 -34.600000
v -0.000000 -1.500000 -42.100000
v -0.000000 -1.500000 -49.600000
v 0.000000 -1.500000 -57.100000
v 0.750000 -1.299038 -57.100000
v 0.750000 -1.299038 -49.600000
v 0.750000 -1.299038 -42.100000
v 0.750000 -1.299038 -34.600000
v 0.750000 -1.299038 -27.100000
v 0.750000 -1.299038 -19.600000
v 0.750000 -1.299038 -12.100000
v 1.060660 -1.060660 -57.100000
v 1.060660 -1.060660 -49.600000
v 1.060660 -1.060660 -42.100000
v 1.060660 -1.060660 -34.600000
v 1.060660 -1.060660 -27.100000
v 1.060660 -1.060660 -19.600000
v 1.060660 -1.060660 -12.100000
v 1.299038 -0.750000 -57.100000
v 1.299038 -0.750000 -49.600000
v 1.299038 -0.750000 -42.100000
v 1.299038 -0.750000 -34.600000
v 1.299038 -0.750000 -27.100000
v 1.299038 -0.750000 -19.600000
v 1.299038 -0.750000 -12.100000
v 1.448889 -0.388229 -57.100000
v 1.448889 -0.388229 -49.600000
v 1.448889 -0.388229 -42.100000
v 1.448889 -0.388229 -34.600000
v 1.448889 -0.388229 -27.100000
v 1.448889 -0.388229 -19.600000
v 1.448889 -0.388229 -12.100000
v 1.500000 0.000000 -57.100000
v 1.500000 0.000000 -49.600000
v 1.500000 0.000000 -42.100000
v 1.500000 0.000000 -34.600000
v 1.500000 0.000000 -27.100000
v 1.500000 0.000000 -19.600000
v 1.500000 0.000000 -12.100000
v 1.448889 0.388229 -57.100000
v 1.448889 0.388229 -49.600000
v 1.448889 0.388229 -42.100000
v 1.448889 0.388229 -34.600000
v 1.448889 0.388229 -27.100000
v 1.448889 0.388229 -19.600000
v 1.448889 0.388229 -12.100000
v 1.299038 0.750000 -57.100000
v 1.299038 0.750000 -49.600000
v 1.299038 0.750000 -42.100000
v 1.299038 0.750000 -34.600000
v 1.299038 0.750000 -27.100000
v 1.299038 0.750000 -19.600000
v 1.299038 0.750000 -12.100000
v 1.060660 1.060660 -57.100000
v 1.060660 1.060660 -49.600000
v 1.060660 1.060660 -42.100000
v 1.060660 1.060660 -34.600000
v 1.060660 1.060660 -27.100000
v 1.060660 1.060660 -19.600000
v 1.060660 1.060660 -12.100000
v 0.750000 1.299038 -57.100000
v 0.750000 1.299038 -49.600000
v 0.750000 1.299038 -42.100000
v 0.750000 1.299038 -34.600000
v 0.750000 1.299038 -27.100000
v 0.750000 1.299038 -19.600000
v 0.750000 1.299038 -12.100000
v 0.388229 1.448889 -57.100000
v 0.388229 1.448889 -49.600000
v 0.388229 1.448889 -42.100000
v 0.388229 1.448889 -34.600000
v 0.388229 1.448889 -27.100000
v 0.388229 1.448889 -19.600000
v 0.388229 1.448889 -12.100000
v 0.000000 1.500000 -57.100000
v 0.000000 1.500000 -49.600000
v 0.000000 1.500000 -42.100000
v 0.000000 1.500000 -34.600000
v 0.000000 1.500000 -27.100000
v 0.000000 1.500000 -19.600000
v 0.000000 1.500000 -12.100000
v -0.388229 1.448889 -57.100000
v -0.388229 1.448889 -49.600000
v -0.388229 1.448889 -42.100000
v -0.388229 1.448889 -34.600000
v -0.388229 1.448889 -27.100000
v -0.388229 1.448889 -19.600000
v -0.388229 1.448889 -12.100000
v -0.750000 1.299038 -57.100000
v -0.750000 1.299038 -49.600000
v -0.750000 1.299038 -42.100000
v -0.750000 1.299038 -34.600000
v -0.750000 1.299038 -27.100000
v -0.750000 1.299038 -19.600000
v -0.750000 1.299038 -12.100000
v -1.060660 1.060660 -57.100000
v -1.060660 1.060660 -49.600000
v -1.060660 1.060660 -42.100000
v -1.060660 1.060660 -34.600000
v -1.060660 1.060660 -27.100000
v -1.060660 1.060660 -19.600000
v -1.060660 1.060660 -12.100000
v -1.299038 0.750000 -57.100000
v -1.299038 0.750000 -49.600000
v -1.299038 0.750000 -42.100000
v -1.299038 0.750000 -34.600000
v -1.299038 0.750000 -27.100000
v -1.299038 0.750000 -19.600000
v -1.299038 0.750000 -12.100000
v -1.448889 0.388229 -57.100000
v -1.448889 0.388229 -49.600000
v -1.448889 0.388229 -42.100000
v -1.448889 0.388229 -34.600000
v -1.448889 0.388229 -27.100000
v -1.448889 0.388229 -19.600000
v -1.448889 0.388229 -12.100000
v -1.448889 -0.388229 -57.100000
v -1.448889 -0.388229 -49.600000
v -1.448889 -0.388229 -42.100000
v -1.448889 -0.388229 -34.600000
v -1.448889 -0.388229 -27.100000
v -1.448889 -0.388229 -19.600000
v -1.448889 -0.388229 -12.100000
v -1.299038 -0.750000 -57.100000
v -1.299038 -0.750000 -49.600000
v -1.299038 -0.750000 -42.100000
v -1.299038 -0.750000 -34.600000
v -1.299038 -0.750000 -27.100000
v -1.299038 -0.750000 -19.600000
v -1.299038 -0.750000 -12.100000
v -1.060660 -1.060660 -57.100000
v -1.060660 -1.060660 -49.600000
v -1.060660 -1.060660 -42.100000
v -1.060660 -1.060660 -34.600000
v -1.060660 -1.060660 -27.100000
v -1.060660 -1.060660 -19.600000
v -1.060660 -1.060660 -12.100000
v -0.750000 -1.299038 -57.100000
v -0.750000 -1.299038 -49.600000
v -0.750000 -1.299038 -42.100000
v -0.750000 -1.299038 -34.600000
v -0.750000 -1.299038 -27.100000
v -0.750000 -1.299038 -19.600000
v -0.750000 -1.299038 -12.100000
v -0.388229 -1.448889 -57.100000
v -0.388229 -1.448889 -49.600000
v -0.388229 -1.448889 -42.100000
v -0.388229 -1.448889 -34.600000
v -0.388229 -1.448889 -27.100000
v -0.388229 -1.448889 -19.600000
v -0.388229 -1.448889 -12.100000
vt 0.391777 -1.798451 0.000000
vt -0.000000 -1.795839 0.000000
vt 0.375757 -2.070388 0.000000
vt -0.000000 -2.070388 0.000000
vt 0.375757 -2.344937 0.000000
vt -0.000000 -2.344937 0.000000
vt 0.375757 -2.619487 0.000000
vt -0.000000 -2.619487 0.000000
vt 0.375757 -2.894036 0.000000
vt -0.000000 -2.894036 0.000000
vt 0.375757 -3.168585 0.000000
vt -0.000000 -3.168585 0.000000
vt 0.375757 -3.443134 0.000000
vt -0.000000 -3.443134 0.000000
vt 0.375757 -3.717683 0.000000
vt -0.000000 -3.717683 0.000000
vt 0.375757 -3.992232 0.000000
vt -0.000000 -3.992232 0.000000
vt 0.375757 -4.266782 0.000000
vt -0.000000 -4.266782 0.000000
vt 0.375757 -4.541331 0.000000
vt -0.000000 -4.541331 0.000000
vt 0.375757 -4.815880 0.000000
vt -0.000000 -4.815880 0.000000
vt -0.000000 -5.090429 0.000000
vt 0.391777 -5.087817 0.000000
vt 0.751514 -4.815880 0.000000
vt 0.751514 -4.541331 0.000000
vt 0.751514 -4.266782 0.000000
vt 0.751514 -3.992232 0.000000
vt 0.751514 -3.717683 0.000000
vt 0.751514 -3.443134 0.000000
vt 0.751514 -3.168585 0.000000
vt 0.751514 -2.894036 0.000000
vt 0.751514 -2.619487 0.000000
vt 0.751514 -2.344937 0.000000
vt 0.751514 -2.070388 0.000000
vt 0.783411 -1.807285 0.000000
vt 1.127272 -2.070388 0.000000
vt 1.174658 -1.826443 0.000000
vt 1.503029 -2.070388 0.000000
vt 1.564853 -1.869435 0.000000
vt 1.878786 -2.070388 0.000000
vt 1.950845 -2.002644 0.000000
vt 1.878786 -2.344937 0.000000
vt 1.878786 -2.619487 0.000000
vt 1.503029 -2.344937 0.000000
vt 1.503029 -2.619487 0.000000
vt 1.127272 -2.344937 0.000000
vt 1.127272 -2.619487 0.000000
vt 0.783411 -5.078983 0.000000
vt 1.127272 -4.815880 0.000000
vt 1.127272 -4.541331 0.000000
vt 1.127272 -4.266782 0.000000
vt 1.127272 -3.992232 0.000000
vt 1.127272 -3.717683 0.000000
vt 1.127272 -3.443134 0.000000
vt 1.127272 -3.168585 0.000000
vt 1.127272 -2.894036 0.000000
vt 1.174658 -5.059825 0.000000
vt 1.503029 -4.815880 0.000000
vt 1.503029 -4.541331 0.000000
vt 1.503029 -4.266782 0.000000
vt 1.503029 -3.992232 0.000000
vt 1.503029 -3.717683 0.000000
vt 1.503029 -3.443134 0.000000
vt 1.503029 -3.168585 0.000000
vt 1.503029 -2.894036 0.000000
vt 1.564853 -5.016833 0.000000
vt 1.878786 -4.815880 0.000000
vt 1.878786 -4.541331 0.000000
vt 1.878786 -4.266782 0.000000
vt 1.878786 -3.992232 0.000000
vt 1.878786 -3.717683 0.000000
vt 1.878786 -3.443134 0.000000
vt 1.878786 -3.168585 0.000000
vt 1.878786 -2.894036 0.000000
vt 1.950845 -4.883625 0.000000
vt 2.254543 -3.443134 0.000000
vt 0.101573 -1.958989 0.000000
vt -0.101573 -1.958989 0.000000
vt 0.101573 -2.350786 0.000000
vt -0.101573 -2.350786 0.000000
vt 0.101573 -2.742584 0.000000
vt -0.101573 -2.742584 0.000000
vt 0.101573 -3.134382 0.000000
vt -0.101573 -3.134382 0.000000
vt 0.101573 -3.526179 0.000000
vt -0.101573 -3.526179 0.000000
vt 0.101573 -3.917977 0.000000
vt -0.101573 -3.917977 0.000000
vt 0.101573 -4.309775 0.000000
vt -0.101573 -4.309775 0.000000
vt 0.101573 -4.701572 0.000000
vt -0.101573 -4.701572 0.000000
vt 0.101573 4.701572 0.000000
vt -0.101573 4.701572 0.000000
vt 0.101573 4.309775 0.000000
vt -0.101573 4.309775 0.000000
vt 0.101573 3.917977 0.000000
vt -0.101573 3.917977 0.000000
vt 0.101573 3.526179 0.000000
vt -0.101573 3.526179 0.000000
vt 0.101573 3.134382 0.000000
vt -0.101573 3.134382 0.000000
vt 0.101573 2.742584 0.000000
vt -0.101573 2.742584 0.000000
vt 0.101573 2.350786 0.000000
vt -0.101573 2.350786 0.000000
vt 0.101573 1.958989 0.000000
vt -0.101573 1.958989 0.000000
vt 0.101573 1.567191 0.000000
vt -0.101573 1.567191 0.000000
vt 0.101573 1.175393 0.000000
vt -0.101573 1.175393 0.000000
vt 0.101573 0.783595 0.000000
vt -0.101573 0.783595 0.000000
vt 0.101573 0.391798 0.000000
vt -0.101573 0.391798 0.000000
vt 0.101573 0.000000 0.000000
vt -0.101573 0.000000 0.000000
vt 0.101573 -0.391798 0.000000
vt -0.101573 -0.391798 0.000000
vt 0.101573 -0.783595 0.000000
vt -0.101573 -0.783595 0.000000
vt 0.101573 -1.175393 0.000000
vt -0.101573 -1.175393 0.000000
vt 0.101573 -1.567191 0.000000
vt -0.101573 -1.567191 0.000000
vt 0.391777 1.644683 0.000000
vt -0.000000 1.647295 0.000000
vt 0.375757 1.372746 0.000000
vt -0.000000 1.372746 0.000000
vt 0.375757 1.098197 0.000000
vt -0.000000 1.098197 0.000000
vt 0.375757 0.823647 0.000000
vt -0.000000 0.823647 0.000000
vt 0.375757 0.549098 0.000000
vt -0.000000 0.549098 0.000000
vt 0.375757 0.274549 0.000000
vt -0.000000 0.274549 0.000000
vt 0.375757 0.000000 0.000000
vt -0.000000 0.000000 0.000000
vt 0.375757 -0.274549 0.000000
vt -0.000000 -0.274549 0.000000
vt 0.375757 -0.549098 0.000000
vt -0.000000 -0.549098 0.000000
vt 0.375757 -0.823647 0.000000
vt -0.000000 -0.823647 0.000000
vt 0.375757 -1.098197 0.000000
vt -0.000000 -1.098197 0.000000
vt 0.375757 -1.372746 0.000000
vt -0.000000 -1.372746 0.000000
vt -0.000000 -1.647295 0.000000
vt 0.391777 -1.644683 0.000000
vt 0.751514 -1.372746 0.000000
vt 0.751514 -1.098197 0.000000
vt 0.751514 -0.823647 0.000000
vt 0.751514 -0.549098 0.000000
vt 0.751514 -0.274549 0.000000
vt 0.751514 0.000000 0.000000
vt 0.751514 0.274549 0.000000
vt 0.751514 0.549098 0.000000
vt 0.751514 0.823647 0.000000
vt 0.751514 1.098197 0.000000
vt 0.751514 1.372746 0.000000
vt 0.783411 1.635849 0.000000
vt 1.127272 1.372746 0.000000
vt 1.174658 1.616691 0.000000
vt 1.503029 1.372746 0.000000
vt 1.564853 1.573699 0.000000
vt 1.878786 1.372746 0.000000
vt 1.950845 1.440491 0.000000
vt 1.878786 1.098197 0.000000
vt 1.878786 0.823647 0.000000
vt 1.503029 1.098197 0.000000
vt 1.503029 0.823647 0.000000
vt 1.127272 1.098197 0.000000
vt 1.127272 0.823647 0.000000
vt 0.783411 -1.635849 0.000000
vt 1.127272 -1.372746 0.000000
vt 1.127272 -1.098197 0.000000
vt 1.127272 -0.823647 0.000000
vt 1.127272 -0.549098 0.000000
vt 1.127272 -0.274549 0.000000
vt 1.127272 0.000000 0.000000
vt 1.127272 0.274549 0.000000
vt 1.127272 0.549098 0.000000
vt 1.174658 -1.616691 0.000000
vt 1.503029 -1.372746 0.000000
vt 1.503029 -1.098197 0.000000
vt 1.503029 -0.823647 0.000000
vt 1.503029 -0.549098 0.000000
vt 1.503029 -0.274549 0.000000
vt 1.503029 0.000000 0.000000
vt 1.503029 0.274549 0.000000
vt 1.503029 0.549098 0.000000
vt 1.564853 -1.573699 0.000000
vt 1.878786 -1.372746 0.000000
vt 1.878786 -1.098197 0.000000
vt 1.878786 -0.823647 0.000000
vt 1.878786 -0.549098 0.000000
vt 1.878786 -0.274549 0.000000
vt 1.878786 0.000000 0.000000
vt 1.878786 0.274549 0.000000
vt 1.878786 0.549098 0.000000
vt 1.950845 -1.440491 0.000000
vt 2.254543 0.000000 0.000000
vt 0.000000 -1.737959 0.000000
vt 0.391777 -1.740487 0.000000
vt 0.000000 -1.690041 0.000000
vt 0.392699 -1.666081 0.000000
vt 0.000000 -1.642122 0.000000
vt 0.391777 -1.591675 0.000000
vt 0.000000 -1.594203 0.000000
vt 0.785398 -1.666081 0.000000
vt 0.783411 -1.749037 0.000000
vt 1.178097 -1.666081 0.000000
vt 1.174658 -1.767577 0.000000
vt 1.570796 -1.666081 0.000000
vt 1.564853 -1.809183 0.000000
vt 1.963495 -1.666081 0.000000
vt 1.950845 -1.938099 0.000000
vt 1.963495 -1.943761 0.000000
vt 2.254543 -3.332162 0.000000
vt 2.356194 -2.221441 0.000000
vt 1.950845 1.938099 0.000000
vt 1.963495 1.943761 0.000000
vt 2.254543 3.332162 0.000000
vt 2.356194 3.054482 0.000000
vt 1.963495 1.666081 0.000000
vt 1.564853 1.809183 0.000000
vt 1.570796 1.666081 0.000000
vt 1.174658 1.767577 0.000000
vt 1.178097 1.666081 0.000000
vt 0.783411 1.749037 0.000000
vt 0.785398 1.666081 0.000000
vt 0.391777 1.740487 0.000000
vt 0.392699 1.666081 0.000000
vt 0.000000 1.690041 0.000000
vt 0.000000 1.642122 0.000000
vt 0.000000 1.737959 0.000000
vt 0.000000 1.594203 0.000000
vt 0.391777 1.591675 0.000000
vt 0.783411 1.583125 0.000000
vt 1.174658 1.564585 0.000000
vt 1.564853 1.522979 0.000000
vt 1.950845 1.394064 0.000000
vt 1.963495 1.388401 0.000000
vt 2.254543 0.000000 0.000000
vt 2.356194 1.110721 0.000000
vt 1.950845 -1.394064 0.000000
vt 1.963495 -1.388401 0.000000
vt 2.356194 -0.277680 0.000000
vt 1.564853 -1.522979 0.000000
vt 1.174658 -1.564585 0.000000
vt 0.783411 -1.583125 0.000000
vt 2.356194 -1.943761 0.000000
vt 2.356194 -1.666081 0.000000
vt 2.356194 1.388401 0.000000
vt 2.356194 1.666081 0.000000
vt 1.448889 0.388229 0.000000
vt -1.448889 0.388229 0.000000
vt 1.500000 0.000000 0.000000
vt -1.500000 0.000000 0.000000
vt 1.448889 -0.388229 0.000000
vt -1.448889 -0.388229 0.000000
vt 1.299038 -0.750000 0.000000
vt -1.299038 -0.750000 0.000000
vt 1.060660 -1.060660 0.000000
vt -1.060660 -1.060660 0.000000
vt 0.750000 -1.299038 0.000000
vt -0.750000 -1.299038 0.000000
vt 0.388229 -1.448889 0.000000
vt -0.388229 -1.448889 0.000000
vt -0.000000 -1.500000 0.000000
vt -1.299038 0.750000 0.000000
vt 1.299038 0.750000 0.000000
vt -1.060660 1.060660 0.000000
vt 1.060660 1.060660 0.000000
vt -0.750000 1.299038 0.000000
vt 0.750000 1.299038 0.000000
vt -0.388229 1.448889 0.000000
vt 0.388229 1.448889 0.000000
vt 0.000000 1.500000 0.000000
vt 30.000000 -1.878786 0.000000
vt 22.500000 -1.963495 0.000000
vt 30.000000 -2.254543 0.000000
vt 22.500000 -2.356194 0.000000
vt 30.000000 -2.322311 0.000000
vt 30.000000 -2.390078 0.000000
vt 30.000000 -2.457846 0.000000
vt 22.500000 -2.748894 0.000000
vt 30.000000 -2.833603 0.000000
vt 22.500000 -3.141593 0.000000
vt 30.000000 -3.209360 0.000000
vt 22.500000 -3.534292 0.000000
vt 30.000000 -3.585117 0.000000
vt 22.500000 -3.926991 0.000000
vt 30.000000 -3.960875 0.000000
vt 22.500000 -4.319690 0.000000
vt 30.000000 -4.336632 0.000000
vt 22.500000 -4.712389 0.000000
vt 30.000000 -4.712389 0.000000
vt 30.000000 4.712389 0.000000
vt 22.500000 4.712389 0.000000
vt 30.000000 4.336632 0.000000
vt 22.500000 4.319690 0.000000
vt 30.000000 3.960875 0.000000
vt 22.500000 3.926991 0.000000
vt 30.000000 3.585117 0.000000
vt 22.500000 3.534292 0.000000
vt 30.000000 3.209360 0.000000
vt 22.500000 3.141593 0.000000
vt 30.000000 2.833603 0.000000
vt 22.500000 2.748894 0.000000
vt 30.000000 2.457846 0.000000
vt 22.500000 2.356194 0.000000
vt 30.000000 2.390078 0.000000
vt 30.000000 2.322311 0.000000
vt 30.000000 2.254543 0.000000
vt 22.500000 1.963495 0.000000
vt 30.000000 1.878786 0.000000
vt 22.500000 1.570796 0.000000
vt 30.000000 1.503029 0.000000
vt 22.500000 1.178097 0.000000
vt 30.000000 1.127272 0.000000
vt 22.500000 0.785398 0.000000
vt 30.000000 0.751514 0.000000
vt 22.500000 0.392699 0.000000
vt 30.000000 0.375757 0.000000
vt 22.500000 0.000000 0.000000
vt 30.000000 0.000000 0.000000
vt 30.000000 -0.375757 0.000000
vt 22.500000 -0.392699 0.000000
vt 30.000000 -0.751514 0.000000
vt 22.500000 -0.785398 0.000000
vt 30.000000 -1.127272 0.000000
vt 22.500000 -1.178097 0.000000
vt 30.000000 -1.503029 0.000000
vt 22.500000 -1.570796 0.000000
vt -30.000000 -0.392699 0.000000
vt -22.500000 -0.392699 0.000000
vt -30.000000 0.000000 0.000000
vt -22.500000 0.000000 0.000000
vt -30.000000 0.392699 0.000000
vt -22.500000 0.392699 0.000000
vt -30.000000 0.785398 0.000000
vt -22.500000 0.785398 0.000000
vt -30.000000 1.178097 0.000000
vt -22.500000 1.178097 0.000000
vt -30.000000 1.570796 0.000000
vt -22.500000 1.570796 0.000000
vt -30.000000 1.963495 0.000000
vt -22.500000 1.963495 0.000000
vt -30.000000 2.356194 0.000000
vt -22.500000 2.356194 0.000000
vt -30.000000 2.748894 0.000000
vt -22.500000 2.748894 0.000000
vt -30.000000 3.141593 0.000000
vt -22.500000 3.141593 0.000000
vt -30.000000 3.534292 0.000000
vt -22.500000 3.534292 0.000000
vt -30.000000 3.926991 0.000000
vt -22.500000 3.926991 0.000000
vt -30.000000 4.319690 0.000000
vt -22.500000 4.319690 0.000000
vt -30.000000 4.712389 0.000000
vt -22.500000 4.712389 0.000000
vt -30.000000 -4.712389 0.000000
vt -22.500000 -4.712389 0.000000
vt -30.000000 -4.319690 0.000000
vt -22.500000 -4.319690 0.000000
vt -30.000000 -3.926991 0.000000
vt -22.500000 -3.926991 0.000000
vt -30.000000 -3.534292 0.000000
vt -22.500000 -3.534292 0.000000
vt -30.000000 -3.141593 0.000000
vt -22.500000 -3.141593 0.000000
vt -30.000000 -2.748894 0.000000
vt -22.500000 -2.748894 0.000000
vt -30.000000 -2.356194 0.000000
vt -22.500000 -2.356194 0.000000
vt -30.000000 -1.963495 0.000000
vt -22.500000 -1.963495 0.000000
vt -30.000000 -1.570796 0.000000
vt -22.500000 -1.570796 0.000000
vt -30.000000 -1.178097 0.000000
vt -22.500000 -1.178097 0.000000
vt -30.000000 -0.785398 0.000000
vt -22.500000 -0.785398 0.000000
vt 15.000000 4.712389 0.000000
vt 15.000000 4.319690 0.000000
vt 15.000000 3.926991 0.000000
vt 15.000000 3.534292 0.000000
vt 15.000000 3.141593 0.000000
vt 15.000000 2.748894 0.000000
vt 15.000000 2.356194 0.000000
vt 15.000000 1.963495 0.000000
vt 15.000000 1.570796 0.000000
vt 15.000000 1.178097 0.000000
vt 15.000000 0.785398 0.000000
vt 15.000000 0.392699 0.000000
vt 15.000000 0.000000 0.000000
vt 15.000000 -0.392699 0.000000
vt 15.000000 -0.785398 0.000000
vt 15.000000 -1.178097 0.000000
vt 15.000000 -1.570796 0.000000
vt 15.000000 -1.963495 0.000000
vt 15.000000 -2.356194 0.000000
vt 15.000000 -2.748894 0.000000
vt 15.000000 -3.141593 0.000000
vt 15.000000 -3.534292 0.000000
vt 15.000000 -3.926991 0.000000
vt 15.000000 -4.319690 0.000000
vt 15.000000 -4.712389 0.000000
vt 7.500000 4.712389 0.000000
vt 7.500000 4.319690 0.000000
vt 7.500000 3.926991 0.000000
vt 7.500000 3.534292 0.000000
vt 7.500000 3.141593 0.000000
vt 7.500000 2.748894 0.000000
vt 7.500000 2.356194 0.000000
vt 7.500000 1.963495 0.000000
vt 7.500000 1.570796 0.000000
vt 7.500000 1.178097 0.000000
vt 7.500000 0.785398 0.000000
vt 7.500000 0.392699 0.000000
vt 7.500000 0.000000 0.000000
vt 7.500000 -0.392699 0.000000
vt 7.500000 -0.785398 0.000000
vt 7.500000 -1.178097 0.000000
vt 7.500000 -1.570796 0.000000
vt 7.500000 -1.963495 0.000000
vt 7.500000 -2.356194 0.000000
vt 7.500000 -2.748894 0.000000
vt 7.500000 -3.141593 0.000000
vt 7.500000 -3.534292 0.000000
vt 7.500000 -3.926991 0.000000
vt 7.500000 -4.319690 0.000000
vt 7.500000 -4.712389 0.000000
vt 0.000000 4.712389 0.000000
vt 0.000000 4.319690 0.000000
vt 0.000000 3.926991 0.000000
vt 0.000000 3.534292 0.000000
vt 0.000000 3.141593 0.000000
vt 0.000000 2.748894 0.000000
vt 0.000000 2.356194 0.000000
vt 0.000000 1.963495 0.000000
vt 0.000000 1.570796 0.000000
vt 0.000000 1.178097 0.000000
vt 0.000000 0.785398 0.000000
vt 0.000000 0.392699 0.000000
vt 0.000000 0.000000 0.000000
vt 0.000000 -0.392699 0.000000
vt 0.000000 -0.785398 0.000000
vt 0.000000 -1.178097 0.000000
vt 0.000000 -1.570796 0.000000
vt 0.000000 -1.963495 0.000000
vt 0.000000 -2.356194 0.000000
vt 0.000000 -2.748894 0.000000
vt 0.000000 -3.141593 0.000000
vt 0.000000 -3.534292 0.000000
vt 0.000000 -3.926991 0.000000
vt 0.000000 -4.319690 0.000000
vt 0.000000 -4.712389 0.000000
vt -7.500000 4.712389 0.000000
vt -7.500000 4.319690 0.000000
vt -7.500000 3.926991 0.000000
vt -7.500000 3.534292 0.000000
vt -7.500000 3.141593 0.000000
vt -7.500000 2.748894 0.000000
vt -7.500000 2.356194 0.000000
vt -7.500000 1.963495 0.000000
vt -7.500000 1.570796 0.000000
vt -7.500000 1.178097 0.000000
vt -7.500000 0.785398 0.000000
vt -7.500000 0.392699 0.000000
vt -7.500000 0.000000 0.000000
vt -7.500000 -0.392699 0.000000
vt -7.500000 -0.785398 0.000000
vt -7.500000 -1.178097 0.000000
vt -7.500000 -1.570796 0.000000
vt -7.500000 -1.963495 0.000000
vt -7.500000 -2.356194 0.000000
vt -7.500000 -2.748894 0.000000
vt -7.500000 -3.141593 0.000000
vt -7.500000 -3.534292 0.000000
vt -7.500000 -3.926991 0.000000
vt -7.500000 -4.319690 0.000000
vt -7.500000 -4.712389 0.000000
vt -15.000000 4.712389 0.000000
vt -15.000000 4.319690 0.000000
vt -15.000000 3.926991 0.000000
vt -15.000000 3.534292 0.000000
vt -15.000000 3.141593 0.000000
vt -15.000000 2.748894 0.000000
vt -15.000000 2.356194 0.000000
vt -15.000000 1.963495 0.000000
vt -15.000000 1.570796 0.000000
vt -15.000000 1.178097 0.000000
vt -15.000000 0.785398 0.000000
vt -15.000000 0.392699 0.000000
vt -15.000000 0.000000 0.000000
vt -15.000000 -0.392699 0.000000
vt -15.000000 -0.785398 0.000000
vt -15.000000 -1.178097 0.000000
vt -15.000000 -1.570796 0.000000
vt -15.000000 -1.963495 0.000000
vt -15.000000 -2.356194 0.000000
vt -15.000000 -2.748894 0.000000
vt -15.000000 -3.141593 0.000000
vt -15.000000 -3.534292 0.000000
vt -15.000000 -3.926991 0.000000
vt -15.000000 -4.319690 0.000000
vt -15.000000 -4.712389 0.000000
vn -0.067716 -0.963709 -0.258225
vn -0.067716 -0.997705 0.000000
vn -0.303159 -0.920132 -0.247893
vn -0.312926 -0.949777 0.000000
vn -0.521791 -0.816262 -0.247893
vn -0.538602 -0.842560 0.000000
vn -0.707850 -0.661436 -0.247893
vn -0.730656 -0.682746 0.000000
vn -0.849722 -0.465320 -0.247893
vn -0.877098 -0.480311 0.000000
vn -0.938549 -0.240156 -0.247893
vn -0.968787 -0.247893 0.000000
vn -0.968787 -0.000000 -0.247893
vn -1.000000 -0.000000 0.000000
vn -0.938549 0.240156 -0.247893
vn -0.968787 0.247893 0.000000
vn -0.849722 0.465320 -0.247893
vn -0.877098 0.480311 0.000000
vn -0.707850 0.661436 -0.247893
vn -0.730656 0.682746 0.000000
vn -0.521791 0.816262 -0.247893
vn -0.538602 0.842560 0.000000
vn -0.303159 0.920132 -0.247893
vn -0.312926 0.949777 0.000000
vn -0.067716 0.997705 0.000000
vn -0.067716 0.963709 -0.258225
vn -0.274467 0.833048 -0.480311
vn -0.472407 0.739008 -0.480311
vn -0.640857 0.598835 -0.480311
vn -0.769301 0.421280 -0.480311
vn -0.849722 0.217427 -0.480311
vn -0.877098 -0.000000 -0.480311
vn -0.849722 -0.217427 -0.480311
vn -0.769301 -0.421280 -0.480311
vn -0.640857 -0.598835 -0.480311
vn -0.472407 -0.739008 -0.480311
vn -0.274467 -0.833048 -0.480311
vn -0.067716 -0.864038 -0.498852
vn -0.228641 -0.693960 -0.682746
vn -0.067716 -0.705484 -0.705484
vn -0.168543 -0.511552 -0.842560
vn -0.067716 -0.498852 -0.864038
vn -0.097923 -0.297210 -0.949777
vn -0.067716 -0.258225 -0.963709
vn -0.168543 -0.263659 -0.949777
vn -0.228641 -0.213649 -0.949777
vn -0.290092 -0.453805 -0.842560
vn -0.393533 -0.367728 -0.842560
vn -0.393533 -0.615621 -0.682746
vn -0.533858 -0.498852 -0.682746
vn -0.067716 0.864038 -0.498852
vn -0.228641 0.693960 -0.682746
vn -0.393533 0.615621 -0.682746
vn -0.533858 0.498852 -0.682746
vn -0.640857 0.350942 -0.682746
vn -0.707850 0.181124 -0.682746
vn -0.730656 -0.000000 -0.682746
vn -0.707850 -0.181124 -0.682746
vn -0.640857 -0.350942 -0.682746
vn -0.067716 0.705484 -0.705484
vn -0.168543 0.511552 -0.842560
vn -0.290092 0.453805 -0.842560
vn -0.393533 0.367728 -0.842560
vn -0.472407 0.258697 -0.842560
vn -0.521791 0.133516 -0.842560
vn -0.538602 -0.000000 -0.842560
vn -0.521791 -0.133516 -0.842560
vn -0.472407 -0.258697 -0.842560
vn -0.067716 0.498852 -0.864038
vn -0.097923 0.297210 -0.949777
vn -0.168543 0.263659 -0.949777
vn -0.228641 0.213649 -0.949777
vn -0.274467 0.150302 -0.949777
vn -0.303159 0.077572 -0.949777
vn -0.312926 -0.000000 -0.949777
vn -0.303159 -0.077572 -0.949777
vn -0.274467 -0.150302 -0.949777
vn -0.067716 0.258225 -0.963709
vn -0.067716 -0.000000 -0.997705
vn 0.000000 -0.965926 -0.258819
vn 0.000000 -0.965926 -0.258819
vn 0.000000 -1.000000 -0.000000
vn 0.000000 -1.000000 -0.000000
vn -0.000000 -0.965926 0.258819
vn -0.000000 -0.965926 0.258819
vn -0.000000 -0.866025 0.500000
vn -0.000000 -0.866025 0.500000
vn -0.000000 -0.707107 0.707107
vn -0.000000 -0.707107 0.707107
vn -0.000000 -0.500000 0.866025
vn -0.000000 -0.500000 0.866025
vn -0.000000 -0.258819 0.965926
vn -0.000000 -0.258819 0.965926
vn -0.000000 -0.000000 1.000000
vn -0.000000 -0.000000 1.000000
vn -0.000000 0.258819 0.965926
vn -0.000000 0.258819 0.965926
vn -0.000000 0.500000 0.866025
vn -0.000000 0.500000 0.866025
vn -0.000000 0.707107 0.707107
vn -0.000000 0.707107 0.707107
vn -0.000000 0.866025 0.500000
vn -0.000000 0.866025 0.500000
vn -0.000000 0.965926 0.258819
vn -0.000000 0.965926 0.258819
vn -0.000000 1.000000 -0.000000
vn -0.000000 1.000000 -0.000000
vn -0.000000 0.965926 -0.258819
vn -0.000000 0.965926 -0.258819
vn -0.000000 0.866025 -0.500000
vn -0.000000 0.866025 -0.500000
vn -0.000000 0.707107 -0.707107
vn -0.000000 0.707107 -0.707107
vn -0.000000 0.500000 -0.866025
vn -0.000000 0.500000 -0.866025
vn -0.000000 0.258819 -0.965926
vn -0.000000 0.258819 -0.965926
vn -0.000000 0.000000 -1.000000
vn -0.000000 0.000000 -1.000000
vn 0.000000 -0.258819 -0.965926
vn 0.000000 -0.258819 -0.965926
vn 0.000000 -0.500000 -0.866025
vn 0.000000 -0.500000 -0.866025
vn 0.000000 -0.707107 -0.707107
vn 0.000000 -0.707107 -0.707107
vn 0.000000 -0.866025 -0.500000
vn 0.000000 -0.866025 -0.500000
vn 0.067716 0.963709 -0.258225
vn 0.067716 0.997705 0.000000
vn 0.303159 0.920132 -0.247893
vn 0.312926 0.949777 0.000000
vn 0.521791 0.816262 -0.247893
vn 0.538602 0.842560 0.000000
vn 0.707850 0.661436 -0.247893
vn 0.730656 0.682746 0.000000
vn 0.849722 0.465320 -0.247893
vn 0.877098 0.480311 0.000000
vn 0.938549 0.240156 -0.247893
vn 0.968787 0.247893 0.000000
vn 0.968787 0.000000 -0.247893
vn 1.000000 0.000000 0.000000
vn 0.938549 -0.240156 -0.247893
vn 0.968787 -0.247893 0.000000
vn 0.849722 -0.465320 -0.247893
vn 0.877098 -0.480311 0.000000
vn 0.707850 -0.661436 -0.247893
vn 0.730656 -0.682746 0.000000
vn 0.521791 -0.816262 -0.247893
vn 0.538602 -0.842560 0.000000
vn 0.303159 -0.920132 -0.247893
vn 0.312926 -0.949777 0.000000
vn 0.067716 -0.997705 0.000000
vn 0.067716 -0.963709 -0.258225
vn 0.274467 -0.833048 -0.480311
vn 0.472407 -0.739008 -0.480311
vn 0.640857 -0.598835 -0.480311
vn 0.769301 -0.421280 -0.480311
vn 0.849722 -0.217427 -0.480311
vn 0.877098 0.000000 -0.480311
vn 0.849722 0.217427 -0.480311
vn 0.769301 0.421280 -0.480311
vn 0.640857 0.598835 -0.480311
vn 0.472407 0.739008 -0.480311
vn 0.274467 0.833048 -0.480311
vn 0.067716 0.864038 -0.498852
vn 0.228641 0.693960 -0.682746
vn 0.067716 0.705484 -0.705484
vn 0.168543 0.511552 -0.842560
vn 0.067716 0.498852 -0.864038
vn 0.097923 0.297210 -0.949777
vn 0.067716 0.258225 -0.963709
vn 0.168543 0.263659 -0.949777
vn 0.228641 0.213649 -0.949777
vn 0.290092 0.453805 -0.842560
vn 0.393533 0.367728 -0.842560
vn 0.393533 0.615621 -0.682746
vn 0.533858 0.498852 -0.682746
vn 0.067716 -0.864038 -0.498852
vn 0.228641 -0.693960 -0.682746
vn 0.393533 -0.615621 -0.682746
vn 0.533858 -0.498852 -0.682746
vn 0.640857 -0.350942 -0.682746
vn 0.707850 -0.181124 -0.682746
vn 0.730656 0.000000 -0.682746
vn 0.707850 0.181124 -0.682746
vn 0.640857 0.350942 -0.682746
vn 0.067716 -0.705484 -0.705484
vn 0.168543 -0.511552 -0.842560
vn 0.290092 -0.453805 -0.842560
vn 0.393533 -0.367728 -0.842560
vn 0.472407 -0.258697 -0.842560
vn 0.521791 -0.133516 -0.842560
vn 0.538602 0.000000 -0.842560
vn 0.521791 0.133516 -0.842560
vn 0.472407 0.258697 -0.842560
vn 0.067716 -0.498852 -0.864038
vn 0.097923 -0.297210 -0.949777
vn 0.168543 -0.263659 -0.949777
vn 0.228641 -0.213649 -0.949777
vn 0.274467 -0.150302 -0.949777
vn 0.303159 -0.077572 -0.949777
vn 0.312926 0.000000 -0.949777
vn 0.303159 0.077572 -0.949777
vn 0.274467 0.150302 -0.949777
vn 0.067716 -0.258225 -0.963709
vn 0.067716 0.000000 -0.997705
vn 0.067716 0.997705 -0.000000
vn 0.067716 0.963709 -0.258225
vn 0.022587 0.999745 -0.000000
vn -0.000000 0.965926 -0.258819
vn -0.022587 0.999745 -0.000000
vn -0.067716 0.963709 -0.258225
vn -0.067716 0.997705 -0.000000
vn -0.000000 0.866025 -0.500000
vn 0.067716 0.864038 -0.498852
vn -0.000000 0.707107 -0.707107
vn 0.067716 0.705484 -0.705484
vn -0.000000 0.500000 -0.866025
vn 0.067716 0.498852 -0.864038
vn -0.000000 0.258819 -0.965926
vn 0.067716 0.258225 -0.963709
vn 0.066987 0.250000 -0.965926
vn 0.067716 0.000000 -0.997705
vn 0.000000 0.000000 -1.000000
vn 0.067716 -0.258225 -0.963709
vn 0.066987 -0.250000 -0.965926
vn -0.000000 -0.258819 -0.965926
vn 0.067716 -0.498852 -0.864038
vn -0.000000 -0.500000 -0.866025
vn 0.067716 -0.705484 -0.705484
vn -0.000000 -0.707107 -0.707107
vn 0.067716 -0.864038 -0.498852
vn -0.000000 -0.866025 -0.500000
vn 0.067716 -0.963709 -0.258225
vn -0.000000 -0.965926 -0.258819
vn 0.022587 -0.999745 -0.000000
vn -0.022587 -0.999745 -0.000000
vn 0.067716 -0.997705 -0.000000
vn -0.067716 -0.997705 -0.000000
vn -0.067716 -0.963709 -0.258225
vn -0.067716 -0.864038 -0.498852
vn -0.067716 -0.705484 -0.705484
vn -0.067716 -0.498852 -0.864038
vn -0.067716 -0.258225 -0.963709
vn -0.066987 -0.250000 -0.965926
vn -0.067716 -0.000000 -0.997705
vn -0.067716 0.258225 -0.963709
vn -0.066987 0.250000 -0.965926
vn -0.067716 0.498852 -0.864038
vn -0.067716 0.705484 -0.705484
vn -0.067716 0.864038 -0.498852
vn 0.000000 0.000000 1.000000
vn 0.000000 0.000000 1.000000
vn 0.000000 0.000000 1.000000
vn 0.000000 0.000000 1.000000
vn 0.000000 0.000000 1.000000
vn 0.000000 0.000000 1.000000
vn 0.000000 0.000000 1.000000
vn 0.000000 0.000000 1.000000
vn 0.000000 0.000000 1.000000
vn 0.000000 0.000000 1.000000
vn 0.000000 0.000000 1.000000
vn 0.000000 0.000000 1.000000
vn 0.000000 0.000000 1.000000
vn 0.000000 0.000000 1.000000
vn 0.000000 0.000000 1.000000
vn 0.000000 0.000000 1.000000
vn 0.000000 0.000000 1.000000
vn 0.000000 0.000000 1.000000
vn 0.000000 0.000000 1.000000
vn 0.000000 0.000000 1.000000
vn 0.000000 0.000000 1.000000
vn 0.000000 0.000000 1.000000
vn 0.000000 0.000000 1.000000
vn 0.000000 0.000000 1.000000
vn 0.258819 -0.965926 -0.000000
vn 0.000000 -1.000000 -0.000000
vn 0.022587 -0.999745 -0.000000
vn -0.022587 -0.999745 0.000000
vn -0.258819 -0.965926 0.000000
vn -0.500000 -0.866025 0.000000
vn -0.707107 -0.707107 0.000000
vn -0.866025 -0.500000 0.000000
vn -0.965926 -0.258819 0.000000
vn -1.000000 -0.000000 0.000000
vn -0.965926 0.258819 -0.000000
vn -0.866025 0.500000 -0.000000
vn -0.707107 0.707107 -0.000000
vn -0.500000 0.866025 -0.000000
vn -0.258819 0.965926 -0.000000
vn 0.000000 1.000000 -0.000000
vn -0.022587 0.999745 -0.000000
vn 0.022587 0.999745 -0.000000
vn 0.258819 0.965926 -0.000000
vn 0.500000 0.866025 -0.000000
vn 0.707107 0.707107 -0.000000
vn 0.866025 0.500000 -0.000000
vn 0.965926 0.258819 -0.000000
vn 1.000000 -0.000000 -0.000000
vn 0.965926 -0.258819 -0.000000
vn 0.866025 -0.500000 -0.000000
vn 0.707107 -0.707107 -0.000000
vn 0.500000 -0.866025 -0.000000
vn 0.965926 -0.258819 -0.000000
vn 0.965926 -0.258819 -0.000000
vn 1.000000 -0.000000 -0.000000
vn 1.000000 -0.000000 -0.000000
vn 0.965926 0.258819 -0.000000
vn 0.965926 0.258819 -0.000000
vn 0.866025 0.500000 -0.000000
vn 0.866025 0.500000 -0.000000
vn 0.707107 0.707107 -0.000000
vn 0.707107 0.707107 -0.000000
vn 0.500000 0.866025 -0.000000
vn 0.500000 0.866025 -0.000000
vn 0.258819 0.965926 -0.000000
vn 0.258819 0.965926 -0.000000
vn 0.000000 1.000000 -0.000000
vn 0.000000 1.000000 -0.000000
vn -0.258819 0.965926 -0.000000
vn -0.258819 0.965926 -0.000000
vn -0.500000 0.866025 -0.000000
vn -0.500000 0.866025 -0.000000
vn -0.707107 0.707107 -0.000000
vn -0.707107 0.707107 -0.000000
vn -0.866025 0.500000 -0.000000
vn -0.866025 0.500000 -0.000000
vn -0.965926 0.258819 -0.000000
vn -0.965926 0.258819 -0.000000
vn -1.000000 0.000000 -0.000000
vn -1.000000 0.000000 -0.000000
vn -0.965926 -0.258819 0.000000
vn -0.965926 -0.258819 0.000000
vn -0.866025 -0.500000 0.000000
vn -0.866025 -0.500000 0.000000
vn -0.707107 -0.707107 0.000000
vn -0.707107 -0.707107 0.000000
vn -0.500000 -0.866025 0.000000
vn -0.500000 -0.866025 0.000000
vn -0.258819 -0.965926 0.000000
vn -0.258819 -0.965926 0.000000
vn -0.000000 -1.000000 0.000000
vn -0.000000 -1.000000 0.000000
vn 0.258819 -0.965926 -0.000000
vn 0.258819 -0.965926 -0.000000
vn 0.500000 -0.866025 -0.000000
vn 0.500000 -0.866025 -0.000000
vn 0.707107 -0.707107 -0.000000
vn 0.707107 -0.707107 -0.000000
vn 0.866025 -0.500000 -0.000000
vn 0.866025 -0.500000 -0.000000
vn -1.000000 0.000000 -0.000000
vn -0.965926 0.258819 -0.000000
vn -0.866025 0.500000 -0.000000
vn -0.707107 0.707107 -0.000000
vn -0.500000 0.866025 -0.000000
vn -0.258819 0.965926 -0.000000
vn 0.000000 1.000000 -0.000000
vn 0.258819 0.965926 -0.000000
vn 0.500000 0.866025 -0.000000
vn 0.707107 0.707107 -0.000000
vn 0.866025 0.500000 -0.000000
vn 0.965926 0.258819 -0.000000
vn 1.000000 -0.000000 -0.000000
vn 0.965926 -0.258819 -0.000000
vn 0.866025 -0.500000 -0.000000
vn 0.707107 -0.707107 -0.000000
vn 0.500000 -0.866025 -0.000000
vn 0.258819 -0.965926 -0.000000
vn -0.000000 -1.000000 0.000000
vn -0.258819 -0.965926 0.000000
vn -0.500000 -0.866025 0.000000
vn -0.707107 -0.707107 0.000000
vn -0.866025 -0.500000 0.000000
vn -0.965926 -0.258819 0.000000
vn -1.000000 0.000000 -0.000000
vn -0.965926 0.258819 -0.000000
vn -0.866025 0.500000 -0.000000
vn -0.707107 0.707107 -0.000000
vn -0.500000 0.866025 -0.000000
vn -0.258819 0.965926 -0.000000
vn 0.000000 1.000000 -0.000000
vn 0.258819 0.965926 -0.000000
vn 0.500000 0.866025 -0.000000
vn 0.707107 0.707107 -0.000000
vn 0.866025 0.500000 -0.000000
vn 0.965926 0.258819 -0.000000
vn 1.000000 -0.000000 -0.000000
vn 0.965926 -0.258819 -0.000000
vn 0.866025 -0.500000 -0.000000
vn 0.707107 -0.707107 -0.000000
vn 0.500000 -0.866025 -0.000000
vn 0.258819 -0.965926 -0.000000
vn -0.000000 -1.000000 0.000000
vn -0.258819 -0.965926 0.000000
vn -0.500000 -0.866025 0.000000
vn -0.707107 -0.707107 0.000000
vn -0.866025 -0.500000 0.000000
vn -0.965926 -0.258819 0.000000
vn -1.000000 0.000000 -0.000000
vn -0.965926 0.258819 -0.000000
vn -0.866025 0.500000 -0.000000
vn -0.707107 0.707107 -0.000000
vn -0.500000 0.866025 -0.000000
vn -0.258819 0.965926 -0.000000
vn 0.000000 1.000000 -0.000000
vn 0.258819 0.965926 -0.000000
vn 0.500000 0.866025 -0.000000
vn 0.707107 0.707107 -0.000000
vn 0.866025 0.500000 -0.000000
vn 0.965926 0.258819 -0.000000
vn 1.000000 -0.000000 -0.000000
vn 0.965926 -0.258819 -0.000000
vn 0.866025 -0.500000 -0.000000
vn 0.707107 -0.707107 -0.000000
vn 0.500000 -0.866025 -0.000000
vn 0.258819 -0.965926 -0.000000
vn -0.000000 -1.000000 0.000000
vn -0.258819 -0.965926 0.000000
vn -0.500000 -0.866025 0.000000
vn -0.707107 -0.707107 0.000000
vn -0.866025 -0.500000 0.000000
vn -0.965926 -0.258819 0.000000
vn -1.000000 0.000000 -0.000000
vn -0.965926 0.258819 -0.000000
vn -0.866025 0.500000 -0.000000
vn -0.707107 0.707107 -0.000000
vn -0.500000 0.866025 -0.000000
vn -0.258819 0.965926 -0.000000
vn 0.000000 1.000000 -0.000000
vn 0.258819 0.965926 -0.000000
vn 0.500000 0.866025 -0.000000
vn 0.707107 0.707107 -0.000000
vn 0.866025 0.500000 -0.000000
vn 0.965926 0.258819 -0.000000
vn 1.000000 -0.000000 -0.000000
vn 0.965926 -0.258819 -0.000000
vn 0.866025 -0.500000 -0.000000
vn 0.707107 -0.707107 -0.000000
vn 0.500000 -0.866025 -0.000000
vn 0.258819 -0.965926 -0.000000
vn -0.000000 -1.000000 0.000000
vn -0.258819 -0.965926 0.000000
vn -0.500000 -0.866025 0.000000
vn -0.707107 -0.707107 0.000000
vn -0.866025 -0.500000 0.000000
vn -0.965926 -0.258819 0.000000
vn -1.000000 0.000000 -0.000000
vn -0.965926 0.258819 -0.000000
vn -0.866025 0.500000 -0.000000
vn -0.707107 0.707107 -0.000000
vn -0.500000 0.866025 -0.000000
vn -0.258819 0.965926 -0.000000
vn 0.000000 1.000000 -0.000000
vn 0.258819 0.965926 -0.000000
vn 0.500000 0.866025 -0.000000
vn 0.707107 0.707107 -0.000000
vn 0.866025 0.500000 -0.000000
vn 0.965926 0.258819 -0.000000
vn 1.000000 -0.000000 -0.000000
vn 0.965926 -0.258819 -0.000000
vn 0.866025 -0.500000 -0.000000
vn 0.707107 -0.707107 -0.000000
vn 0.500000 -0.866025 -0.000000
vn 0.258819 -0.965926 -0.000000
vn -0.000000 -1.000000 0.000000
vn -0.258819 -0.965926 0.000000
vn -0.500000 -0.866025 0.000000
vn -0.707107 -0.707107 0.000000
vn -0.866025 -0.500000 0.000000
vn -0.965926 -0.258819 0.000000
f 265/324/290 242/325/291 268/326/292
f 268/326/292 242/325/291 243/327/293
f 268/326/292 243/327/293 273/328/294
f 273/328/294 243/327/293 244/329/295
f 273/328/294 244/329/295 278/330/296
f 278/330/296 244/329/295 245/331/297
f 278/330/296 245/331/297 283/332/298
f 283/332/298 245/331/297 246/333/299
f 283/332/298 246/333/299 287/334/300
f 287/334/300 246/333/299 247/335/301
f 287/334/300 247/335/301 292/336/302
f 292/336/302 247/335/301 248/337/303
f 292/336/302 248/337/303 297/338/304
f 297/338/304 248/337/303 249/339/305
f 297/338/304 249/339/305 302/340/306
f 302/340/306 249/339/305 250/341/307
f 302/340/306 250/341/307 307/342/308
f 307/342/308 250/341/307 251/343/309
f 307/342/308 251/343/309 312/344/310
f 312/344/310 251/343/309 252/345/311
f 312/344/310 252/345/311 316/346/312
f 316/346/312 252/345/311 253/347/313
f 316/346/312 253/347/313 254/348/314
f 254/348/314 255/349/315 316/346/312
f 316/346/312 255/349/315 317/350/316
f 316/346/312 317/350/316 312/344/310
f 312/344/310 317/350/316 313/351/317
f 312/344/310 313/351/317 307/342/308
f 307/342/308 313/351/317 308/352/318
f 307/342/308 308/352/318 302/340/306
f 302/340/306 308/352/318 303/353/319
f 302/340/306 303/353/319 297/338/304
f 297/338/304 303/353/319 298/354/320
f 297/338/304 298/354/320 292/336/302
f 292/336/302 298/354/320 293/355/321
f 292/336/302 293/355/321 287/334/300
f 287/334/300 293/355/321 288/356/322
f 287/334/300 288/356/322 283/332/298
f 283/332/298 288/356/322 284/357/323
f 283/332/298 284/357/323 278/330/296
f 278/330/296 284/357/323 279/358/324
f 278/330/296 279/358/324 273/328/294
f 273/328/294 279/358/324 274/359/325
f 273/328/294 274/359/325 268/326/292
f 268/326/292 274/359/325 269/360/326
f 268/326/292 269/360/326 265/324/290
f 265/324/290 269/360/326 264/361/327
f 264/361/327 269/360/326 270/362/328
f 264/361/327 270/362/328 263/363/329
f 263/363/329 270/362/328 271/364/330
f 263/363/329 271/364/330 262/365/331
f 262/365/331 271/364/330 272/366/332
f 262/365/331 272/366/332 261/367/333
f 261/367/333 272/366/332 267/368/334
f 261/367/333 267/368/334 282/369/335
f 282/369/335 267/368/334 276/370/336
f 282/369/335 276/370/336 281/371/337
f 281/371/337 276/370/336 275/372/338
f 281/371/337 275/372/338 280/373/339
f 280/373/339 275/372/338 274/359/325
f 280/373/339 274/359/325 279/358/324
f 255/349/315 256/374/340 317/350/316
f 317/350/316 256/374/340 318/375/341
f 317/350/316 318/375/341 313/351/317
f 313/351/317 318/375/341 314/376/342
f 313/351/317 314/376/342 308/352/318
f 308/352/318 314/376/342 309/377/343
f 308/352/318 309/377/343 303/353/319
f 303/353/319 309/377/343 304/378/344
f 303/353/319 304/378/344 298/354/320
f 298/354/320 304/378/344 299/379/345
f 298/354/320 299/379/345 293/355/321
f 293/355/321 299/379/345 294/380/346
f 293/355/321 294/380/346 288/356/322
f 288/356/322 294/380/346 289/381/347
f 288/356/322 289/381/347 284/357/323
f 284/357/323 289/381/347 285/382/348
f 284/357/323 285/382/348 279/358/324
f 279/358/324 285/382/348 280/373/339
f 256/374/340 257/383/349 318/375/341
f 318/375/341 257/383/349 319/384/350
f 318/375/341 319/384/350 314/376/342
f 314/376/342 319/384/350 315/385/351
f 314/376/342 315/385/351 309/377/343
f 309/377/343 315/385/351 310/386/352
f 309/377/343 310/386/352 304/378/344
f 304/378/344 310/386/352 305/387/353
f 304/378/344 305/387/353 299/379/345
f 299/379/345 305/387/353 300/388/354
f 299/379/345 300/388/354 294/380/346
f 294/380/346 300/388/354 295/389/355
f 294/380/346 295/389/355 289/381/347
f 289/381/347 295/389/355 290/390/356
f 289/381/347 290/390/356 285/382/348
f 285/382/348 290/390/356 286/391/357
f 285/382/348 286/391/357 280/373/339
f 280/373/339 286/391/357 281/371/337
f 257/383/349 258/392/358 319/384/350
f 319/384/350 258/392/358 320/393/359
f 319/384/350 320/393/359 315/385/351
f 315/385/351 320/393/359 306/394/360
f 315/385/351 306/394/360 310/386/352
f 310/386/352 306/394/360 311/395/361
f 310/386/352 311/395/361 305/387/353
f 305/387/353 311/395/361 266/396/362
f 305/387/353 266/396/362 300/388/354
f 300/388/354 266/396/362 301/397/363
f 300/388/354 301/397/363 295/389/355
f 295/389/355 301/397/363 296/398/364
f 295/389/355 296/398/364 290/390/356
f 290/390/356 296/398/364 291/399/365
f 290/390/356 291/399/365 286/391/357
f 286/391/357 291/399/365 277/400/366
f 286/391/357 277/400/366 281/371/337
f 281/371/337 277/400/366 282/369/335
f 258/392/358 259/401/367 320/393/359
f 320/393/359 259/401/367 306/394/360
f 259/401/367 260/402/368 306/394/360
f 306/394/360 260/402/368 311/395/361
f 261/367/333 277/400/366 260/402/368
f 260/402/368 277/400/366 291/399/365
f 260/402/368 291/399/365 296/398/364
f 296/398/364 301/397/363 260/402/368
f 260/402/368 301/397/363 266/396/362
f 260/402/368 266/396/362 311/395/361
f 274/359/325 275/372/338 269/360/326
f 269/360/326 275/372/338 270/362/328
f 267/368/334 272/366/332 271/364/330
f 275/372/338 276/370/336 270/362/328
f 270/362/328 276/370/336 271/364/330
f 277/400/366 261/367/333 282/369/335
f 276/370/336 267/368/334 271/364/330
f 265/403/369 343/404/370 242/405/371
f 242/405/371 343/404/370 344/406/372
f 242/405/371 344/406/372 331/407/373
f 331/407/373 344/406/372 345/408/374
f 331/407/373 345/408/374 330/409/375
f 330/409/375 345/408/374 346/410/376
f 330/409/375 346/410/376 329/411/377
f 329/411/377 346/410/376 347/412/378
f 329/411/377 347/412/378 328/413/379
f 328/413/379 347/412/378 348/414/380
f 328/413/379 348/414/380 327/415/381
f 327/415/381 348/414/380 349/416/382
f 327/415/381 349/416/382 326/417/383
f 326/417/383 349/416/382 350/418/384
f 326/419/383 350/420/384 325/421/385
f 325/421/385 350/420/384 351/422/386
f 325/421/385 351/422/386 324/423/387
f 324/423/387 351/422/386 352/424/388
f 324/423/387 352/424/388 323/425/389
f 323/425/389 352/424/388 353/426/390
f 323/425/389 353/426/390 322/427/391
f 322/427/391 353/426/390 354/428/392
f 322/427/391 354/428/392 321/429/393
f 321/429/393 354/428/392 355/430/394
f 321/429/393 355/430/394 254/431/395
f 254/431/395 355/430/394 332/432/396
f 254/431/395 332/432/396 255/433/397
f 255/433/397 332/432/396 333/434/398
f 255/433/397 333/434/398 256/435/399
f 256/435/399 333/434/398 334/436/400
f 256/435/399 334/436/400 257/437/401
f 257/437/401 334/436/400 335/438/402
f 257/437/401 335/438/402 258/439/403
f 258/439/403 335/438/402 336/440/404
f 258/439/403 336/440/404 259/441/405
f 259/441/405 336/440/404 337/442/406
f 259/441/405 337/442/406 260/443/407
f 260/443/407 337/442/406 338/444/408
f 260/443/407 338/444/408 261/445/409
f 261/445/409 338/444/408 339/446/410
f 261/445/409 339/446/410 262/447/411
f 262/447/411 339/446/410 340/448/412
f 262/447/411 340/448/412 263/449/413
f 263/449/413 340/448/412 341/450/414
f 263/449/413 341/450/414 264/451/415
f 264/451/415 341/450/414 342/452/416
f 264/451/415 342/452/416 265/403/369
f 265/403/369 342/452/416 343/404/370
f 333/453/417 332/454/418 369/455/419
f 369/455/419 332/454/418 356/456/420
f 369/455/419 356/456/420 374/457/421
f 374/457/421 356/456/420 357/458/422
f 374/457/421 357/458/422 379/459/423
f 379/459/423 357/458/422 358/460/424
f 379/459/423 358/460/424 384/461/425
f 384/461/425 358/460/424 359/462/426
f 384/461/425 359/462/426 388/463/427
f 388/463/427 359/462/426 360/464/428
f 388/463/427 360/464/428 393/465/429
f 393/465/429 360/464/428 361/466/430
f 393/465/429 361/466/430 398/467/431
f 398/467/431 361/466/430 362/468/432
f 398/467/431 362/468/432 403/469/433
f 403/469/433 362/468/432 363/470/434
f 403/469/433 363/470/434 408/471/435
f 408/471/435 363/470/434 364/472/436
f 408/471/435 364/472/436 413/473/437
f 413/473/437 364/472/436 365/474/438
f 413/473/437 365/474/438 417/475/439
f 417/475/439 365/474/438 366/476/440
f 417/475/439 366/476/440 344/477/441
f 344/477/441 343/478/442 417/475/439
f 417/475/439 343/478/442 418/479/443
f 417/475/439 418/479/443 413/473/437
f 413/473/437 418/479/443 414/480/444
f 413/473/437 414/480/444 408/471/435
f 408/471/435 414/480/444 409/481/445
f 408/471/435 409/481/445 403/469/433
f 403/469/433 409/481/445 404/482/446
f 403/469/433 404/482/446 398/467/431
f 398/467/431 404/482/446 399/483/447
f 398/467/431 399/483/447 393/465/429
f 393/465/429 399/483/447 394/484/448
f 393/465/429 394/484/448 388/463/427
f 388/463/427 394/484/448 389/485/449
f 388/463/427 389/485/449 384/461/425
f 384/461/425 389/485/449 385/486/450
f 384/461/425 385/486/450 379/459/423
f 379/459/423 385/486/450 380/487/451
f 379/459/423 380/487/451 374/457/421
f 374/457/421 380/487/451 375/488/452
f 374/457/421 375/488/452 369/455/419
f 369/455/419 375/488/452 370/489/453
f 369/455/419 370/489/453 333/453/417
f 333/453/417 370/489/453 334/490/454
f 334/490/454 370/489/453 371/491/455
f 334/490/454 371/491/455 335/492/456
f 335/492/456 371/491/455 372/493/457
f 335/492/456 372/493/457 336/494/458
f 336/494/458 372/493/457 373/495/459
f 336/494/458 373/495/459 337/496/460
f 337/496/460 373/495/459 368/497/461
f 337/496/460 368/497/461 383/498/462
f 383/498/462 368/497/461 377/499/463
f 383/498/462 377/499/463 382/500/464
f 382/500/464 377/499/463 376/501/465
f 382/500/464 376/501/465 381/502/466
f 381/502/466 376/501/465 375/488/452
f 381/502/466 375/488/452 380/487/451
f 343/478/442 342/503/467 418/479/443
f 418/479/443 342/503/467 419/504/468
f 418/479/443 419/504/468 414/480/444
f 414/480/444 419/504/468 415/505/469
f 414/480/444 415/505/469 409/481/445
f 409/481/445 415/505/469 410/506/470
f 409/481/445 410/506/470 404/482/446
f 404/482/446 410/506/470 405/507/471
f 404/482/446 405/507/471 399/483/447
f 399/483/447 405/507/471 400/508/472
f 399/483/447 400/508/472 394/484/448
f 394/484/448 400/508/472 395/509/473
f 394/484/448 395/509/473 389/485/449
f 389/485/449 395/509/473 390/510/474
f 389/485/449 390/510/474 385/486/450
f 385/486/450 390/510/474 386/511/475
f 385/486/450 386/511/475 380/487/451
f 380/487/451 386/511/475 381/502/466
f 342/503/467 341/512/476 419/504/468
f 419/504/468 341/512/476 420/513/477
f 419/504/468 420/513/477 415/505/469
f 415/505/469 420/513/477 416/514/478
f 415/505/469 416/514/478 410/506/470
f 410/506/470 416/514/478 411/515/479
f 410/506/470 411/515/479 405/507/471
f 405/507/471 411/515/479 406/516/480
f 405/507/471 406/516/480 400/508/472
f 400/508/472 406/516/480 401/517/481
f 400/508/472 401/517/481 395/509/473
f 395/509/473 401/517/481 396/518/482
f 395/509/473 396/518/482 390/510/474
f 390/510/474 396/518/482 391/519/483
f 390/510/474 391/519/483 386/511/475
f 386/511/475 391/519/483 387/520/484
f 386/511/475 387/520/484 381/502/466
f 381/502/466 387/520/484 382/500/464
f 341/512/476 340/521/485 420/513/477
f 420/513/477 340/521/485 421/522/486
f 420/513/477 421/522/486 416/514/478
f 416/514/478 421/522/486 407/523/487
f 416/514/478 407/523/487 411/515/479
f 411/515/479 407/523/487 412/524/488
f 411/515/479 412/524/488 406/516/480
f 406/516/480 412/524/488 367/525/489
f 406/516/480 367/525/489 401/517/481
f 401/517/481 367/525/489 402/526/490
f 401/517/481 402/526/490 396/518/482
f 396/518/482 402/526/490 397/527/491
f 396/518/482 397/527/491 391/519/483
f 391/519/483 397/527/491 392/528/492
f 391/519/483 392/528/492 387/520/484
f 387/520/484 392/528/492 378/529/493
f 387/520/484 378/529/493 382/500/464
f 382/500/464 378/529/493 383/498/462
f 340/521/485 339/530/494 421/522/486
f 421/522/486 339/530/494 407/523/487
f 339/530/494 338/531/495 407/523/487
f 407/523/487 338/531/495 412/524/488
f 337/496/460 378/529/493 338/531/495
f 338/531/495 378/529/493 392/528/492
f 338/531/495 392/528/492 397/527/491
f 397/527/491 402/526/490 338/531/495
f 338/531/495 402/526/490 367/525/489
f 338/531/495 367/525/489 412/524/488
f 375/488/452 376/501/465 370/489/453
f 370/489/453 376/501/465 371/491/455
f 368/497/461 373/495/459 372/493/457
f 376/501/465 377/499/463 371/491/455
f 371/491/455 377/499/463 372/493/457
f 378/529/493 337/496/460 383/498/462
f 377/499/463 368/497/461 372/493/457
f 242/532/496 331/533/497 425/534/498
f 425/534/498 331/533/497 433/535/499
f 425/534/498 433/535/499 424/536/500
f 424/536/500 433/535/499 345/537/501
f 424/536/500 345/537/501 344/538/502
f 433/535/499 331/533/497 432/539/503
f 432/539/503 331/533/497 330/540/504
f 432/539/503 330/540/504 431/541/505
f 431/541/505 330/540/504 329/542/506
f 431/541/505 329/542/506 430/543/507
f 430/543/507 329/542/506 328/544/508
f 430/543/507 328/544/508 429/545/509
f 429/545/509 328/544/508 327/546/510
f 429/545/509 327/546/510 434/547/511
f 434/547/511 327/546/510 326/548/512
f 434/547/511 326/548/512 426/549/513
f 325/550/514 428/551/515 326/552/512
f 326/552/512 428/551/515 426/553/513
f 428/551/515 325/550/514 439/554/516
f 439/554/516 325/550/514 324/555/517
f 439/554/516 324/555/517 438/556/518
f 438/556/518 324/555/517 323/557/519
f 438/556/518 323/557/519 437/558/520
f 437/558/520 323/557/519 322/559/521
f 437/558/520 322/559/521 436/560/522
f 436/560/522 322/559/521 321/561/523
f 436/560/522 321/561/523 435/562/524
f 435/562/524 321/561/523 422/563/525
f 435/562/524 422/563/525 423/564/526
f 321/561/523 254/565/527 422/563/525
f 332/566/528 355/567/529 423/564/526
f 423/564/526 355/567/529 435/562/524
f 435/562/524 355/567/529 436/560/522
f 436/560/522 355/567/529 354/568/530
f 436/560/522 354/568/530 437/558/520
f 437/558/520 354/568/530 353/569/531
f 437/558/520 353/569/531 438/556/518
f 438/556/518 353/569/531 352/570/532
f 438/556/518 352/570/532 439/554/516
f 439/554/516 352/570/532 351/571/533
f 439/554/516 351/571/533 440/572/534
f 440/572/534 351/571/533 350/573/535
f 440/572/534 350/573/535 426/574/513
f 349/575/536 427/576/537 350/573/535
f 350/573/535 427/576/537 426/577/513
f 427/576/537 349/575/536 429/545/509
f 429/545/509 349/575/536 348/578/538
f 429/545/509 348/578/538 430/543/507
f 430/543/507 348/578/538 347/579/539
f 430/543/507 347/579/539 431/541/505
f 431/541/505 347/579/539 346/580/540
f 431/541/505 346/580/540 432/539/503
f 432/539/503 346/580/540 345/537/501
f 432/539/503 345/537/501 433/535/499
f 434/547/511 426/581/513 429/545/509
f 429/545/509 426/582/513 427/576/537
f 440/572/534 426/583/513 439/554/516
f 439/554/516 426/584/513 428/551/515
f 442/585/541 452/586/542 441/587/543
f 441/587/543 452/586/542 453/588/544
f 441/587/543 453/588/544 464/589/545
f 464/589/545 453/588/544 454/590/546
f 464/589/545 454/590/546 463/591/547
f 463/591/547 454/590/546 455/592/548
f 463/591/547 455/592/548 462/593/549
f 462/593/549 455/592/548 456/594/550
f 462/593/549 456/594/550 461/595/551
f 461/595/551 456/594/550 457/596/552
f 461/595/551 457/596/552 460/597/553
f 460/597/553 457/596/552 458/598/554
f 460/597/553 458/598/554 459/599/555
f 452/586/542 442/585/541 451/600/556
f 451/600/556 442/585/541 443/601/557
f 451/600/556 443/601/557 450/602/558
f 450/602/558 443/601/557 444/603/559
f 450/602/558 444/603/559 449/604/560
f 449/604/560 444/603/559 445/605/561
f 449/604/560 445/605/561 448/606/562
f 448/606/562 445/605/561 446/607/563
f 448/606/562 446/607/563 447/608/564
f 366/609/440 472/610/565 344/611/441
f 344/611/441 472/610/565 485/612/566
f 344/611/441 485/612/566 424/613/567
f 424/613/567 485/612/566 425/614/568
f 425/614/568 485/612/566 242/615/291
f 242/615/291 485/612/566 626/616/569
f 242/615/291 626/616/569 243/617/293
f 243/617/293 626/616/569 619/618/570
f 243/617/293 619/618/570 244/619/295
f 244/619/295 619/618/570 612/620/571
f 244/619/295 612/620/571 245/621/297
f 245/621/297 612/620/571 605/622/572
f 245/621/297 605/622/572 246/623/299
f 246/623/299 605/622/572 598/624/573
f 246/623/299 598/624/573 247/625/301
f 247/625/301 598/624/573 465/626/574
f 247/625/301 465/626/574 248/627/303
f 248/628/303 465/629/574 249/630/305
f 249/630/305 465/629/574 591/631/575
f 249/630/305 591/631/575 250/632/307
f 250/632/307 591/631/575 584/633/576
f 250/632/307 584/633/576 251/634/309
f 251/634/309 584/633/576 577/635/577
f 251/634/309 577/635/577 252/636/311
f 252/636/311 577/635/577 570/637/578
f 252/636/311 570/637/578 253/638/313
f 253/638/313 570/637/578 563/639/579
f 253/638/313 563/639/579 254/640/314
f 254/640/314 563/639/579 556/641/580
f 254/640/314 556/641/580 422/642/581
f 422/642/581 556/641/580 423/643/582
f 423/643/582 556/641/580 332/644/418
f 332/644/418 556/641/580 549/645/583
f 332/644/418 549/645/583 356/646/420
f 356/646/420 549/645/583 542/647/584
f 356/646/420 542/647/584 357/648/422
f 357/648/422 542/647/584 535/649/585
f 357/648/422 535/649/585 358/650/424
f 358/650/424 535/649/585 528/651/586
f 358/650/424 528/651/586 359/652/426
f 359/652/426 528/651/586 521/653/587
f 359/652/426 521/653/587 360/654/428
f 360/654/428 521/653/587 514/655/588
f 360/654/428 514/655/588 361/656/430
f 361/656/430 514/655/588 362/657/432
f 362/657/432 514/655/588 507/658/589
f 362/657/432 507/658/589 363/659/434
f 363/659/434 507/658/589 500/660/590
f 363/659/434 500/660/590 364/661/436
f 364/661/436 500/660/590 493/662/591
f 364/661/436 493/662/591 365/663/438
f 365/663/438 493/662/591 486/664/592
f 365/663/438 486/664/592 366/609/440
f 366/609/440 486/664/592 472/610/565
f 464/665/593 513/666/594 441/667/595
f 441/667/595 513/666/594 520/668/596
f 441/667/595 520/668/596 442/669/597
f 442/669/597 520/668/596 527/670/598
f 442/669/597 527/670/598 443/671/599
f 443/671/599 527/670/598 534/672/600
f 443/671/599 534/672/600 444/673/601
f 444/673/601 534/672/600 541/674/602
f 444/673/601 541/674/602 445/675/603
f 445/675/603 541/674/602 548/676/604
f 445/675/603 548/676/604 446/677/605
f 446/677/605 548/676/604 555/678/606
f 446/677/605 555/678/606 447/679/607
f 447/679/607 555/678/606 562/680/608
f 447/679/607 562/680/608 448/681/609
f 448/681/609 562/680/608 569/682/610
f 448/681/609 569/682/610 449/683/611
f 449/683/611 569/682/610 576/684/612
f 449/683/611 576/684/612 450/685/613
f 450/685/613 576/684/612 583/686/614
f 450/685/613 583/686/614 451/687/615
f 451/687/615 583/686/614 590/688/616
f 451/687/615 590/688/616 452/689/617
f 452/689/617 590/688/616 597/690/618
f 452/689/617 597/690/618 453/691/619
f 453/691/619 597/690/618 471/692/620
f 453/693/619 471/694/620 454/695/621
f 454/695/621 471/694/620 604/696/622
f 454/695/621 604/696/622 455/697/623
f 455/697/623 604/696/622 611/698/624
f 455/697/623 611/698/624 456/699/625
f 456/699/625 611/698/624 618/700/626
f 456/699/625 618/700/626 457/701/627
f 457/701/627 618/700/626 625/702/628
f 457/701/627 625/702/628 458/703/629
f 458/703/629 625/702/628 632/704/630
f 458/703/629 632/704/630 459/705/631
f 459/705/631 632/704/630 479/706/632
f 459/705/631 479/706/632 460/707/633
f 460/707/633 479/706/632 478/708/634
f 460/707/633 478/708/634 461/709/635
f 461/709/635 478/708/634 492/710/636
f 461/709/635 492/710/636 462/711/637
f 462/711/637 492/710/636 499/712/638
f 462/711/637 499/712/638 463/713/639
f 463/713/639 499/712/638 506/714/640
f 463/713/639 506/714/640 464/665/593
f 464/665/593 506/714/640 513/666/594
f 465/629/574 466/715/641 591/631/575
f 591/631/575 466/715/641 592/716/642
f 591/631/575 592/716/642 584/633/576
f 584/633/576 592/716/642 585/717/643
f 584/633/576 585/717/643 577/635/577
f 577/635/577 585/717/643 578/718/644
f 577/635/577 578/718/644 570/637/578
f 570/637/578 578/718/644 571/719/645
f 570/637/578 571/719/645 563/639/579
f 563/639/579 571/719/645 564/720/646
f 563/639/579 564/720/646 556/641/580
f 556/641/580 564/720/646 557/721/647
f 556/641/580 557/721/647 549/645/583
f 549/645/583 557/721/647 550/722/648
f 549/645/583 550/722/648 542/647/584
f 542/647/584 550/722/648 543/723/649
f 542/647/584 543/723/649 535/649/585
f 535/649/585 543/723/649 536/724/650
f 535/649/585 536/724/650 528/651/586
f 528/651/586 536/724/650 529/725/651
f 528/651/586 529/725/651 521/653/587
f 521/653/587 529/725/651 522/726/652
f 521/653/587 522/726/652 514/655/588
f 514/655/588 522/726/652 515/727/653
f 514/655/588 515/727/653 507/658/589
f 507/658/589 515/727/653 508/728/654
f 507/658/589 508/728/654 500/660/590
f 500/660/590 508/728/654 501/729/655
f 500/660/590 501/729/655 493/662/591
f 493/662/591 501/729/655 494/730/656
f 493/662/591 494/730/656 486/664/592
f 486/664/592 494/730/656 487/731/657
f 486/664/592 487/731/657 472/610/565
f 472/610/565 487/731/657 473/732/658
f 472/610/565 473/732/658 485/612/566
f 485/612/566 473/732/658 484/733/659
f 485/612/566 484/733/659 626/616/569
f 626/616/569 484/733/659 627/734/660
f 626/616/569 627/734/660 619/618/570
f 619/618/570 627/734/660 620/735/661
f 619/618/570 620/735/661 612/620/571
f 612/620/571 620/735/661 613/736/662
f 612/620/571 613/736/662 605/622/572
f 605/622/572 613/736/662 606/737/663
f 605/622/572 606/737/663 598/624/573
f 598/624/573 606/737/663 599/738/664
f 598/624/573 599/738/664 465/626/574
f 465/626/574 599/738/664 466/739/641
f 466/715/641 467/740/665 592/716/642
f 592/716/642 467/740/665 593/741/666
f 592/716/642 593/741/666 585/717/643
f 585/717/643 593/741/666 586/742/667
f 585/717/643 586/742/667 578/718/644
f 578/718/644 586/742/667 579/743/668
f 578/718/644 579/743/668 571/719/645
f 571/719/645 579/743/668 572/744/669
f 571/719/645 572/744/669 564/720/646
f 564/720/646 572/744/669 565/745/670
f 564/720/646 565/745/670 557/721/647
f 557/721/647 565/745/670 558/746/671
f 557/721/647 558/746/671 550/722/648
f 550/722/648 558/746/671 551/747/672
f 550/722/648 551/747/672 543/723/649
f 543/723/649 551/747/672 544/748/673
f 543/723/649 544/748/673 536/724/650
f 536/724/650 544/748/673 537/749/674
f 536/724/650 537/749/674 529/725/651
f 529/725/651 537/749/674 530/750/675
f 529/725/651 530/750/675 522/726/652
f 522/726/652 530/750/675 523/751/676
f 522/726/652 523/751/676 515/727/653
f 515/727/653 523/751/676 516/752/677
f 515/727/653 516/752/677 508/728/654
f 508/728/654 516/752/677 509/753/678
f 508/728/654 509/753/678 501/729/655
f 501/729/655 509/753/678 502/754/679
f 501/729/655 502/754/679 494/730/656
f 494/730/656 502/754/679 495/755/680
f 494/730/656 495/755/680 487/731/657
f 487/731/657 495/755/680 488/756/681
f 487/731/657 488/756/681 473/732/658
f 473/732/658 488/756/681 474/757/682
f 473/732/658 474/757/682 484/733/659
f 484/733/659 474/757/682 483/758/683
f 484/733/659 483/758/683 627/734/660
f 627/734/660 483/758/683 628/759/684
f 627/734/660 628/759/684 620/735/661
f 620/735/661 628/759/684 621/760/685
f 620/735/661 621/760/685 613/736/662
f 613/736/662 621/760/685 614/761/686
f 613/736/662 614/761/686 606/737/663
f 606/737/663 614/761/686 607/762/687
f 606/737/663 607/762/687 599/738/664
f 599/738/664 607/762/687 600/763/688
f 599/738/664 600/763/688 466/739/641
f 466/739/641 600/763/688 467/764/665
f 467/740/665 468/765/689 593/741/666
f 593/741/666 468/765/689 594/766/690
f 593/741/666 594/766/690 586/742/667
f 586/742/667 594/766/690 587/767/691
f 586/742/667 587/767/691 579/743/668
f 579/743/668 587/767/691 580/768/692
f 579/743/668 580/768/692 572/744/669
f 572/744/669 580/768/692 573/769/693
f 572/744/669 573/769/693 565/745/670
f 565/745/670 573/769/693 566/770/694
f 565/745/670 566/770/694 558/746/671
f 558/746/671 566/770/694 559/771/695
f 558/746/671 559/771/695 551/747/672
f 551/747/672 559/771/695 552/772/696
f 551/747/672 552/772/696 544/748/673
f 544/748/673 552/772/696 545/773/697
f 544/748/673 545/773/697 537/749/674
f 537/749/674 545/773/697 538/774/698
f 537/749/674 538/774/698 530/750/675
f 530/750/675 538/774/698 531/775/699
f 530/750/675 531/775/699 523/751/676
f 523/751/676 531/775/699 524/776/700
f 523/751/676 524/776/700 516/752/677
f 516/752/677 524/776/700 517/777/701
f 516/752/677 517/777/701 509/753/678
f 509/753/678 517/777/701 510/778/702
f 509/753/678 510/778/702 502/754/679
f 502/754/679 510/778/702 503/779/703
f 502/754/679 503/779/703 495/755/680
f 495/755/680 503/779/703 496/780/704
f 495/755/680 496/780/704 488/756/681
f 488/756/681 496/780/704 489/781/705
f 488/756/681 489/781/705 474/757/682
f 474/757/682 489/781/705 475/782/706
f 474/757/682 475/782/706 483/758/683
f 483/758/683 475/782/706 482/783/707
f 483/758/683 482/783/707 628/759/684
f 628/759/684 482/783/707 629/784/708
f 628/759/684 629/784/708 621/760/685
f 621/760/685 629/784/708 622/785/709
f 621/760/685 622/785/709 614/761/686
f 614/761/686 622/785/709 615/786/710
f 614/761/686 615/786/710 607/762/687
f 607/762/687 615/786/710 608/787/711
f 607/762/687 608/787/711 600/763/688
f 600/763/688 608/787/711 601/788/712
f 600/763/688 601/788/712 467/764/665
f 467/764/665 601/788/712 468/789/689
f 468/765/689 469/790/713 594/766/690
f 594/766/690 469/790/713 595/791/714
f 594/766/690 595/791/714 587/767/691
f 587/767/691 595/791/714 588/792/715
f 587/767/691 588/792/715 580/768/692
f 580/768/692 588/792/715 581/793/716
f 580/768/692 581/793/716 573/769/693
f 573/769/693 581/793/716 574/794/717
f 573/769/693 574/794/717 566/770/694
f 566/770/694 574/794/717 567/795/718
f 566/770/694 567/795/718 559/771/695
f 559/771/695 567/795/718 560/796/719
f 559/771/695 560/796/719 552/772/696
f 552/772/696 560/796/719 553/797/720
f 552/772/696 553/797/720 545/773/697
f 545/773/697 553/797/720 546/798/721
f 545/773/697 546/798/721 538/774/698
f 538/774/698 546/798/721 539/799/722
f 538/774/698 539/799/722 531/775/699
f 531/775/699 539/799/722 532/800/723
f 531/775/699 532/800/723 524/776/700
f 524/776/700 532/800/723 525/801/724
f 524/776/700 525/801/724 517/777/701
f 517/777/701 525/801/724 518/802/725
f 517/777/701 518/802/725 510/778/702
f 510/778/702 518/802/725 511/803/726
f 510/778/702 511/803/726 503/779/703
f 503/779/703 511/803/726 504/804/727
f 503/779/703 504/804/727 496/780/704
f 496/780/704 504/804/727 497/805/728
f 496/780/704 497/805/728 489/781/705
f 489/781/705 497/805/728 490/806/729
f 489/781/705 490/806/729 475/782/706
f 475/782/706 490/806/729 476/807/730
f 475/782/706 476/807/730 482/783/707
f 482/783/707 476/807/730 481/808/731
f 482/783/707 481/808/731 629/784/708
f 629/784/708 481/808/731 630/809/732
f 629/784/708 630/809/732 622/785/709
f 622/785/709 630/809/732 623/810/733
f 622/785/709 623/810/733 615/786/710
f 615/786/710 623/810/733 616/811/734
f 615/786/710 616/811/734 608/787/711
f 608/787/711 616/811/734 609/812/735
f 608/787/711 609/812/735 601/788/712
f 601/788/712 609/812/735 602/813/736
f 601/788/712 602/813/736 468/789/689
f 468/789/689 602/813/736 469/814/713
f 469/790/713 470/815/737 595/791/714
f 595/791/714 470/815/737 596/816/738
f 595/791/714 596/816/738 588/792/715
f 588/792/715 596/816/738 589/817/739
f 588/792/715 589/817/739 581/793/716
f 581/793/716 589/817/739 582/818/740
f 581/793/716 582/818/740 574/794/717
f 574/794/717 582/818/740 575/819/741
f 574/794/717 575/819/741 567/795/718
f 567/795/718 575/819/741 568/820/742
f 567/795/718 568/820/742 560/796/719
f 560/796/719 568/820/742 561/821/743
f 560/796/719 561/821/743 553/797/720
f 553/797/720 561/821/743 554/822/744
f 553/797/720 554/822/744 546/798/721
f 546/798/721 554/822/744 547/823/745
f 546/798/721 547/823/745 539/799/722
f 539/799/722 547/823/745 540/824/746
f 539/799/722 540/824/746 532/800/723
f 532/800/723 540/824/746 533/825/747
f 532/800/723 533/825/747 525/801/724
f 525/801/724 533/825/747 526/826/748
f 525/801/724 526/826/748 518/802/725
f 518/802/725 526/826/748 519/827/749
f 518/802/725 519/827/749 511/803/726
f 511/803/726 519/827/749 512/828/750
f 511/803/726 512/828/750 504/804/727
f 504/804/727 512/828/750 505/829/751
f 504/804/727 505/829/751 497/805/728
f 497/805/728 505/829/751 498/830/752
f 497/805/728 498/830/752 490/806/729
f 490/806/729 498/830/752 491/831/753
f 490/806/729 491/831/753 476/807/730
f 476/807/730 491/831/753 477/832/754
f 476/807/730 477/832/754 481/808/731
f 481/808/731 477/832/754 480/833/755
f 481/808/731 480/833/755 630/809/732
f 630/809/732 480/833/755 631/834/756
f 630/809/732 631/834/756 623/810/733
f 623/810/733 631/834/756 624/835/757
f 623/810/733 624/835/757 616/811/734
f 616/811/734 624/835/757 617/836/758
f 616/811/734 617/836/758 609/812/735
f 609/812/735 617/836/758 610/837/759
f 609/812/735 610/837/759 602/813/736
f 602/813/736 610/837/759 603/838/760
f 602/813/736 603/838/760 469/814/713
f 469/814/713 603/838/760 470/839/737
f 470/815/737 471/692/620 596/816/738
f 596/816/738 471/692/620 597/690/618
f 596/816/738 597/690/618 589/817/739
f 589/817/739 597/690/618 590/688/616
f 589/817/739 590/688/616 582/818/740
f 582/818/740 590/688/616 583/686/614
f 582/818/740 583/686/614 575/819/741
f 575/819/741 583/686/614 576/684/612
f 575/819/741 576/684/612 568/820/742
f 568/820/742 576/684/612 569/682/610
f 568/820/742 569/682/610 561/821/743
f 561/821/743 569/682/610 562/680/608
f 561/821/743 562/680/608 554/822/744
f 554/822/744 562/680/608 555/678/606
f 554/822/744 555/678/606 547/823/745
f 547/823/745 555/678/606 548/676/604
f 547/823/745 548/676/604 540/824/746
f 540/824/746 548/676/604 541/674/602
f 540/824/746 541/674/602 533/825/747
f 533/825/747 541/674/602 534/672/600
f 533/825/747 534/672/600 526/826/748
f 526/826/748 534/672/600 527/670/598
f 526/826/748 527/670/598 519/827/749
f 519/827/749 527/670/598 520/668/596
f 519/827/749 520/668/596 512/828/750
f 512/828/750 520/668/596 513/666/594
f 512/828/750 513/666/594 505/829/751
f 505/829/751 513/666/594 506/714/640
f 505/829/751 506/714/640 498/830/752
f 498/830/752 506/714/640 499/712/638
f 498/830/752 499/712/638 491/831/753
f 491/831/753 499/712/638 492/710/636
f 491/831/753 492/710/636 477/832/754
f 477/832/754 492/710/636 478/708/634
f 477/832/754 478/708/634 480/833/755
f 480/833/755 478/708/634 479/706/632
f 480/833/755 479/706/632 631/834/756
f 631/834/756 479/706/632 632/704/630
f 631/834/756 632/704/630 624/835/757
f 624/835/757 632/704/630 625/702/628
f 624/835/757 625/702/628 617/836/758
f 617/836/758 625/702/628 618/700/626
f 617/836/758 618/700/626 610/837/759
f 610/837/759 618/700/626 611/698/624
f 610/837/759 611/698/624 603/838/760
f 603/838/760 611/698/624 604/696/622
f 603/838/760 604/696/622 470/839/737
f 470/839/737 604/696/622 471/694/620
g Body1:2

v -1.500000 0.000000 -3.000000
v -1.448889 0.388229 -3.000000
v -1.299038 0.750000 -3.000000
v -1.060660 1.060660 -3.000000
v -0.750000 1.299038 -3.000000
v -0.388229 1.448889 -3.000000
v 0.000000 1.500000 -3.000000
v 0.388229 1.448889 -3.000000
v 0.750000 1.299038 -3.000000
v 1.060660 1.060660 -3.000000
v 1.299038 0.750000 -3.000000
v 1.448889 0.388229 -3.000000
v 1.500000 0.000000 -3.000000
v 1.448889 -0.388229 -3.000000
v 1.299038 -0.750000 -3.000000
v 1.060660 -1.060660 -3.000000
v 0.750000 -1.299038 -3.000000
v 0.388229 -1.448889 -3.000000
v -0.000000 -1.500000 -3.000000
v -0.388229 -1.448889 -3.000000
v -0.750000 -1.299038 -3.000000
v -1.060660 -1.060660 -3.000000
v -1.299038 -0.750000 -3.000000
v -1.448889 -0.388229 -3.000000
v -0.000000 -0.000000 -4.500000
v -1.448889 -0.000000 -3.388229
v -1.299038 -0.000000 -3.750000
v -1.060660 -0.000000 -4.060660
v -0.750000 -0.000000 -4.299038
v -0.388229 -0.000000 -4.448889
v -1.399519 0.375000 -3.388229
v -1.254774 0.336216 -3.750000
v -1.024519 0.274519 -4.060660
v -0.724444 0.194114 -4.299038
v -0.375000 0.100481 -4.448889
v -1.254774 0.724444 -3.388229
v -1.125000 0.649519 -3.750000
v -0.918559 0.530330 -4.060660
v -0.649519 0.375000 -4.299038
v -0.336216 0.194114 -4.448889
v -1.024519 1.024519 -3.388229
v -0.918559 0.918559 -3.750000
v -0.750000 0.750000 -4.060660
v -0.530330 0.530330 -4.299038
v -0.274519 0.274519 -4.448889
v -0.724444 1.254774 -3.388229
v -0.649519 1.125000 -3.750000
v -0.530330 0.918559 -4.060660
v -0.375000 0.649519 -4.299038
v -0.194114 0.336216 -4.448889
v -0.375000 1.399519 -3.388229
v -0.336216 1.254774 -3.750000
v -0.274519 1.024519 -4.060660
v -0.194114 0.724444 -4.299038
v -0.100481 0.375000 -4.448889
v 0.000000 1.448889 -3.388229
v 0.000000 1.299038 -3.750000
v 0.000000 1.060660 -4.060660
v 0.000000 0.750000 -4.299038
v 0.000000 0.388229 -4.448889
v 0.375000 1.399519 -3.388229
v 0.336216 1.254774 -3.750000
v 0.274519 1.024519 -4.060660
v 0.194114 0.724444 -4.299038
v 0.100481 0.375000 -4.448889
v 0.724444 1.254774 -3.388229
v 0.649519 1.125000 -3.750000
v 0.530330 0.918559 -4.060660
v 0.375000 0.649519 -4.299038
v 0.194114 0.336216 -4.448889
v 1.024519 1.024519 -3.388229
v 0.918559 0.918559 -3.750000
v 0.750000 0.750000 -4.060660
v 0.530330 0.530330 -4.299038
v 0.274519 0.274519 -4.448889
v 1.254774 0.724444 -3.388229
v 1.125000 0.649519 -3.750000
v 0.918559 0.530330 -4.060660
v 0.649519 0.375000 -4.299038
v 0.336216 0.194114 -4.448889
v 1.399519 0.375000 -3.388229
v 1.254774 0.336216 -3.750000
v 1.024519 0.274519 -4.060660
v 0.724444 0.194114 -4.299038
v 0.375000 0.100481 -4.448889
v 1.448889 0.000000 -3.388229
v 1.299038 0.000000 -3.750000
v 1.060660 0.000000 -4.060660
v 0.750000 0.000000 -4.299038
v 0.388229 0.000000 -4.448889
v 1.399519 -0.375000 -3.388229
v 1.254774 -0.336216 -3.750000
v 1.024519 -0.274519 -4.060660
v 0.724444 -0.194114 -4.299038
v 0.375000 -0.100481 -4.448889
v 1.254774 -0.724444 -3.388229
v 1.125000 -0.649519 -3.750000
v 0.918559 -0.530330 -4.060660
v 0.649519 -0.375000 -4.299038
v 0.336216 -0.194114 -4.448889
v 1.024519 -1.024519 -3.388229
v 0.918559 -0.918559 -3.750000
v 0.750000 -0.750000 -4.060660
v 0.530330 -0.530330 -4.299038
v 0.274519 -0.274519 -4.448889
v 0.724444 -1.254774 -3.388229
v 0.649519 -1.125000 -3.750000
v 0.530330 -0.918559 -4.060660
v 0.375000 -0.649519 -4.299038
v 0.194114 -0.336216 -4.448889
v 0.375000 -1.399519 -3.388229
v 0.336216 -1.254774 -3.750000
v 0.274519 -1.024519 -4.060660
v 0.194114 -0.724444 -4.299038
v 0.100481 -0.375000 -4.448889
v -0.000000 -1.448889 -3.388229
v -0.000000 -1.299038 -3.750000
v -0.000000 -1.060660 -4.060660
v -0.000000 -0.750000 -4.299038
v -0.000000 -0.388229 -4.448889
v -0.375000 -1.399519 -3.388229
v -0.336216 -1.254774 -3.750000
v -0.274519 -1.024519 -4.060660
v -0.194114 -0.724444 -4.299038
v -0.100481 -0.375000 -4.448889
v -0.724444 -1.254774 -3.388229
v -0.649519 -1.125000 -3.750000
v -0.530330 -0.918559 -4.060660
v -0.375000 -0.649519 -4.299038
v -0.194114 -0.336216 -4.448889
v -1.024519 -1.024519 -3.388229
v -0.918559 -0.918559 -3.750000
v -0.750000 -0.750000 -4.060660
v -0.530330 -0.530330 -4.299038
v -0.274519 -0.274519 -4.448889
v -1.254774 -0.724444 -3.388229
v -1.125000 -0.649519 -3.750000
v -0.918559 -0.530330 -4.060660
v -0.649519 -0.375000 -4.299038
v -0.336216 -0.194114 -4.448889
v -1.399519 -0.375000 -3.388229
v -1.254774 -0.336216 -3.750000
v -1.024519 -0.274519 -4.060660
v -0.724444 -0.194114 -4.299038
v -0.375000 -0.100481 -4.448889
v -5.000000 0.000000 -3.000000
v -5.000000 7.500000 -3.000000
v 5.000000 7.500000 -3.000000
v 5.000000 0.000000 -3.000000
v 5.000000 0.000000 0.000000
v 5.000000 7.500000 0.000000
v -5.000000 0.000000 0.000000
v -5.000000 7.500000 0.000000
vt -0.000000 3.054482 0.000000
vt 0.392699 3.054482 0.000000
vt -0.000000 3.332162 0.000000
vt 0.392699 3.332162 0.000000
vt -0.000000 -3.332162 0.000000
vt 0.392699 -3.332162 0.000000
vt -0.000000 -3.054482 0.000000
vt 0.392699 -3.054482 0.000000
vt -0.000000 -2.776802 0.000000
vt 0.392699 -2.776802 0.000000
vt -0.000000 -2.499122 0.000000
vt 0.392699 -2.499122 0.000000
vt -0.000000 -2.221441 0.000000
vt 0.392699 -2.221441 0.000000
vt -0.000000 -1.943761 0.000000
vt 0.392699 -1.943761 0.000000
vt -0.000000 -1.666081 0.000000
vt 0.392699 -1.666081 0.000000
vt -0.000000 -1.388401 0.000000
vt 0.392699 -1.388401 0.000000
vt -0.000000 -1.110721 0.000000
vt 0.392699 -1.110721 0.000000
vt -0.000000 -0.833041 0.000000
vt 0.392699 -0.833041 0.000000
vt -0.000000 -0.555360 0.000000
vt 0.392699 -0.555360 0.000000
vt -0.000000 -0.277680 0.000000
vt 0.392699 -0.277680 0.000000
vt -0.000000 0.000000 0.000000
vt 0.392699 0.000000 0.000000
vt -0.000000 0.277680 0.000000
vt 0.392699 0.277680 0.000000
vt -0.000000 0.555360 0.000000
vt 0.392699 0.555360 0.000000
vt -0.000000 0.833041 0.000000
vt 0.392699 0.833041 0.000000
vt -0.000000 1.110721 0.000000
vt 0.392699 1.110721 0.000000
vt -0.000000 1.388401 0.000000
vt 0.392699 1.388401 0.000000
vt -0.000000 1.666081 0.000000
vt 0.392699 1.666081 0.000000
vt -0.000000 1.943761 0.000000
vt 0.392699 1.943761 0.000000
vt -0.000000 2.221441 0.000000
vt 0.392699 2.221441 0.000000
vt -0.000000 2.499122 0.000000
vt 0.392699 2.499122 0.000000
vt -0.000000 2.776802 0.000000
vt 0.392699 2.776802 0.000000
vt 1.963495 -3.332162 0.000000
vt 2.356194 -3.332162 0.000000
vt 1.963495 -3.054482 0.000000
vt 2.356194 -3.054482 0.000000
vt 1.963495 -2.776802 0.000000
vt 2.356194 -2.776802 0.000000
vt 1.963495 -2.499122 0.000000
vt 2.356194 -2.499122 0.000000
vt 1.963495 -2.221441 0.000000
vt 2.356194 -2.221441 0.000000
vt 1.963495 -1.943761 0.000000
vt 2.356194 -1.943761 0.000000
vt 1.963495 -1.666081 0.000000
vt 2.356194 -1.666081 0.000000
vt 1.963495 -1.388401 0.000000
vt 2.356194 -1.388401 0.000000
vt 1.963495 -1.110721 0.000000
vt 1.963495 -0.833041 0.000000
vt 2.356194 -0.833041 0.000000
vt 1.963495 -0.555360 0.000000
vt 2.356194 -0.555360 0.000000
vt 1.963495 -0.277680 0.000000
vt 2.356194 -0.277680 0.000000
vt 1.963495 0.000000 0.000000
vt 2.356194 0.000000 0.000000
vt 1.963495 0.277680 0.000000
vt 2.356194 0.277680 0.000000
vt 1.963495 0.555360 0.000000
vt 2.356194 0.555360 0.000000
vt 1.963495 0.833041 0.000000
vt 2.356194 0.833041 0.000000
vt 1.963495 1.110721 0.000000
vt 1.963495 1.388401 0.000000
vt 2.356194 1.388401 0.000000
vt 1.963495 1.666081 0.000000
vt 2.356194 1.666081 0.000000
vt 1.963495 1.943761 0.000000
vt 2.356194 1.943761 0.000000
vt 1.963495 2.221441 0.000000
vt 2.356194 2.221441 0.000000
vt 1.963495 2.499122 0.000000
vt 2.356194 2.499122 0.000000
vt 1.963495 2.776802 0.000000
vt 2.356194 2.776802 0.000000
vt 1.963495 3.054482 0.000000
vt 2.356194 3.054482 0.000000
vt 1.963495 3.332162 0.000000
vt 0.785398 -3.332162 0.000000
vt 0.785398 -3.054482 0.000000
vt 0.785398 -2.776802 0.000000
vt 0.785398 -2.499122 0.000000
vt 0.785398 -2.221441 0.000000
vt 0.785398 -1.943761 0.000000
vt 0.785398 -1.666081 0.000000
vt 0.785398 -1.388401 0.000000
vt 0.785398 -1.110721 0.000000
vt 0.785398 -0.833041 0.000000
vt 0.785398 -0.555360 0.000000
vt 0.785398 -0.277680 0.000000
vt 0.785398 0.000000 0.000000
vt 0.785398 0.277680 0.000000
vt 0.785398 0.555360 0.000000
vt 0.785398 0.833041 0.000000
vt 0.785398 1.110721 0.000000
vt 0.785398 1.388401 0.000000
vt 0.785398 1.666081 0.000000
vt 0.785398 1.943761 0.000000
vt 0.785398 2.221441 0.000000
vt 0.785398 2.499122 0.000000
vt 0.785398 2.776802 0.000000
vt 0.785398 3.054482 0.000000
vt 0.785398 3.332162 0.000000
vt 1.178097 -3.332162 0.000000
vt 1.178097 -3.054482 0.000000
vt 1.178097 -2.776802 0.000000
vt 1.178097 -2.499122 0.000000
vt 1.178097 -2.221441 0.000000
vt 1.178097 -1.943761 0.000000
vt 1.178097 -1.666081 0.000000
vt 1.178097 -1.388401 0.000000
vt 1.178097 -1.110721 0.000000
vt 1.178097 -0.833041 0.000000
vt 1.178097 -0.555360 0.000000
vt 1.178097 -0.277680 0.000000
vt 1.178097 0.000000 0.000000
vt 1.178097 0.277680 0.000000
vt 1.178097 0.555360 0.000000
vt 1.178097 0.833041 0.000000
vt 1.178097 1.110721 0.000000
vt 1.178097 1.388401 0.000000
vt 1.178097 1.666081 0.000000
vt 1.178097 1.943761 0.000000
vt 1.178097 2.221441 0.000000
vt 1.178097 2.499122 0.000000
vt 1.178097 2.776802 0.000000
vt 1.178097 3.054482 0.000000
vt 1.178097 3.332162 0.000000
vt 1.570796 -3.332162 0.000000
vt 1.570796 -3.054482 0.000000
vt 1.570796 -2.776802 0.000000
vt 1.570796 -2.499122 0.000000
vt 1.570796 -2.221441 0.000000
vt 1.570796 -1.943761 0.000000
vt 1.570796 -1.666081 0.000000
vt 1.570796 -1.388401 0.000000
vt 1.570796 -1.110721 0.000000
vt 1.570796 -0.833041 0.000000
vt 1.570796 -0.555360 0.000000
vt 1.570796 -0.277680 0.000000
vt 1.570796 0.000000 0.000000
vt 1.570796 0.277680 0.000000
vt 1.570796 0.555360 0.000000
vt 1.570796 0.833041 0.000000
vt 1.570796 1.110721 0.000000
vt 1.570796 1.388401 0.000000
vt 1.570796 1.666081 0.000000
vt 1.570796 1.943761 0.000000
vt 1.570796 2.221441 0.000000
vt 1.570796 2.499122 0.000000
vt 1.570796 2.776802 0.000000
vt 1.570796 3.054482 0.000000
vt 1.570796 3.332162 0.000000
vt 2.356194 -1.110721 0.000000
vt 2.356194 1.110721 0.000000
vt 1.500000 0.000000 0.000000
vt -1.500000 0.000000 0.000000
vt 1.448889 -0.388229 0.000000
vt -1.448889 -0.388229 0.000000
vt 1.299038 -0.750000 0.000000
vt -1.299038 -0.750000 0.000000
vt 1.060660 -1.060660 0.000000
vt -1.060660 -1.060660 0.000000
vt 0.750000 -1.299038 0.000000
vt -0.750000 -1.299038 0.000000
vt 0.388229 -1.448889 0.000000
vt -0.388229 -1.448889 0.000000
vt -0.000000 -1.500000 0.000000
vt 3.500000 0.000000 0.000000
vt 3.551111 0.388229 0.000000
vt 0.000000 0.000000 0.000000
vt 3.700962 0.750000 0.000000
vt 3.939340 1.060660 0.000000
vt 0.000000 7.500000 0.000000
vt 4.250000 1.299038 0.000000
vt 4.611771 1.448889 0.000000
vt 5.000000 1.500000 0.000000
vt 10.000000 7.500000 0.000000
vt 5.388229 1.448889 0.000000
vt 5.750000 1.299038 0.000000
vt 6.060660 1.060660 0.000000
vt 10.000000 0.000000 0.000000
vt 6.299038 0.750000 0.000000
vt 6.448889 0.388229 0.000000
vt 6.500000 0.000000 0.000000
vt 0.000000 0.000000 0.000000
vt 3.000000 0.000000 0.000000
vt 0.000000 7.500000 0.000000
vt 3.000000 7.500000 0.000000
vt 0.000000 0.000000 0.000000
vt 10.000000 0.000000 0.000000
vt 0.000000 7.500000 0.000000
vt 10.000000 7.500000 0.000000
vt 0.000000 0.000000 0.000000
vt 3.000000 0.000000 0.000000
vt 0.000000 7.500000 0.000000
vt 3.000000 7.500000 0.000000
vt -1.500000 -5.000000 0.000000
vt 1.500000 -5.000000 0.000000
vt -1.500000 5.000000 0.000000
vt 1.500000 5.000000 0.000000
vt 5.000000 1.500000 0.000000
vt 1.500000 1.500000 0.000000
vt 5.000000 -1.500000 0.000000
vt -1.500000 1.500000 0.000000
vt -5.000000 -1.500000 0.000000
vt -5.000000 1.500000 0.000000
vn -0.965926 0.258819 0.000000
vn -0.933013 0.250000 -0.258819
vn -1.000000 0.000000 0.000000
vn -0.965926 0.000000 -0.258819
vn -0.965926 -0.258819 0.000000
vn -0.933013 -0.250000 -0.258819
vn -0.866025 -0.500000 0.000000
vn -0.836516 -0.482963 -0.258819
vn -0.707107 -0.707107 0.000000
vn -0.683013 -0.683013 -0.258819
vn -0.500000 -0.866025 0.000000
vn -0.482963 -0.836516 -0.258819
vn -0.258819 -0.965926 0.000000
vn -0.250000 -0.933013 -0.258819
vn -0.000000 -1.000000 0.000000
vn -0.000000 -0.965926 -0.258819
vn 0.258819 -0.965926 0.000000
vn 0.250000 -0.933013 -0.258819
vn 0.500000 -0.866025 0.000000
vn 0.482963 -0.836516 -0.258819
vn 0.707107 -0.707107 0.000000
vn 0.683013 -0.683013 -0.258819
vn 0.866025 -0.500000 0.000000
vn 0.836516 -0.482963 -0.258819
vn 0.965926 -0.258819 0.000000
vn 0.933013 -0.250000 -0.258819
vn 1.000000 0.000000 0.000000
vn 0.965926 0.000000 -0.258819
vn 0.965926 0.258819 0.000000
vn 0.933013 0.250000 -0.258819
vn 0.866025 0.500000 0.000000
vn 0.836516 0.482963 -0.258819
vn 0.707107 0.707107 0.000000
vn 0.683013 0.683013 -0.258819
vn 0.500000 0.866025 0.000000
vn 0.482963 0.836516 -0.258819
vn 0.258819 0.965926 0.000000
vn 0.250000 0.933013 -0.258819
vn 0.000000 1.000000 0.000000
vn 0.000000 0.965926 -0.258819
vn -0.258819 0.965926 0.000000
vn -0.250000 0.933013 -0.258819
vn -0.500000 0.866025 0.000000
vn -0.482963 0.836516 -0.258819
vn -0.707107 0.707107 0.000000
vn -0.683013 0.683013 -0.258819
vn -0.866025 0.500000 0.000000
vn -0.836516 0.482963 -0.258819
vn -0.258819 -0.000000 -0.965926
vn -0.000000 -0.000000 -1.000000
vn -0.250000 -0.066987 -0.965926
vn -0.224144 -0.129410 -0.965926
vn -0.183013 -0.183013 -0.965926
vn -0.129410 -0.224144 -0.965926
vn -0.066987 -0.250000 -0.965926
vn -0.000000 -0.258819 -0.965926
vn 0.066987 -0.250000 -0.965926
vn 0.129410 -0.224144 -0.965926
vn 0.183013 -0.183013 -0.965926
vn 0.224144 -0.129410 -0.965926
vn 0.250000 -0.066987 -0.965926
vn 0.258819 0.000000 -0.965926
vn 0.250000 0.066987 -0.965926
vn 0.224144 0.129410 -0.965926
vn 0.183013 0.183013 -0.965926
vn 0.129410 0.224144 -0.965926
vn 0.066987 0.250000 -0.965926
vn 0.000000 0.258819 -0.965926
vn -0.066987 0.250000 -0.965926
vn -0.129410 0.224144 -0.965926
vn -0.183013 0.183013 -0.965926
vn -0.224144 0.129410 -0.965926
vn -0.250000 0.066987 -0.965926
vn -0.866025 -0.000000 -0.500000
vn -0.836516 -0.224144 -0.500000
vn -0.750000 -0.433013 -0.500000
vn -0.612372 -0.612372 -0.500000
vn -0.433013 -0.750000 -0.500000
vn -0.224144 -0.836516 -0.500000
vn -0.000000 -0.866025 -0.500000
vn 0.224144 -0.836516 -0.500000
vn 0.433013 -0.750000 -0.500000
vn 0.612372 -0.612372 -0.500000
vn 0.750000 -0.433013 -0.500000
vn 0.836516 -0.224144 -0.500000
vn 0.866025 0.000000 -0.500000
vn 0.836516 0.224144 -0.500000
vn 0.750000 0.433013 -0.500000
vn 0.612372 0.612372 -0.500000
vn 0.433013 0.750000 -0.500000
vn 0.224144 0.836516 -0.500000
vn 0.000000 0.866025 -0.500000
vn -0.224144 0.836516 -0.500000
vn -0.433013 0.750000 -0.500000
vn -0.612372 0.612372 -0.500000
vn -0.750000 0.433013 -0.500000
vn -0.836516 0.224144 -0.500000
vn -0.707107 -0.000000 -0.707107
vn -0.683013 -0.183013 -0.707107
vn -0.612372 -0.353553 -0.707107
vn -0.500000 -0.500000 -0.707107
vn -0.353553 -0.612372 -0.707107
vn -0.183013 -0.683013 -0.707107
vn -0.000000 -0.707107 -0.707107
vn 0.183013 -0.683013 -0.707107
vn 0.353553 -0.612372 -0.707107
vn 0.500000 -0.500000 -0.707107
vn 0.612372 -0.353553 -0.707107
vn 0.683013 -0.183013 -0.707107
vn 0.707107 0.000000 -0.707107
vn 0.683013 0.183013 -0.707107
vn 0.612372 0.353553 -0.707107
vn 0.500000 0.500000 -0.707107
vn 0.353553 0.612372 -0.707107
vn 0.183013 0.683013 -0.707107
vn 0.000000 0.707107 -0.707107
vn -0.183013 0.683013 -0.707107
vn -0.353553 0.612372 -0.707107
vn -0.500000 0.500000 -0.707107
vn -0.612372 0.353553 -0.707107
vn -0.683013 0.183013 -0.707107
vn -0.500000 -0.000000 -0.866025
vn -0.482963 -0.129410 -0.866025
vn -0.433013 -0.250000 -0.866025
vn -0.353553 -0.353553 -0.866025
vn -0.250000 -0.433013 -0.866025
vn -0.129410 -0.482963 -0.866025
vn -0.000000 -0.500000 -0.866025
vn 0.129410 -0.482963 -0.866025
vn 0.250000 -0.433013 -0.866025
vn 0.353553 -0.353553 -0.866025
vn 0.433013 -0.250000 -0.866025
vn 0.482963 -0.129410 -0.866025
vn 0.500000 0.000000 -0.866025
vn 0.482963 0.129410 -0.866025
vn 0.433013 0.250000 -0.866025
vn 0.353553 0.353553 -0.866025
vn 0.250000 0.433013 -0.866025
vn 0.129410 0.482963 -0.866025
vn 0.000000 0.500000 -0.866025
vn -0.129410 0.482963 -0.866025
vn -0.250000 0.433013 -0.866025
vn -0.353553 0.353553 -0.866025
vn -0.433013 0.250000 -0.866025
vn -0.482963 0.129410 -0.866025
vn -0.000000 -0.000000 1.000000
vn -0.000000 -0.000000 1.000000
vn -0.000000 -0.000000 1.000000
vn -0.000000 -0.000000 1.000000
vn -0.000000 -0.000000 1.000000
vn -0.000000 -0.000000 1.000000
vn -0.000000 -0.000000 1.000000
vn -0.000000 -0.000000 1.000000
vn -0.000000 -0.000000 1.000000
vn -0.000000 -0.000000 1.000000
vn -0.000000 -0.000000 1.000000
vn -0.000000 -0.000000 1.000000
vn -0.000000 -0.000000 1.000000
vn 0.000000 0.000000 -1.000000
vn 0.000000 0.000000 -1.000000
vn 0.000000 0.000000 -1.000000
vn 0.000000 0.000000 -1.000000
vn 0.000000 0.000000 -1.000000
vn 0.000000 0.000000 -1.000000
vn 0.000000 0.000000 -1.000000
vn 0.000000 0.000000 -1.000000
vn 0.000000 0.000000 -1.000000
vn 0.000000 0.000000 -1.000000
vn 0.000000 0.000000 -1.000000
vn 0.000000 0.000000 -1.000000
vn 0.000000 0.000000 -1.000000
vn 0.000000 0.000000 -1.000000
vn 0.000000 0.000000 -1.000000
vn 0.000000 0.000000 -1.000000
vn 0.000000 0.000000 -1.000000
vn 1.000000 -0.000000 0.000000
vn 1.000000 -0.000000 0.000000
vn 1.000000 -0.000000 0.000000
vn 1.000000 -0.000000 0.000000
vn 0.000000 0.000000 1.000000
vn 0.000000 0.000000 1.000000
vn 0.000000 0.000000 1.000000
vn 0.000000 0.000000 1.000000
vn -1.000000 0.000000 0.000000
vn -1.000000 0.000000 0.000000
vn -1.000000 0.000000 0.000000
vn -1.000000 0.000000 0.000000
vn 0.000000 1.000000 0.000000
vn 0.000000 1.000000 0.000000
vn 0.000000 1.000000 0.000000
vn 0.000000 1.000000 0.000000
vn -0.000000 -1.000000 -0.000000
vn -0.000000 -1.000000 -0.000000
vn -0.000000 -1.000000 -0.000000
vn -0.000000 -1.000000 -0.000000
vn -0.000000 -1.000000 -0.000000
vn -0.000000 -1.000000 -0.000000
f 634/840/761 663/841/762 633/842/763
f 633/842/763 663/841/762 658/843/764
f 633/844/763 658/845/764 656/846/765
f 656/846/765 658/845/764 773/847/766
f 656/846/765 773/847/766 655/848/767
f 655/848/767 773/847/766 768/849/768
f 655/848/767 768/849/768 654/850/769
f 654/850/769 768/849/768 763/851/770
f 654/850/769 763/851/770 653/852/771
f 653/852/771 763/851/770 758/853/772
f 653/852/771 758/853/772 652/854/773
f 652/854/773 758/853/772 753/855/774
f 652/854/773 753/855/774 651/856/775
f 651/856/775 753/855/774 748/857/776
f 651/856/775 748/857/776 650/858/777
f 650/858/777 748/857/776 743/859/778
f 650/858/777 743/859/778 649/860/779
f 649/860/779 743/859/778 738/861/780
f 649/860/779 738/861/780 648/862/781
f 648/862/781 738/861/780 733/863/782
f 648/862/781 733/863/782 647/864/783
f 647/864/783 733/863/782 728/865/784
f 647/864/783 728/865/784 646/866/785
f 646/866/785 728/865/784 723/867/786
f 646/866/785 723/867/786 645/868/787
f 645/868/787 723/867/786 718/869/788
f 645/868/787 718/869/788 644/870/789
f 644/870/789 718/869/788 713/871/790
f 644/870/789 713/871/790 643/872/791
f 643/872/791 713/871/790 708/873/792
f 643/872/791 708/873/792 642/874/793
f 642/874/793 708/873/792 703/875/794
f 642/874/793 703/875/794 641/876/795
f 641/876/795 703/875/794 698/877/796
f 641/876/795 698/877/796 640/878/797
f 640/878/797 698/877/796 693/879/798
f 640/878/797 693/879/798 639/880/799
f 639/880/799 693/879/798 688/881/800
f 639/880/799 688/881/800 638/882/801
f 638/882/801 688/881/800 683/883/802
f 638/882/801 683/883/802 637/884/803
f 637/884/803 683/883/802 678/885/804
f 637/884/803 678/885/804 636/886/805
f 636/886/805 678/885/804 673/887/806
f 636/886/805 673/887/806 635/888/807
f 635/888/807 673/887/806 668/889/808
f 635/888/807 668/889/808 634/840/761
f 634/840/761 668/889/808 663/841/762
f 662/890/809 657/891/810 777/892/811
f 777/892/811 657/893/810 772/894/812
f 772/894/812 657/895/810 767/896/813
f 767/896/813 657/897/810 762/898/814
f 762/898/814 657/899/810 757/900/815
f 757/900/815 657/901/810 752/902/816
f 752/902/816 657/903/810 747/904/817
f 747/904/817 657/905/810 742/906/818
f 737/907/819 657/908/810 732/909/820
f 732/909/820 657/910/810 727/911/821
f 727/911/821 657/912/810 722/913/822
f 722/913/822 657/914/810 717/915/823
f 717/915/823 657/916/810 712/917/824
f 712/917/824 657/918/810 707/919/825
f 707/919/825 657/920/810 702/921/826
f 697/922/827 657/923/810 692/924/828
f 692/924/828 657/925/810 687/926/829
f 687/926/829 657/927/810 682/928/830
f 682/928/830 657/929/810 677/930/831
f 677/930/831 657/931/810 672/932/832
f 672/932/832 657/933/810 667/934/833
f 667/934/833 657/935/810 662/936/809
f 658/845/764 659/937/834 773/847/766
f 773/847/766 659/937/834 774/938/835
f 773/847/766 774/938/835 768/849/768
f 768/849/768 774/938/835 769/939/836
f 768/849/768 769/939/836 763/851/770
f 763/851/770 769/939/836 764/940/837
f 763/851/770 764/940/837 758/853/772
f 758/853/772 764/940/837 759/941/838
f 758/853/772 759/941/838 753/855/774
f 753/855/774 759/941/838 754/942/839
f 753/855/774 754/942/839 748/857/776
f 748/857/776 754/942/839 749/943/840
f 748/857/776 749/943/840 743/859/778
f 743/859/778 749/943/840 744/944/841
f 743/859/778 744/944/841 738/861/780
f 738/861/780 744/944/841 739/945/842
f 738/861/780 739/945/842 733/863/782
f 733/863/782 739/945/842 734/946/843
f 733/863/782 734/946/843 728/865/784
f 728/865/784 734/946/843 729/947/844
f 728/865/784 729/947/844 723/867/786
f 723/867/786 729/947/844 724/948/845
f 723/867/786 724/948/845 718/869/788
f 718/869/788 724/948/845 719/949/846
f 718/869/788 719/949/846 713/871/790
f 713/871/790 719/949/846 714/950/847
f 713/871/790 714/950/847 708/873/792
f 708/873/792 714/950/847 709/951/848
f 708/873/792 709/951/848 703/875/794
f 703/875/794 709/951/848 704/952/849
f 703/875/794 704/952/849 698/877/796
f 698/877/796 704/952/849 699/953/850
f 698/877/796 699/953/850 693/879/798
f 693/879/798 699/953/850 694/954/851
f 693/879/798 694/954/851 688/881/800
f 688/881/800 694/954/851 689/955/852
f 688/881/800 689/955/852 683/883/802
f 683/883/802 689/955/852 684/956/853
f 683/883/802 684/956/853 678/885/804
f 678/885/804 684/956/853 679/957/854
f 678/885/804 679/957/854 673/887/806
f 673/887/806 679/957/854 674/958/855
f 673/887/806 674/958/855 668/889/808
f 668/889/808 674/958/855 669/959/856
f 668/889/808 669/959/856 663/841/762
f 663/841/762 669/959/856 664/960/857
f 663/841/762 664/960/857 658/843/764
f 658/843/764 664/960/857 659/961/834
f 659/937/834 660/962/858 774/938/835
f 774/938/835 660/962/858 775/963/859
f 774/938/835 775/963/859 769/939/836
f 769/939/836 775/963/859 770/964/860
f 769/939/836 770/964/860 764/940/837
f 764/940/837 770/964/860 765/965/861
f 764/940/837 765/965/861 759/941/838
f 759/941/838 765/965/861 760/966/862
f 759/941/838 760/966/862 754/942/839
f 754/942/839 760/966/862 755/967/863
f 754/942/839 755/967/863 749/943/840
f 749/943/840 755/967/863 750/968/864
f 749/943/840 750/968/864 744/944/841
f 744/944/841 750/968/864 745/969/865
f 744/944/841 745/969/865 739/945/842
f 739/945/842 745/969/865 740/970/866
f 739/945/842 740/970/866 734/946/843
f 734/946/843 740/970/866 735/971/867
f 734/946/843 735/971/867 729/947/844
f 729/947/844 735/971/867 730/972/868
f 729/947/844 730/972/868 724/948/845
f 724/948/845 730/972/868 725/973/869
f 724/948/845 725/973/869 719/949/846
f 719/949/846 725/973/869 720/974/870
f 719/949/846 720/974/870 714/950/847
f 714/950/847 720/974/870 715/975/871
f 714/950/847 715/975/871 709/951/848
f 709/951/848 715/975/871 710/976/872
f 709/951/848 710/976/872 704/952/849
f 704/952/849 710/976/872 705/977/873
f 704/952/849 705/977/873 699/953/850
f 699/953/850 705/977/873 700/978/874
f 699/953/850 700/978/874 694/954/851
f 694/954/851 700/978/874 695/979/875
f 694/954/851 695/979/875 689/955/852
f 689/955/852 695/979/875 690/980/876
f 689/955/852 690/980/876 684/956/853
f 684/956/853 690/980/876 685/981/877
f 684/956/853 685/981/877 679/957/854
f 679/957/854 685/981/877 680/982/878
f 679/957/854 680/982/878 674/958/855
f 674/958/855 680/982/878 675/983/879
f 674/958/855 675/983/879 669/959/856
f 669/959/856 675/983/879 670/984/880
f 669/959/856 670/984/880 664/960/857
f 664/960/857 670/984/880 665/985/881
f 664/960/857 665/985/881 659/961/834
f 659/961/834 665/985/881 660/986/858
f 660/962/858 661/987/882 775/963/859
f 775/963/859 661/987/882 776/988/883
f 775/963/859 776/988/883 770/964/860
f 770/964/860 776/988/883 771/989/884
f 770/964/860 771/989/884 765/965/861
f 765/965/861 771/989/884 766/990/885
f 765/965/861 766/990/885 760/966/862
f 760/966/862 766/990/885 761/991/886
f 760/966/862 761/991/886 755/967/863
f 755/967/863 761/991/886 756/992/887
f 755/967/863 756/992/887 750/968/864
f 750/968/864 756/992/887 751/993/888
f 750/968/864 751/993/888 745/969/865
f 745/969/865 751/993/888 746/994/889
f 745/969/865 746/994/889 740/970/866
f 740/970/866 746/994/889 741/995/890
f 740/970/866 741/995/890 735/971/867
f 735/971/867 741/995/890 736/996/891
f 735/971/867 736/996/891 730/972/868
f 730/972/868 736/996/891 731/997/892
f 730/972/868 731/997/892 725/973/869
f 725/973/869 731/997/892 726/998/893
f 725/973/869 726/998/893 720/974/870
f 720/974/870 726/998/893 721/999/894
f 720/974/870 721/999/894 715/975/871
f 715/975/871 721/999/894 716/1000/895
f 715/975/871 716/1000/895 710/976/872
f 710/976/872 716/1000/895 711/1001/896
f 710/976/872 711/1001/896 705/977/873
f 705/977/873 711/1001/896 706/1002/897
f 705/977/873 706/1002/897 700/978/874
f 700/978/874 706/1002/897 701/1003/898
f 700/978/874 701/1003/898 695/979/875
f 695/979/875 701/1003/898 696/1004/899
f 695/979/875 696/1004/899 690/980/876
f 690/980/876 696/1004/899 691/1005/900
f 690/980/876 691/1005/900 685/981/877
f 685/981/877 691/1005/900 686/1006/901
f 685/981/877 686/1006/901 680/982/878
f 680/982/878 686/1006/901 681/1007/902
f 680/982/878 681/1007/902 675/983/879
f 675/983/879 681/1007/902 676/1008/903
f 675/983/879 676/1008/903 670/984/880
f 670/984/880 676/1008/903 671/1009/904
f 670/984/880 671/1009/904 665/985/881
f 665/985/881 671/1009/904 666/1010/905
f 665/985/881 666/1010/905 660/986/858
f 660/986/858 666/1010/905 661/1011/882
f 661/987/882 662/890/809 776/988/883
f 776/988/883 662/890/809 777/892/811
f 776/988/883 777/892/811 771/989/884
f 771/989/884 777/892/811 772/894/812
f 771/989/884 772/894/812 766/990/885
f 766/990/885 772/894/812 767/896/813
f 766/990/885 767/896/813 761/991/886
f 761/991/886 767/896/813 762/898/814
f 761/991/886 762/898/814 756/992/887
f 756/992/887 762/898/814 757/900/815
f 756/992/887 757/900/815 751/993/888
f 751/993/888 757/900/815 752/902/816
f 751/993/888 752/902/816 746/994/889
f 746/994/889 752/902/816 747/904/817
f 746/994/889 747/904/817 741/995/890
f 741/995/890 747/904/817 742/906/818
f 741/995/890 742/906/818 736/996/891
f 736/996/891 742/906/818 737/907/819
f 736/996/891 737/907/819 731/997/892
f 731/997/892 737/907/819 732/909/820
f 731/997/892 732/909/820 726/998/893
f 726/998/893 732/909/820 727/911/821
f 726/998/893 727/911/821 721/999/894
f 721/999/894 727/911/821 722/913/822
f 721/999/894 722/913/822 716/1000/895
f 716/1000/895 722/913/822 717/915/823
f 716/1000/895 717/915/823 711/1001/896
f 711/1001/896 717/915/823 712/917/824
f 711/1001/896 712/917/824 706/1002/897
f 706/1002/897 712/917/824 707/919/825
f 706/1002/897 707/919/825 701/1003/898
f 701/1003/898 707/919/825 702/921/826
f 701/1003/898 702/921/826 696/1004/899
f 696/1004/899 702/921/826 697/922/827
f 696/1004/899 697/922/827 691/1005/900
f 691/1005/900 697/922/827 692/924/828
f 691/1005/900 692/924/828 686/1006/901
f 686/1006/901 692/924/828 687/926/829
f 686/1006/901 687/926/829 681/1007/902
f 681/1007/902 687/926/829 682/928/830
f 681/1007/902 682/928/830 676/1008/903
f 676/1008/903 682/928/830 677/930/831
f 676/1008/903 677/930/831 671/1009/904
f 671/1009/904 677/930/831 672/932/832
f 671/1009/904 672/932/832 666/1010/905
f 666/1010/905 672/932/832 667/934/833
f 666/1010/905 667/934/833 661/1011/882
f 661/1011/882 667/934/833 662/936/809
f 742/906/818 657/1012/810 737/907/819
f 702/921/826 657/1013/810 697/922/827
f 645/1014/906 633/1015/907 646/1016/908
f 646/1016/908 633/1015/907 656/1017/909
f 646/1016/908 656/1017/909 647/1018/910
f 647/1018/910 656/1017/909 655/1019/911
f 647/1018/910 655/1019/911 648/1020/912
f 648/1020/912 655/1019/911 654/1021/913
f 648/1020/912 654/1021/913 649/1022/914
f 649/1022/914 654/1021/913 653/1023/915
f 649/1022/914 653/1023/915 650/1024/916
f 650/1024/916 653/1023/915 652/1025/917
f 650/1024/916 652/1025/917 651/1026/918
f 645/1027/919 644/1028/920 781/1029/921
f 781/1029/921 644/1028/920 643/1030/922
f 781/1029/921 643/1030/922 642/1031/923
f 781/1029/921 642/1031/923 780/1032/924
f 780/1032/924 642/1031/923 641/1033/925
f 780/1032/924 641/1033/925 640/1034/926
f 640/1034/926 639/1035/927 780/1032/924
f 780/1032/924 639/1035/927 779/1036/928
f 779/1036/928 639/1035/927 638/1037/929
f 779/1036/928 638/1037/929 637/1038/930
f 637/1038/930 636/1039/931 779/1036/928
f 779/1036/928 636/1039/931 778/1040/932
f 778/1040/932 636/1039/931 635/1041/933
f 778/1040/932 635/1041/933 634/1042/934
f 634/1042/934 633/1043/935 778/1040/932
f 782/1044/936 781/1045/937 783/1046/938
f 783/1046/938 781/1045/937 780/1047/939
f 784/1048/940 782/1049/941 785/1050/942
f 785/1050/942 782/1049/941 783/1051/943
f 778/1052/944 784/1053/945 779/1054/946
f 779/1054/946 784/1053/945 785/1055/947
f 779/1056/948 785/1057/949 780/1058/950
f 780/1058/950 785/1057/949 783/1059/951
f 778/1060/952 633/1061/953 784/1062/954
f 784/1062/954 633/1061/953 645/1063/955
f 784/1062/954 645/1063/955 782/1064/956
f 782/1064/956 645/1063/955 781/1065/957
# 785 vertices
# 1065 texture params
# 957 normals
# 1562 facets

# 3 groups
