step,time_s,dt_s,duration_s,mj_q1_deg,mj_q2_deg,mujoco_q1_rad,mujoco_q2_rad,mj_qd1_raw,mj_qd2_raw,mj_qd1_rad_s,mj_qd2_rad_s,mujoco_qdot1_rad_s,mujoco_qdot2_rad_s,bridge_q1_rad,bridge_q2_rad,bridge_qd1,bridge_qd2,bridge_qdot1_rad_s,bridge_qdot2_rad_s,tau0,tau1,tau1_Nm,tau2_Nm,tau1_applied_Nm,tau2_applied_Nm,mj_hand_speed_norm_fd,mujoco_ee_speed_fd_3d_m_s,mujoco_ee_speed_fd_xz_m_s,mujoco_ee_speed_jac_3d_m_s,mujoco_ee_speed_jac_xz_m_s,bridge_hand_speed_xz,bridge_ee_speed_xz_m_s
0.0,0.0,0.001,0.499,5.002088059159929,54.997385535776786,0.08730290610703366,0.9598854575880106,0.03644350731719041,-0.045631008870626884,0.03644350731719041,-0.045631008870626884,0.03644350731719041,-0.045631008870626884,0.0872380181467784,0.9599605742204042,-0.028444452938073603,0.029485623522873917,-0.028444452938073603,0.029485623522873917,0.0,0.0,0.0,0.0,0.0,0.0,0.0,0.0,0.0,0.010476155776721298,0.010476155776721298,0.008949709514948934,0.008949709514948934
1.0,0.001,0.001,0.499,5.0062542946495805,54.99219705073698,0.08737562063374152,0.9597949014408755,0.07271452670785386,-0.09055614713501776,0.07271452670785386,-0.09055614713501776,0.07271452670785386,-0.09055614713501776,0.08718112934272855,0.9600195439091967,-0.05688880404985107,0.05896968879254372,-0.05688880404985107,0.05896968879254372,0.0,0.0,0.0,0.0,0.0,0.0,0.010476106078891888,0.010476106078891888,0.010476106078891888,0.02095514131203063,0.02095514131203063,0.017899622473945716,0.017899622473945716
2.0,0.002,0.001,0.499,5.012488996850758,54.984474003474226,0.0874844367150334,0.9596601088378532,0.10881608129188691,-0.1347926030222684,0.10881608129188691,-0.1347926030222684,0.10881608129188691,-0.1347926030222684,0.08709579647764934,0.9601079937086988,-0.08533286507921303,0.0884497995021192,-0.08533286507921303,0.0884497995021192,0.0,0.0,0.0,0.0,0.0,0.0,0.020954950268094723,0.020954950268094723,0.020954950268094723,0.03143706864222312,0.03143706864222312,0.02685001599445275,0.02685001599445275
3.0,0.003,0.001,0.499,5.020782624261897,54.97425489121348,0.08762918782029143,0.9594817516822722,0.14475110525801735,-0.17835715558102705,0.14475110525801735,-0.17835715558102705,0.14475110525801735,-0.17835715558102705,0.08698202002993549,0.9602259172676489,-0.11377644771385013,0.11792355895015451,-0.11377644771385013,0.11792355895015451,0.0,0.0,0.0,0.0,0.0,0.0,0.03143665566625813,0.03143665566625813,0.03143665566625813,0.041922027644254914,0.041922027644254914,0.03580116700492439,0.03580116700492439
4.0,0.004,0.001,0.499,5.0311257985889934,54.961577272556156,0.08780971026740701,0.9592604854953898,0.18052244711557666,-0.22126618688241087,0.18052244711557666,-0.22126618688241087,0.18052244711557666,-0.22126618688241087,0.0868398006663716,0.9603733058375005,-0.14221936356388554,0.14738856985151136,-0.14221936356388554,0.14738856985151136,0.0,0.0,0.0,0.0,0.0,0.0,0.041921322500810376,0.041921322500810376,0.041921322500810376,0.05241008670618795,0.05241008670618795,0.044753352160391675,0.044753352160391675
5.0,0.005,0.001,0.499,5.043509300014131,54.94647778955559,0.08802584314020108,0.9589969498016809,0.216132872794072,-0.263535693708885,0.216132872794072,-0.263535693708885,0.216132872794072,-0.263535693708885,0.08666913924223106,0.9605501482716492,-0.1706614241405501,0.17684243414870177,-0.1706614241405501,0.17684243414870177,0.0,0.0,0.0,0.0,0.0,0.0,0.05240902883531576,0.05240902883531576,0.052409028835315764,0.06290129339184794,0.06290129339184794,0.0537068477580689,0.0537068477580689
6.0,0.006,0.001,0.499,5.057924062633299,54.928992189150684,0.08827742820879897,0.9586917685029274,0.2515850685978958,-0.3051812987535112,0.2515850685978958,-0.3051812987535112,0.2515850685978958,-0.3051812987535112,0.08647003680139614,0.9607564310244731,-0.19910244083492235,0.20628275282387026,-0.19910244083492235,0.20628275282387026,0.0,0.0,0.0,0.0,0.0,0.0,0.06289983127207324,0.06289983127207324,0.06289983127207324,0.07339567509904138,0.07339567509904138,0.06266192965299162,0.06266192965299162
7.0,0.007,0.001,0.499,5.0743611700555995,54.90915534398482,0.0885643098528221,0.9583455502415748,0.28688164402313193,-0.3462182613526671,0.28688164402313193,-0.3462182613526671,0.28688164402313193,-0.3462182613526671,0.08624249457649939,0.9609921381501846,-0.22754222489674622,0.23570712571157657,-0.22754222489674622,0.23570712571157657,0.0,0.0,0.0,0.0,0.0,0.0,0.07339376564141187,0.07339376564141187,0.07339376564141187,0.08389323971073996,0.08389323971073996,0.07161887317369645,0.07161887317369645
8.0,0.008,0.001,0.499,5.09281185115632,54.88700127263512,0.08888633498726516,0.9579588887538006,0.3220251344430624,-0.38666148777411774,0.3220251344430624,-0.38666148777411774,0.3220251344430624,-0.38666148777411774,0.08598651398908605,0.9612572513014971,-0.25598058741333873,0.2651131513125389,-0.25598058741333873,0.2651131513125389,0.0,0.0,0.0,0.0,0.0,0.0,0.08389084768891544,0.08389084768891544,0.08389084768891544,0.09439397623870023,0.09439397623870023,0.08057795303795261,0.08057795303795261
9.0,0.009000000000000001,0.001,0.499,5.113267475976718,54.86256315927663,0.08924335299093379,0.9575323632127195,0.3570180036686404,-0.4265255410811603,0.3570180036686404,-0.4265255410811603,0.3570180036686404,-0.4265255410811603,0.08570209664979744,0.9615517497281055,-0.2844173392885993,0.2944984266084956,-0.2844173392885993,0.2944984266084956,0.0,0.0,0.0,0.0,0.0,0.0,0.09439107374667238,0.09439107374667238,0.09439107374667238,0.10489785545904266,0.10489785545904266,0.08953944326855637,0.08953944326855637
10.0,0.01,0.001,0.499,5.135719551763686,54.83587337280453,0.08963521563732367,0.957066538562127,0.3918626463898787,-0.46582465059247946,0.3918626463898787,-0.46582465059247946,0.3918626463898787,-0.46582465059247946,0.08538924435857531,0.9618756102749839,-0.31285229122213254,0.32386054687834454,-0.31285229122213254,0.32386054687834454,0.0,0.0,0.0,0.0,0.0,0.0,0.10489442140123707,0.10489442140123707,0.10489442140123707,0.1154048305393655,0.1154048305393655,0.09850361710919896,0.09850361710919896
11.0,0.011,0.001,0.499,5.1601597191427855,54.8069634854363,0.09006177702782747,0.9565619658411707,0.4265613905038014,-0.5045727209563218,0.4265613905038014,-0.5045727209563218,0.4265613905038014,-0.5045727209563218,0.08504795910488681,0.9622288073804997,-0.3412852536884953,0.35319710551571504,-0.3412852536884953,0.35319710551571504,0.0,0.0,0.0,0.0,0.0,0.0,0.11540085014620356,0.11540085014620356,0.11540085014620356,0.12591483765701872,0.12591483765701872,0.1074707469404197,0.1074707469404197
12.0,0.012,0.001,0.499,5.186579748418489,54.7758642908152,0.0905228935271618,0.956019182500314,0.4611164993343221,-0.5427833408566326,0.4611164993343221,-0.5427833408566326,0.4611164993343221,-0.5427833408566326,0.08467824306797024,0.9626113130743478,-0.36971603691657895,0.3825056938481287,-0.36971603691657895,0.3825056938481287,0.0,0.0,0.0,0.0,0.0,0.0,0.12591030202921522,0.12591030202921522,0.12591030202921522,0.13642779660820853,0.13642779660820853,0.11644110419565637,0.11644110419565637
13.0,0.013000000000000001,0.001,0.499,5.2149715359957,54.74260582163499,0.09101842370091094,0.9554387127089462,0.49553017374914565,-0.580469791367885,0.49553017374914565,-0.580469791367885,0.49553017374914565,-0.580469791367885,0.0842800986171011,0.9630230969753056,-0.3981444508691359,0.41178390095790257,-0.3981444508691359,0.41178390095790257,0.0,0.0,0.0,0.0,0.0,0.0,0.1364227022843526,0.1364227022843526,0.1364227022843526,0.14694361140764708,0.14694361140764708,0.1254149592774049,0.1254149592774049
14.0,0.014,0.001,0.499,5.245327100916939,54.707217366805125,0.09154822825508947,0.9548210676549718,0.5298045541785341,-0.6176450539744697,0.5298045541785341,-0.6176450539744697,0.5298045541785341,-0.6176450539744697,0.08385352831187864,0.9634641262888106,-0.42657030522246103,0.441029313504946,-0.42657030522246103,0.441029313504946,0.0,0.0,0.0,0.0,0.0,0.0,0.14693795995682135,0.14693795995682135,0.14693795995682132,0.1574621708785003,0.15746217087850034,0.1343925814735017,0.1343925814735017
15.0,0.015,0.001,0.499,5.2776385815098505,54.66972748817494,0.09211216997763001,0.954166745836702,0.5639417225405385,-0.6543218182697027,0.5639417225405385,-0.6543218182697027,0.5639417225405385,-0.6543218182697027,0.0833985349025324,0.9639343658043622,-0.45499340934623544,0.47023951555160215,-0.45499340934623544,0.47023951555160215,0.0,0.0,0.0,0.0,0.0,0.0,0.15745596851532806,0.15745596851532806,0.15745596851532806,0.16798334923242722,0.16798334923242722,0.14337423887354248,0.14337423887354248
16.0,0.016,0.001,0.499,5.311898232139885,54.63016403683419,0.09271011368170708,0.9534762333473533,0.5979437040770708,-0.6905124893487424,0.5979437040770708,-0.6905124893487424,0.5979437040770708,-0.6905124893487424,0.08291512133024886,0.9644337778927519,-0.48341357228354104,0.49941208838968143,-0.48341357228354104,0.49941208838968143,0.0,0.0,0.0,0.0,0.0,0.0,0.16797660645476573,0.16797660645476573,0.1679766064547657,0.17850700663953503,0.17850700663953503,0.15236019828545125,0.15236019828545125
17.0,0.017,0.001,0.499,5.34809842006334,54.58855416900672,0.09334192615081205,0.9527500041524444,0.6318124691049751,-0.7262291949089795,0.6318124691049751,-0.7262291949089795,0.6318124691049751,-0.7262291949089795,0.08240329072751781,0.9649623225031217,-0.5118306027310527,0.5285446103698335,-0.5118306027310527,0.5285446103698335,0.0,0.0,0.0,0.0,0.0,0.0,0.1784997378844227,0.1784997378844227,0.1784997378844227,0.18903298978811275,0.18903298978811275,0.16135072515221513,0.16135072515221513
18.0,0.018000000000000002,0.001,0.499,5.386231622376059,54.54492436155345,0.0940074760854981,0.9519885203603736,0.6655499346860537,-0.7614837920707836,0.6655499346860537,-0.7614837920707836,0.6655499346860537,-0.7614837920707836,0.0818630464184984,0.9655199571598552,-0.5402443090194148,0.557634656733401,-0.5402443090194148,0.557634656733401,0.0,0.0,0.0,0.0,0.0,0.0,0.1890252131098184,0.1890252131098184,0.1890252131098184,0.1995611324340309,0.1995611324340309,0.17034608346880026,0.17034608346880026
19.0,0.019,0.001,0.499,5.426290423053404,54.49930042709977,0.0947066340517179,0.9511922324864428,0.6991579662198089,-0.7962878739308423,0.6991579662198089,-0.7962878739308423,0.6991579662198089,-0.7962878739308423,0.08129439191940459,0.9661066369593021,-0.5686544990938059,0.586679799446897,-0.5686544990938059,0.586679799446897,0.0,0.0,0.0,0.0,0.0,0.0,0.19955286919853574,0.19955286919853574,0.19955286919853574,0.2100912559397265,0.21009125593972652,0.17934653569926576,0.17934653569926576
20.0,0.02,0.001,0.499,5.4682675100772595,54.45170752880218,0.09543927243068039,0.9503615797105831,0.7326383789624816,-0.8306527758597185,0.7326383789624816,-0.8306527758597185,0.7326383789624816,-0.8306527758597185,0.08069733093890989,0.9667223145663414,-0.5970609804946987,0.6156776070392439,-0.5970609804946987,0.6156776070392439,0.0,0.0,0.0,0.0,0.0,0.0,0.21008253053812764,0.21008253053812764,0.21008253053812764,0.22062316980271893,0.22062316980271893,0.18835234269409282,0.18835234269409282
21.0,0.021,0.001,0.499,5.512155672646043,54.40217019476812,0.09620526537015618,0.9494969901290284,0.7659929394757927,-0.8645895815546739,0.7659929394757927,-0.8645895815546739,0.7659929394757927,-0.8645895815546739,0.08007186737857108,0.9673669402107833,-0.6254635603388146,0.6446256444419106,-0.6254635603388146,0.6446256444419106,0.0,0.0,0.0,0.0,0.0,0.0,0.22061400938042014,0.22061400938042014,0.22061400938042014,0.2311566721736259,0.23115667217362593,0.1973637636077472,0.1973637636077472
22.0,0.022,0.001,0.499,5.557947798463872,54.350712332142365,0.09700448873716482,0.9485988810001702,0.7992233670086271,-0.8981091288582629,0.7992233670086271,-0.8981091288582629,0.7992233670086271,-0.8981091288582629,0.0794180053332708,0.9680404616836153,-0.6538620453002791,0.673521472832081,-0.6538620453002791,0.673521472832081,0.0,0.0,0.0,0.0,0.0,0.0,0.23114710637622582,0.23114710637622582,0.23114710637622582,0.24169155036367126,0.24169155036367126,0.2063810558164942,0.2063810558164942
23.0,0.023,0.001,0.499,5.605636871105248,54.29735724087299,0.09783682007197957,0.9476676589848175,0.8323313348147486,-0.9312220153526835,0.8323313348147486,-0.9312220153526835,0.8323313348147486,-0.9312220153526835,0.07873574909167882,0.9687428243330943,-0.6822562415919765,0.7023626494789832,-0.6822562415919765,0.7023626494789832,0.0,0.0,0.0,0.0,0.0,0.0,0.24168161109743502,0.24168161109743502,0.24168161109743502,0.2522275813416981,0.2522275813416981,0.21540447483648667,0.21540447483648667
24.0,0.024,0.001,0.499,5.655215967451723,54.242127627169,0.09870213854338905,0.9467037203810782,0.8653184714094835,-0.9639386037393853,0.8653184714094835,-0.9639386037393853,0.8653184714094835,-0.9639386037393853,0.07802510313673172,0.9694739710606879,-0.7106459549471043,0.7311467275935082,-0.7106459549471043,0.7311467275935082,0.0,0.0,0.0,0.0,0.0,0.0,0.2522173025471609,0.2522173025471609,0.25221730254716096,0.2627645322207214,0.2627645322207214,0.22443427424214607,0.22443427424214607
25.0,0.025,0.001,0.499,5.70667825519725,54.18504561666155,0.09960032490515722,0.9457074513540652,0.8981863617681685,-0.9962690270129723,0.8981863617681685,-0.9962690270129723,0.8981863617681685,-0.9962690270129723,0.0772860721461308,0.9702338423168692,-0.7390309906009267,0.7598712561812402,-0.7390309906009267,0.7598712561812402,0.0,0.0,0.0,0.0,0.0,0.0,0.26275394966259696,0.26275394966259696,0.262753949662597,0.2733021607340688,0.2733021607340688,0.2334707055848599,0.2334707055848599
26.0,0.026000000000000002,0.001,0.499,5.760016990419001,54.12613276728008,0.10053126145362624,0.9446792281606272,0.9309365484690311,-1.0282231934380008,0.9309365484690311,-1.0282231934380008,0.9309365484690311,-1.0282231934380008,0.07651866099285808,0.9710223760967682,-0.7674111532727246,0.7885337798990202,-0.7674111532727246,0.7885337798990202,0.0,0.0,0.0,0.0,0.0,0.0,0.27329131180023997,0.27329131180023997,0.27329131180023997,0.28384021570117934,0.28384021570117934,0.24251401831201763,0.24251401831201763
27.0,0.027,0.001,0.499,5.815225515210641,54.06541008185406,0.10149483198640928,0.9436194173692903,0.9635705327830385,-1.0598107913368626,0.9635705327830385,-1.0598107913368626,0.9635705327830385,-1.0598107913368626,0.07572287474571014,0.9718395079356834,-0.7957862471479364,0.8171318389151593,-0.7957862471479364,0.8171318389151593,0.0,0.0,0.0,0.0,0.0,0.0,0.2838291392173271,0.2838291392173271,0.2838291392173271,0.29437843748314085,0.29437843748314085,0.25156445968640906,0.25156445968640906
28.0,0.028,0.001,0.499,5.872297255375137,54.00289802045076,0.10249092176212242,0.9425283760755938,0.9960897757131342,-1.0910412936965461,0.9960897757131342,-1.0910412936965461,0.9960897757131342,-1.0910412936965461,0.07489871866984965,0.9726851709044568,-0.8241560758604877,0.8456629687734161,-0.8241560758604877,0.8456629687734161,0.0,0.0,0.0,0.0,0.0,0.0,0.2943671735372911,0.2943671735372911,0.2943671735372911,0.30491655842806453,0.30491655842806453,0.260622274706012,0.260622274706012
29.0,0.029,0.001,0.499,5.931225718174344,53.93861651245909,0.10351941746110759,0.9414064521129921,1.0284956989851668,-1.1219239626017055,1.0284956989851668,-1.1219239626017055,1.0284956989851668,-1.1219239626017055,0.07404619822737435,0.9735592956047177,-0.8525204424752991,0.8741247002608468,-0.8525204424752991,0.8741247002608468,0.0,0.0,0.0,0.0,0.0,0.0,0.30490514820470505,0.30490514820470505,0.30490514820470505,0.3154543033064047,0.3154543033064047,0.2696877060241934,0.2696877060241934
30.0,0.03,0.001,0.499,5.992004490132735,53.872584968428974,0.1045802071471003,0.940253984259491,1.0607896859927066,-1.152467853501109,1.0607896859927066,-1.152467853501109,1.0607896859927066,-1.152467853501109,0.07316531907790338,0.9744618101639972,-0.8808791494709682,0.9025145592796352,-0.8808791494709682,0.9025145592796352,0.0,0.0,0.0,0.0,0.0,0.0,0.31544278893369154,0.31544278893369154,0.31544278893369154,0.32599138973634684,0.32599138973634684,0.27876099387035236,0.27876099387035236
31.0,0.031,0.001,0.499,6.054627234892725,53.804822291675414,0.10567318022979814,0.9390713024401768,1.092973082697844,-1.1826818193142112,1.092973082697844,-1.1826818193142112,1.092973082697844,-1.1826818193142112,0.07225608707918077,0.9753926402307203,-0.9092319987226128,0.9308300667230041,-0.9092319987226128,0.9308300667230041,0.0,0.0,0.0,0.0,0.0,0.0,0.3259798141410935,0.3259798141410935,0.3259798141410935,0.3365275285993941,0.3365275285993941,0.28784237597103446,0.28784237597103446
32.0,0.032,0.001,0.499,6.1190876911192165,53.73534688965607,0.10679822742828811,0.9378587279257925,1.1250471984899653,-1.212574514384276,1.1250471984899653,-1.212574514384276,1.1250471984899653,-1.212574514384276,0.0713185082876959,0.9763517089690755,-0.9375787914848662,0.9590687383553057,-0.9375787914848662,0.9590687383553057,0.0,0.0,0.0,0.0,0.0,0.0,0.3365159353726355,0.3365159353726355,0.3365159353726355,0.34706242444629526,0.34706242444629526,0.296932087471546,0.296932087471546
33.0,0.033,0.001,0.499,6.185379670451043,53.66417668513077,0.10795524073529252,0.9366165735275083,1.1570133070044057,-1.2421543982841798,1.1570133070044057,-1.2421543982841798,1.1570133070044057,-1.2421543982841798,0.07035258895932088,0.977338937053772,-0.965919328375011,0.9872280846963869,-0.965919328375011,0.9872280846963869,0.0,0.0,0.0,0.0,0.0,0.0,0.3470508577155119,0.3470508577155119,0.3470508577155119,0.3575957758934644,0.3575957758934644,0.30603036085809915,0.30603036085809915
34.0,0.034,0.001,0.499,6.253497055497121,53.59132912711111,0.10914411338219532,0.9353451437880276,1.188872646902798,-1.2714297394807388,1.188872646902798,-1.2714297394807388,1.188872646902798,-1.2714297394807388,0.06935833554996464,0.9783542426646823,-0.994253409356238,1.0153056109103171,-0.994253409356238,1.0153056109103171,0.0,0.0,0.0,0.0,0.0,0.0,0.3575842802057674,0.3575842802057674,0.3575842802057673,0.3681272760100503,0.3681272760100503,0.315137425880521,0.315137425880521
35.0,0.035,0.001,0.499,6.323433797875218,53.51682120160781,0.11036473980481216,0.9340447351691644,1.220626422616842,-1.3004086188631432,1.220626422616842,-1.3004086188631432,1.220626422616842,-1.3004086188631432,0.06833575471624362,0.9793975414813808,-1.022580833721013,1.0432988166985655,-1.022580833721013,1.0432988166985655,0.0,0.0,0.0,0.0,0.0,0.0,0.3681158962222684,0.3681158962222684,0.3681158962222685,0.37865661269582046,0.3786566126958204,0.3242535094755595,0.3242535094755595
36.0,0.036000000000000004,0.001,0.499,6.39518391629134,53.440669442183506,0.11161701560986931,0.9327156362360236,1.252275805057149,-1.329098933140818,1.252275805057149,-1.329098933140818,1.252275805057149,-1.329098933140818,0.06728485331616908,0.9804687466775786,-1.0509014000745356,1.0712051961977085,-1.0509014000745356,1.0712051961977085,0.0,0.0,0.0,0.0,0.0,0.0,0.3786453938692295,0.3786453938692295,0.3786453938692295,0.3891834690500328,0.3891834690500328,0.3333788356908203,0.3333788356908203
37.0,0.037,0.001,0.499,6.468741494657815,53.362889940317906,0.11290083754215804,0.9313581278379078,1.2838219322887316,-1.3575083981157954,1.2838219322887316,-1.3575083981157954,1.2838219322887316,-1.3575083981157954,0.06620563840985082,0.9815677689154603,-1.0792149063182692,1.0990222378817451,-1.0792149063182692,1.0990222378817451,0.0,0.0,0.0,0.0,0.0,0.0,0.3891724563584774,0.3891724563584774,0.3891724563584774,0.3997075237314727,0.3997075237314727,0.3425136256093715,0.3425136256093715
38.0,0.038,0.001,0.499,6.544100680248254,53.2834983555925,0.11421610345233268,0.9299724832860734,1.3152659101746416,-1.3856445518344527,1.3152659101746416,-1.3856445518344527,1.3152659101746416,-1.3856445518344527,0.06509811726021729,0.9826945163399293,-1.1075211496335224,1.1267474244690905,-1.1075211496335224,1.1267474244690905,0.0,0.0,0.0,0.0,0.0,0.0,0.3996967623688716,0.3996967623688716,0.39969676236887164,0.410228451309835,0.410228451309835,0.3516580972750523,0.3516580972750523
39.0,0.039,0.001,0.499,6.621255681887656,53.20250992570122,0.11556271226532187,0.9285589685284501,1.3466088129891882,-1.4135147576232545,1.3466088129891882,-1.4135147576232545,1.3466088129891882,-1.4135147576232545,0.06396229733375224,0.9838488945727636,-1.1358199264650586,1.1543782328343184,-1.1358199264650586,1.1543782328343184,0.0,0.0,0.0,0.0,0.0,0.0,0.410217986408474,0.410217986408474,0.41021798640847407,0.42074592260863897,0.42074592260863897,0.36081246561852415,0.36081246561852415
40.0,0.04,0.001,0.499,6.70020076817597,53.11993947629369,0.11694056394932398,0.9271178423214371,1.3778516840021051,-1.441126207012931,1.3778516840021051,-1.441126207012931,1.3778516840021051,-1.441126207012931,0.06279818630124753,0.9850308067066883,-1.1641110325047095,1.1819121339247123,-1.1641110325047095,1.1819121339247123,0.0,0.0,0.0,0.0,0.0,0.0,0.42073579916252074,0.42073579916252074,0.4207357991625208,0.43125960503986976,0.43125960503986976,0.36997694238410456,0.36997694238410456
41.0,0.041,0.001,0.499,6.780930265743547,53.03580143065689,0.11834955948535894,0.9256493563988818,1.4089955360349666,-1.4684859225553295,1.4089955360349666,-1.4684859225553295,1.4089955360349666,-1.4684859225553295,0.06160579203857257,0.98624015329937,-1.1923942626749662,1.2093465926816875,-1.1923942626749662,1.2093465926816875,0.0,0.0,0.0,0.0,0.0,0.0,0.43124986783375063,0.43124986783375063,0.4312498678337507,0.44176916293053237,0.44176916293053237,0.3791517360574235,0.3791517360574235
42.0,0.042,0.001,0.499,6.863438557536949,52.95010981924156,0.11978960083735005,0.9241537556383448,1.440041351991102,-1.4956007605369936,1.440041351991102,-1.4956007605369936,1.440041351991102,-1.4956007605369936,0.06038512262746005,0.9874768323673371,-1.22066941111252,1.236679067967134,-1.22066941111252,1.236679067967134,0.0,0.0,0.0,0.0,0.0,0.0,0.4417598564723834,0.4417598564723834,0.4417598564723834,0.4522742578413206,0.4522742578413206,0.3883370517939452,0.3883370517939452
43.0,0.043000000000000003,0.001,0.499,6.947720081133678,52.86287828903867,0.12126059092271024,0.9226312782247514,1.4709900853601932,-1.522477413593344,1.4709900853601932,-1.522477413593344,1.4709900853601932,-1.522477413593344,0.05913618635630832,0.9887407393798318,-1.248936271151723,1.2639070124947325,-1.248936271151723,1.2639070124947325,0.0,0.0,0.0,0.0,0.0,0.0,0.452265426302513,0.452265426302513,0.452265426302513,0.4627745488775966,0.4627745488775966,0.39753309134839643,0.39753309134839643
44.0,0.044,0.001,0.499,7.0337693270844115,52.77412011281164,0.12276243358340894,0.9210821558115243,1.5018426606986937,-1.5491224132271768,1.5018426606986937,-1.5491224132271768,1.5018426606986937,-1.5491224132271768,0.05785899172100039,0.990031767252598,-1.2771946353079366,1.2910278727662858,-1.2771946353079366,1.2910278727662858,0.0,0.0,0.0,0.0,0.0,0.0,0.46276623603653727,0.46276623603653727,0.46276623603653727,0.47326969299287924,0.47326969299287924,0.4067400530051501,0.4067400530051501
45.0,0.045,0.001,0.499,7.1215808372814635,52.68384819818953,0.12429503355749608,0.9195066136792893,1.5325999740871468,-1.5755421322350274,1.5325999740871468,-1.5755421322350274,1.5325999740871468,-1.5755421322350274,0.056553547425739654,0.9913498063416111,-1.3054442952607355,1.318039089013106,-1.3054442952607355,1.318039089013106,0.0,0.0,0.0,0.0,0.0,0.0,0.47326194218232126,0.47326194218232126,0.47326194218232126,0.48375934528504544,0.48375934528504544,0.4159581315096047,0.4159581315096047
46.0,0.046,0.001,0.499,7.211149203352173,52.59207509662634,0.12585829645106153,0.9179048708922445,1.5632628935654425,-1.6017427870448078,1.5632628935654425,-1.6017427870448078,1.5632628935654425,-1.6017427870448078,0.055219862383902724,0.9926947444367535,-1.333685041836929,1.344938095142491,-1.333685041836929,1.344938095142491,0.0,0.0,0.0,0.0,0.0,0.0,0.4837521993451056,0.4837521993451056,0.4837521993451056,0.4942431592854423,0.4942431592854423,0.4251875180006102,0.4251875180006102
47.0,0.047,0.001,0.499,7.302469065076014,52.498813012231196,0.12745212871060851,0.9162771404522765,1.5938322595469967,-1.6277304399679775,1.5938322595469967,-1.6277304399679775,1.5938322595469967,-1.6277304399679775,0.05385794571890935,0.9940664667554429,-1.3619166649933672,1.371722318689322,-1.3619166649933672,1.371722318689322,0.0,0.0,0.0,0.0,0.0,0.0,0.4942366605201095,0.4942366605201095,0.4942366605201095,0.5047207872411149,0.5047207872411149,0.43442839994398635,0.43442839994398635
48.0,0.048,0.001,0.499,7.395535108824308,52.40407381047428,0.12907643759582133,0.9146236294509071,1.6243088852127994,-1.6535110013693743,1.6243088852127994,-1.6535110013693743,1.6243088852127994,-1.6535110013693743,0.05246780676510986,0.9954648559362157,-1.3901389537994868,1.398389180772804,-1.3901389537994868,1.398389180772804,0.0,0.0,0.0,0.0,0.0,0.0,0.504714977376387,0.504714977376387,0.504714977376387,0.5151918803903514,0.5151918803903514,0.4436809610671832,0.4436809610671832
49.0,0.049,0.001,0.499,7.490342066021379,52.30786902677292,0.13073113115270754,0.9129445392191494,1.6546935568862287,-1.6790902317577063,1.6546935568862287,-1.6790902317577063,1.6546935568862287,-1.6790902317577063,0.051049455068690304,0.9968897920322741,-1.4183516964195617,1.424936096058372,-1.4183516964195617,1.424936096058372,0.0,0.0,0.0,0.0,0.0,0.0,0.5151868005404058,0.5151868005404058,0.5151868005404058,0.5256560892317457,0.5256560892317457,0.45294538129513495,0.45294538129513495
50.0,0.05,0.001,0.499,7.586884711626162,52.210209874962345,0.13241611818709703,0.9112400654753499,1.684987034389497,-1.704473743799583,1.684987034389497,-1.704473743799583,1.684987034389497,-1.704473743799583,0.049602900388595696,0.9983411525049989,-1.4465546800946107,1.4513604727247764,-1.4465546800946107,1.4513604727247764,0.0,0.0,0.0,0.0,0.0,0.0,0.5256517798642671,0.5256517798642671,0.5256517798642673,0.5361130637869805,0.5361130637869805,0.46222183668735634,0.46222183668735634
51.0,0.051000000000000004,0.001,0.499,7.685157862633208,52.11110725565522,0.13413130823847957,0.90951039847109,1.7151900513825475,-1.7296670042598496,1.7151900513825475,-1.7296670042598496,1.7151900513825475,-1.7296670042598496,0.048128152697471775,0.9998188122174353,-1.474747691123921,1.4776597124363584,-1.474747691123921,1.4776597124363584,0.0,0.0,0.0,0.0,0.0,0.0,0.5361095646922482,0.5361095646922482,0.5361095646922482,0.5465624538575308,0.5465624538575308,0.4715104993763376,0.4715104993763376
52.0,0.052000000000000005,0.001,0.499,7.785156376592157,52.01057176449412,0.13587661155416475,0.9077557231352191,1.7453033156851896,-1.7546753358708802,1.7453033156851896,-1.7546753358708802,1.7453033156851896,-1.7546753358708802,0.04662522218262564,1.0013226434277558,-1.502930514846138,1.5038312103205203,-1.502930514846138,1.5038312103205203,0.0,0.0,0.0,0.0,0.0,0.0,0.5465598041230498,0.5465598041230498,0.5465598041230498,0.557003909275486,0.557003909275486,0.4808115375072865,0.4808115375072865
53.0,0.053,0.001,0.499,7.886875150144748,51.90861370030078,0.13765193906374798,0.9059762192160857,1.7753275095832235,-1.7795039191333815,1.7753275095832235,-1.7795039191333815,1.7753275095832235,-1.7795039191333815,0.045094119247005765,1.0028525157827062,-1.5311029356198762,1.5298723549503919,-1.5311029356198762,1.5298723549503919,0.0,0.0,0.0,0.0,0.0,0.0,0.5570021472610683,0.5570021472610683,0.5570021472610683,0.5674370801486898,0.5674370801486897,0.49012511517927815,0.49012511517927815
54.0,0.054,0.001,0.499,7.990309117578483,51.80524307312602,0.13945720235386724,0.9041720614220345,1.8052632901192756,-1.8041577940511628,1.8052632901192756,-1.8041577940511628,1.8052632901192756,-1.8041577940511628,0.04353485451020197,1.0044082963110388,-1.559264736803797,1.5557805283326889,-1.559264736803797,1.5557805283326889,0.0,0.0,0.0,0.0,0.0,0.0,0.5674362434633471,0.5674362434633471,0.5674362434633471,0.5778616171003922,0.5778616171003922,0.49945139238786274,0.49945139238786274
55.0,0.055,0.001,0.499,8.095453249396138,51.700469612203804,0.14129231364323627,0.9023434195602323,1.8351112893690278,-1.8286418618022364,1.8351112893690278,-1.8286418618022364,1.8351112893690278,-1.8286418618022364,0.041947438809465866,1.0059898494169395,-1.587415700736106,1.5815531059007528,-1.587415700736106,1.5815531059007528,0.0,0.0,0.0,0.0,0.0,0.0,0.5778617425848437,0.5778617425848437,0.5778617425848438,0.5882771715036097,0.5882771715036097,0.508790524969191,0.508790524969191
56.0,0.056,0.001,0.499,8.202302550900287,51.59430277381321,0.1431571857579398,0.9004904586738838,1.8648721147035021,-1.8529608863485196,1.8648721147035021,-1.8529608863485196,1.8648721147035021,-1.8529608863485196,0.040331883200752455,1.0075970368734521,-1.615555608713411,1.6071874565127608,-1.615555608713411,1.6071874565127608,0.0,0.0,0.0,0.0,0.0,0.0,0.5882782952121596,0.5882782952121596,0.5882782952121596,0.5986833957103832,0.5986833957103833,0.518142664545714,0.518142664545714
57.0,0.057,0.001,0.499,8.310852060792085,51.48675174905147,0.1450517321069778,0.8986133391778974,1.8945463490380268,-1.8771194959863362,1.8945463490380268,-1.8771194959863362,1.8945463490380268,-1.8771194959863362,0.038688198959783565,1.0092297178159073,-1.643684240968889,1.6326809424550852,-1.643684240968889,1.6326809424550852,0.0,0.0,0.0,0.0,0.0,0.0,0.5986855528963199,0.5986855528963199,0.5986855528963199,0.6090799432761249,0.6090799432761249,0.5275079584735156,0.5275079584735156
58.0,0.058,0.001,0.499,8.421096849783607,51.37782547152146,0.1469758666580463,0.8967122169930576,1.9241345510684884,-1.9011221848398292,1.9241345510684884,-1.9011221848398292,1.9241345510684884,-1.9011221848398292,0.03701639758313386,1.010887748735358,-1.6718013766497017,1.658030919450781,-1.6718013766497017,1.658030919450781,0.0,0.0,0.0,0.0,0.0,0.0,0.6090831683790502,0.6090831683790502,0.6090831683790502,0.6194664691792401,0.6194664691792401,0.5368865497913367,0.5368865497913367
59.0,0.059000000000000004,0.001,0.499,8.533032019223018,51.2675326249368,0.14892950391354173,0.8947872436787583,1.9536372554954458,-1.9249733142993264,1.9536372554954458,-1.9249733142993264,1.9536372554954458,-1.9249733142993264,0.03531649078934026,1.0125709834720311,-1.699906793793603,1.6832347366731732,-1.699906793793603,1.6832347366731732,0.0,0.0,0.0,0.0,0.0,0.0,0.6194707958130711,0.6194707958130711,0.6194707958130711,0.6298426300362094,0.6298426300362094,0.5462785771713516,0.5462785771713516
60.0,0.06,0.001,0.499,8.646652699731908,51.155881650647565,0.1509125588867784,0.8928385665643517,1.9830549732366567,-1.9486771144066308,1.9830549732366567,-1.9486771144066308,1.9830549732366567,-1.9486771144066308,0.03358849052003558,1.0142792732087955,-1.7280002693046745,1.708289736764512,-1.7280002693046745,1.708289736764512,0.0,0.0,0.0,0.0,0.0,0.0,0.6298480909815452,0.6298480909815452,0.629848090981545,0.6402080843123107,0.6402080843123107,0.5556841748717578,0.5556841748717578
61.0,0.061,0.001,0.499,8.761954049854188,51.04288075508958,0.15292494707840695,0.8908663288791625,2.0123881916285504,-1.9722376851891412,2.0123881916285504,-1.9722376851891412,2.0123881916285504,-1.9722376851891412,0.031832408941107455,1.0160124664646553,-1.7560815789281292,1.7331932558596594,-1.7560815789281292,1.7331932558596594,0.0,0.0,0.0,0.0,0.0,0.0,0.6402147115084336,0.6402147115084336,0.6402147115084336,0.6505624925281606,0.6505624925281606,0.5651034726912401,0.5651034726912401
62.0,0.062,0.001,0.499,8.878931254715921,50.92853791716004,0.1549665844530241,0.8888706698812179,2.0416373746171486,-1.9956589979446477,2.0416373746171486,-1.9956589979446477,2.0416373746171486,-1.9956589979446477,0.030048258443883338,1.01777040908827,-1.7841504972241164,1.7579426236147666,-1.7841504972241164,1.7579426236147666,0.0,0.0,0.0,0.0,0.0,0.0,0.6505703170658375,0.6505703170658375,0.6505703170658376,0.6609055174622476,0.6609055174622476,0.5745365959253709,0.5745365959253709
63.0,0.063,0.001,0.499,8.997579524695507,50.81286089552234,0.15703738741596304,0.8868517249847393,2.070802962938925,-2.0189448964785863,2.070802962938925,-2.0189448964785863,2.070802962938925,-2.0189448964785863,0.028236051646342873,1.019552944251511,-1.8122067975404648,1.782535163240897,-1.8122067975404648,1.782535163240897,0.0,0.0,0.0,0.0,0.0,0.0,0.660914569581756,0.660914569581756,0.660914569581756,0.6712368243496328,0.6712368243496328,0.5839836653250112,0.5839836653250112
64.0,0.064,0.001,0.499,9.117894094103692,50.695857235842546,0.1591372727902551,0.8848096258864439,2.0998853742920707,-2.0420990982954863,2.0998853742920707,-2.0420990982954863,2.0998853742920707,-2.0420990982954863,0.02639580139435858,1.0213599124430535,-1.8402502519842927,1.8069681915425466,-1.8402502519842927,1.8069681915425466,0.0,0.0,0.0,0.0,0.0,0.0,0.671247133435065,0.671247133435065,0.671247133435065,0.6815560810769803,0.6815560810769803,0.5934447970567757,0.5934447970567757
65.0,0.065,0.001,0.499,9.239870219872856,50.577534277960154,0.16126615779375372,0.8827445006906975,2.1288850034986107,-2.065125195746287,2.1288850034986107,-2.065125195746287,2.1288850034986107,-2.065125195746287,0.02452752076296616,1.0231911514620144,-1.86828063139242,1.8312390189610064,-1.86828063139242,1.8312390189610064,0.0,0.0,0.0,0.0,0.0,0.0,0.6815676756564452,0.6815676756564452,0.6815676756564452,0.6918629583740844,0.6918629583740844,0.602920102665623,0.602920102665623
66.0,0.066,0.001,0.499,9.363503180255096,50.457899162995616,0.16342396001641152,0.8806564740335644,2.157802222657806,-2.088026657133156,2.157802222657806,-2.088026657133156,2.157802222657806,-2.088026657133156,0.022631223057665652,1.025046496411637,-1.896297705300508,1.8553449496225127,-1.896297705300508,1.8553449496225127,0.0,0.0,0.0,0.0,0.0,0.0,0.691875866118491,0.691875866118491,0.691875866118491,0.7021571300020534,0.7021571300020534,0.6124096890396395,0.6124096890396395
67.0,0.067,0.001,0.499,9.488788273528623,50.3369588403968,0.16561059739770279,0.878545667205791,2.186637381291256,-2.1108068277733993,2.186637381291256,-2.1108068277733993,2.186637381291256,-2.1108068277733993,0.020706921815754797,1.0269257796930282,-1.9243012419108556,1.8792832813911222,-1.9243012419108556,1.8792832813911222,0.0,0.0,0.0,0.0,0.0,0.0,0.7021713777253543,0.7021713777253543,0.7021713777253543,0.7124382729383044,0.7124382729383044,0.6219136583770811,0.6219136583770811
68.0,0.068,0.001,0.499,9.615720816712017,50.21472007492684,0.16782598820418287,0.876412198274767,2.2153908064800936,-2.1334689310240003,2.2153908064800936,-2.1334689310240003,2.2153908064800936,-2.1334689310240003,0.018754630807696016,1.0288288309989544,-1.9522910080587825,1.903051305926248,-1.9522910080587825,1.903051305926248,0.0,0.0,0.0,0.0,0.0,0.0,0.7124538866001082,0.7124538866001082,0.7124538866001081,0.7227060675585198,0.7227060675585198,0.6314321081557351,0.6314321081557351
69.0,0.069,0.001,0.499,9.744296144285908,50.09118945359538,0.17007005100717754,0.8742561822054987,2.244062802994669,-2.1560160692682984,2.244062802994669,-2.1560160692682984,2.244062802994669,-2.1560160692682984,0.016774364038518497,1.0307554773076992,-1.9802667691775167,1.9266463087447887,-1.9802667691775167,1.9266463087447887,0.0,0.0,0.0,0.0,0.0,0.0,0.7227230722660611,0.7227230722660611,0.7227230722660611,0.7329601978157171,0.7329601978157171,0.6409651311046729,0.6409651311046729
70.0,0.07,0.001,0.499,9.874509606921695,49.96637339253544,0.17234270466059462,0.8720777309806325,2.2726536534170796,-2.1784512248662726,2.2726536534170796,-2.1784512248662726,2.2726536534170796,-2.1784512248662726,0.014766135749256979,1.032705542876987,-2.0082282892615178,1.950065569287779,-2.0082282892615178,1.950065569287779,0.0,0.0,0.0,0.0,0.0,0.0,0.7329786178274371,0.7329786178274371,0.7329786178274371,0.7432003514165669,0.7432003514165669,0.650512815178455,0.650512815178455
71.0,0.07100000000000001,0.001,0.499,10.00635657021687,49.840278143827774,0.17464386827885153,0.8698769537195626,2.3011636182569135,-2.200777261069866,2.3011636182569135,-2.200777261069866,2.3011636182569135,-2.200777261069866,0.012729960418428825,1.0346788492379784,-2.0361753308281534,1.9733063609914865,-2.0361753308281534,1.9733063609914865,0.0,0.0,0.0,0.0,0.0,0.0,0.7432202101471637,0.7432202101471637,0.7432202101471636,0.7534262199951044,0.7534262199951045,0.6600752435338573,0.6600752435338573
72.0,0.07200000000000001,0.001,0.499,10.139832413436629,49.712909802274766,0.1769734612149121,0.8676539567966579,2.3295929360605454,-2.2229969229047533,2.3295929360605454,-2.2229969229047533,2.3295929360605454,-2.2229969229047533,0.010665852763551172,1.0366752151893412,-2.0641076548776534,1.9963659513628762,-2.0641076548776534,1.9963659513628762,0.0,0.0,0.0,0.0,0.0,0.0,0.7534475400206818,0.7534475400206818,0.7534475400206818,0.7636374992839635,0.7636374992839635,0.6696524945091847,0.6696524945091847
73.0,0.073,0.001,0.499,10.274932528261381,49.584274312125594,0.1793314030384264,0.865408843958638,2.357941823514322,-2.245112838019923,2.357941823514322,-2.245112838019923,2.357941823514322,-2.245112838019923,0.008573827742699911,1.0386944567914007,-2.09202502085126,2.0192416020593638,-2.09202502085126,2.0192416020593638,0.0,0.0,0.0,0.0,0.0,0.0,0.7636603023479809,0.7636603023479809,0.7636603023479809,0.773833889283259,0.7738338892832589,0.6792446416062388,0.6792446416062388
74.0,0.074,0.001,0.499,10.41165231753984,49.4543774737545,0.18171761351396837,0.8631417164411316,2.3862104755419598,-2.26712751750643,2.3862104755419598,-2.26712751750643,2.3862104755419598,-2.26712751750643,0.0064539005561124185,1.0407363873603734,-2.1199271865874927,2.0419305689727723,-2.1199271865874927,2.0419305689727723,0.0,0.0,0.0,0.0,0.0,0.0,0.7738581963034279,0.7738581963034279,0.7738581963034279,0.784015094427247,0.784015094427247,0.688851753475003,0.688851753475003
75.0,0.075,0.001,0.499,10.54998719404739,49.32322495029389,0.18413201257936485,0.8608526730844449,2.4143990653964678,-2.2890433566866304,2.4143990653964678,-2.2890433566866304,2.4143990653964678,-2.2890433566866304,0.004306086647835968,1.0428008174626908,-2.1478139082764502,2.0644301023174045,-2.1478139082764502,2.0644301023174045,0.0,0.0,0.0,0.0,0.0,0.0,0.7840409255031596,0.7840409255031596,0.7840409255031596,0.7941808237488724,0.7941808237488724,0.6984738939011189,0.6984738939011189
76.0,0.076,0.001,0.499,10.689932579249405,49.19082227422377,0.18657452032411176,0.8585418104485697,2.4425077447468997,-2.310862635875209,2.4425077447468997,-2.310862635875209,2.4425077447468997,-2.310862635875209,0.0021304017074239077,1.044887554909413,-2.17568494041206,2.0867374467221462,-2.17568494041206,2.0867374467221462,0.0,0.0,0.0,0.0,0.0,0.0,0.7942081981700325,0.7942081981700325,0.7942081981700325,0.804330791042322,0.804330791042322,0.7081111217962117,0.7081111217962117
77.0,0.077,0.001,0.499,10.83148390206928,49.05717485391909,0.189045056967872,0.8562092229274564,2.470536643760233,-2.3325875211132767,2.470536643760233,-2.3325875211132767,2.470536643760233,-2.3325875211132767,-7.313832831828959e-05,1.0469964047507394,-2.2035400357421975,2.1088498413265033,-2.2035400357421975,2.1088498413265033,0.0,0.0,0.0,0.0,0.0,0.0,0.8043597272970119,0.8043597272970119,0.8043597272970118,0.8144647150236858,0.8144647150236858,0.7177634911911371,0.7177634911911371
78.0,0.078,0.001,0.499,10.974636597660885,48.92228798015663,0.19154354283905065,0.8538550028625795,2.4984858711786604,-2.3542200648768006,2.4984858711786604,-2.3542200648768006,2.4984858711786604,-2.3542200648768006,-0.0023045172735348765,1.0491271692706199,-2.2313789452165866,2.1307645198804837,-2.2313789452165866,2.1307645198804837,0.0,0.0,0.0,0.0,0.0,0.0,0.8144952308082855,0.8144952308082855,0.8144952308082855,0.8245823194898289,0.8245823194898289,0.7274310512322151,0.7274310512322151
79.0,0.079,0.001,0.499,11.11938610618518,48.786166832582566,0.1940698983534432,0.8514792406558189,2.526355514392576,-2.3757622067606183,2.526355514392576,-2.3757622067606183,2.526355514392576,-2.3757622067606183,-0.004563718691467279,1.0512796479814681,-2.259201417932402,2.152478710848227,-2.259201417932402,2.152478710848227,0.0,0.0,0.0,0.0,0.0,0.0,0.8246144317183771,0.8246144317183771,0.8246144317183771,0.8346833334755679,0.834683333475568,0.737113846180514,0.737113846180514
80.0,0.08,0.001,0.499,11.26572787159082,48.648816486142195,0.19662404399295275,0.8490820248816796,2.554145639509534,-2.3972157741392666,2.554145639509534,-2.3972157741392666,2.554145639509534,-2.3972157741392666,-0.006850725892544757,1.0534536376189834,-2.2870072010774787,2.173989637515283,-2.2870072010774787,2.173989637515283,0.0,0.0,0.0,0.0,0.0,0.0,0.834717058290649,0.834717058290649,0.8347170582906491,0.8447674914092406,0.8447674914092406,0.7468119154142536,0.7468119154142536
81.0,0.081,0.001,0.499,11.413657340398451,48.51024191747315,0.19920590028437218,0.8466634423988738,2.5818562914194407,-2.418582482805846,2.5818562914194407,-2.418582482805846,2.5818562914194407,-2.418582482805846,-0.009165521932415807,1.0556489321370828,-2.31479603987105,2.1952945180994443,-2.31479603987105,2.1952945180994443,0.0,0.0,0.0,0.0,0.0,0.0,0.8448028441912973,0.8448028441912973,0.8448028441912973,0.8548345332667522,0.8548345332667521,0.7565252934343887,0.7565252934343887
82.0,0.082,0.001,0.499,11.563169960488585,48.370448011263065,0.20181538777822844,0.8442235784612837,2.6094874938562533,-2.439863937590138,2.6094874938562533,-2.439863937590138,2.6094874938562533,-2.439863937590138,-0.011508089609917732,1.0578653227029478,-2.3425676775019246,2.2163905658650265,-2.3425676775019246,2.2163905658650265,0.0,0.0,0.0,0.0,0.0,0.0,0.8548715286477351,0.8548715286477351,0.8548715286477351,0.8648842047241717,0.8648842047241717,0.7662540098734439,0.7662540098734439
83.0,0.083,0.001,0.499,11.714261179892786,48.22943956657305,0.20445242702768487,0.8417625168283266,2.6370392494564365,-2.461061632957166,2.6370392494564365,-2.461061632957166,2.6370392494564365,-2.461061632957166,-0.013878411464981748,1.0601025976921883,-2.3703218550640157,2.2372749892404986,-2.3703218550640157,2.2372749892404986,0.0,0.0,0.0,0.0,0.0,0.0,0.8649228565962718,0.8649228565962718,0.8649228565962719,0.8749162573089515,0.8749162573089516,0.7759980895076581,0.7759980895076581
84.0,0.084,0.001,0.499,11.866926445588057,48.08722130312785,0.2071169385674993,0.8392803398747392,2.664511539814434,-2.482176953587416,2.664511539814434,-2.482176953587416,2.664511539814434,-2.482176953587416,-0.01627646977647088,1.0623605426841276,-2.3980583114891325,2.2579449919393615,-2.3980583114891325,2.2579449919393615,0.0,0.0,0.0,0.0,0.0,0.0,0.8749565788387728,0.8749565788387728,0.8749565788387728,0.8849304485498313,0.8849304485498313,0.7857575522725053,0.7857575522725053
85.0,0.085,0.001,0.499,12.021161202294245,47.94379786757381,0.2098088428930347,0.8367771286997993,2.69190432553541,-2.5032111749398847,2.69190432553541,-2.5032111749398847,2.69190432553541,-2.5032111749398847,-0.01870224655994783,1.0646389404572119,-2.4257767834769517,2.2783977730841665,-2.4257767834769517,2.2783977730841665,0.0,0.0,0.0,0.0,0.0,0.0,0.8849724521892617,0.8849724521892617,0.8849724521892616,0.894926542125476,0.8949265421254761,0.7955324132816555,0.7955324132816555
86.0,0.08600000000000001,0.001,0.499,12.176960891274325,47.79917383970543,0.2125280604393202,0.8342529632360001,2.719217546285501,-2.52416546379916,2.719217546285501,-2.52416546379916,2.719217546285501,-2.52416546379916,-0.021155723565369905,1.0669375709845454,-2.4534770054220743,2.298630527333573,-2.4534770054220743,2.298630527333573,0.0,0.0,0.0,0.0,0.0,0.0,0.8949702396248779,0.8949702396248779,0.8949702396248779,0.9049043080119127,0.9049043080119127,0.805322682849437,0.805322682849437
87.0,0.08700000000000001,0.001,0.499,12.334320949137421,47.65335373866149,0.21527451156016003,0.8317079223571924,2.746451120839833,-2.545040878807714,2.746451120839833,-2.545040878807714,2.746451120839833,-2.545040878807714,-0.02363688227470799,1.0692562114295578,-2.4811587093380867,2.318640445012341,-2.4811587093380867,2.318640445012341,0.0,0.0,0.0,0.0,0.0,0.0,0.9049497104331834,0.9049497104331834,0.9049497104331834,0.9148635226287876,0.9148635226287875,0.8151283665168618,0.8151283665168618
88.0,0.088,0.001,0.499,12.493236806644491,47.50634202909135,0.21804811650728856,0.8291420839862078,2.7736049471285393,-2.56583837098459,2.7736049471285393,-2.56583837098459,2.7736049471285393,-2.56583837098459,-0.026145703899486523,1.071594636141802,-2.5088216247785318,2.338424712244149,-2.5088216247785318,2.338424712244149,0.0,0.0,0.0,0.0,0.0,0.0,0.9149106403582292,0.9149106403582292,0.9149106403582292,0.9248039689844924,0.9248039689844922,0.8249494650812762,0.8249494650812762
89.0,0.089,0.001,0.499,12.653703887516526,47.35814312729239,0.2208487954095696,0.8265555252019762,2.8006789022810277,-2.586558784231675,2.8006789022810277,-2.586558784231675,2.8006789022810277,-2.586558784231675,-0.028682169378241234,1.0739526166528892,-2.53646547875471,2.357980511087137,-2.53646547875471,2.357980511087137,0.0,0.0,0.0,0.0,0.0,0.0,0.9248528117460519,0.9248528117460519,0.9248528117460519,0.9347254368201809,0.9347254368201809,0.8347859746296962,0.8347859746296962
90.0,0.09,0.001,0.499,12.815717607245206,47.208761407318946,0.22367646825223833,0.8239483223461475,2.8276728426687323,-2.6072028558287403,2.8276728426687323,-2.6072028558287403,2.8276728426687323,-2.6072028558287403,-0.031246259373891448,1.0763299216725613,-2.5640899956502134,2.3773050196720678,-2.5640899956502134,2.3773050196720678,0.0,0.0,0.0,0.0,0.0,0.0,0.93477601368872,0.93477601368872,0.93477601368872,0.9446277227526941,0.9446277227526941,0.844637886575886,0.844637886575886
91.0,0.091,0.001,0.499,12.97927337190593,47.05820120706356,0.22653105485618494,0.821320551129229,2.8545866039465975,-2.627771216918448,2.8545866039465975,-2.627771216918448,2.8545866039465975,-2.627771216918448,-0.03383795427102357,1.0787263170849042,-2.5916948971321174,2.3963954123429994,-2.5916948971321174,2.3963954123429994,0.0,0.0,0.0,0.0,0.0,0.0,0.9446800421692194,0.9446800421692194,0.9446800421692194,0.9545106304164068,0.9545106304164068,0.8545051877012407,0.8545051877012407
92.0,0.092,0.001,0.499,13.14436657697317,46.90646683431089,0.22941247485727848,0.8186722867362465,2.881420001093528,-2.648264392982515,2.881420001093528,-2.648264392982515,2.881420001093528,-2.648264392982515,-0.036457234173082304,1.0811415659447046,-2.619279902058732,2.4152488598003674,-2.619279902058732,2.4152488598003674,0.0,0.0,0.0,0.0,0.0,0.0,0.954564700201117,0.954564700201117,0.954564700201117,0.9643739706039939,0.9643739706039939,0.8643878601995268,0.8643878601995268
93.0,0.093,0.001,0.499,13.310992606138095,46.75356257276478,0.23232064768573052,0.8160036039319363,2.9081728284520483,-2.668682804310238,2.9081728284520483,-2.668682804310238,2.9081728284520483,-2.668682804310238,-0.039104078899466134,1.083575428473951,-2.646844726383833,2.4338625292463725,-2.646844726383833,2.4338625292463725,0.0,0.0,0.0,0.0,0.0,0.0,0.9644297979699684,0.9644297979699684,0.9644297979699684,0.9742175614061181,0.9742175614061181,0.8742858817255388,0.8742858817255388
94.0,0.094,0.001,0.499,13.479146830128432,46.599492688048876,0.23525549254549794,0.8133145771654757,2.934844859767417,-2.6890267664605916,2.934844859767417,-2.6890267664605916,2.934844859767417,-2.6890267664605916,-0.04177846798252342,1.0860276620584834,-2.6743890830572905,2.45223358453257,-2.6743890830572905,2.45223358453257,0.0,0.0,0.0,0.0,0.0,0.0,0.9742751529753173,0.9742751529753173,0.9742751529753173,0.98404122835002,0.98404122835002,0.8841992254477269,0.8841992254477269
95.0,0.095,0.001,0.499,13.648824605530551,46.44426143368106,0.23821692839372435,0.8106052806747566,2.9614358482264294,-2.7092964907191175,2.9614358482264294,-2.7092964907191175,2.9614358482264294,-2.7092964907191175,-0.04448038066444543,1.088498021244793,-2.701912681922003,2.470359186309561,-2.701912681922003,2.470359186309561,0.0,0.0,0.0,0.0,0.0,0.0,0.9841005901655413,0.9841005901655413,0.9841005901655413,0.9938448045369824,0.9938448045369824,0.8941278601048495,0.8941278601048495
96.0,0.096,0.001,0.499,13.820021273613776,46.28787305702193,0.24120487392022052,0.8078757885902057,2.9879455264961634,-2.7294920845508304,2.9879455264961634,-2.7294920845508304,2.9879455264961634,-2.7294920845508304,-0.047209795894052484,1.0909862577369718,-2.729415229607057,2.488236492178682,-2.729415229607057,2.488236492178682,0.0,0.0,0.0,0.0,0.0,0.0,0.9939059420802214,0.9939059420802214,0.9939059420802214,1.0036281307786543,1.0036281307786543,0.9040717500667005,0.9040717500667005
97.0,0.097,0.001,0.499,13.992732159156917,46.13033180519747,0.24421924752698343,0.8051261750381553,3.014373606762905,-2.74961355205038,3.014373606762905,-2.74961355205038,3.014373606762905,-2.74961355205038,-0.049966692323469515,1.0934921203938173,-2.7568964294170297,2.505862656845598,-2.7568964294170297,2.505862656845598,0.0,0.0,0.0,0.0,0.0,0.0,1.003691048981988,1.003691048981988,1.003691048981988,1.0133910557321706,1.0133910557321706,0.9140308553989682,0.9140308553989682
98.0,0.098,0.001,0.499,14.16695256927707,45.971641930996036,0.24725996730775493,0.8023565142437646,3.0407197807715067,-2.76966079439072,3.0407197807715067,-2.76966079439072,3.0407197807715067,-2.76966079439072,-0.052751048304686875,1.096015355226093,-2.784355981217357,2.5232348322757,-2.784355981217357,2.5232348322757,0.0,0.0,0.0,0.0,0.0,0.0,1.0134557589946953,1.0134557589946953,1.0134557589946953,1.0231334360340378,1.0231334360340378,0.9240051319322684,0.9240051319322684
99.0,0.099,0.001,0.499,14.342677792260693,45.811807698739635,0.25032695102762037,0.7995668806334931,3.0669837198654317,-2.789633610271542,3.0669837198654317,-2.789633610271542,3.0669837198654317,-2.789633610271542,-0.05556284188600255,1.098555705393944,-2.8117935813156736,2.540350167851209,-2.8117935813156736,2.540350167851209,0.0,0.0,0.0,0.0,0.0,0.0,1.0231999282373194,1.0231999282373194,1.0231999282373194,1.032855136432715,1.0328551364327148,0.9339945313354066,0.9339945313354066
100.0,0.1,0.001,0.499,14.519903096397048,45.65083339012947,0.2534201161026481,0.7967573489371244,3.0931650750277293,-2.809531696368758,3.0931650750277293,-2.809531696368758,3.0931650750277293,-2.809531696368758,-0.05840205080834161,1.101112911204474,-2.839208922339065,2.557205810529899,-2.839208922339065,2.557205810529899,0.0,0.0,0.0,0.0,0.0,0.0,1.0329234209534617,1.0329234209534617,1.0329234209534617,1.0425560299198227,1.0425560299198227,0.9439990011929106,0.9439990011929106
101.0,0.101,0.001,0.499,14.69862372881405,45.488723310065595,0.2565393795795713,0.793927994289338,3.119263476923207,-2.829354647786308,3.119263476923207,-2.829354647786308,3.119263476923207,-2.829354647786308,-0.06126865250144875,1.1036867101094794,-2.866601693107134,2.573798905005342,-2.866601693107134,2.573798905005342,0.0,0.0,0.0,0.0,0.0,0.0,1.0426261096468379,1.0426261096468379,1.0426261096468377,1.0522359978599047,1.0522359978599047,0.9540184850868838,0.9540184850868838
102.0,0.10200000000000001,0.001,0.499,14.878834914316617,45.32548179244042,0.25968465811551333,0.7910788923308264,3.145278535942053,-2.8491019585116075,3.145278535942053,-2.8491019585116075,3.145278535942053,-2.8491019585116075,-0.06416262407994958,1.106276836703348,-2.8939715785008238,2.5901265938685887,-2.8939715785008238,2.5901265938685887,0.0,0.0,0.0,0.0,0.0,0.0,1.0523078752086545,1.0523078752086545,1.0523078752086543,1.0618949301186524,1.0618949301186524,0.9640529226832188,0.9640529226832188
103.0,0.10300000000000001,0.001,0.499,15.060531854227612,45.161113205905934,0.2628558679577585,0.7882101193089505,3.1712098422451813,-2.868773021875947,3.1712098422451813,-2.868773021875947,3.1712098422451813,-2.868773021875947,-0.06708394233927648,1.1088830227211193,-2.921318259326906,2.606186017771202,-2.921318259326906,2.606186017771202,0.0,0.0,0.0,0.0,0.0,0.0,1.0619686070463412,1.0619686070463412,1.0619686070463414,1.071532725189488,1.071532725189488,0.9741022498222156,0.9741022498222156
104.0,0.10400000000000001,0.001,0.499,15.243709725231517,44.99562195961411,0.2660529249235701,0.7853217521779293,3.197056965811554,-2.8883671310211807,3.197056965811554,-2.8883671310211807,3.197056965811554,-2.8883671310211807,-0.07003258375145455,1.1115049970367088,-2.948641412178076,2.6219743155895516,-2.948641412178076,2.6219743155895516,0.0,0.0,0.0,0.0,0.0,0.0,1.071608203209662,1.071608203209662,1.071608203209662,1.0811492903184086,1.0811492903184086,0.9841663986136415,0.9841663986136415
105.0,0.105,0.001,0.499,15.428363678220911,44.82901250893016,0.26927574438005786,0.7824138686985552,3.2228194564877684,-2.907883479374056,3.2228194564877684,-2.907883479374056,3.2228194564877684,-2.907883479374056,-0.07300852446074312,1.1141424856612991,-2.975940709288573,2.637488624590298,-2.975940709288573,2.637488624590298,0.0,0.0,0.0,0.0,0.0,0.0,1.0812265705163393,1.0812265705163393,1.0812265705163393,1.0907445416269583,1.090744541626958,0.9942452975362778,0.9942452975362778
106.0,0.106,0.001,0.499,15.61448883714598,44.6612893611181,0.272524241224098,0.7794865475374256,3.2484968440401722,-2.9273211611295475,3.2484968440401722,-2.9273211611295475,3.2484968440401722,-2.9273211611295475,-0.07601174027912838,1.1167952117418962,-3.0032158183852626,2.6527260805969815,-3.0032158183852626,2.6527260805969815,0.0,0.0,0.0,0.0,0.0,0.0,1.090823624674669,1.090823624674669,1.090823624674669,1.1003184042332121,1.1003184042332121,1.0043388715419812,1.0043388715419812
107.0,0.107,0.001,0.499,15.802080297867139,44.49245708099803,0.27579832986230784,0.776539868365681,3.274088638209799,-2.946679171744585,3.274088638209799,-2.946679171744585,3.274088638209799,-2.946679171744585,-0.0790422066816625,1.1194628955600539,-3.030466402534114,2.6676838181576477,-3.030466402534114,2.6676838181576477,0.0,0.0,0.0,0.0,0.0,0.0,1.1003992904040567,1.1003992904040567,1.1003992904040567,1.109870812370623,1.109870812370623,1.0144470421643,1.0144470421643
108.0,0.108,0.001,0.499,15.991133127010984,44.32252029657443,0.27909792419107826,0.7735739119572375,3.2995943287704006,-2.9659564084435743,3.2995943287704006,-2.9659564084435743,3.2995943287704006,-2.9659564084435743,-0.08209989880164449,1.1221452545307673,-3.057692119982002,2.682358970713433,-3.057692119982002,2.682358970713433,0.0,0.0,0.0,0.0,0.0,0.0,1.109953501554715,1.109953501554715,1.109953501554715,1.1194017095045785,1.1194017095045785,1.0245697276316783,1.0245697276316783
109.0,0.109,0.001,0.499,16.18164236082979,44.15148370463477,0.28242293757666814,0.7705887602865004,3.3250133855898727,-2.985151670737132,3.3250133855898727,-2.985151670737132,3.3250133855898727,-2.985151670737132,-0.08518479142563827,1.1248420032015354,-3.084892623993778,2.696748670768044,-3.084892623993778,2.696748670768044,0.0,0.0,0.0,0.0,0.0,0.0,1.1194862012229148,1.1194862012229148,1.1194862012229148,1.1289110484465172,1.1289110484465172,1.0347068429852748,1.0347068429852748
110.0,0.11,0.001,0.499,16.3736030040647,43.9793520763175,0.2857732828353635,0.7675844966255448,3.3503452586953704,-3.0042636609554685,3.3503452586953704,-3.0042636609554685,3.3503452586953704,-3.0042636609554685,-0.08829685898832282,1.1275528532515935,-3.112067562684546,2.7108500500580712,-3.112067562684546,2.7108500500580712,0.0,0.0,0.0,0.0,0.0,0.0,1.1289973418659736,1.1289973418659736,1.1289973418659736,1.138398791465421,1.1383987914654212,1.044858300201427,1.044858300201427
111.0,0.111,0.001,0.499,16.567010028812913,43.80613026264863,0.28914887221370594,0.7645612056407469,3.375589378342411,-3.0232909847978764,3.375589378342411,-3.0232909847978764,3.375589378342411,-3.0232909847978764,-0.0914360755671699,1.1302775134913177,-3.139216578847088,2.724660239724069,-3.139216578847088,2.724660239724069,0.0,0.0,0.0,0.0,0.0,0.0,1.1384868854129835,1.1384868854129835,1.1384868854129835,1.147864910396503,1.147864910396503,1.055024008318789,1.055024008318789
112.0,0.112,0.001,0.499,16.761858373399033,43.631823200045766,0.2925496173687942,0.7615189734888471,3.4007451550882712,-3.0422321518997975,3.4007451550882712,-3.0422321518997975,3.4007451550882712,-3.0422321518997975,-0.09460241487694428,1.1330156898618,-3.1663393097743784,2.738176370482352,-3.1663393097743784,2.738176370482352,0.0,0.0,0.0,0.0,0.0,0.0,1.1479548033740559,1.1479548033740559,1.1479548033740556,1.1573093867468993,1.1573093867468993,1.0652038735701634,1.0652038735701634
113.0,0.113,0.001,0.499,16.95814294125094,43.45643591578859,0.2959754293486642,0.7584578879124282,3.425811979869995,-3.0610855764189506,3.425811979869995,-3.0610855764189506,3.425811979869995,-3.0610855764189506,-0.09779585026402142,1.1357670854345974,-3.1934353870771464,2.7513955727974513,-3.1934353870771464,2.7513955727974513,0.0,0.0,0.0,0.0,0.0,0.0,1.1574010769443839,1.1574010769443839,1.1574010769443839,1.166732211798154,1.1667322117981538,1.0753977995190527,1.0753977995190527
114.0,0.114,0.001,0.499,17.155858599780366,43.27997353345455,0.29942621857275153,0.7553780383347861,3.4507892240873206,-3.079849577642035,3.4507892240873206,-3.079849577642035,3.4507892240873206,-3.079849577642035,-0.10101635470051784,1.1385314004116525,-3.220504436496422,2.764314977055183,-3.220504436496422,2.764314977055183,0.0,0.0,0.0,0.0,0.0,0.0,1.1668256971093913,1.1668256971093913,1.1668256971093913,1.176133386705287,1.1761333867052868,1.085605687200944,1.085605687200944
115.0,0.115,0.001,0.499,17.355000179268554,43.10244127831857,0.3029018948124424,0.7522795159541726,3.475676239690858,-3.098522380613525,3.475676239690858,-3.098522380613525,3.475676239690858,-3.098522380613525,-0.10426390077822888,1.1413083321253887,-3.247546077711031,2.7769317137362868,-3.247546077711031,2.7769317137362868,0.0,0.0,0.0,0.0,0.0,0.0,1.176228664739523,1.176228664739523,1.176228664739523,1.185512922592211,1.1855129225922112,1.0958274352693567,1.0958274352693567
116.0,0.116,0.001,0.499,17.55556247175726,42.92384448271532,0.3064023671717182,0.7491624138373846,3.5004723592758356,-3.1171021167880992,3.5004723592758356,-3.1171021167880992,3.5004723592758356,-3.1171021167880992,-0.10753846070236887,1.1440975750389792,-3.2745599241399908,2.789242913590589,-3.2745599241399908,2.789242913590589,0.0,0.0,0.0,0.0,0.0,0.0,1.185609990689126,1.185609990689126,1.185609990689126,1.194870840643263,1.1948708406432633,1.106062940146647,1.106062940146647
117.0,0.117,0.001,0.499,17.7575402299455,42.74418859136271,0.30992754406789996,0.7460268270126763,3.525176896181757,-3.135586824708251,3.525176896181757,-3.135586824708251,3.525176896181757,-3.135586824708251,-0.11084000628510864,1.146898820746791,-3.301545582739764,2.8012457078116615,-3.301545582739764,2.8012457078116615,0.0,0.0,0.0,0.0,0.0,0.0,1.1949696958855633,1.1949696958855633,1.1949696958855633,1.204207172190601,1.2042071721906007,1.1163120961796082,1.1163120961796082
118.0,0.11800000000000001,0.001,0.499,17.960928166092337,42.56347916664501,0.31347733321249827,0.7428728525619677,3.549789144598296,-3.153974450708657,3.549789144598296,-3.153974450708657,3.549789144598296,-3.153974450708657,-0.11416850893890497,1.149711757975003,-3.3285026537963383,2.8129372282119363,-3.3285026537963383,2.8129372282119363,0.0,0.0,0.0,0.0,0.0,0.0,1.2043078114169699,1.2043078114169699,1.2043078114169696,1.2135219587972024,1.2135219587972024,1.126574795799849,1.126574795799849
119.0,0.11900000000000001,0.001,0.499,18.16572095092612,42.381721893853985,0.317051641592176,0.7397005897123188,3.574308379677783,-3.172262849648877,3.574308379677783,-3.172262849648877,3.574308379677783,-3.172262849648877,-0.11752393966961706,1.1525360725824012,-3.355430730712095,2.8243146073982563,-3.355430730712095,2.8243146073982563,0.0,0.0,0.0,0.0,0.0,0.0,1.2136243786157195,1.2136243786157195,1.2136243786157195,1.2228152523351965,1.2228152523351965,1.1368509296889784,1.1368509296889784
120.0,0.12,0.001,0.499,18.371913212560564,42.19892258638634,0.32065037544983066,0.7365101399266428,3.598733857654618,-3.190449785675984,3.598733857654618,-3.190449785675984,3.598733857654618,-3.190449785675984,-0.12090626906940449,1.155371447561349,-3.382329399787435,2.8353749789478355,-3.382329399787435,2.8353749789478355,0.0,0.0,0.0,0.0,0.0,0.0,1.2229194491341928,1.2229194491341928,1.2229194491341928,1.232087115059253,1.232087115059253,1.1471403869485883,1.1471403869485883
121.0,0.121,0.001,0.499,18.579499535418098,42.015087190895635,0.3242734402658026,0.7333016069936241,3.623064815971974,-3.208532933018727,3.623064815971974,-3.208532933018727,3.623064815971974,-3.208532933018727,-0.12431546730940163,1.1582175630389335,-3.4091982399971377,2.8461154775846094,-3.4091982399971377,2.8461154775846094,0.0,0.0,0.0,0.0,0.0,0.0,1.2321930850206373,1.2321930850206373,1.2321930850206373,1.2413376196747232,1.2413376196747232,1.1574430552750417,1.1574430552750417
122.0,0.122,0.001,0.499,18.788474459160913,41.83022179239687,0.3279207407392188,0.7300750971168093,3.6473004734161343,-3.226509876814842,3.6473004734161343,-3.226509876814842,3.6473004734161343,-3.226509876814842,-0.12775150413216305,1.1610740962782895,-3.436036822761428,2.856533239355964,-3.436036822761428,2.856533239355964,0.0,0.0,0.0,0.0,0.0,0.0,1.2414453587847223,1.2414453587847223,1.2414453587847223,1.2505668494002478,1.2505668494002478,1.1677588211390617,1.1677588211390617
123.0,0.123,0.001,0.499,18.998832477630124,41.644332619321595,0.3315921807694776,0.7268307190028361,3.671440030258837,-3.2443781139731342,3.671440030258837,-3.2443781139731342,3.671440030258837,-3.2443781139731342,-0.13121434884387478,1.1639407216800994,-3.4628447117117336,2.8666254018098356,-3.4628447117117336,2.8666254018098356,0.0,0.0,0.0,0.0,0.0,0.0,1.250676353460802,1.250676353460802,1.2506763534608023,1.259774898024508,1.259774898024508,1.1780875699701194,1.1780875699701194
124.0,0.124,0.001,0.499,19.210568037793646,41.45742604852159,0.3352876634378856,0.7235685839487642,3.695482668407974,-3.2621350540719627,3.695482668407974,-3.2621350540719627,3.695482668407974,-3.2621350540719627,-0.1347039703063259,1.1668171107842715,-3.489621462451113,2.8763891041721696,-3.489621462451113,2.8763891041721696,0.0,0.0,0.0,0.0,0.0,0.0,1.2598861626634006,1.2598861626634006,1.2598861626634006,1.268961869956805,1.268961869956805,1.1884291863456091,1.1884291863456091
125.0,0.125,0.001,0.499,19.42367553870311,41.26950861021887,0.3390070909894526,0.7202888059284684,3.7194275515670285,-3.2797780202957605,3.7194275515670285,-3.2797780202957605,3.7194275515670285,-3.2797780202957605,-0.13822033692863522,1.1697029322717962,-3.516366622309348,2.885821487524748,-3.516366622309348,2.885821487524748,0.0,0.0,0.0,0.0,0.0,0.0,1.2690748906394558,1.2690748906394558,1.2690748906394558,1.278127880271138,1.2781278802711382,1.1987835541848073,1.1987835541848073
126.0,0.126,0.001,0.499,19.638149330460532,41.08058699289976,0.3427503648148562,0.7169915016780573,3.7432738254036053,-3.297304250411229,3.7432738254036053,-3.297304250411229,3.7432738254036053,-3.297304250411229,-0.1417634166587279,1.1725978519667797,-3.543079730092687,2.8949196949833813,-3.543079730092687,2.8949196949833813,0.0,0.0,0.0,0.0,0.0,0.0,1.27824265230799,1.27824265230799,1.27824265230799,1.287273054743438,1.2872730547434377,1.2091505569475927,1.2091505569475927
127.0,0.127,0.001,0.499,19.853983713195078,40.890668048150665,0.34651738543258365,0.7136767907802724,3.767020617727435,-3.314710897784846,3.767020617727435,-3.314710897784846,3.767020617727435,-3.314710897784846,-0.14533317697455614,1.1755015328386562,-3.5697603158282383,2.9036808718764786,-3.5697603158282383,2.9036808718764786,0.0,0.0,0.0,0.0,0.0,0.0,1.2873895733014342,1.2873895733014342,1.2873895733014342,1.2963975298816153,1.2963975298816153,1.2195300778379186,1.2195300778379186
128.0,0.128,0.001,0.499,20.07117293605069,40.69975879543311,0.35030805247126184,0.710344795747829,3.7906670386782215,-3.3319950324433205,3.7906670386782215,-3.3319950324433205,3.7906670386782215,-3.3319950324433205,-0.14892958487505917,1.1784136350045802,-3.5964079005030167,2.9121021659240087,-3.5964079005030167,2.9121021659240087,0.0,0.0,0.0,0.0,0.0,0.0,1.2965157899911037,1.2965157899911037,1.296515789991104,1.305501452948064,1.305501452948064,1.2299220000120095,1.2299220000120095
129.0,0.129,0.001,0.499,20.28971119618501,40.50786642679541,0.35412226465218555,0.7069956421056505,3.8142121809237097,-3.3491536421786345,3.8142121809237097,-3.3491536421786345,3.8142121809237097,-3.3491536421786345,-0.1525526068708568,1.181333815731997,-3.6230219957976404,2.9201807274168665,-3.6230219957976404,2.9201807274168665,0.0,0.0,0.0,0.0,0.0,0.0,1.3056214495115306,1.3056214495115306,1.3056214495115306,1.3145849819742605,1.3145849819742603,1.2403262067912666,1.2403262067912666
130.0,0.13,0.001,0.499,20.509592637780237,40.31499831151843,0.3579599197720539,0.7036294584719511,3.837655119868348,-3.3661836336992925,3.837655119868348,-3.3661836336992925,3.837655119868348,-3.3661836336992925,-0.15620220897467152,1.1842617294413937,-3.6496021038146953,2.9279137093966723,-3.6496021038146953,2.9279137093966723,0.0,0.0,0.0,0.0,0.0,0.0,1.314706709774945,1.314706709774945,1.314706709774945,1.323648285767092,1.323648285767092,1.2507425818798472,1.2507425818798472
131.0,0.131,0.001,0.499,20.73081135106663,40.12116200069262,0.3618209146859268,0.7002463766381217,3.86099491387292,-3.3830818338293978,3.86099491387292,-3.3830818338293978,3.86099491387292,-3.3830818338293978,-0.1598783566914733,1.1871970277092299,-3.676147716801776,2.935298267836026,-3.676147716801776,2.935298267836026,0.0,0.0,0.0,0.0,0.0,0.0,1.323771739473112,1.323771739473112,1.323771739473112,1.3326915439065325,1.3326915439065328,1.2611710095868889,1.2611710095868889
132.0,0.132,0.001,0.499,20.9533613713592,39.926365231723544,0.3657051452904123,0.6968465316473645,3.884230604485522,-3.3998449907571597,3.884230604485522,-3.3998449907571597,3.884230604485522,-3.3998449907571597,-0.16358101500834252,1.1901393592710492,-3.702658316869222,2.9423315618192514,-3.702658316869222,2.9423315618192514,0.0,0.0,0.0,0.0,0.0,0.0,1.3328167180795285,1.3328167180795285,1.3328167180795285,1.3417149467342953,1.3417149467342953,1.2716113750533475,1.2716113750533475
133.0,0.133,0.001,0.499,21.17723667810831,39.73061593276287,0.3696125065070966,0.6934300618720302,3.907361216684261,-3.416469775334424,3.907361216684261,-3.416469775334424,3.907361216684261,-3.416469775334424,-0.1673101483840451,1.1930883700247727,-3.729133375702572,2.949010753723658,-3.729133375702572,2.949010753723658,0.0,0.0,0.0,0.0,0.0,0.0,1.341841835833894,1.341841835833894,1.341841835833894,1.350718695333071,1.350718695333071,1.2820635644834049,1.2820635644834049
134.0,0.134,0.001,0.499,21.402431193964897,39.53392222706201,0.3735428922662286,0.6899971090896013,3.9303857591320366,-3.432952782428789,3.9303857591320366,-3.432952782428789,3.9303857591320366,-3.432952782428789,-0.17106572073831486,1.1960437030341742,-3.7555723542697668,2.9553330094013712,-3.7555723542697668,2.9553330094013712,0.0,0.0,0.0,0.0,0.0,0.0,1.350847293721662,1.350847293721662,1.350847293721662,1.3597030014959688,1.359703001495969,1.2925274653804069,1.2925274653804069
135.0,0.135,0.001,0.499,21.62893878386099,39.33629243724507,0.3774961954906724,0.6865478185572714,3.953303224443789,-3.4492905323298655,3.953303224443789,-3.4492905323298655,3.953303224443789,-3.4492905323298655,-0.17484769544083797,1.199004998532536,-3.7819747025231245,2.9612954983617636,-3.7819747025231245,2.9612954983617636,0.0,0.0,0.0,0.0,0.0,0.0,1.3598333034426286,1.3598333034426286,1.3598333034426286,1.368668087685763,1.368668087685763,1.3030029667872847,1.3030029667872847
136.0,0.136,0.001,0.499,21.856753254106255,39.13773508949814,0.381472308080139,0.6830823390850602,3.976112589466562,-3.4654794722111903,3.976112589466562,-3.4654794722111903,3.976112589466562,-3.4654794722111903,-0.17865603529993412,1.2019718939264905,-3.8083398590961366,2.9668953939545393,-3.8083398590961366,2.9668953939545393,0.0,0.0,0.0,0.0,0.0,0.0,1.3688000873695791,1.3688000873695791,1.3688000873695791,1.377614186983558,1.377614186983558,1.3134899595314071,1.3134899595314071
137.0,0.137,0.001,0.499,22.0858683515014,38.938258917671476,0.3854711208957117,0.6796008231074109,3.9988128155727503,-3.481515977649294,3.9988128155727503,-3.481515977649294,3.9988128155727503,-3.481515977649294,-0.18249070255092925,1.204944023800044,-3.8346672509951176,2.9721298735535213,-3.8346672509951176,2.9721298735535213,0.0,0.0,0.0,0.0,0.0,0.0,1.3777478784965964,1.3777478784965964,1.3777478784965964,1.386541543026477,1.386541543026477,1.323988336473808,1.323988336473808
138.0,0.138,0.001,0.499,22.31627776246909,38.7378728672913,0.38949252374467863,0.6761034267532096,4.021402848966881,-3.4973963542013715,4.021402848966881,-3.4973963542013715,4.021402848966881,-3.4973963542013715,-0.186351658844215,1.207921019918785,-3.860956293285759,2.9769961187411997,-3.860956293285759,2.9769961187411997,0.0,0.0,0.0,0.0,0.0,0.0,1.3866769203742915,1.3866769203742915,1.3866769203742915,1.395450409933971,1.395450409933971,1.334497992762736,1.334497992762736
139.0,0.139,0.001,0.499,22.547975112203268,38.536586099477795,0.3935364053656849,0.6725903099141666,4.043881621006275,-3.5131168390429797,4.043881621006275,-3.5131168390429797,4.043881621006275,-3.5131168390429797,-0.19023886523298963,1.2109025112342793,-3.887206388774639,2.981491315494092,-3.887206388774639,2.981491315494092,0.0,0.0,0.0,0.0,0.0,0.0,1.39558746703757,1.39558746703757,1.39558746703757,1.4043410522223787,1.4043410522223787,1.3450188260914508,1.3450188260914508
140.0,0.14,0.001,0.499,22.780953963837685,38.33440799476574,0.39760265341422085,0.6690616363114994,4.066248048535926,-3.5286736026671304,4.066248048535926,-3.5286736026671304,4.066248048535926,-3.5286736026671304,-0.19415228216067537,1.2138881238886483,-3.913416927685746,2.985612654368985,-3.913416927685746,2.985612654368985,0.0,0.0,0.0,0.0,0.0,0.0,1.4044797829170963,1.4044797829170963,1.4044797829170963,1.4132137447073168,1.4132137447073168,1.355550736960205,1.355550736960205
141.0,0.14100000000000001,0.001,0.499,23.01520781763439,38.131348156824195,0.40169115444845876,0.6655175735608533,4.088501034237932,-3.5440627506461118,4.088501034237932,-3.5440627506461118,4.088501034237932,-3.5440627506461118,-0.19809186944800744,1.2168774812193384,-3.9395872873320754,2.98935733069012,-3.9395872873320754,2.98935733069012,0.0,0.0,0.0,0.0,0.0,0.0,1.413354142742408,1.413354142742408,1.413354142742408,1.4220687723935364,1.4220687723935364,1.3660936289423402,1.3660936289423402
142.0,0.14200000000000002,0.001,0.499,23.250730110193157,37.927416416071544,0.40580179391545457,0.661958293235396,4.110639466995784,-3.5592803254573075,4.110639466995784,-3.5592803254573075,4.110639466995784,-3.5592803254573075,-0.2020575862797898,1.2198702037640758,-3.9657168317823728,2.9927225447373877,-3.9657168317823728,2.9927225447373877,0.0,0.0,0.0,0.0,0.0,0.0,1.4222108314306938,1.4222108314306938,1.4222108314306938,1.430906430351858,1.430906430351858,1.3766474089544103,1.3766474089544103
143.0,0.14300000000000002,0.001,0.499,23.4875142136826,37.72262283318224,0.4099344561377284,0.6583839709270218,4.132662222273835,-3.5743223083742324,4.132662222273835,-3.5743223083742324,4.132662222273835,-3.5743223083742324,-0.2060493911913129,1.2228659092660115,-3.991804911523087,2.9957055019356065,-3.991804911523087,2.9957055019356065,0.0,0.0,0.0,0.0,0.0,0.0,1.4310501439605023,1.4310501439605023,1.4310501439605023,1.439727023582799,1.4397270235827992,1.3872119875302538,1.3872119875302538
144.0,0.14400000000000002,0.001,0.499,23.725553435093975,37.51697770248139,0.41408902430024064,0.6547947863055978,4.154568162512233,-3.5891846214239367,4.154568162512233,-3.5891846214239367,4.154568162512233,-3.5891846214239367,-0.21006724205442853,1.2258642126790564,-4.017850863115624,2.99830341304496,-4.017850863115624,2.99830341304496,0.0,0.0,0.0,0.0,0.0,0.0,1.4398723852393607,1.4398723852393607,1.4398723852393607,1.4485308668665504,1.4485308668665504,1.3977872790989259,1.3977872790989259
145.0,0.145,0.001,0.499,23.964841015518438,37.31049155522328,0.4182653804377782,0.651190923176186,4.176356137537602,-3.603863129411866,4.176356137537602,-3.603863129411866,4.176356137537602,-3.603863129411866,-0.2141110960632775,1.2288647261734091,-4.043854008848969,3.0005134943526657,-4.043854008848969,3.0005134943526657,0.0,0.0,0.0,0.0,0.0,0.0,1.4486778699464071,1.4486778699464071,1.4486778699464071,1.4573182845989063,1.457318284598906,1.4083732022663944,1.4083732022663944
146.0,0.146,0.001,0.499,24.20537012944882,37.10317516275002,0.42246340542276795,0.6475725695341707,4.1980249849897255,-3.6183536420151907,4.1980249849897255,-3.6183536420151907,4.1980249849897255,-3.6183536420151907,-0.21818090971966528,1.231867059141275,-4.06981365638779,3.002332967865958,-4.06981365638779,3.002332967865958,0.0,0.0,0.0,0.0,0.0,0.0,1.4574669223732972,1.4574669223732972,1.4574669223732972,1.4660896106128407,1.4660896106128407,1.4189696801009042,1.4189696801009042
147.0,0.147,0.001,0.499,24.44713388410674,36.89503953952623,0.42668297895353247,0.6439399176182252,4.219573530764497,-3.6326519159455324,4.219573530764497,-3.6326519159455324,4.219573530764497,-3.6326519159455324,-0.22227663881808135,1.2348708182027814,-4.0957290984160855,3.003759061506467,-4.0957290984160855,3.003759061506467,0.0,0.0,0.0,0.0,0.0,0.0,1.4662398762407658,1.4662398762407658,1.4662398762407658,1.4748451879853566,1.4748451879853566,1.4295766404218941,1.4295766404218941
148.0,0.148,0.001,0.499,24.69012531879606,36.6860959460458,0.4309239795430058,0.6402931639610433,4.241000589473346,-3.6467536571819408,4.241000589473346,-3.6467536571819408,4.241000589473346,-3.6467536571819408,-0.22639823843035786,1.2378756072120876,-4.121599612276505,3.004789009306072,-4.121599612276505,3.004789009306072,0.0,0.0,0.0,0.0,0.0,0.0,1.4749970745065866,1.4749970745065866,1.4749970745065866,1.4835853688293106,1.4835853688293106,1.440194016092368,1.440194016092368
149.0,0.149,0.001,0.499,24.934337404283596,36.47635589160668,0.4351862845079252,0.6366325094377684,4.262304964919366,-3.660654523274878,4.262304964919366,-3.660654523274878,4.262304964919366,-3.660654523274878,-0.2305456628899633,1.2408810272636919,-4.1474244596054355,3.0054200516043243,-4.1474244596054355,3.0054200516043243,0.0,0.0,0.0,0.0,0.0,0.0,1.4837388691541287,1.4837388691541287,1.4837388691541287,1.4923105140698953,1.4923105140698953,1.450821745314596,1.450821745314596
150.0,0.15,0.001,0.499,25.179763042208112,36.26583113694946,0.4394697699585155,0.6329581593120466,4.28348545059031,-3.6743501257218694,4.28348545059031,-3.6743501257218694,4.28348545059031,-3.6743501257218694,-0.23471886577592727,1.2438866766989394,-4.173202885963965,3.0056494352475163,-4.173202885963965,3.0056494352475163,0.0,0.0,0.0,0.0,0.0,0.0,1.4924656209720162,1.4924656209720162,1.492465620972016,1.5010209932054892,1.5010209932054892,1.4614597719290188,1.4614597719290188
151.0,0.151,0.001,0.499,25.426395064518516,36.05453369675578,0.4437743107886841,0.6292703232796312,4.304540830168639,-3.687836032415381,4.304540830168639,-3.687836032415381,4.304540830168639,-3.687836032415381,-0.2389177998963921,1.2468921511127289,-4.198934120464843,3.005474413789495,-4.198934120464843,3.005474413789495,0.0,0.0,0.0,0.0,0.0,0.0,1.5011776993089796,1.5011776993089796,1.5011776993089798,1.509717184052602,1.509717184052602,1.4721080457162337,1.4721080457162337
152.0,0.152,0.001,0.499,25.67422623294225,35.842475842002344,0.4480997806667429,0.6255692155094678,4.325469878058751,-3.7011077701633774,4.325469878058751,-3.7011077701633774,4.325469878058751,-3.7011077701633774,-0.24314241727178768,1.2498970433604233,-4.224617375395562,3.0048922476943036,-4.224617375395562,3.0048922476943036,0.0,0.0,0.0,0.0,0.0,0.0,1.5098754818209958,1.5098754818209958,1.5098754818209958,1.5183994724746703,1.5183994724746703,1.4827665227019202,1.4827665227019202
153.0,0.153,0.001,0.499,25.923249238484907,35.629670102166216,0.4524460520266744,0.6218550546821848,4.346271359931501,-3.7141608272828903,4.346271359931501,-3.7141608272828903,4.346271359931501,-3.7141608272828903,-0.24739266911762536,1.252900943564964,-4.250251845837686,3.0039002045407446,-4.250251845837686,3.0039002045407446,0.0,0.0,0.0,0.0,0.0,0.0,1.5185593541985365,1.5185593541985365,1.5185593541985365,1.5270682520944663,1.5270682520944663,1.4934351654645632,1.4934351654645632
154.0,0.154,0.001,0.499,26.17345670096204,35.416129267277434,0.45681299605996045,0.618128064025918,4.366944033286106,-3.726990656266819,4.366944033286106,-3.726990656266819,4.366944033286106,-3.726990656266819,-0.2516685058269079,1.255903439124193,-4.2758367092825615,3.0024955592289597,-4.2758367092825615,3.0024955592289597,0.0,0.0,0.0,0.0,0.0,0.0,1.527229709876662,1.527229709876662,1.527229709876662,1.5357239239899199,1.5357239239899199,1.5041139434458242,1.5041139434458242
155.0,0.155,0.001,0.499,26.424841168564125,35.201866389814576,0.4612004827079899,0.614388471349394,4.387486648029479,-3.739592676524049,4.387486648029479,-3.739592676524049,4.387486648029479,-3.739592676524049,-0.25596987695215145,1.2589041147183822,-4.3013711252435565,3.0006755941891132,-4.3013711252435565,3.0006755941891132,0.0,0.0,0.0,0.0,0.0,0.0,1.535886949732443,1.535886949732443,1.5358869497324432,1.5443668963731754,1.5443668963731754,1.514802833263404,1.514802833263404
156.0,0.156,0.001,0.499,26.67739511745579,34.98689478643913,0.46560838065506294,0.6106365090722011,4.407897947073038,-3.7519622771928463,4.407897947073038,-3.7519622771928463,4.407897947073038,-3.7519622771928463,-0.2602967311870164,1.2619025523179743,-4.326854234864962,2.998437599592277,-4.326854234864962,2.998437599592277,0.0,0.0,0.0,0.0,0.0,0.0,1.5445314817592581,1.5445314817592581,1.5445314817592581,1.5529975842527253,1.5529975842527253,1.5255018190262335,1.5255018190262335
157.0,0.157,0.001,0.499,26.931110951410158,34.771228039564505,0.4700365573220099,0.6068724142521738,4.428176666946954,-3.764094820027347,4.428176666946954,-3.764094820027347,4.428176666946954,-3.764094820027347,-0.2646490163475441,1.2648983311915378,-4.352285160527724,2.9957788735636113,-4.352285160527724,2.9957788735636113,0.0,0.0,0.0,0.0,0.0,0.0,1.5531637207322508,1.5531637207322508,1.5531637207322508,1.5616164090785118,1.5616164090785118,1.5362108926518148,1.5362108926518148
158.0,0.158,0.001,0.499,27.185981001479444,34.55487999875547,0.4744848788604417,0.6030964286098169,4.448321538431819,-3.775985642356812,4.448321538431819,-3.775985642356812,4.448321538431819,-3.775985642356812,-0.2690266793529963,1.2678910279139357,-4.377663005452149,2.992696722397927,-4.377663005452149,2.992696722397927,0.0,0.0,0.0,0.0,0.0,0.0,1.5617840878487206,1.5617840878487206,1.5617840878487206,1.5702237983698848,1.5702237983698848,1.5469300541855473,1.5469300541855473
159.0,0.159,0.001,0.499,27.4419975257027,34.33786478195387,0.47895321014764936,0.5993087985496998,4.468331287207652,-3.787630060117176,4.468331287207652,-3.787630060117176,4.468331287207652,-3.787630060117176,-0.27342966620629405,1.2708802163747135,-4.40298685329776,2.9891884607777346,-4.40298685329776,2.9891884607777346,0.0,0.0,0.0,0.0,0.0,0.0,1.5703930103574246,1.5703930103574246,1.5703930103574246,1.5788201853263857,1.5788201853263855,1.5576593121218314,1.5576593121218314
160.0,0.16,0.001,0.499,27.69915270885176,34.120196776526626,0.48344141478216945,0.5955097751787455,4.488204634520122,-3.7990233709542527,4.488204634520122,-3.7990233709542527,4.488204634520122,-3.7990233709542527,-0.2778579219740545,1.2738654677867074,-4.428255767760462,2.9852514119938633,-4.428255767760462,2.9852514119938633,0.0,0.0,0.0,0.0,0.0,0.0,1.5789909211683102,1.5789909211683102,1.5789909211683104,1.587406008421307,1.587406008421307,1.5683986837267778,1.5683986837267778
161.0,0.161,0.001,0.499,27.957438662216305,33.90189064013178,0.4879493550800333,0.5916996143213477,4.507940297863846,-3.810160857397804,4.507940297863846,-3.810160857397804,4.507940297863846,-3.810160857397804,-0.2823113907662217,1.2768463506948762,-4.453468792167206,2.9808829081687462,-4.453468792167206,2.9808829081687462,0.0,0.0,0.0,0.0,0.0,0.0,1.587578258443667,1.587578258443667,1.587578258443667,1.5959817109780647,1.5959817109780647,1.5791481953622977,1.5791481953622977
162.0,0.162,0.001,0.499,28.216847423429073,33.68296130139874,0.49247689207171585,0.5878785765312421,4.527536991682561,-3.8210377901055166,4.527536991682561,-3.8210377901055166,4.527536991682561,-3.8210377901055166,-0.28679001571529,1.2798224309853585,-4.478624949068317,2.9760802904824604,-4.478624949068317,2.9760802904824604,0.0,0.0,0.0,0.0,0.0,0.0,1.596155465176011,1.596155465176011,1.596155465176011,1.6045477407294153,1.6045477407294153,1.5899078828113813,1.5899078828113813
163.0,0.163,0.001,0.499,28.47737095633212,33.463423960418666,0.4970238854998018,0.5840469271000663,4.546993428085946,-3.8316494311757463,4.546993428085946,-3.8316494311757463,4.546993428085946,-3.8316494311757463,-0.2912937389551177,1.2827932718947601,-4.5037232398276945,2.970840909401617,-4.5037232398276945,2.970840909401617,0.0,0.0,0.0,0.0,0.0,0.0,1.604722988743887,1.604722988743887,1.604722988743887,1.613104549359623,1.613104549359623,1.6006777916043269,1.6006777916043269
164.0,0.164,0.001,0.499,28.739001150885095,33.24329408904124,0.5015901938173846,0.5802049360625386,4.566308317582807,-3.841991037527727,4.566308317582807,-3.841991037527727,4.566308317582807,-3.841991037527727,-0.2958225015993287,1.2857584340196713,-4.5287626442110565,2.965162124911185,-4.5287626442110565,2.965162124911185,0.0,0.0,0.0,0.0,0.0,0.0,1.6132812804556758,1.6132812804556758,1.6132812804556758,1.6216525920297062,1.621652592029706,1.6114579773457078,1.6114579773457078
165.0,0.165,0.001,0.499,29.00172982311646,33.022587430973935,0.5061756741872149,0.5763528781981909,4.585480369830321,-3.8520578643477488,4.585480369830321,-3.8520578643477488,4.585480369830321,-3.8520578643477488,-0.30037624371930116,1.2887174753264206,-4.55374211997245,2.9590413067493357,-4.55374211997245,2.9590413067493357,0.0,0.0,0.0,0.0,0.0,0.0,1.621830795072538,1.621830795072538,1.621830795072538,1.6301923268859357,1.6301923268859357,1.6222485060418304,1.6222485060418304
166.0,0.166,0.001,0.499,29.2655487151185,32.80132000168019,0.5107801824816138,0.5724910330295913,4.604508294398953,-3.8618451685996344,4.604508294398953,-3.8618451685996344,4.604508294398953,-3.8618451685996344,-0.3049549043217404,1.2916699511610659,-4.578660602439218,2.952475834645399,-4.578660602439218,2.952475834645399,0.0,0.0,0.0,0.0,0.0,0.0,1.6303719903169482,1.6303719903169482,1.6303719903169482,1.6387242145518108,1.6387242145518108,1.633049454428433,1.633049454428433
167.0,0.167,0.001,0.499,29.530449495087076,32.579508088072835,0.5154035732831665,0.5686196848169937,4.623390801552664,-3.871348212597644,4.623390801552664,-3.871348212597644,4.623390801552664,-3.871348212597644,-0.309558421325836,1.294615414259627,-4.60351700409564,2.945463098561007,-4.60351700409564,2.945463098561007,0.0,0.0,0.0,0.0,0.0,0.0,1.6389053263646456,1.6389053263646456,1.6389053263646456,1.6472487176037702,1.64724871760377,1.643860910298385,1.643860910298385
168.0,0.168,0.001,0.499,29.7964237574069,32.357168247999354,0.5200456998862105,0.5647391225493539,4.642126603043924,-3.880562267639752,4.642126603043924,-3.880562267639752,4.642126603043924,-3.880562267639752,-0.3141867315400015,1.2975534147585615,-4.628310214165473,2.938000498934511,-4.628310214165473,2.938000498934511,0.0,0.0,0.0,0.0,0.0,0.0,1.6474312653176026,1.6474312653176026,1.6474312653176026,1.6557663000309586,1.6557663000309586,1.654682972829101,1.654682972829101
169.0,0.169,0.001,0.499,30.063463022783182,32.13431730951571,0.5247064142991336,0.5608496399316548,4.660714412923048,-3.889482617699042,4.660714412923048,-3.889482617699042,4.660714412923048,-3.889482617699042,-0.3188397706381951,1.3004835002054902,-4.653039098193596,2.93008544692875,-4.653039098193596,2.93008544692875,0.0,0.0,0.0,0.0,0.0,0.0,1.6559502706659244,1.6559502706659244,1.6559502706659244,1.6642774266794083,1.6642774266794083,1.6655157529094107,1.6655157529094107
170.0,0.17,0.001,0.499,30.33155873842048,31.910972369945334,0.5293855672474949,0.5569515353684841,4.6791529483612875,-3.8981045631707683,4.6791529483612875,-3.8981045631707683,4.6791529483612875,-3.8981045631707683,-0.3235174731358221,1.3034052155701725,-4.677702497627016,2.9217153646822425,-4.677702497627016,2.9217153646822425,0.0,0.0,0.0,0.0,0.0,0.0,1.6644628067307756,1.6644628067307756,1.6644628067307756,1.6727825626810353,1.6727825626810355,1.6763593734655913,1.6763593734655913
171.0,0.171,0.001,0.499,30.600702278249397,31.687150794720566,0.5340830081779819,0.5530451119438117,4.697440930487082,-3.906423424672432,4.697440930487082,-3.906423424672432,4.697440930487082,-3.906423424672432,-0.32821977236521754,1.3063181032557365,-4.702299229395447,2.9128876855638794,-4.702299229395447,2.9128876855638794,0.0,0.0,0.0,0.0,0.0,0.0,1.6729693380922128,1.6729693380922128,1.6729693380922128,1.681282172867922,1.681282172867922,1.687213969786269,1.687213969786269
172.0,0.17200000000000001,0.001,0.499,30.870884943201954,31.462870216003335,0.5387985852632168,0.5491306773969177,4.7155770852348216,-3.914434546894011,4.7155770852348216,-3.914434546894011,4.7155770852348216,-3.914434546894011,-0.3329466004507093,1.3092217031101676,-4.726828085491716,2.9035998544311865,-4.726828085491716,2.9035998544311865,0.0,0.0,0.0,0.0,0.0,0.0,1.6814703290034243,1.6814703290034243,1.6814703290034243,1.689776721172381,1.689776721172381,1.698079689845889,1.698079689845889
173.0,0.17300000000000001,0.001,0.499,31.142097961536265,31.23814853108265,0.5435321454074222,0.5452085440944224,4.733560144205405,-3.922133302495292,4.733560144205405,-3.922133302495292,4.733560144205405,-3.922133302495292,-0.3376978882832615,1.3121155524380599,-4.7512878325522525,2.893849327892218,-4.7512878325522525,2.893849327892218,0.0,0.0,0.0,0.0,0.0,0.0,1.6899662427923778,1.6899662427923778,1.6899662427923778,1.6982666700133748,1.6982666700133748,1.708956694626431,1.708956694626431
174.0,0.17400000000000002,0.001,0.499,31.41433248921112,31.013003900546213,0.5482835342529601,0.5412790289983754,4.751388845537861,-3.9295150960470444,4.751388845537861,-3.9295150960470444,4.751388845537861,-3.9295150960470444,-0.34247356549469943,1.314999186012631,-4.775677211437889,2.8836335745711534,-4.775677211437889,2.8836335745711534,0.0,0.0,0.0,0.0,0.0,0.0,1.698457541245349,1.698457541245349,1.698457541245349,1.7067524796698834,1.7067524796698836,1.7198451584370533,1.7198451584370533
175.0,0.17500000000000002,0.001,0.499,31.68757961031115,30.78745474622393,0.5530525961877513,0.5373424536303628,4.7690619347912175,-3.9365753680125666,4.7690619347912175,-3.9365753680125666,4.7690619347912175,-3.9365753680125666,-0.3472735604315147,1.3178721360880088,-4.799994936815264,2.872950075377646,-4.799994936815264,2.872950075377646,0.0,0.0,0.0,0.0,0.0,0.0,1.706944683981854,1.706944683981854,1.706944683981854,1.7152346076418972,1.715234607641897,1.7307452692313212,1.7307452692313212
176.0,0.176,0.001,0.499,31.961830337523008,30.561519748901212,0.557839174353587,0.5333991440315968,4.786578165835771,-3.943309598765942,4.786578165835771,-3.943309598765942,4.786578165835771,-3.943309598765942,-0.35209780012825376,1.3207339324117888,-4.8242396967390695,2.861796323779986,-4.8242396967390695,2.861796323779986,0.0,0.0,0.0,0.0,0.0,0.0,1.7154281278169898,1.7154281278169898,1.7154281278169896,1.72371350799974,1.72371350799974,1.7416572289216816,1.7416572289216816
177.0,0.177,0.001,0.499,32.23707561266313,30.335217845800123,0.5626431106553399,0.5294494307189537,4.803936301752857,-3.9497133126431394,4.803936301752857,-3.9497133126431394,4.803936301752857,-3.9497133126431394,-0.3569462102804892,1.323584102237871,-4.848410152235426,2.8501698260821295,-4.848410152235426,2.8501698260821295,0.0,0.0,0.0,0.0,0.0,0.0,1.723908326107656,1.723908326107656,1.723908326107656,1.732189630722483,1.732189630722483,1.752581253690819,1.752581253690819
178.0,0.178,0.001,0.499,32.51330630725747,30.108568227826797,0.567464245771082,0.5254936486369318,4.821135115742169,-3.95578208202189,4.821135115742169,-3.95578208202189,4.821135115742169,-3.95578208202189,-0.36181871521737585,1.3264221703395755,-4.872504936886666,2.838068101704633,-4.872504936886666,2.838068101704633,0.0,0.0,0.0,0.0,0.0,0.0,1.7323857280938315,1.7323857280938315,1.7323857280938315,1.7406634210262708,1.7406634210262708,1.763517574299529,1.763517574299529
179.0,0.179,0.001,0.499,32.790513223173605,29.881590336583677,0.5723024191631176,0.5215321371055057,4.838173392035632,-3.9615115314260843,4.838173392035632,-3.9615115314260843,4.838173392035632,-3.9615115314260843,-0.3667152378737936,1.329247659023045,-4.8965226564177895,2.8254886834695423,-4.8965226564177895,2.8254886834695423,0.0,0.0,0.0,0.0,0.0,0.0,1.7408607782268988,1.7408607782268988,1.7408607782268988,1.749135318683414,1.749135318683414,1.7744664363907299,1.7744664363907299
180.0,0.18,0.001,0.499,33.068687093305506,29.65430386114545,0.5771574690899344,0.5175652397638555,4.855049926816781,-3.966897341650238,4.855049926816781,-3.966897341650238,4.855049926816781,-3.966897341650238,-0.37163569976207855,1.3320600881409344,-4.920461888284908,2.8124291178892733,-4.920461888284908,2.8124291178892733,0.0,0.0,0.0,0.0,0.0,0.0,1.7493339154883358,1.7493339154883358,1.7493339154883358,1.7576057573331678,1.7576057573331678,1.7854281007892197,1.7854281007892197
181.0,0.181,0.001,0.499,33.34781858231125,29.426728734597795,0.5820292326190789,0.5135933045099561,4.871763529144552,-3.971935253899392,4.871763529144552,-3.971935253899392,4.871763529144552,-3.971935253899392,-0.37658002094334453,1.334858975106394,-4.944321181265951,2.7988869654595137,-4.944321181265951,2.7988869654595137,0.0,0.0,0.0,0.0,0.0,0.0,1.7578055727010926,1.7578055727010926,1.7578055727010926,1.766075163785146,1.766075163785146,1.7964028437967818,1.7964028437967818
182.0,0.182,0.001,0.499,33.62789828740383,29.198885130338276,0.5869175456409592,0.5096166834360165,4.888313021880358,-3.9766210739396244,4.888313021880358,-3.9766210739396244,4.888313021880358,-3.9766210739396244,-0.3815481199983985,1.33764383490735,-4.968099055053941,2.7848598009561774,-4.968099055053941,2.7848598009561774,0.0,0.0,0.0,0.0,0.0,0.0,1.7662761758348355,1.7662761758348355,1.7662761758348358,1.7745439573163935,1.7745439573163933,1.807390957482224,1.807390957482224
183.0,0.183,0.001,0.499,33.90891673919525,28.970793458139163,0.5918222428835764,0.5056357327597624,4.904697242617258,-3.980950676254193,4.904697242617258,-3.980950676254193,4.904697242617258,-3.980950676254193,-0.38653991399825166,1.3404141801210865,-4.9917939998531455,2.770345213736433,-4.9917939998531455,2.770345213736433,0.0,0.0,0.0,0.0,0.0,0.0,1.774746143302319,1.774746143302319,1.7747461433023193,1.783012548963144,1.783012548963144,1.8183927499659296,1.8183927499659296
184.0,0.184,0.001,0.499,34.19086440259383,28.742474359972054,0.5967431579281864,0.5016508127515622,4.920915044610008,-3.9849200082001373,4.920915044610008,-3.9849200082001373,4.920915044610008,-3.9849200082001373,-0.3915553184742301,1.3431695209291303,-5.0154044759784195,2.755340808043824,-5.0154044759784195,2.755340808043824,0.0,0.0,0.0,0.0,0.0,0.0,1.783215885253877,1.783215885253877,1.783215885253877,1.7914813408083803,1.7914813408083803,1.8294085456984845,1.8294085456984845
185.0,0.185,0.001,0.499,34.47373167775486,28.513948705594665,0.6016801232258912,0.49766228765740217,4.9369652977047265,-3.988525094160034,4.9369652977047265,-3.988525094160034,4.9369652977047265,-3.988525094160034,-0.3965942473876881,1.3459093651324479,-5.038928913458044,2.739844203317497,-5.038928913458044,2.739844203317497,0.0,0.0,0.0,0.0,0.0,0.0,1.7916858028633722,1.7916858028633722,1.7916858028633722,1.79995072526631,1.79995072526631,1.8404386857329413,1.8404386857329413
186.0,0.186,0.001,0.499,34.75750890108435,28.285237587900273,0.606632970115158,0.49367052561771874,4.952846889266882,-3.9917620396834317,4.952846889266882,-3.9917620396834317,4.952846889266882,-3.9917620396834317,-0.4016566130993285,1.3486332181669534,-5.062365711640393,2.723853034505533,-5.062365711640393,2.723853034505533,0.0,0.0,0.0,0.0,0.0,0.0,1.8001562876159618,1.8001562876159618,1.8001562876159616,1.8084210843649444,1.8084210843649444,1.8514835279902526,1.8514835279902526
187.0,0.187,0.001,0.499,35.04218634629584,28.05636231803083,0.6116015288402643,0.48967589858210636,4.96855872510627,-3.9946270356123574,4.96855872510627,-3.9946270356123574,4.96855872510627,-3.9946270356123574,-0.40674232633813323,1.3513405831193357,-5.085713238804758,2.707364952382404,-5.085713238804758,2.707364952382404,0.0,0.0,0.0,0.0,0.0,0.0,1.8086277205910426,1.8086277205910426,1.8086277205910426,1.8168927890279816,1.8168927890279813,1.8625434475174223,1.8625434475174223
188.0,0.188,0.001,0.499,35.32775422551992,27.827344420254935,0.6165856285706619,0.4856787822199212,4.984099730397602,-3.997116362185161,4.984099730397602,-3.997116362185161,4.984099730397602,-3.997116362185161,-0.4118512961699099,1.3540309607432062,-5.108969831776655,2.690377623870528,-5.108969831776655,2.690377623870528,0.0,0.0,0.0,0.0,0.0,0.0,1.8171004717448667,1.8171004717448667,1.8171004717448667,1.8253661983572353,1.8253661983572353,1.8736188367378834,1.8736188367378834
189.0,0.189,0.001,0.499,35.61420269046615,27.59820562661224,0.6215850974212572,0.4816795558268084,4.999468850595333,-3.999226393112835,4.999468850595333,-3.999226393112835,4.999468850595333,-3.999226393112835,-0.41698342996545784,1.356703849475572,-5.132133795547952,2.6728887323659274,-5.132133795547952,2.6728887323659274,0.0,0.0,0.0,0.0,0.0,0.0,1.8255748991963505,1.8255748991963505,1.8255748991963505,1.8338416589168893,1.8338416589168893,1.8847101056936224,1.8847101056936224
190.0,0.19,0.001,0.499,35.901521833637055,27.368967871326234,0.6265997624735985,0.47767860222718656,5.014665052341293,-4.000953599621852,5.014665052341293,-4.000953599621852,5.014665052341293,-4.000953599621852,-0.42213863336836,1.35935874545364,-5.155203402902172,2.6548959780679713,-5.155203402902172,2.6548959780679713,0.0,0.0,0.0,0.0,0.0,0.0,1.8340513485094496,1.8340513485094496,1.8340513485094496,1.8423195040208582,1.8423195040208582,1.8958176822785495,1.8958176822785495
191.0,0.191,0.001,0.499,36.18970168959354,27.13965328498763,0.6316294497979622,0.4736763076727291,5.029687324363677,-4.0022945544574595,5.029687324363677,-4.0022945544574595,5.029687324363677,-4.0022945544574595,-0.4273168102624053,1.3619951425319532,-5.178176894045311,2.6363970783131747,-5.178176894045311,2.6363970783131747,0.0,0.0,0.0,0.0,0.0,0.0,1.8425301519858408,1.8425301519858408,1.8425301519858408,1.8508000530246045,1.8508000530246045,1.9069420124626053,1.9069420124626053
192.0,0.192,0.001,0.499,36.4787322362713,26.910284188511028,0.6366739844763282,0.46967306173688783,5.044534678365939,-4.003245935841304,5.044534678365939,-4.003245935841304,5.044534678365939,-4.003245935841304,-0.43251786273864784,1.3646125322998661,-5.201052476242518,2.6173897679130356,-5.201052476242518,2.6173897679130356,0.0,0.0,0.0,0.0,0.0,0.0,1.8510116279556863,1.8510116279556863,1.8510116279556863,1.8592836106227235,1.8592836106227235,1.9180835605060846,1.9180835605060846
193.0,0.193,0.001,0.499,36.76860339634743,26.680883086867762,0.6417331906262322,0.46566925720551067,5.0592061499041066,-4.0038045313771695,5.0592061499041066,-4.0038045313771695,5.0592061499041066,-4.0038045313771695,-0.43774169106210886,1.367210404099362,-5.223828323461014,2.5978717994958664,-5.223828323461014,2.5978717994958664,0.0,0.0,0.0,0.0,0.0,0.0,1.859496080078435,1.859496080078435,1.859496080078435,1.8677704661536814,1.8677704661536814,1.9292428091636513,1.9292428091636513
194.0,0.194,0.001,0.499,37.05930503865667,26.451472662598334,0.6468068914254833,0.46166528996361206,5.073700799251023,-4.003967241898601,5.073700799251023,-4.003967241898601,5.073700799251023,-4.003967241898601,-0.44298819363812847,1.3697882450432146,-5.246502576019593,2.577840943852588,-5.246502576019593,2.577840943852588,0.0,0.0,0.0,0.0,0.0,0.0,1.8679837966487414,1.8679837966487414,1.8679837966487414,1.8762608929130637,1.8762608929130637,1.9404202598775024,1.9404202598775024
195.0,0.195,0.001,0.499,37.35082697965617,26.222075769108056,0.6518949091377293,0.45766155887835996,5.088017712246022,-4.0037310852521015,5.088017712246022,-4.0037310852521015,5.088017712246022,-4.0037310852521015,-0.44825726697837354,1.372345540033501,-5.269073340245094,2.5572949902864344,-5.269073340245094,2.5572949902864344,0.0,0.0,0.0,0.0,0.0,0.0,1.87647504991172,1.87647504991172,1.87647504991172,1.8847551474767112,1.8847551474767115,1.9516164329591374,1.9516164329591374
196.0,0.196,0.001,0.499,37.64315898493818,25.992715423749985,0.6569970651388578,0.45365846567835033,5.102156001128524,-4.003093200009628,5.102156001128524,-4.003093200009628,5.102156001128524,-4.003093200009628,-0.45354880566650974,1.3748817717804676,-5.2915386881361925,2.5362317469665143,-5.2915386881361925,2.5362317469665143,0.0,0.0,0.0,0.0,0.0,0.0,1.8849700953893296,1.8849700953893296,1.8849700953893296,1.8932534690351441,1.8932534690351444,1.9628318677591736,1.9628318677591736
197.0,0.197,0.001,0.499,37.93629077078936,25.763414800699575,0.6621131799442118,0.4496564148292463,5.116114805354062,-4.002050849104061,5.116114805354062,-4.002050849104061,5.116114805354062,-4.002050849104061,-0.45886270232354465,1.3773964208217528,-5.313896657034914,2.5146490412851787,-5.313896657034914,2.5146490412851787,0.0,0.0,0.0,0.0,0.0,0.0,1.8934691712146443,1.8934691712146443,1.8934691712146443,1.901756078740632,1.9017560787406318,1.9740671228246445,1.9740671228246445
198.0,0.198,0.001,0.499,38.23021200579585,25.534197223625792,0.667243073236603,0.4456558134058649,5.1298932923912295,-4.0006014233813785,5.1298932923912295,-4.0006014233813785,5.1298932923912295,-4.0006014233813785,-0.4641988475728509,1.379888965541972,-5.336145249306235,2.492544720219119,-5.336145249306235,2.492544720219119,0.0,0.0,0.0,0.0,0.0,0.0,1.9019724974834156,1.9019724974834156,1.9019724974834156,1.9102631790683082,1.9102631790683082,1.98532277604321,1.98532277604321
199.0,0.199,0.001,0.499,38.52491231249275,25.305086158163846,0.6723865638951011,0.44165707096080165,5.143490658498061,-3.9987424450632667,5.143490658498061,-3.9987424450632667,5.143490658498061,-3.9987424450632667,-0.4695571300048771,1.382358882192666,-5.358282432026165,2.4699166506941306,-5.358282432026165,2.4699166506941306,0.0,0.0,0.0,0.0,0.0,0.0,1.9104802756157342,1.9104802756157342,1.9104802756157342,1.9187749531926879,1.9187749531926879,1.9965994247736931,1.9965994247736931
200.0,0.2,0.001,0.499,38.820381269056895,25.076105204194995,0.6775434700245775,0.43766059938968765,5.156906129476381,-3.996471571113984,5.156906129476381,-3.996471571113984,5.156906129476381,-3.996471571113984,-0.47493743614155576,1.3848056449126194,-5.380306136678696,2.44676271995346,-5.380306136678696,2.44676271995346,0.0,0.0,0.0,0.0,0.0,0.0,1.9189926877363712,1.9189926877363712,1.918992687736371,1.927291564380954,1.927291564380954,2.007897685962362,2.007897685962362
201.0,0.201,0.001,0.499,39.11660841104141,24.847278087939323,0.6827136089859801,0.4336668127931823,5.17013896140265,-3.993786596505344,5.17013896140265,-3.993786596505344,5.17013896140265,-3.993786596505344,-0.48033965040041776,1.387228725748549,-5.402214258862023,2.423080835929653,-5.402214258862023,2.423080835929653,0.0,0.0,0.0,0.0,0.0,0.0,1.9275098960687451,1.9275098960687451,1.9275098960687451,1.9358131554043192,1.935813155404319,2.019218196244359,2.019218196244359
202.0,0.202,0.001,0.499,39.41358323315084,24.618628653867567,0.687896797427314,0.4296761273358085,5.183188441333886,-3.9906854573737776,5.183188441333886,-3.9906854573737776,5.183188441333886,-3.9906854573737776,-0.4857636550584222,1.3896275946761687,-5.424004658004431,2.398868927619814,-5.424004658004431,2.398868927619814,0.0,0.0,0.0,0.0,0.0,0.0,1.9360320423506678,1.9360320423506678,1.9360320423506678,1.9443398479688212,1.9443398479688212,2.0305616120296786,2.0305616120296786
203.0,0.203,0.001,0.499,39.71129519105505,24.390180856438658,0.6930928513153013,0.425688961101745,5.1960538879872535,-3.987166234063556,5.1960538879872535,-3.987166234063556,5.1960538879872535,-3.987166234063556,-0.49120933021551244,1.3920017196216328,-5.445675157090245,2.3741249454641724,-5.445675157090245,2.3741249454641724,0.0,0.0,0.0,0.0,0.0,0.0,1.9445592472653934,1.9445592472653934,1.9445592472653934,1.9528717421667914,1.9528717421667914,2.0419286095730946,2.0419286095730946
204.0,0.20400000000000001,0.001,0.499,40.00973370324065,24.161958751669665,0.6983015859676932,0.4217057339476946,5.2087346523919384,-3.9832271540503665,5.2087346523919384,-3.9832271540503665,5.2087346523919384,-3.9832271540503665,-0.4966765537579087,1.3943505664833606,-5.467223542396265,2.348846861727863,-5.467223542396265,2.348846861727863,0.0,0.0,0.0,0.0,0.0,0.0,1.953091609898119,1.953091609898119,1.9530916098981193,1.9614089159502759,1.9614089159502759,2.0533198850274115,2.0533198850274115
205.0,0.20500000000000002,0.001,0.499,40.30888815289798,23.933986488545496,0.7035228160862051,0.417726867352955,5.221230118511994,-3.978866594739597,5.221230118511994,-3.978866594739597,5.221230118511994,-3.978866594739597,-0.5021652013211478,1.3966735991542465,-5.488647563239092,2.3230326708858,-5.488647563239092,2.3230326708858,0.0,0.0,0.0,0.0,0.0,0.0,1.9616292072096382,1.9616292072096382,1.9616292072096382,1.9699514246276113,1.9699514246276113,2.064736154479447,2.064736154479447
206.0,0.20600000000000002,0.001,0.499,40.60874788984209,23.706288300275702,0.708756355790044,0.41375278426682116,5.2335397038388445,-3.9740830861338337,5.2335397038388445,-3.9740830861338337,5.2335397038388445,-3.9740830861338337,-0.5076751462528816,1.3989702795442571,-5.509944931733751,2.296680390010532,-5.509944931733751,2.296680390010532,0.0,0.0,0.0,0.0,0.0,0.0,1.9701720935368578,1.9701720935368578,1.9701720935368578,1.9784993003843319,1.9784993003843319,2.076178153968116,2.076178153968116
207.0,0.20700000000000002,0.001,0.499,40.909302232465876,23.478888495406267,0.7140020186499962,0.4097839089534569,5.245662859952216,-3.96887531336428,5.245662859952216,-3.96887531336428,5.245662859952216,-3.96887531336428,-0.5132062595754456,1.40124006760342,-5.531113322564056,2.26978805916296,-5.531113322564056,2.26978805916296,0.0,0.0,0.0,0.0,0.0,0.0,1.9787203001160734,1.9787203001160734,1.9787203001160734,1.9870525518295292,1.9870525518295292,2.087646639484002,2.087646639484002
208.0,0.20800000000000002,0.001,0.499,41.21054046972344,23.25181144879444,0.7192596177230446,0.4058206668343759,5.257599073048299,-3.9632421190809928,5.257599073048299,-3.9632421190809928,5.257599073048299,-3.9632421190809928,-0.5187584099482108,1.4034824213452057,-5.552150372765104,2.2423537417857755,-5.552150372765104,2.2423537417857755,0.0,0.0,0.0,0.0,0.0,0.0,1.9872738346305472,1.9872738346305472,1.9872738346305472,1.9956111635687446,1.9956111635687446,2.0991423869497905,2.0991423869497905
209.0,0.209,0.001,0.499,41.512451863141784,23.025081592454995,0.7245289655874786,0.40186348432867885,5.2693478644339935,-3.9571825056970598,5.2693478644339935,-3.9571825056970598,5.2693478644339935,-3.9571825056970598,-0.5243314636297292,1.4056967968703051,-5.573053681518369,2.2143755250994994,-5.573053681518369,2.2143755250994994,0.0,0.0,0.0,0.0,0.0,0.0,1.9958326807893483,1.9958326807893483,1.9958326807893483,2.004175095804409,2.004175095804409,2.110666192180954,2.110666192180954
210.0,0.21,0.001,0.499,41.81502564885883,22.798723406286527,0.7298098743784648,0.3979127886911968,5.280908790986184,-3.9506956374820765,5.280908790986184,-3.9506956374820765,5.280908790986184,-3.9506956374820765,-0.5299252844396889,1.407882648390806,-5.593820809959784,2.185851520500967,-5.593820809959784,2.185851520500967,0.0,0.0,0.0,0.0,0.0,0.0,2.0043967979254464,2.0043967979254464,2.004396797925446,2.0127442839647958,2.0127442839647958,2.1222188708260643,2.1222188708260643
211.0,0.211,0.001,0.499,42.11825103968567,22.5727614086867,0.7351021558240398,0.39396900784869626,5.29228144557501,-3.9437808425005443,5.29228144557501,-3.9437808425005443,5.29228144557501,-3.9437808425005443,-0.5355397337206902,1.4100394282547701,-5.614449281001277,2.1567798639641182,-5.614449281001277,2.1567798639641182,0.0,0.0,0.0,0.0,0.0,0.0,2.012966120632044,2.012966120632044,2.012966120632044,2.021318638362385,2.021318638362385,2.1338012582861037,2.1338012582861037
212.0,0.212,0.001,0.499,42.42211722719099,22.347220147065546,0.74040562128149,0.3900325702343052,5.303465457450198,-3.9364376143910684,5.303465457450198,-3.9364376143910684,5.303465457450198,-3.9364376143910684,-0.5411746702998563,1.412166586971213,-5.634936579166185,2.1271587164429344,-5.634936579166185,2.1271587164429344,0.0,0.0,0.0,0.0,0.0,0.0,2.021540558419853,2.021540558419853,2.021540558419853,2.02989804388247,2.02989804388247,2.1454142096121784,2.1454142096121784
213.0,0.213,0.001,0.499,42.72661338380538,22.122124188266174,0.7457200817740796,0.3861039046203227,5.314460492589592,-3.928665613982538,5.314460492589592,-3.928665613982538,5.314460492589592,-3.928665613982538,-0.5468299504502954,1.4142635732354893,-5.655280150438985,2.096986264276363,-5.655280150438985,2.096986264276363,0.0,0.0,0.0,0.0,0.0,0.0,2.0301199954103812,2.0301199954103812,2.0301199954103817,2.03848235970277,2.03848235970277,2.1570585993810063,2.1570585993810063
214.0,0.214,0.001,0.499,43.03172866494354,21.89749810890241,0.7510453480280886,0.38218343994957893,5.325266254009076,-3.920464670743761,5.325266254009076,-3.920464670743761,5.325266254009076,-3.920464670743761,-0.5525054278524252,1.4163298339550845,-5.6754774021297925,2.066260719595063,-5.6754774021297925,2.066260719595063,0.0,0.0,0.0,0.0,0.0,0.0,2.038704290056521,2.038704290056521,2.0387042900565207,2.047071419044737,2.047071419044737,2.168735321547578,2.168735321547578
215.0,0.215,0.001,0.499,43.33745221114184,21.673366485623117,0.7563812305101218,0.3782716051655156,5.3358824820331865,-3.911834784063341,5.3358824820331865,-3.911834784063341,5.3358824820331865,-3.911834784063341,-0.5582009535551793,1.4183648142758143,-5.695525702754074,2.0349803207298,-5.695525702754074,2.0349803207298,0.0,0.0,0.0,0.0,0.0,0.0,2.0472932748970503,2.0472932748970503,2.0472932748970503,2.0556650289571876,2.0556650289571876,2.1804452892743895,2.1804452892743895
216.0,0.216,0.001,0.499,43.643773150209164,21.44975388531304,0.7617275394646477,0.3743688290411587,5.3463089545257745,-3.9027761243569263,5.3463089545257745,-3.9027761243569263,5.3463089545257745,-3.9027761243569263,-0.5639163759371073,1.4203679576084356,-5.715422381928023,2.003143332621308,-5.715422381928023,2.003143332621308,0.0,0.0,0.0,0.0,0.0,0.0,2.05588675634267,2.05588675634267,2.05588675634267,2.064262970132771,2.064262970132771,2.1921894347366515,2.1921894347366515
217.0,0.217,0.001,0.499,43.95068059938871,21.226684855240315,0.7670840849517279,0.37047554000715943,5.356545487080178,-3.8932890339992747,5.356545487080178,-3.8932890339992747,5.356545487080178,-3.8932890339992747,-0.5696515406673873,1.4223387056556671,-5.7351647302800455,1.970748047231437,-5.7351647302800455,1.970748047231437,0.0,0.0,0.0,0.0,0.0,0.0,2.0644845144929977,2.0644845144929977,2.0644845144929977,2.072864996757754,2.0728649967577546,2.2039687089028934,2.2039687089028934
218.0,0.218,0.001,0.499,44.258163667528216,21.004183913160674,0.7724506768848963,0.36659216597908045,5.3665919331684435,-3.883374028078957,5.3665919331684435,-3.883374028078957,5.3665919331684435,-3.883374028078957,-0.5754062906667662,1.4242764984396226,-5.754749999378829,1.9377927839553943,-5.754749999378829,1.9377927839553943,0.0,0.0,0.0,0.0,0.0,0.0,2.0730863029914786,2.0730863029914786,2.073086302991478,2.081470836395498,2.081470836395498,2.2157840812903804,2.2157840812903804
219.0,0.219,0.001,0.499,44.56621145725647,20.782275537388696,0.7778271250691455,0.3627191341841066,5.376448184249237,-3.8730317949738606,5.376448184249237,-3.8730317949738606,5.376448184249237,-3.8730317949738606,-0.5811804660684446,1.4261807743296575,-5.774175401678432,1.9042758900348826,-5.774175401678432,1.9042758900348826,0.0,0.0,0.0,0.0,0.0,0.0,2.0816918489076732,2.0816918489076732,2.0816918489076732,2.090080189903902,2.090080189903902,2.2276365396947813,2.2276365396947813
220.0,0.22,0.001,0.499,44.87481306716358,20.56098415684644,0.7832132392389797,0.3588568709873606,5.3861141698341575,-3.862263196746034,5.3861141698341575,-3.862263196746034,5.3861141698341575,-3.862263196746034,-0.5869739041789255,1.4280509700706294,-5.793438110480876,1.870195740971933,-5.793438110480876,1.870195740971933,0.0,0.0,0.0,0.0,0.0,0.0,2.0903008526593765,2.0903008526593765,2.0903008526593765,2.0986927313870476,2.0986927313870476,2.239527089893541,2.239527089893541
221.0,0.221,0.001,0.499,45.183957593982626,20.34033414109988,0.788608829096492,0.3550058017180058,5.395589857512286,-3.851069269354778,5.395589857512286,-3.851069269354778,5.395589857512286,-3.851069269354778,-0.5927864394388421,1.4298865208115727,-5.812535259916687,1.8355507409432248,-5.812535259916687,1.8355507409432248,0.0,0.0,0.0,0.0,0.0,0.0,2.098912987963645,2.098912987963645,2.098912987963645,2.107308108181149,2.107308108181149,2.251456755322412,2.251456755322412
222.0,0.222,0.001,0.499,45.49363413477038,20.120349790393554,0.7940137043494249,0.35116635049531847,5.404875252932877,-3.83945122268728,5.404875252932877,-3.83945122268728,5.404875252932877,-3.83945122268728,-0.598617903383786,1.4316868601347874,-5.831463944943866,1.8003393232146787,-5.831463944943866,1.8003393232146787,0.0,0.0,0.0,0.0,0.0,0.0,2.10752790182657,2.10752790182657,2.10752790182657,2.1159259408748587,2.1159259408748587,2.263426576724625,2.263426576724625
223.0,0.223,0.001,0.499,45.8038317890846,19.901055325693957,0.7994276747491711,0.347338940054912,5.4139703997462005,-3.8274104404064633,5.4139703997462005,-3.8274104404064633,5.4139703997462005,-3.8274104404064633,-0.6044681246051518,1.4334514200853434,-5.85022122136575,1.764559950556103,-5.85022122136575,1.764559950556103,0.0,0.0,0.0,0.0,0.0,0.0,2.116145214563445,2.116145214563445,2.116145214563445,2.124545823363873,2.124545823363873,2.2754376117721975,2.2754376117721975
224.0,0.224,0.001,0.499,46.114539661155504,19.682474878752103,0.8048505501286738,0.3435239915752959,5.422875379502651,-3.814948479616113,5.422875379502651,-3.814948479616113,5.422875379502651,-3.814948479616113,-0.61033692871102,1.435179631200999,-5.868804105868241,1.7282111156556683,-5.868804105868241,1.7282111156556683,0.0,0.0,0.0,0.0,0.0,0.0,2.124764519856426,2.124764519856426,2.124764519856426,2.133167322939719,2.133167322939719,2.2874909346588916,2.2874909346588916
225.0,0.225,0.001,0.499,46.425746862049195,19.464632482195736,0.8102821404401841,0.33972192450495214,5.431590311510316,-3.802067070343726,5.431590311510316,-3.802067070343726,5.431590311510316,-3.802067070343726,-0.6162241382870969,1.436870922542533,-5.8872095760768675,1.691291341533981,-5.8872095760768675,1.691291341533981,0.0,0.0,0.0,0.0,0.0,0.0,2.133385384843301,2.133385384843301,2.133385384843301,2.1417899804124882,2.1417899804124882,2.2995876356643477,2.2995876356643477
226.0,0.226,0.001,0.499,46.73744251182044,19.247552059661558,0.8157222557928354,0.33593315639011023,5.4401153526513095,-3.7887681148419277,5.4401153526513095,-3.7887681148419277,5.4401153526513095,-3.7887681148419277,-0.6221295728577311,1.4385247217244905,-5.905434570634162,1.6537991819575184,-5.905434570634162,1.6537991819575184,0.0,0.0,0.0,0.0,0.0,0.0,2.14200735024209,2.14200735024209,2.14200735024209,2.150413310267234,2.150413310267234,2.311728820688962,2.311728820688962
227.0,0.227,0.001,0.499,47.04961574165266,19.03125741597779,0.8211707064899927,0.33215810270340057,5.44845069715726,-3.775053686709665,5.44845069715726,-3.775053686709665,5.44845069715726,-3.775053686709665,-0.628053048847029,1.4401404549463417,-5.92347598929783,1.6157332218511857,-5.92347598929783,1.6157332218511857,0.0,0.0,0.0,0.0,0.0,0.0,2.1506299305085483,2.1506299305085483,2.1506299305085483,2.1590368008536327,2.1590368008536323,2.323915610759077,2.323915610759077
228.0,0.228,0.001,0.499,47.36225569598273,18.815772227407365,0.8266273030663371,0.32839717667356577,5.456596576344449,-3.7609260298347915,5.456596576344449,-3.7609260298347915,5.456596576344449,-3.7609260298347915,-0.6339943795400892,1.4417175470240515,-5.941330693060193,1.5770920777097466,-5.941330693060193,1.5770920777097466,0.0,0.0,0.0,0.0,0.0,0.0,2.1592526140260837,2.1592526140260837,2.1592526140260837,2.167659914608461,2.1676599146084614,2.3361491415020916,2.3361491415020916
229.0,0.229,0.001,0.499,47.67535153460831,18.60112003196177,0.8320918563246463,0.32465078911640577,5.464553258309173,-3.746387557160019,5.464553258309173,-3.746387557160019,5.464553258309173,-3.746387557160019,-0.6399533750443785,1.4432554214220594,-5.9589955042893745,1.5378743980078766,-5.9589955042893745,1.5378743980078766,0.0,0.0,0.0,0.0,0.0,0.0,2.1678748633298217,2.1678748633298217,2.1678748633298217,2.1762820883103435,2.1762820883103435,2.3484305625911204,2.3484305625911204
230.0,0.23,0.001,0.499,47.98889243477548,18.387324219795627,0.8375641773722303,0.3209193482671312,5.472321047584008,-3.7314408492745903,5.472321047584008,-3.7314408492745903,5.472321047584008,-3.7314408492745903,-0.6459298422512713,1.444753500285668,-5.9764672068927265,1.4980788636085833,-5.9764672068927265,1.4980788636085833,0.0,0.0,0.0,0.0,0.0,0.0,2.176496115361638,2.176496115361638,2.1764961153616373,2.184902733366143,2.184902733366143,2.36076103715886,2.36076103715886
231.0,0.231,0.001,0.499,48.30286759324453,18.17440802369176,0.8430440776569861,0.3172032596142968,5.479900284755735,-3.716088652834387,5.479900284755735,-3.716088652834387,5.479900284755735,-3.716088652834387,-0.6519235847977742,1.4462112044738378,-5.993742546502975,1.457704188169728,-5.993742546502975,1.457704188169728,0.0,0.0,0.0,0.0,0.0,0.0,2.1851157817565117,2.1851157817565117,2.1851157817565117,2.1935212361283165,2.1935212361283165,2.373141741180349,2.373141741180349
232.0,0.232,0.001,0.499,48.61726622833161,17.962394509646472,0.8485313690030318,0.3135029257354833,5.487291346045775,-3.7003338788135482,5.487291346045775,-3.7003338788135482,5.487291346045775,-3.7003338788135482,-0.6579344030284618,1.4476279535923862,-6.01081823068757,1.416749118548386,-6.01081823068757,1.416749118548386,0.0,0.0,0.0,0.0,0.0,0.0,2.1937332491609847,2.1937332491609847,2.1937332491609842,2.202136958242466,2.202136958242466,2.385573862824348,2.385573862824348
233.0,0.233,0.001,0.499,48.93207758192438,17.751306567564413,0.8540258636458858,0.30981874613489224,5.49449464285406,-3.684179600591012,5.49449464285406,-3.684179600591012,5.49449464285406,-3.684179600591012,-0.6639620939576436,1.4490031660275888,-6.027690929181721,1.3752124352027706,-6.027690929181721,1.3752124352027706,0.0,0.0,0.0,0.0,0.0,0.0,2.202347879580586,2.202347879580586,2.202347879580586,2.210749237024258,2.210749237024258,2.3980586017730787,2.3980586017730787
234.0,0.234,0.001,0.499,49.2472909214694,17.541166902072366,0.8595273742671532,0.3061511170830165,5.5015106212673635,-3.6676290518757284,5.5015106212673635,-3.6676290518757284,5.5015106212673635,-3.6676290518757284,-0.6700064512317893,1.4503362589801803,-6.044357274145619,1.3330929525914446,-6.044357274145619,1.3330929525914446,0.0,0.0,0.0,0.0,0.0,0.0,2.210959010755571,2.210959010755571,2.2109590107555706,2.2193573858648183,2.2193573858648183,2.4105971685101233,2.4105971685101233
235.0,0.23500000000000001,0.001,0.499,49.56289554192935,17.331998023460887,0.8650357140286864,0.3025004314585419,5.508339761533163,-3.6506856244746175,5.508339761533163,-3.6506856244746175,5.508339761533163,-3.6506856244746175,-0.6760672650922356,1.4516266484997498,-6.060813860446328,1.290389519569538,-6.060813860446328,1.290389519569538,0.0,0.0,0.0,0.0,0.0,0.0,2.219565956568175,2.219565956568175,2.2195659565681747,2.2279606946636448,2.2279606946636448,2.423190783576296,2.423190783576296
236.0,0.23600000000000002,0.001,0.499,49.87888076770829,17.123822238762617,0.8705506966061866,0.2988670785926342,5.514982577500209,-3.633352865907641,5.514982577500209,-3.633352865907641,5.514982577500209,-3.633352865907641,-0.6821443223382004,1.4528737495195314,-6.077057245964828,1.247101019781686,-6.077057245964828,1.247101019781686,0.0,0.0,0.0,0.0,0.0,0.0,2.228168007473915,2.228168007473915,2.228168007473915,2.2365584302880483,2.2365584302880483,2.4358406767933576,2.4358406767933576
237.0,0.23700000000000002,0.001,0.499,50.19523595454297,16.916661642975704,0.8760721362222136,0.29525144411575954,5.521439616027019,-3.6156344768746624,5.521439616027019,-3.6156344768746624,5.521439616027019,-3.6156344768746624,-0.6882374062901292,1.4540769758915828,-6.093083951928711,1.203226372051395,-6.093083951928711,1.203226372051395,0.0,0.0,0.0,0.0,0.0,0.0,2.2367644309602603,2.2367644309602603,2.2367644309602603,2.2451498370580207,2.2451498370580207,2.448548086455464,2.448548086455464
238.0,0.23800000000000002,0.001,0.499,50.51195049135849,16.710538110440613,0.8815998476785731,0.29165390980718053,5.527711456359598,-3.5975343085790312,5.527711456359598,-3.5975343085790312,5.527711456359598,-3.5975343085790312,-0.6943462967534002,1.4552357404223493,-6.108890463271018,1.1587645307665426,-6.108890463271018,1.1587645307665426,0.0,0.0,0.0,0.0,0.0,0.0,2.2453544720313823,2.2453544720313823,2.2453544720313823,2.2537341372554636,2.2537341372554636,2.4613142584882945,2.4613142584882945
239.0,0.23900000000000002,0.001,0.499,50.82901380208662,16.505473286378137,0.8871336463880529,0.2880748534472674,5.533798709479741,-3.579056359913099,5.533798709479741,-3.579056359913099,5.533798709479741,-3.579056359913099,-0.7004707699824159,1.45634945490861,-6.124473229015705,1.113714486260713,-6.124473229015705,1.113714486260713,0.0,0.0,0.0,0.0,0.0,0.0,2.253937353717321,2.253937353717321,2.2539373537173213,2.262310531656601,2.262310531656601,2.4741404455758484,2.4741404455758484
240.0,0.24,0.001,0.499,51.1464153474452,16.301488578596327,0.8926733484054782,0.28451464867275633,5.539702017425318,-3.5602047745111025,5.539702017425318,-3.5602047745111025,5.539702017425318,-3.5602047745111025,-0.7066105986451061,1.4574175301738002,-6.139828662690235,1.0680752651900605,-6.139828662690235,1.0680752651900605,0.0,0.0,0.0,0.0,0.0,0.0,2.262512277603212,2.262512277603212,2.262512277603212,2.2708782000863827,2.2708782000863827,2.487027906254923,2.487027906254923
241.0,0.241,0.001,0.499,51.46414462667703,16.09860514937351,0.8982187704580622,0.28097366483508124,5.545422052584012,-3.5409838376750877,5.545422052584012,-3.5409838376750877,5.545422052584012,-3.5409838376750877,-0.7127655517878719,1.4584393761047056,-6.154953142765777,1.0218459309053975,-6.154953142765777,1.0218459309053975,0.0,0.0,0.0,0.0,0.0,0.0,2.2710784243846702,2.2710784243846702,2.2710784243846702,2.2794363019936608,2.2794363019936608,2.4999779039773617,2.4999779039773617
242.0,0.242,0.001,0.499,51.78219117924694,15.896843907524385,0.9037697299750242,0.2774522668619015,5.550959516962006,-3.5213979731797345,5.550959516962006,-3.5213979731797345,5.550959516962006,-3.5213979731797345,-0.7189353948009974,1.4594144016885249,-6.169843013125521,0.975025583819193,-6.169843013125521,0.975025583819193,0.0,0.0,0.0,0.0,0.0,0.0,2.279634954440845,2.279634954440845,2.279634954440845,2.287983977045881,2.287983977045881,2.512991706140182,2.512991706140182
243.0,0.243,0.001,0.499,52.10054458649547,15.696225500655816,0.9093260451164534,0.27395081512193936,5.556315141429173,-3.5014517399621368,5.556315141429173,-3.5014517399621368,5.556315141429173,-3.5014517399621368,-0.7251198893845591,1.4603420150502922,-6.184494583561579,0.9276133617671657,-6.184494583561579,0.9276133617671657,0.0,0.0,0.0,0.0,0.0,0.0,2.2881810084281002,2.2881810084281002,2.2881810084281002,2.296520345742005,2.296520345742005,2.5260705830837447,2.5260705830837447
244.0,0.244,0.001,0.499,52.4191944732482,15.49677030761846,0.9148875348013957,0.2704696652932366,5.561489684942338,-3.4811498287027582,5.561489684942338,-3.4811498287027582,5.561489684942338,-3.4811498287027582,-0.7313187935148601,1.4612216234906563,-6.198904130300975,0.8796084403641561,-6.198904130300975,0.8796084403641561,0.0,0.0,0.0,0.0,0.0,0.0,2.296715707890096,2.296715707890096,2.296715707890096,2.305044510042353,2.305044510042353,2.5392158070581963,2.5392158070581963
245.0,0.245,0.001,0.499,52.73813050937935,15.298498431160208,0.920454018735144,0.2670091682349327,5.566483933748232,-3.460497058303917,5.566483933748232,-3.460497058303917,5.566483933748232,-3.460497058303917,-0.7375318614114212,1.4620526335240103,-6.213067896561208,0.8310100333539526,-6.213067896561208,0.8310100333539526,0.0,0.0,0.0,0.0,0.0,0.0,2.3052381558884436,2.3052381558884436,2.3052381558884436,2.3135555540140706,2.3135555540140706,2.5524286511584284,2.5524286511584284
246.0,0.246,0.001,0.499,53.057342411328605,15.101429690786889,0.9260253174357117,0.2635696698626604,5.5712987005677626,-3.439498372272285,5.5712987005677626,-3.439498372272285,5.5712987005677626,-3.439498372272285,-0.7437588435045571,1.462834450916963,-6.226982093135881,0.7818173929527482,-6.226982093135881,0.7818173929527482,0.0,0.0,0.0,0.0,0.0,0.0,2.313747437642966,2.313747437642966,2.313747437642966,2.3220525444908624,2.3220525444908624,2.5657103882278913,2.5657103882278913
247.0,0.247,0.001,0.499,53.37681994357026,14.905583615835347,0.931601252259475,0.2601515110276484,5.575934823763259,-3.4181588350119827,5.575934823763259,-3.4181588350119827,5.575934823763259,-3.4181588350119827,-0.749999486403568,1.463566480727149,-6.2406428990108695,0.7320298101858997,-6.2406428990108695,0.7320298101858997,0.0,0.0,0.0,0.0,0.0,0.0,2.3222426211934004,2.3222426211934004,2.3222426211934004,2.330534531745685,2.330534531745685,2.5790622897316102,2.5790622897316102
248.0,0.248,0.001,0.499,53.69655292003381,14.710979438763662,0.9371816454259654,0.2567550273996134,5.5803931664903486,-3.3964836280349404,5.5803931664903486,-3.3964836280349404,5.5803931664903486,-3.3964836280349404,-0.7562535328655795,1.4642481273423666,-6.254046462011528,0.6816466152176603,-6.254046462011528,0.6816466152176603,0.0,0.0,0.0,0.0,0.0,0.0,2.3307227580660292,2.3307227580660292,2.3307227580660292,2.3390005501750273,2.3390005501750273,2.5924856245988397,2.5924856245988397
249.0,0.249,0.001,0.499,54.01653120547506,14.51763608866285,0.9427663200418015,0.25338054935351817,5.584674615836147,-3.3744780460952426,5.584674615836147,-3.3744780460952426,5.584674615836147,-3.3744780460952426,-0.7625207217650609,1.46487879452004,-6.267188899481407,0.6306671776735528,-6.267188899481407,0.6306671776735528,0.0,0.0,0.0,0.0,0.0,0.0,2.3391868839599845,2.3391868839599845,2.3391868839599845,2.3474496189934873,2.3474496189934873,2.605981658035822,2.605981658035822
250.0,0.25,0.001,0.499,54.33674471679731,14.325572184994025,0.9483551001237469,0.2500284018602639,5.588780081945428,-3.35214749325423,5.588780081945428,-3.35214749325423,5.588780081945428,-3.35214749325423,-0.7688007880640538,1.465457885426995,-6.280066298992958,0.5790909069550507,-6.280066298992958,0.5790909069550507,0.0,0.0,0.0,0.0,0.0,0.0,2.347634019435406,2.347634019435406,2.347634019435406,2.355880742937258,2.355880742937258,2.6195516503091825,2.6195516503091825
251.0,0.251,0.001,0.499,54.657183424321744,14.134806031554572,0.9539478106208834,0.24669890438138078,5.592710497136445,-3.329497478883136,5.592710497136445,-3.329497478883136,5.592710497136445,-3.329497478883136,-0.7750934627831445,1.4659848026795412,-6.292674719090718,0.5269172525462317,-6.292674719090718,0.5269172525462317,0.0,0.0,0.0,0.0,0.0,0.0,2.3560631706180035,2.3560631706180035,2.3560631706180035,2.364292912975266,2.364292912975266,2.6331968555005405,2.6331968555005405
252.0,0.252,0.001,0.499,54.97783735300673,13.945355610676575,0.9595442774358914,0.24339237076777073,5.596466815008076,-3.30653361361005,5.596466815008076,-3.30653361361005,5.596466815008076,-3.30653361361005,-0.781398472973212,1.4664589483838533,-6.305010190067423,0.4741457043120691,-6.305010190067423,0.4741457043120691,0.0,0.0,0.0,0.0,0.0,0.0,2.3644733299062684,2.3644733299062684,2.3644733299062684,2.3726851070266033,2.3726851070266033,2.6469185202329775,2.6469185202329775
253.0,0.253,0.001,0.499,55.29869658361556,13.757238577660237,0.9651443274454313,0.24010910916255276,5.600050009539928,-3.28326160521796,5.600050009539928,-3.28326160521796,5.600050009539928,-3.28326160521796,-0.7877155416879855,1.4668797241766414,-6.317068714773539,0.4207757927880254,-6.317068714773539,0.4207757927880254,0.0,0.0,0.0,0.0,0.0,0.0,2.3728634766854255,2.3728634766854255,2.3728634766854255,2.3810562906829986,2.3810562906829986,2.6607178823700512,2.6607178823700512
254.0,0.254,0.001,0.499,55.61975125383233,13.570472255444765,0.9707477885196184,0.23684942190805214,5.603461074187055,-3.2596872545006152,5.603461074187055,-3.2596872545006152,5.603461074187055,-3.2596872545006152,-0.7940443879574461,1.467246531266102,-6.3288462694606675,0.36680708946061213,-6.3288462694606675,0.36680708946061213,0.0,0.0,0.0,0.0,0.0,0.0,2.381232578050003,2.381232578050003,2.381232578050003,2.3894054179350626,2.3894054179350626,2.6745961696881144,2.6745961696881144
255.0,0.255,0.001,0.499,55.94099155932564,13.385073629518716,0.9763544895405892,0.23361360545696927,5.606701020970869,-3.235816451082856,5.606701020970869,-3.235816451082856,5.606701020970869,-3.235816451082856,-0.8003847267621055,1.4675587704731405,-6.340338804659291,0.312239207038583,-6.340338804659291,0.312239207038583,0.0,0.0,0.0,0.0,0.0,0.0,2.3895795895251575,2.3895795895251575,2.3895795895251575,2.3977314319010405,2.3977314319010405,2.688554598522725,2.688554598522725
256.0,0.256,0.001,0.499,56.26240775476027,13.201059343071494,0.981964260420157,0.23040195028775726,5.609770879567858,-3.2116551692120248,5.609770879567858,-3.2116551692120248,5.609770879567858,-3.2116551692120248,-0.8067362690081968,1.4678158422728549,-6.351542246091306,0.2570717997144272,-6.351542246091306,0.2570717997144272,0.0,0.0,0.0,0.0,0.0,0.0,2.3979034557930867,2.3979034557930867,2.3979034557930863,2.406033265556906,2.406033265556906,2.702594372390031,2.702594372390031
257.0,0.257,0.001,0.499,56.583990154756385,13.018445692387246,0.9875769321165547,0.22721474082423032,5.612671696397639,-3.1872094635269357,5.612671696397639,-3.1872094635269357,5.612671696397639,-3.1872094635269357,-0.8130987215038147,1.4680171468362708,-6.362452495617797,0.20130456341583342,-6.362452495617797,0.20130456341583342,0.0,0.0,0.0,0.0,0.0,0.0,2.4062031114220415,2.4062031114220415,2.4062031114220415,2.4143098424665714,2.4143098424665714,2.716716680584023,2.716716680584023
258.0,0.258,0.001,0.499,56.90572913479671,12.837248622482116,0.9931923366502666,0.2240522553594195,5.6154045337118745,-3.162485464810808,5.6154045337118745,-3.162485464810808,5.6154045337118745,-3.162485464810808,-0.8194717869360372,1.4681620840723175,-6.373065432222507,0.1449372360467982,-6.373065432222507,0.1449372360467982,0.0,0.0,0.0,0.0,0.0,0.0,2.414477481591241,2.414477481591241,2.414477481591241,2.4225600775111036,2.4225600775111036,2.7309226967506395,2.7309226967506395
259.0,0.259,0.001,0.499,57.22761513208152,12.6574837229854,0.9988103071189521,0.2209147659836851,5.617970468685523,-3.1374893757344227,5.617970468685523,-3.1374893757344227,5.617970468685523,-3.1374893757344227,-0.8258551638490685,1.4682500536700356,-6.383376913031422,0.08796959771805574,-6.383376913031422,0.08796959771805574,0.0,0.0,0.0,0.0,0.0,0.0,2.422725482819635,2.422725482819635,2.422725482819635,2.4307828776158207,2.4307828776158207,2.745213577439749,2.745213577439749
260.0,0.26,0.001,0.499,57.54963864633189,12.479166224264779,1.004430677711464,0.21780253851708947,5.620370592511857,-3.1122274665956287,5.620370592511857,-3.1122274665956287,5.620370592511857,-3.1122274665956287,-0.8322485466234375,1.468280455141002,-6.393382774368918,0.030401470966512814,-6.393382774368918,0.030401470966512814,0.0,0.0,0.0,0.0,0.0,0.0,2.4309460236888807,2.4309460236888807,2.4309460236888802,2.4389771424742075,2.4389771424742075,2.7595904606360726,2.7595904606360726
261.0,0.261,0.001,0.499,57.87179024054129,12.302310993795565,1.0100532837209666,0.2147158324460283,5.622606009502639,-3.086706071061174,5.622606009502639,-3.086706071061174,5.622606009502639,-3.086706071061174,-0.8386516254562884,1.4682526878619655,-6.403078832850879,-0.027767279036621746,-6.403078832850879,-0.027767279036621746,0.0,0.0,0.0,0.0,0.0,0.0,2.4391380055643226,2.4391380055643226,2.439138005564322,2.447141765267613,2.4471417652676126,2.774054464270203,2.774054464270203
262.0,0.262,0.001,0.499,58.19406054167602,12.126932532773436,1.0156779615571614,0.21165490086411162,5.624677836194792,-3.0609315819166696,5.624677836194792,-3.0609315819166696,5.624677836194792,-3.0609315819166696,-0.8450640863428036,1.4681661511176762,-6.412460886515214,-0.08653674428931672,-6.412460886515214,-0.08653674428931672,0.0,0.0,0.0,0.0,0.0,0.0,2.4473003233133577,2.4473003233133577,2.4473003233133577,2.4552756333797636,2.4552756333797636,2.7886066847108886,2.7886066847108886
263.0,0.263,0.001,0.499,58.516440241324986,11.953044972969897,1.0213045487576262,0.2086199904172813,5.6265872004648445,-3.034910446830319,5.6265872004648445,-3.034910446830319,5.6265872004648445,-3.034910446830319,-0.8514856110587938,1.468020244143902,-6.421524715990173,-0.14590697377410095,-6.421524715990173,-0.14590697377410095,0.0,0.0,0.0,0.0,0.0,0.0,2.455431866015213,2.455431866015213,2.455431866015213,2.4633776291051244,2.4633776291051244,2.8032481952398136,2.8032481952398136
264.0,0.264,0.001,0.499,58.83892009629911,11.78066207382935,1.0269328839982785,0.20561134125314545,5.628335240652394,-3.0086491641358535,5.628335240652394,-3.0086491641358535,5.628335240652394,-3.0086491641358535,-0.8579158771444947,1.4678143661706164,-6.4302660857008505,-0.20587797328563298,-6.4302660857008505,-0.20587797328563298,0.0,0.0,0.0,0.0,0.0,0.0,2.46353151766742,2.46353151766742,2.46353151766742,2.4714466303502385,2.4714466303502385,2.817980044510185,2.817980044510185
265.0,0.265,0.001,0.499,59.16149092918125,11.609797219806401,1.0325628071029722,0.20262918697450552,5.629923104693745,-2.9821542786399258,5.629923104693745,-2.9821542786399258,5.629923104693745,-2.9821542786399258,-0.864354557889609,1.4675479164653458,-6.438680745114283,-0.2664497052707302,-6.438680745114283,-0.2664497052707302,0.0,0.0,0.0,0.0,0.0,0.0,2.4715981578848285,2.4715981578848285,2.4715981578848285,2.4794815113271924,2.4794815113271924,2.8328032549904276,2.8328032549904276
266.0,0.266,0.001,0.499,59.484143628827006,11.440463417941686,1.038194159052239,0.19967375459704653,5.631351949266858,-2.9554323774589966,5.631351949266858,-2.9554323774589966,5.631351949266858,-2.9554323774589966,-0.8708013223196325,1.4672202943766646,-6.446764430023491,-0.3276220886811165,-6.446764430023491,-0.3276220886811165,0.0,0.0,0.0,0.0,0.0,0.0,2.4796306625895945,2.4796306625895945,2.4796306625895945,2.487481143238389,2.487481143238389,2.8477188213944005,2.8477188213944005
267.0,0.267,0.001,0.499,59.80686915081734,11.272673295674254,1.0438267819911877,0.19674526451115598,5.6326229389486455,-2.9284900858905445,5.6326229389486455,-2.9284900858905445,5.6326229389486455,-2.9284900858905445,-0.8772558351835034,1.4668308993778254,-6.454512863870853,-0.38939499883913203,-6.454512863870853,-0.38939499883913203,0.0,0.0,0.0,0.0,0.0,0.0,2.4876279046931025,2.4876279046931025,2.4876279046931025,2.495444394951897,2.4954443949518974,2.8627277090995364,2.8627277090995364
268.0,0.268,0.001,0.499,60.1296585178636,11.106439098888291,1.0494605192365734,0.19384393044783277,5.633737245385625,-2.9013340633232043,5.633737245385625,-2.9013340633232043,5.633737245385625,-2.9013340633232043,-0.8837177569426146,1.4663791311105088,-6.461921759111148,-0.45176826731663294,-6.461921759111148,-0.45176826731663294,0.0,0.0,0.0,0.0,0.0,0.0,2.4955887547694737,2.4955887547694737,2.4955887547694737,2.5033701336666763,2.5033701336666763,2.877830852554404,2.877830852554404
269.0,0.269,0.001,0.499,60.45250282016588,10.941772690191696,1.0550952152830522,0.19096995944864256,5.634696046478841,-2.8739709991902176,5.634696046478841,-2.8739709991902176,5.634696046478841,-2.8739709991902176,-0.8901867437612292,1.4658643894286816,-6.468986818614613,-0.514741681827288,-6.468986818614613,-0.514741681827288,0.0,0.0,0.0,0.0,0.0,0.0,2.503512081717095,2.503512081717095,2.503512081717095,2.511257225566995,2.511257225566995,2.893029153677181,2.893029153677181
270.0,0.27,0.001,0.499,60.7753932157256,10.778685547423771,1.060730715808636,0.18812355183967222,5.6355005255839465,-2.846407608970346,5.6355005255839465,-2.846407608970346,5.6355005255839465,-2.846407608970346,-0.8966624474983396,1.465286074442549,-6.475703737110336,-0.5783149861324595,-6.475703737110336,-0.5783149861324595,0.0,0.0,0.0,0.0,0.0,0.0,2.511396753411824,2.511396753411824,2.511396753411824,2.519104536465484,2.519104536465484,2.9083234802466094,2.9083234802466094
271.0,0.271,0.001,0.499,61.098320930613035,10.617188762389121,1.0663668676793634,0.18530490120943205,5.636151870727223,-2.818650630240163,5.636151870727223,-2.818650630240163,5.636151870727223,-2.818650630240163,-0.9031445157010098,1.4646435865625882,-6.482068202670306,-0.6424878799608318,-6.482068202670306,-0.6424878799608318,0.0,0.0,0.0,0.0,0.0,0.0,2.5192416373454014,2.5192416373454014,2.5192416373454014,2.526910932434221,2.526910932434221,2.9237146642870258,2.9237146642870258
272.0,0.272,0.001,0.499,61.421277259191015,10.457293039814566,1.0720035189532018,0.18251419439065064,5.636651273838291,-2.7907068187814112,5.636651273838291,-2.7907068187814112,5.636651273838291,-2.7907068187814112,-0.9096325915992443,1.4639363265436462,-6.488075898234408,-0.7072600189419241,-6.488075898234408,-0.7072600189419241,0.0,0.0,0.0,0.0,0.0,0.0,2.5270456012564213,2.5270456012564213,2.5270456012564213,2.5346752804233663,2.5346752804233663,2.9392035004490884,2.9392035004490884
273.0,0.273,0.001,0.499,61.74425356429556,10.299008696525746,1.077640518883202,0.17975161144590376,5.636999930000189,-2.762582944746866,5.636999930000189,-2.762582944746866,5.636999930000189,-2.762582944746866,-0.9161263141024208,1.4631636955290928,-6.493722503176638,-0.7726310145535974,-6.493722503176638,-0.7726310145535974,0.0,0.0,0.0,0.0,0.0,0.0,2.5348075137449864,2.5348075137449864,2.5348075137449864,2.5423964488669037,2.5423964488669037,2.954790744387872,2.954790744387872
274.0,0.274,0.001,0.499,62.067241277374684,10.14234566083987,1.0832777179199193,0.17701732565701586,5.637199036717412,-2.7342857888879153,5.637199036717412,-2.7342857888879153,5.637199036717412,-2.7342857888879153,-0.9226253177973337,1.462325095095009,-6.499003694912827,-0.8386004340836304,-6.499003694912827,-0.8386004340836304,0.0,0.0,0.0,0.0,0.0,0.0,2.5425262448764805,2.5425262448764805,2.5425262448764805,2.5500733082750284,2.5500733082750284,2.970477111140024,2.970477111140024
275.0,0.275,0.001,0.499,62.39023189858618,9.987313472170888,1.0889149677131218,0.17431150351816904,5.637249793202473,-2.705822138846822,5.637249793202473,-2.705822138846822,5.637249793202473,-2.705822138846822,-0.9291292329478837,1.4614199272944037,-6.503915150550091,-0.9051678006054096,-6.503915150550091,-0.9051678006054096,0.0,0.0,0.0,0.0,0.0,0.0,2.550200666771783,2.550200666771783,2.550200666771783,2.5577047318128656,2.5577047318128656,2.986263273501708,2.986263273501708
276.0,0.276,0.001,0.499,62.713216996855756,9.833921280843247,1.0945521211128033,0.17163430473265265,5.6371533996814644,-2.6771987855164054,5.6371533996814644,-2.6771987855164054,5.6371533996814644,-2.6771987855164054,-0.935637685496462,1.460447594701436,-6.508452548578259,-0.9723325929677356,-6.508452548578259,-0.9723325929677356,0.0,0.0,0.0,0.0,0.0,0.0,2.557829654184178,2.557829654184178,2.557829654184178,2.5652895958651727,2.565289595865173,3.002149860409077,3.002149860409077
277.0,0.277,0.001,0.499,63.03618820989638,9.682177848110234,1.1001890321695222,0.168985882213183,5.6369110567190335,-2.6484225194696385,5.6369110567190335,-2.6484225194696385,5.6369110567190335,-2.6484225194696385,-0.9421502970670654,1.4594075004556373,-6.512611570603488,-1.0400942457987103,-6.512611570603488,-1.0400942457987103,0.0,0.0,0.0,0.0,0.0,0.0,2.5654120850612223,2.5654120850612223,2.565412085061222,2.572826780586751,2.5728267805867504,3.0181374553230618,3.0181374553230618
278.0,0.278,0.001,0.499,63.35913724419019,9.532091546372712,1.1058255561340853,0.16636638208572158,5.636523964563142,-2.619500127461425,5.636523964563142,-2.619500127461425,5.636523964563142,-2.619500127461425,-0.9486666849701897,1.4582990483061136,-6.516387903124238,-1.108452149523624,-6.516387903124238,-1.108452149523624,0.0,0.0,0.0,0.0,0.0,0.0,2.572946841093181,2.572946841093181,2.572946841093181,2.5803151704383467,2.5803151704383467,3.034226594620267,3.034226594620267
279.0,0.279,0.001,0.499,63.682055874933916,9.38367035959408,1.1114615494565951,0.16377594369671697,5.635993322509898,-2.5904383890045994,5.635993322509898,-2.5904383890045994,5.635993322509898,-2.5904383890045994,-0.9551864622095395,1.4571216426557168,-6.519777239349817,-1.1774056503967085,-6.519777239349817,-1.1774056503967085,0.0,0.0,0.0,0.0,0.0,0.0,2.5804328082480983,2.5804328082480983,2.5804328082480987,2.5877536547078384,2.5877536547078384,3.050417765991784,3.050417765991784
280.0,0.28,0.001,0.499,64.00493594594913,9.236921883907025,1.1170968697848838,0.161214699623695,5.635320328288709,-2.5612440730219594,5.635320328288709,-2.5612440730219594,5.635320328288709,-2.5612440730219594,-0.9617092374906011,1.45587468860517,-6.522775281061605,-1.2469540505465782,-6.522775281061605,-1.2469540505465782,0.0,0.0,0.0,0.0,0.0,0.0,2.5878688772898344,2.5878688772898344,2.5878688772898344,2.595141128016556,2.595141128016556,3.0667114068517547,3.0667114068517547
281.0,0.281,0.001,0.499,64.32776936955844,9.091853328407666,1.1227313759623516,0.15868277568911907,5.634506177467936,-2.5319239345759295,5.634506177467936,-2.5319239345759295,5.634506177467936,-2.5319239345759295,-0.9682346152311182,1.454557591997135,-6.525377740517134,-1.3170966080351114,-6.525377740517134,-1.3170966080351114,0.0,0.0,0.0,0.0,0.0,0.0,2.595253944283172,2.595253944283172,2.595253944283172,2.6024764908106457,2.6024764908106457,3.083107902757527,3.083107902757527
282.0,0.28200000000000003,0.001,0.499,64.65054812642875,8.948471516132548,1.1283649280252328,0.15618029097744182,5.633552062881177,-2.5024847116772304,5.633552062881177,-2.5024847116772304,5.633552062881177,-2.5024847116772304,-0.9747621955735153,1.4531697594602055,-6.5275803423970915,-1.3878325369294757,-6.5275803423970915,-1.3878325369294757,0.0,0.0,0.0,0.0,0.0,0.0,2.602586911084137,2.602586911084137,2.602586911084137,2.609758649837372,2.609758649837372,3.099607585843252,3.099607585843252
283.0,0.28300000000000003,0.001,0.499,64.97326426538294,8.806782885213883,1.133997387199307,0.1537073578552681,5.632459174074255,-2.472933122173734,5.632459174074255,-2.472933122173734,5.632459174074255,-2.472933122173734,-0.9812915743993107,1.4517105984528187,-6.529378825795379,-1.4591610073869214,-6.529378825795379,-1.4591610073869214,0.0,0.0,0.0,0.0,0.0,0.0,2.609866685813168,2.609866685813168,2.609866685813168,2.6169865186063297,2.6169865186063297,3.11621073326878,3.11621073326878
284.0,0.28400000000000003,0.001,0.499,65.29590990318098,8.666793490208407,1.13962861589608,0.15126408199454763,5.631228696772945,-2.443275860720467,5.631228696772945,-2.443275860720467,5.631228696772945,-2.443275860720467,-0.987822343345563,1.4501795173070668,-6.530768946252259,-1.531081145751906,-6.530768946252259,-1.531081145751906,0.0,0.0,0.0,0.0,0.0,0.0,2.6170921833167715,2.6170921833167715,2.6170921833167715,2.6241590178355807,2.6241590178355807,3.132917565685717,3.132917565685717
285.0,0.28500000000000003,0.001,0.499,65.61847722427173,8.528509003595138,1.1452584777084514,0.14885056239871608,5.6298618123713915,-2.413519595831543,5.6298618123713915,-2.413519595831543,5.6298618123713915,-2.413519595831543,-0.9943540898233936,1.4485759252724018,-6.531746477830658,-1.6035920346650259,-6.531746477830658,-1.6035920346650259,0.0,0.0,0.0,0.0,0.0,0.0,2.624262325611174,2.624262325611174,2.624262325611174,2.6312750758827064,2.6312750758827064,3.149728245722504,3.149728245722504
286.0,0.28600000000000003,0.001,0.499,65.94095848051664,8.391934717437334,1.1508868374058925,0.14646689143170147,5.628359697441172,-2.3836709670146066,5.628359697441172,-2.3836709670146066,5.628359697441172,-2.3836709670146066,-1.0008863970386292,1.4468992325592187,-6.53230721523564,-1.6766927131831544,-6.53230721523564,-1.6766927131831544,0.0,0.0,0.0,0.0,0.0,0.0,2.631376042311856,2.631376042311856,2.631376042311856,2.6383336291608597,2.6383336291608597,3.1666428764903687,3.1666428764903687
287.0,0.28700000000000003,0.001,0.499,66.26334599088646,8.257075545203861,1.1565135609291533,0.14411315484971327,5.626723523260873,-2.3537365819881972,5.626723523260873,-2.3537365819881972,5.626723523260873,-2.3537365819881972,-1.0074188440146064,1.4451488503823087,-6.532446975977057,-1.7503821769100945,-6.532446975977057,-1.7503821769100945,0.0,0.0,0.0,0.0,0.0,0.0,2.638432271050314,2.638432271050314,2.638432271050314,2.645333622539888,2.645333622539888,3.183661500112016,3.183661500112016
288.0,0.28800000000000003,0.001,0.499,66.58563214113224,8.123936023745259,1.1621385153845192,0.141789431835731,5.624954455366023,-2.32372301398227,5.624954455366023,-2.32372301398227,5.624954455366023,-2.32372301398227,-1.0139510056171817,1.4433241910041716,-6.532161602575343,-1.8246593781369556,-6.532161602575343,-1.8246593781369556,0.0,0.0,0.0,0.0,0.0,0.0,2.6454299578711855,2.6454299578711855,2.6454299578711855,2.652274009732644,2.652274009732644,3.200784096274889,3.200784096274889
289.0,0.289,0.001,0.499,66.90780938343158,7.992520315419678,1.1677615690376384,0.13949579503660908,5.623053653119189,-2.293636799121934,5.623053653119189,-2.293636799121934,5.623053653119189,-2.293636799121934,-1.020482452581992,1.4414246677781803,-6.531446964810427,-1.8995232259913646,-6.531446964810427,-1.8995232259913646,0.0,0.0,0.0,0.0,0.0,0.0,2.6523680576208575,2.6523680576208575,2.6523680576208575,2.6591537536666245,2.6591537536666245,3.218010580810824,3.218010580810824
290.0,0.29,0.001,0.499,67.22987023601154,7.862832210363974,1.1733825913069384,0.13723231060271476,5.621022269299991,-2.2634844338943285,5.621022269299991,-2.2634844338943285,5.621022269299991,-2.2634844338943285,-1.0270127515440057,1.4394496951915858,-6.530298962013686,-1.974972586594512,-6.530298962013686,-1.974972586594512,0.0,0.0,0.0,0.0,0.0,0.0,2.659245534315569,2.659245534315569,2.659245534315569,2.6659718268410755,2.6659718268410755,3.2353408043039398,3.2353408043039398
291.0,0.291,0.001,0.499,67.55180728274895,7.73487512890519,1.1790014527566532,0.13499903823001638,5.618861449714777,-2.233272372698394,5.618861449714777,-2.233272372698394,5.618861449714777,-2.233272372698394,-1.0335414650694086,1.437398688908361,-6.5287135254028525,-2.051006283224914,-6.5287135254028525,-2.051006283224914,0.0,0.0,0.0,0.0,0.0,0.0,2.666061361499398,2.666061361499398,2.666061361499398,2.67272721166978,2.67272721166978,3.252774550728523,3.252774550728523
292.0,0.292,0.001,0.499,67.8736131727498,7.60865212410768,1.1846180250894789,0.13279603120453923,5.616572332825637,-2.203007025477167,5.616572332825637,-2.203007025477167,5.616572332825637,-2.203007025477167,-1.0400681516898684,1.4352710658118732,-6.526686620459778,-2.1276230964876475,-6.526686620459778,-2.1276230964876475,0.0,0.0,0.0,0.0,0.0,0.0,2.6728145225857305,2.6728145225857305,2.6728145225857305,2.6794189008096994,2.6794189008096994,3.2703115361187183,3.2703115361187183
293.0,0.293,0.001,0.499,68.19528061990817,7.484165884451213,1.1902321811388774,0.13062333644910715,5.614156049398438,-2.172694755432089,5.614156049398438,-2.172694755432089,5.614156049398438,-2.172694755432089,-1.0465923659392193,1.4330662440473856,-6.524214249350911,-2.2048217644876886,-6.524214249350911,-2.2048217644876886,0.0,0.0,0.0,0.0,0.0,0.0,2.679504011185515,2.679504011185515,2.679504011185515,2.6860458974756916,2.6860458974756916,3.2879514072717466,3.2879514072717466
294.0,0.294,0.001,0.499,68.51680240244619,7.361418736635366,1.195843794861047,0.12848099457228845,5.611613722169513,-2.142341876818694,5.611613722169513,-2.142341876818694,5.611613722169513,-2.142341876818694,-1.0531136583926097,1.4307836430643797,-6.52129245339035,-2.282600983005829,-6.52129245339035,-2.282600983005829,0.0,0.0,0.0,0.0,0.0,0.0,2.6861288314222262,2.6861288314222262,2.6861288314222262,2.692607215741564,2.692607215741564,3.3056937404863875,3.3056937404863875
295.0,0.295,0.001,0.499,68.83817136243593,7.240412648505595,1.2014527413265776,0.12636903991946552,5.608946465530612,-2.111954652822941,5.608946465530612,-2.111954652822941,5.608946465530612,-2.111954652822941,-1.0596315757081551,1.4284226836587042,-6.51791731554531,-2.3609594056755108,-6.51791731554531,-2.3609594056755108,0.0,0.0,0.0,0.0,0.0,0.0,2.6926879982306025,2.6926879982306025,2.6926879982306025,2.699101880827654,2.699101880827654,3.3235380403384083,3.3235380403384083
296.0,0.296,0.001,0.499,69.15938040530425,7.121149232096409,1.2070588967118094,0.12428750062594819,5.606155385231715,-2.0815392935173223,5.606155385231715,-2.0815392935173223,5.606155385231715,-2.0815392935173223,-1.066145660671139,1.4259827880145455,-6.514084962983804,-2.4398956441587503,-6.514084962983804,-2.4398956441587503,0.0,0.0,0.0,0.0,0.0,0.0,2.6991805376469844,2.6991805376469844,2.6991805376469844,2.705528929375285,2.705528929375285,3.3414837384946185,3.3414837384946185
297.0,0.297,0.001,0.499,69.48042249932168,7.003629746787142,1.2126621382899108,0.12223639867205237,5.6032415781012705,-2.0511019538958184,5.6032415781012705,-2.0511019538958184,5.6032415781012705,-2.0511019538958184,-1.0726554522408034,1.4234633797462264,-6.509791569664365,-2.5194082683191557,-6.509791569664365,-2.5194082683191557,0.0,0.0,0.0,0.0,0.0,0.0,2.7056054870803035,2.7056054870803035,2.7056054870803035,2.7118874097082686,2.7118874097082686,3.359530192567138,3.359530192567138
298.0,0.298,0.001,0.499,69.80129067507615,6.887855102565845,1.2182623444216942,0.12021574994006572,5.600206131783411,-2.0206487319866455,5.600206131783411,-2.0206487319866455,5.600206131783411,-2.0206487319866455,-1.079160485599771,1.4208638839398364,-6.505033358967567,-2.5994958063898608,-6.505033358967567,-2.5994958063898608,0.0,0.0,0.0,0.0,0.0,0.0,2.7119618955758007,2.7119618955758007,2.7119618955758007,2.7181763820818214,2.718176382081822,3.3776766850094964,3.3776766850094964
299.0,0.299,0.001,0.499,70.1219780249327,6.773825863396928,1.223859394546186,0.11822556427302404,5.597050124491689,-1.990185667041681,5.597050124491689,-1.990185667041681,5.597050124491689,-1.990185667041681,-1.08566029220614,1.4181837271947024,-6.499806606369145,-2.6801567451340116,-6.499806606369145,-2.6801567451340116,0.0,0.0,0.0,0.0,0.0,0.0,2.7182488240640406,2.7182488240640406,2.7182488240640406,2.7243949189191454,2.7243949189191454,3.3959224220560773,3.3959224220560773
300.0,0.3,0.001,0.499,70.4424777024799,6.661542250688204,1.229453169170965,0.11626584553522266,5.593774624778853,-1.9597187378013747,5.593774624778853,-1.9597187378013747,5.593774624778853,-1.9597187378013747,-1.0921543998482945,1.4154223376647073,-6.494107642154468,-2.7613895299952373,-6.494107642154468,-2.7613895299952373,0.0,0.0,0.0,0.0,0.0,0.0,2.7244653455949495,2.7244653455949495,2.7244653455949495,2.7305421050359553,2.7305421050359553,3.4142665327064265,3.4142665327064265
301.0,0.301,0.001,0.499,70.7627829219641,6.551004146853104,1.2350435498622871,0.11433659167438878,5.590380691322169,-1.9292538608338832,5.590380691322169,-1.9292538608338832,5.590380691322169,-1.9292538608338832,-1.0986423327024686,1.412579145099472,-6.487932854174127,-2.8431925652353263,-6.487932854174127,-2.8431925652353263,0.0,0.0,0.0,0.0,0.0,0.0,2.7306105455665466,2.7306105455665466,2.7306105455665466,2.736617037853303,2.736617037853303,3.43270806775586,3.43270806775586
302.0,0.302,0.001,0.499,71.08288695771208,6.442211098963863,1.240630419235011,0.11243779478544166,5.586869372723796,-1.8987968889471116,5.586869372723796,-1.8987968889471116,5.586869372723796,-1.8987968889471116,-1.1051236113931089,1.4096535808854158,-6.481278690640389,-2.9255642140561,-6.481278690640389,-2.9255642140561,0.0,0.0,0.0,0.0,0.0,0.0,2.7366835219342445,2.7366835219342445,2.736683521934244,2.7426188275989634,2.7426188275989634,3.451245998873779,3.451245998873779
303.0,0.303,0.001,0.499,71.40278314354326,6.335162322491608,1.2462136609423369,0.11056944117576938,5.583241707325718,-1.8683536096722937,5.583241707325718,-1.8683536096722937,5.583241707325718,-1.8683536096722937,-1.1115977530560732,1.4066450780867135,-6.4741416629642705,-3.0085027987022466,-6.4741416629642705,-3.0085027987022466,0.0,0.0,0.0,0.0,0.0,0.0,2.742683385414592,2.742683385414592,2.742683385414592,2.7485465974977,2.7485465974977,3.46987921773104,3.46987921773104
304.0,0.304,0.001,0.499,71.72246487217201,6.2298567051292935,1.2517931596653755,0.10873151143195169,5.579498723038705,-1.8379297438176967,5.579498723038705,-1.8379297438176967,5.579498723038705,-1.8379297438176967,-1.1180642714047062,1.403553071486172,-6.466518348632988,-3.092006600541617,-6.466518348632988,-3.092006600541617,0.0,0.0,0.0,0.0,0.0,0.0,2.748609259675932,2.748609259675932,2.748609259675932,2.754399483950752,2.754399483950752,3.488606535177685,3.488606535177685
305.0,0.305,0.001,0.499,72.04192559460095,6.126292810693582,1.2573688011025603,0.10692398048786068,5.575641437184805,-1.8075309440910028,5.575641437184805,-1.8075309440910028,5.575641437184805,-1.8075309440910028,-1.1245226767988337,1.4003769976260527,-6.458405394127536,-3.1760738601192298,-6.458405394127536,-3.1760738601192298,0.0,0.0,0.0,0.0,0.0,0.0,2.7544602815176726,2.7544602815176726,2.754460281517673,2.760176636704803,2.760176636704803,3.507426680472257,3.507426680472257
306.0,0.306,0.001,0.499,72.36115881950602,6.024468883101801,1.2629404719589132,0.1051468176940718,5.571670856352845,-1.7771627937888865,5.571670856352845,-1.7771627937888865,5.571670856352845,-1.7771627937888865,-1.130972476316714,1.3971162948488718,-6.449799517880173,-3.26070277718095,-6.449799517880173,-3.26070277718095,0.0,0.0,0.0,0.0,0.0,0.0,2.760235601039917,2.760235601039917,2.760235601039917,2.7658772190107865,2.7658772190107865,3.526338300563898,3.526338300563898
307.0,0.307,0.001,0.499,72.68015811261387,5.924382850420217,1.2685080599351797,0.10339998688851952,5.56758797626643,-1.7468308055522823,5.56758797626643,-1.7468308055522823,5.56758797626643,-1.7468308055522823,-1.1374131738299855,1.3937704033382092,-6.440697513271584,-3.3458915106625136,-6.440697513271584,-3.3458915106625136,0.0,0.0,0.0,0.0,0.0,0.0,2.7659343818034556,2.7659343818034556,2.7659343818034556,2.7715004077728262,2.7715004077728262,3.5453399594283574,3.5453399594283574
308.0,0.308,0.001,0.499,72.99891709607255,5.826032328979958,1.2740714537168436,0.1016834464683337,5.563393781663923,-1.7165404201858219,5.563393781663923,-1.7165404201858219,5.563393781663923,-1.7165404201858219,-1.1438442700816531,1.39033876515957,-6.431096251667531,-3.431638178639263,-6.431096251667531,-3.431638178639263,0.0,0.0,0.0,0.0,0.0,0.0,2.771555800978458,2.771555800978458,2.771555800978458,2.7770453936876054,2.7770453936876054,3.564430137458955,3.564430137458955
309.0,0.309,0.001,0.499,73.31742944781578,5.729414627556972,1.2796305429630335,0.0999971494627938,5.559089246189902,-1.6862970055399022,5.559089246189902,-1.6862970055399022,5.559089246189902,-1.6862970055399022,-1.150265262767148,1.3868208243013385,-6.420992685494812,-3.5179408582316363,-6.420992685494812,-3.5179408582316363,0.0,0.0,0.0,0.0,0.0,0.0,2.7770990494850456,2.7770990494850456,2.7770990494850456,2.7825113813744946,2.7825113813744946,3.583607230913525,3.583607230913525
310.0,0.31,0.001,0.499,73.63568890092185,5.6345267516125634,1.285185218295331,0.09834104360733995,5.554675332297585,-1.6561058554538466,5.554675332297585,-1.6561058554538466,5.554675332297585,-1.6561058554538466,-1.1566756466185042,1.3832160267158773,-6.4103838513563725,-3.6047975854611134,-6.4103838513563725,-3.6047975854611134,0.0,0.0,0.0,0.0,0.0,0.0,2.7825633321248735,2.7825633321248735,2.7825633321248735,2.787897589496717,2.7878975894967164,3.602869551418262,3.602869551418262
311.0,0.311,0.001,0.499,73.95368924296733,5.541365407591046,1.2907353712864926,0.09671507141858134,5.550152991161724,-1.6259721887586065,5.550152991161724,-1.6259721887586065,5.550152991161724,-1.6259721887586065,-1.1630749134916896,1.3795238203608264,-6.399266873185469,-3.6922063550509616,-6.399266873185469,-3.6922063550509616,0.0,0.0,0.0,0.0,0.0,0.0,2.7879478677015825,2.7879478677015825,2.7879478677015825,2.7932032508738676,2.7932032508738676,3.622215325529351,3.622215325529351
312.0,0.312,0.001,0.499,74.27142431537644,5.449927007271228,1.2962808944490942,0.09511917027024387,5.545523162601487,-1.595901148337468,5.545523162601487,-1.595901148337468,5.545523162601487,-1.595901148337468,-1.1694625524571283,1.3757436552406608,-6.387638965438805,-3.7801651201657567,-6.387638965438805,-3.7801651201657567,0.0,0.0,0.0,0.0,0.0,0.0,2.793251889135326,2.793251889135326,2.793251889135326,2.798427612586062,2.798427612586062,3.641642694353188,3.641642694353188
313.0,0.313,0.001,0.499,74.58888801276657,5.360207672168471,1.301821681224107,0.09355327247000064,5.540786775012827,-1.5658978002432238,5.540786775012827,-1.5658978002432238,5.540786775012827,-1.5658978002432238,-1.1758380498934569,1.3718749834485775,-6.375497436328614,-3.868671792083258,-6.375497436328614,-3.868671792083258,0.0,0.0,0.0,0.0,0.0,0.0,2.7984746435682455,2.7984746435682455,2.7984746435682455,2.8035699360700215,2.8035699360700215,3.6611497132259307,3.6611497132259307
314.0,0.314,0.001,0.499,74.90607428229046,5.272203237984194,1.3073576259694168,0.09201730533713036,5.535944745309882,-1.5359671328702849,5.535944745309882,-1.5359671328702849,5.535944745309882,-1.5359671328702849,-1.1822008895845506,1.3679172592087856,-6.362839691093716,-3.957724239791806,-6.362839691093716,-3.957724239791806,0.0,0.0,0.0,0.0,0.0,0.0,2.803615392459009,2.803615392459009,2.803615392459009,2.8086294972073405,2.8086294972073405,3.6807343514530584,3.6807343514530584
315.0,0.315,0.001,0.499,75.22297712297538,5.185909259099738,1.3128886239482918,0.09051119128095013,5.530997978874936,-1.5061140561802249,5.530997978874936,-1.5061140561802249,5.530997978874936,-1.5061140561802249,-1.1885505528198603,1.3638699389192797,-6.349663235309643,-4.047320289505989,-6.349663235309643,-4.047320289505989,0.0,0.0,0.0,0.0,0.0,0.0,2.808673411676502,2.808673411676502,2.808673411676502,2.8136055864052607,2.8136055864052607,3.700394492109543,3.700394492109543
316.0,0.316,0.001,0.499,75.53959058506008,5.101321013111636,1.3184145713178081,0.08903484787997086,5.5259473695164925,-1.476343400979263,5.5259473695164925,-1.476343400979263,5.5259473695164925,-1.476343400979263,-1.1948865184980983,1.3597324811951867,-6.335965678237992,-4.137457724092861,-6.335965678237992,-4.137457724092861,0.0,0.0,0.0,0.0,0.0,0.0,2.8136479915759347,2.8136479915759347,2.8136479915759347,2.8184975086701693,2.8184975086701693,3.7201279319011795,3.7201279319011795
317.0,0.317,0.001,0.499,75.8559087693297,5.018433505405387,1.3239353651172432,0.08758818796172464,5.520793799435018,-1.4466599182462174,5.520793799435018,-1.4466599182462174,5.520793799435018,-1.4466599182462174,-1.2012082632343135,1.3555043469127863,-6.321744736215233,-4.228134282400541,-6.321744736215233,-4.228134282400541,0.0,0.0,0.0,0.0,0.0,0.0,2.8185384370793987,2.8185384370793987,2.8185384370793987,2.8233045836741066,2.8233045836741066,3.7399323810875313,3.7399323810875313
318.0,0.318,0.001,0.499,76.17192582644908,4.9372414737649235,1.3294509032564392,0.08617111968321516,5.515538139195936,-1.4170682785094806,5.515538139195936,-1.4170682785094806,5.515538139195936,-1.4170682785094806,-1.2075152614703948,1.3511849992543057,-6.306998236081311,-4.319347658480527,-6.306998236081311,-4.319347658480527,0.0,0.0,0.0,0.0,0.0,0.0,2.8233440677386006,2.8233440677386006,2.8233440677386006,2.8280261458145373,2.8280261458145373,3.759805463466925,3.759805463466925
319.0,0.319,0.001,0.499,76.48763595629495,4.857739393015056,1.3349610845041486,0.08478354661194355,5.510181247709456,-1.3875730712716028,5.510181247709456,-1.3875730712716028,5.510181247709456,-1.3875730712716028,-1.2138069855890432,1.346773903753611,-6.291724118648447,-4.411095500694527,-6.291724118648447,-4.411095500694527,0.0,0.0,0.0,0.0,0.0,0.0,2.8280642177983446,2.8280642177983446,2.8280642177983446,2.8326615442676113,2.8326615442676113,3.779744716423797,3.779744716423797
320.0,0.32,0.001,0.499,76.80303340728747,4.779921479694222,1.3404658084763654,0.08342536780746346,5.5047239722168415,-1.3581788044800913,5.5047239722168415,-1.3581788044800913,5.5047239722168415,-1.3581788044800913,-1.220082906031254,1.3422705283429148,-6.275920442210666,-4.503375410696123,-6.275920442210666,-4.503375410696123,0.0,0.0,0.0,0.0,0.0,0.0,2.832698236249913,2.832698236249913,2.832698236249913,2.8372101430351626,2.8372101430351626,3.7997475910386918,3.7997475910386918
321.0,0.321,0.001,0.499,77.11811247572106,4.7037816967550095,1.3459649756246481,0.08209647790342038,5.499167148282732,-1.3288899040430706,5.499167148282732,-1.3288899040430706,5.499167148282732,-1.3288899040430706,-1.2263424914173486,1.337674343400638,-6.259585386094686,-4.596184942276959,-6.259585386094686,-4.596184942276959,0.0,0.0,0.0,0.0,0.0,0.0,2.837245486880316,2.837245486880316,2.837245486880316,2.841671320985684,2.841671320985684,3.8198114522611095,3.8198114522611095
322.0,0.322,0.001,0.499,77.43286750509537,4.6293137582899115,1.3514584872244413,0.0807967671900319,5.493511599793153,-1.2997107133884782,5.493511599793153,-1.2997107133884782,5.493511599793153,-1.2997107133884782,-1.2325852086716016,1.3329848218005713,-6.242717254252942,-4.689521600066642,-6.242717254252942,-4.689521600066642,0.0,0.0,0.0,0.0,0.0,0.0,2.8417053483127956,2.8417053483127956,2.8417053483127956,2.8460444718894595,2.8460444718894595,3.8399335791453426,3.8399335791453426
323.0,0.323,0.001,0.499,77.74729288544629,4.556511134279939,1.3569462453634002,0.07952612169696639,5.487758138958865,-1.2706454930655104,5.487758138958865,-1.2706454930655104,5.487758138958865,-1.2706454930655104,-1.238810523150501,1.3282014389624965,-6.225314478899618,-4.7833828380748695,-6.225314478899618,-4.7833828380748695,0.0,0.0,0.0,0.0,0.0,0.0,2.846077214044993,2.846077214044993,2.846077214044993,2.8503290044481147,2.8503290044481147,3.860111165149387,3.860111165149387
324.0,0.324,0.001,0.499,78.06138305267747,4.4853670553636995,1.362428152929724,0.07828442327657933,5.481907566323709,-1.2416984203870645,5.481907566323709,-1.2416984203870645,5.481907566323709,-1.2416984203870645,-1.2450178987746918,1.3233236729044329,-6.207375624190757,-4.877766058063721,-6.207375624190757,-4.877766058063721,0.0,0.0,0.0,0.0,0.0,0.0,2.8503604924776376,2.8503604924776376,2.850360492477638,2.854524342318736,2.8545243423187356,3.8803413184969564,3.8803413184969564
325.0,0.325,0.001,0.499,78.37513248789266,4.415874517624699,1.3679041136005017,0.07707154968746736,5.4759606707776305,-1.212873589111964,5.4759606707776305,-1.212873589111964,5.4759606707776305,-1.212873589111964,-1.2512067981646415,1.3183510042966955,-6.188899389949631,-4.972668607737372,-6.188899389949631,-4.972668607737372,0.0,0.0,0.0,0.0,0.0,0.0,2.854554606941867,2.854554606941867,2.854554606941867,2.858629924132805,2.858629924132805,3.9006210626025473,3.9006210626025473
326.0,0.326,0.001,0.499,78.68853571672892,4.348026287394633,1.3733740318300758,0.07588737467830158,5.469918229574079,-1.1841750091657912,5.469918229574079,-1.1841750091657912,5.469918229574079,-1.1841750091657912,-1.2573766827800803,1.3132829165179596,-6.169884615438749,-5.068087778735821,-6.169884615438749,-5.068087778735821,0.0,0.0,0.0,0.0,0.0,0.0,2.858658995718352,2.858658995718352,2.8586589957183515,2.8626452035100836,2.8626452035100836,3.9209473365594696,3.9209473365594696
327.0,0.327,0.001,0.499,79.0015873086912,4.281814906070524,1.3788378128384273,0.07473176807190238,5.463781008351491,-1.155606606399192,5.463781008351491,-1.155606606399192,5.463781008351491,-1.155606606399192,-1.2635270130632603,1.308118895713541,-6.150330283180047,-5.164020804418521,-6.150330283180047,-5.164020804418521,0.0,0.0,0.0,0.0,0.0,0.0,2.8626731120521067,2.8626731120521067,2.8626731120521067,2.866569649067658,2.866569649067658,3.941316995690711,3.941316995690711
328.0,0.328,0.001,0.499,79.31428187648822,4.217232694943622,1.384295362599586,0.07360459584951982,5.457549761158593,-1.1271722223825544,5.457549761158593,-1.1271722223825544,5.457549761158593,-1.1271722223825544,-1.2696572485860853,1.302858430856118,-6.130235522825006,-5.260464857423066,-6.130235522825006,-5.260464857423066,0.0,0.0,0.0,0.0,0.0,0.0,2.8665964241635873,2.8665964241635873,2.8665964241635873,2.8704027444242883,2.8704027444242883,3.9617268121624156,3.9617268121624156
329.0,0.329,0.001,0.499,79.62661407537014,4.1542717600380525,1.3897465878300692,0.07250572023528382,5.451225230483253,-1.098875614236006,5.451225230483253,-1.098875614236006,5.451225230483253,-1.098875614236006,-1.275766848201162,1.2975010138091345,-6.109599615076653,-5.357417046983349,-6.109599615076653,-5.357417046983349,0.0,0.0,0.0,0.0,0.0,0.0,2.8704284152541173,2.8704284152541173,2.8704284152541177,2.8741439882002657,2.8741439882002657,3.98217347565976,3.98217347565976
330.0,0.33,0.001,0.499,79.938578602468,4.092923996957234,1.3951913959773539,0.0714349997807901,5.444808147284653,-1.0707204544937152,5.444808147284653,-1.0707204544937152,5.444808147284653,-1.0707204544937152,-1.2818552701968275,1.2920461393931437,-6.088421995665589,-5.454874415990814,-6.088421995665589,-5.454874415990814,0.0,0.0,0.0,0.0,0.0,0.0,2.8741685835058624,2.8741685835058624,2.8741685835058624,2.8777928940128583,2.877792894012858,4.002653594124932,4.002653594124932
331.0,0.331,0.001,0.499,80.25017019613517,4.033181095736158,1.4006296952083823,0.07039228944978858,5.438299231028555,-1.042710331001516,5.438299231028555,-1.042710331001516,5.438299231028555,-1.042710331001516,-1.28792197245621,1.286493305455362,-6.066702259382464,-5.552833937781619,-6.066702259382464,-5.552833937781619,0.0,0.0,0.0,0.0,0.0,0.0,2.8778164420801327,2.8778164420801327,2.8778164420801327,2.881348990467554,2.881348990467554,4.023163694556892,4.023163694556892
332.0,0.332,0.001,0.499,80.56138363529107,3.975034545697688,1.4060613943981077,0.06937744070294165,5.43169918972545,-1.0148487468469252,5.43169918972545,-1.0148487468469252,5.43169918972545,-1.0148487468469252,-1.2939664126203796,1.2808420129427303,-6.044440164169514,-5.651292512631714,-6.044440164169514,-5.651292512631714,0.0,0.0,0.0,0.0,0.0,0.0,2.8813715191088005,2.8813715191088005,2.8813715191088005,2.884811821145213,2.8848118211452136,4.043700223872577,4.043700223872577
333.0,0.333,0.001,0.499,80.8722137387671,3.9184756403110574,1.4114864031180792,0.068390301582621,5.425008719971391,-0.9871391203206512,5.425008719971391,-0.9871391203206512,5.425008719971391,-0.9871391203206512,-1.2999880482556536,1.2750917659787893,-6.021635635274064,-5.750246963940957,-6.021635635274064,-5.750246963940957,0.0,0.0,0.0,0.0,0.0,0.0,2.884833357682743,2.884833357682743,2.8848333576827434,2.888180944585248,2.888180944585248,4.064259549829154,4.064259549829154
334.0,0.334,0.001,0.499,81.18265536465516,3.8634954820508183,1.4169046316250704,0.06743071679771226,5.418228506991349,-0.9595847849087396,5.418228506991349,-0.9595847849087396,5.418228506991349,-0.9595847849087396,-1.3059863370251208,1.2692420719447026,-5.998288769467147,-5.8496940340865375,-5.998288769467147,-5.8496940340865375,0.0,0.0,0.0,0.0,0.0,0.0,2.8882015158364736,2.8882015158364736,2.8882015158364736,2.8914559342649593,2.8914559342649593,4.08483796200693,4.08483796200693
335.0,0.335,0.001,0.499,81.4927034096588,3.8100849872545295,1.4223159908497554,0.06649852780839773,5.411359224684906,-0.9321889893145344,5.411359224684906,-0.9321889893145344,5.411359224684906,-0.9321889893145344,-1.3119607368644515,1.2632924415647775,-5.974399839330679,-5.949630379925049,-5.974399839330679,-5.949630379925049,0.0,0.0,0.0,0.0,0.0,0.0,2.8914755665284155,2.8914755665284155,2.8914755665284155,2.894636378575163,2.8946363785751634,4.105431672852498,4.105431672852498
336.0,0.336,0.001,0.499,81.80235280844695,3.758234890977531,1.4277203923854296,0.06559357291088805,5.404401535674148,-0.9049548975096746,5.404401535674148,-0.9049548975096746,5.404401535674148,-0.9049548975096746,-1.3179107061620683,1.2572423889968558,-5.949969297616909,-6.050052567921639,-5.949969297616909,-6.050052567921639,0.0,0.0,0.0,0.0,0.0,0.0,2.8946550976181573,2.8946550976181573,2.8946550976181573,2.8977218807921785,2.8977218807921785,4.126036818781693,4.126036818781693
337.0,0.337,0.001,0.499,82.11159853301073,3.7079357518431673,1.4331177484767832,0.06471568732207467,5.397356091353624,-0.8778855888133803,5.397356091353624,-0.8778855888133803,5.397356091353624,-0.8778855888133803,-1.3238357039437525,1.251091431927972,-5.924997781684185,-6.1509570688837165,-5.924997781684185,-6.1509570688837165,0.0,0.0,0.0,0.0,0.0,0.0,2.8977397118385126,2.8977397118385126,2.8977397118385126,2.900712059046303,2.900712059046303,4.146649461341928,4.146649461341928
338.0,0.338,0.001,0.499,82.42043559202314,3.6591779568868894,1.4385079720087255,0.06386470326407534,5.390223531942244,-0.8509840579993205,5.390223531942244,-0.8509840579993205,5.390223531942244,-0.8509840579993205,-1.3297351900617658,1.2448390916756964,-5.899486118013356,-6.252340252275719,-5.899486118013356,-6.252340252275719,0.0,0.0,0.0,0.0,0.0,0.0,2.9007290267668733,2.9007290267668733,2.9007290267668733,2.9036065462868628,2.9036065462868628,4.167265588433499,4.167265588433499
339.0,0.339,0.001,0.499,82.72885903020169,3.611951726392698,1.4438909764952625,0.06304045004864595,5.383004486537011,-0.8242532154293873,5.383004486537011,-0.8242532154293873,5.383004486537011,-0.8242532154293873,-1.3356086253885753,1.2384848932956058,-5.873435326809485,-6.3541983800904465,-5.873435326809485,-6.3541983800904465,0.0,0.0,0.0,0.0,0.0,0.0,2.9036226747891143,2.9036226747891143,2.9036226747891143,2.9064049902439275,2.9064049902439275,4.187881115589423,4.187881115589423
340.0,0.34,0.001,0.499,83.03686392767452,3.5662471187204074,1.449266676068431,0.06224275416143221,5.375699573168486,-0.7976958872137369,5.375699573168486,-0.7976958872137369,5.375699573168486,-0.7976958872137369,-1.3414554720152692,1.2320283656953543,-5.846846626693856,-6.4565276002515,-5.846846626693856,-6.4565276002515,0.0,0.0,0.0,0.0,0.0,0.0,2.9064203030644804,2.9064203030644804,2.9064203030644804,2.9091070533867662,2.9091070533867662,4.208491887313453,4.208491887313453
341.0,0.341,0.001,0.499,83.3444453993495,3.5220540351222764,1.4546349854672889,0.061471439346035724,5.368309398857906,-0.7713148153964887,5.368309398857906,-0.7713148153964887,5.368309398857906,-0.7713148153964887,-1.3472751934547609,1.225469041755834,-5.819721439491612,-6.55932393952029,-5.819721439491612,-6.55932393952029,0.0,0.0,0.0,0.0,0.0,0.0,2.909121573484032,2.909121573484032,2.9091215734840317,2.9117124128791287,2.9117124128791287,4.229093678475884,4.229093678475884
342.0,0.342,0.001,0.499,83.6515985942868,3.4793622245475615,1.4599958200269647,0.06072632668786922,5.360834559675885,-0.7451126581665073,5.360834559675885,-0.7451126581665073,5.360834559675885,-0.7451126581665073,-1.3530672548498817,1.218806458459954,-5.792061395120688,-6.6625832958800935,-5.792061395120688,-6.6625832958800935,0.0,0.0,0.0,0.0,0.0,0.0,2.911726162627031,2.911726162627031,2.911726162627031,2.914220760531416,2.914220760531416,4.2496821957668445,4.2496821957668445
343.0,0.343,0.001,0.499,83.95831869507496,3.4381612884335855,1.4653490956677673,0.0600072346977765,5.353275640802633,-0.7190919900927175,5.353275640802633,-0.7190919900927175,5.353275640802633,-0.7190919900927175,-1.3588311231864698,1.2120401570295856,-5.763868336588072,-6.766301430368591,-5.763868336588072,-6.766301430368591,0.0,0.0,0.0,0.0,0.0,0.0,2.914233761714323,2.914233761714323,2.914233761714323,2.916631802749815,2.9166318027498144,4.270253079206821,4.270253079206821
344.0,0.34400000000000003,0.001,0.499,84.26460091721049,3.3984406854819493,1.4706947288843568,0.05931397939539307,5.3456332165896425,-0.6932553023834376,5.3456332165896425,-0.6932553023834376,5.3456332165896425,-0.6932553023834376,-1.3645662675115695,1.2051696830712564,-5.735144325099774,-6.870473958329249,-5.735144325099774,-6.870473958329249,0.0,0.0,0.0,0.0,0.0,0.0,2.9166440765582218,2.9166440765582218,2.9166440765582218,2.9189452604824533,2.9189452604824533,4.290801903714167,4.290801903714167
345.0,0.34500000000000003,0.001,0.499,84.57044050848093,3.360189736418534,1.4760326367349796,0.05864637439222383,5.337907850622806,-0.6676050031692371,5.337907850622806,-0.6676050031692371,5.337907850622806,-0.6676050031692371,-1.3702721591568607,1.1981945867312054,-5.70589164529123,-6.975096340050919,-5.70589164529123,-6.975096340050919,0.0,0.0,0.0,0.0,0.0,0.0,2.9189568275103808,2.9189568275103808,2.9189568275103803,2.9211608691626374,2.9211608691626374,4.3113241807295095,4.3113241807295095
346.0,0.34600000000000003,0.001,0.499,84.87583274835178,3.3233976287359805,1.4813627368307665,0.058004230974414976,5.330100095786932,-0.6421434178088541,5.330100095786932,-0.6421434178088541,5.330100095786932,-0.6421434178088541,-1.375948271967446,1.1911144228604413,-5.67611281058523,-7.08016387076394,-5.67611281058523,-7.08016387076394,0.0,0.0,0.0,0.0,0.0,0.0,2.92117174940497,2.92117174940497,2.9211717494049703,2.923278378649214,2.923278378649214,4.331815359896952,4.331815359896952
347.0,0.34700000000000003,0.001,0.499,85.18077294735723,3.2880534214173416,1.486684947325098,0.057387358185197246,5.322210494331633,-0.6168727892177318,5.322210494331633,-0.6168727892177318,5.322210494331633,-0.6168727892177318,-1.3815940825361308,1.1839287511904812,-5.645810568684826,-7.185671669960071,-5.645810568684826,-7.185671669960071,0.0,0.0,0.0,0.0,0.0,0.0,2.923288591500056,2.923288591500056,2.923288591500056,2.9252975531641274,2.9252975531641274,4.352270830802155,4.352270830802155
348.0,0.34800000000000003,0.001,0.499,85.48525644649449,3.254146049639637,1.4919991869030367,0.05679556290697849,5.314239577938583,-0.5917952782187548,5.314239577938583,-0.5917952782187548,5.314239577938583,-0.5917952782187548,-1.3872090704433397,1.1766371365204786,-5.614987907208982,-7.291614670002524,-5.614987907208982,-7.291614670002524,0.0,0.0,0.0,0.0,0.0,0.0,2.925307117417355,2.925307117417355,2.925307117417355,2.927218171227197,2.927218171227197,4.372685924767406,4.372685924767406
349.0,0.34900000000000003,0.001,0.499,85.78927861662238,3.2216643294560674,1.4973053747708267,0.05622864994306371,5.306187867790129,-0.5669129639147875,5.306187867790129,-0.5669129639147875,5.306187867790129,-0.5669129639147875,-1.3927927185028188,1.1692391489164873,-5.583648059479107,-7.397987603991436,-5.583648059479107,-7.397987603991436,0.0,0.0,0.0,0.0,0.0,0.0,2.9272271050759513,2.9272271050759513,2.9272271050759513,2.9290400255881623,2.9290400255881623,4.393055916703959,4.393055916703959
350.0,0.35000000000000003,0.001,0.499,86.09283485786369,3.1905969624556545,1.5026034306454659,0.05568642209898107,5.298055874639262,-0.5422278440826395,5.298055874639262,-0.5422278440826395,5.298055874639262,-0.5422278440826395,-1.3983445130132837,1.1617343639236382,-5.551794510464916,-7.504784992849179,-5.551794510464916,-7.504784992849179,0.0,0.0,0.0,0.0,0.0,0.0,2.9290483466265735,2.9290483466265735,2.929048346626574,2.930762923156058,2.930762923156058,4.413376027022033,4.413376027022033
351.0,0.35100000000000003,0.001,0.499,86.39592059901176,3.1609325403991004,1.5078932747443468,0.05516868026339298,5.289844098880957,-0.5177418355880952,5.289844098880957,-0.5177418355880952,5.289844098880957,-0.5177418355880952,-1.403863944016182,1.1541223627920492,-5.519431002898358,-7.612001131589004,-5.519431002898358,-7.612001131589004,0.0,0.0,0.0,0.0,0.0,0.0,2.930770648381458,2.930770648381458,2.930770648381458,2.932386684925914,2.9323866849259135,4.433641423599007,4.433641423599007
352.0,0.352,0.001,0.499,86.6985312969411,3.1326595498296816,1.5131748277749717,0.05467522348857131,5.281553030624896,-0.4934567748216683,5.281553030624896,-0.4934567748216683,5.281553030624896,-0.4934567748216683,-1.4093505055597466,1.1464027327173194,-5.486561543564672,-7.719630074729728,-5.486561543564672,-7.719630074729728,0.0,0.0,0.0,0.0,0.0,0.0,2.932393830741221,2.932393830741221,2.932393830741221,2.933911145902859,2.933911145902859,4.453847223806504,4.453847223806504
353.0,0.353,0.001,0.499,87.0006624360224,3.1057663766580053,1.5184480109247414,0.054205849070416555,5.273183149769593,-0.4693744181547529,5.273183149769593,-0.4693744181547529,5.273183149769593,-0.4693744181547529,-1.4148036959695265,1.1385750670965011,-5.45319040977985,-7.827665620818376,-5.45319040977985,-7.827665620818376,0.0,0.0,0.0,0.0,0.0,0.0,2.933917728120784,2.933917728120784,2.9339177281207847,2.9353361550236268,2.9353361550236268,4.473988496597225,4.473988496597225
354.0,0.354,0.001,0.499,87.30230952754178,3.080241310719484,1.5237127458508193,0.0537603526280007,5.264734926077947,-0.4454964424158575,5.264734926077947,-0.4454964424158575,5.264734926077947,-0.4454964424158575,-1.4202230181255906,1.130638965800479,-5.419322156064047,-7.936101296022068,-5.419322156064047,-7.936101296022068,0.0,0.0,0.0,0.0,0.0,0.0,2.935342188870142,2.935342188870142,2.935342188870142,2.936661575075524,2.936661575075524,4.494060264652579,4.494060264652579
355.0,0.355,0.001,0.499,87.60346810912449,3.0560725503033837,1.5289689546700735,0.05333852818261407,5.256208819254255,-0.42182444538662206,5.256208819254255,-0.42182444538662206,5.256208819254255,-0.42182444538662206,-1.4256079797466112,1.1225940354637292,-5.384961621020647,-8.044930336749848,-5.384961621020647,-8.044930336749848,0.0,0.0,0.0,0.0,0.0,0.0,2.9366670751954134,2.9366670751954134,2.9366670751954134,2.937887282612852,2.937887282612852,4.51405750659235,4.51405750659235
356.0,0.356,0.001,0.499,87.90413374416306,3.0332482066523423,1.5342165599490962,0.05294016823629674,5.247605279022715,-0.39835994631732763,5.247605279022715,-0.39835994631732763,5.247605279022715,-0.39835994631732763,-1.430958093681042,1.1144398897924643,-5.350113934430853,-8.154145671264745,-5.350113934430853,-8.154145671264745,0.0,0.0,0.0,0.0,0.0,0.0,2.9378922630755633,2.9378922630755633,2.937892263075563,2.9390131678708595,2.9390131678708595,4.533975159247838,4.533975159247838
357.0,0.357,0.001,0.499,88.2043020212501,3.0117563084312473,1.5394554846943036,0.05256506384983512,5.238924745207459,-0.3751043864616181,5.238924745207459,-0.3751043864616181,5.238924745207459,-0.3751043864616181,-1.4362728782056158,1.1061761498922182,-5.314784524573755,-8.263739900246021,-5.314784524573755,-8.263739900246021,0.0,0.0,0.0,0.0,0.0,0.0,2.9390176421760748,2.9390176421760748,2.9390176421760748,2.9400391346772077,2.9400391346772072,4.5538081200001574,4.5538081200001574
358.0,0.358,0.001,0.499,88.5039685536157,2.99158480616439,1.5446856523421177,0.05221300472020496,5.230167647814153,-0.3520591296301634,5.230167647814153,-0.3520591296301634,5.230167647814153,-0.3520591296301634,-1.4415518573313977,1.0978024446159567,-5.278979125781863,-8.373705276261472,-5.278979125781863,-8.373705276261472,0.0,0.0,0.0,0.0,0.0,0.0,2.9400431157622253,2.9400431157622253,2.9400431157622253,2.940965100360986,2.940965100360986,4.573551249185566,4.573551249185566
359.0,0.359,0.001,0.499,88.80312897856975,2.9727215766398287,1.549906986749231,0.05188377925744196,5.22133440711321,-0.32922546276299663,5.22133440711321,-0.32922546276299663,5.22133440711321,-0.32922546276299663,-1.4467945611176398,1.089318410933847,-5.242703786242069,-8.48403368210967,-5.242703786242069,-8.48403368210967,0.0,0.0,0.0,0.0,0.0,0.0,2.940968600607945,2.940968600607945,2.940968600607945,2.94179099565933,2.94179099565933,4.593199372569979,4.593199372569979
360.0,0.36,0.001,0.499,89.10177895694882,2.955154427279906,1.5551194121829557,0.051577174660921696,5.21242543372466,-0.3066045965202678,5.21242543372466,-0.3066045965202678,5.21242543372466,-0.3066045965202678,-1.4520005259936917,1.0807236943258547,-5.20596487605188,-8.59471660799232,-5.20596487605188,-8.59471660799232,0.0,0.0,0.0,0.0,0.0,0.0,2.941794026903047,2.941794026903047,2.941794026903047,2.9425167646216264,2.9425167646216264,4.61274728389505,4.61274728389505
361.0,0.361,0.001,0.499,89.39991417256839,2.9388711004768737,1.5603228533116604,0.05129297699503054,5.203441128704716,-0.28419766589115786,5.203441128704716,-0.28419766589115786,5.203441128704716,-0.28419766589115786,-1.4571692950892323,1.0720179491983772,-5.168769095540548,-8.705745127477424,-5.168769095540548,-8.705745127477424,0.0,0.0,0.0,0.0,0.0,0.0,2.942519338158147,2.942519338158147,2.9425193381581467,2.9431423645113446,2.9431423645113446,4.632189747498475,4.632189747498475
362.0,0.362,0.001,0.499,89.69753033167984,2.923859277892607,1.5655172351952946,0.05103097126420984,5.194381883634094,-0.26200573082070155,5.194381883634094,-0.26200573082070155,5.194381883634094,-0.26200573082070155,-1.4623004185730968,1.0632008393261625,-5.1311234838644735,-8.817109872214733,-5.1311234838644735,-8.817109872214733,0.0,0.0,0.0,0.0,0.0,0.0,2.9431444911067497,2.9431444911067497,2.9431444911067497,2.943667765705538,2.9436677657055386,4.651521501011398,4.651521501011398
363.0,0.363,0.001,0.499,89.99462316243273,2.9101065847213903,1.5707024832760028,0.05079094148735557,5.185248080708125,-0.2400297768542686,5.185248080708125,-0.2400297768542686,5.185248080708125,-0.2400297768542686,-1.4673934540009825,1.0542720383207964,-5.09303542788577,-8.928801005366061,-5.09303542788577,-8.928801005366061,0.0,0.0,0.0,0.0,0.0,0.0,2.9436694556055483,2.9436694556055483,2.943669455605548,2.9440929515919945,2.9440929515919945,4.670737258136162,4.670737258136162
364.0,0.364,0.001,0.499,90.29118841434232,2.8976005939147824,1.5758785233688315,0.05057267077155612,5.176040092828711,-0.21827071579945434,5.176040092828711,-0.21827071579945434,5.176040092828711,-0.21827071579945434,-1.472447966672325,1.0452312301270819,-5.054512671342406,-9.04080819371454,-5.054512671342406,-9.04080819371454,0.0,0.0,0.0,0.0,0.0,0.0,2.9440942145311495,2.9440942145311495,2.9440942145311495,2.944417918464108,2.944417918464108,4.689831711507802,4.689831711507802
365.0,0.365,0.001,0.499,90.58722185776247,2.88632883036757,1.5810452816525296,0.05037594138515099,5.166758283698167,-0.1967293864051306,5.166758283698167,-0.1967293864051306,5.166758283698167,-0.1967293864051306,-1.4774635299966425,1.0360781095486633,-5.015563324317622,-9.15312057841865,-5.015563324317622,-9.15312057841865,0.0,0.0,0.0,0.0,0.0,0.0,2.944418763676533,2.944418763676533,2.944418763676533,2.9446426754134616,2.9446426754134616,4.708799535643053,4.708799535643053
366.0,0.366,0.001,0.499,90.88271928336407,2.8762787750638514,1.5862026846604445,0.05020053483009358,5.157403007915,-0.17540655505740643,5.157403007915,-0.17540655505740643,5.157403007915,-0.17540655505740643,-1.482439725869658,1.026812382804284,-4.976195873015512,-9.26572674437925,-4.976195873015512,-9.26572674437925,0.0,0.0,0.0,0.0,0.0,0.0,2.9446431116430642,2.9446431116430642,2.9446431116430642,2.94476724422016,2.9447672442201602,4.727635389980856,4.727635389980856
367.0,0.367,0.001,0.499,91.17767650161898,2.8674378691822864,1.591350659271516,0.05004623191360134,5.14797461107167,-0.15430291649224567,5.14797461107167,-0.15430291649224567,5.14797461107167,-0.15430291649224567,-1.4873761450595067,1.0174337681160937,-4.936419189848623,-9.378614688190526,-4.936419189848623,-9.378614688190526,0.0,0.0,0.0,0.0,0.0,0.0,2.9447672797313276,2.9447672797313276,2.9447672797313276,2.944791659240928,2.9447916592409276,4.746333922018636,4.746333922018636
368.0,0.368,0.001,0.499,91.47208934228975,2.859793518159576,1.5964891327013704,0.04991281281907685,5.1384734298543755,-0.1334190945244861,5.1384734298543755,-0.1334190945244861,5.1384734298543755,-0.1334190945244861,-1.492272387603349,1.0079419963314447,-4.896242543842271,-9.491771784649089,-4.896242543842271,-9.491771784649089,0.0,0.0,0.0,0.0,0.0,0.0,2.9447913018299765,2.9447913018299765,2.9447913018299765,2.9447159672950254,2.944715967295025,4.764889770548881,4.764889770548881
369.0,0.369,0.001,0.499,91.76595365392517,2.8533330957112524,1.6016180324935152,0.04980005717628385,5.128899792144896,-0.11275564279300078,5.128899792144896,-0.11275564279300078,5.128899792144896,-0.11275564279300078,-1.497128063214708,0.9983368115796453,-4.855675611358845,-9.605184751799404,-4.855675611358845,-9.605184751799404,0.0,0.0,0.0,0.0,0.0,0.0,2.9447152243012633,2.9447152243012633,2.9447152243012633,2.944540227547958,2.944540227547958,4.7832975690007835,4.7832975690007835
370.0,0.37,0.001,0.499,92.0592653033618,2.848043947808858,1.6067372865106397,0.049707744130762115,5.119254017124551,-0.09231304552173636,5.119254017124551,-0.09231304552173636,5.119254017124551,-0.09231304552173636,-1.5019427917018517,0.9886179719651471,-4.814728487143756,-9.718839614498188,-4.814728487143756,-9.718839614498188,0.0,0.0,0.0,0.0,0.0,0.0,2.9445391058653634,2.9445391058653634,2.9445391058653634,2.9442645113930683,2.9442645113930683,4.801551948891932,4.801551948891932
371.0,0.371,0.001,0.499,92.35202017523149,2.8439133966126304,1.61184682292602,0.04963565241246575,5.109536415380292,-0.07209171829636009,5.109536415380292,-0.07209171829636009,5.109536415380292,-0.07209171829636009,-1.5067162033975445,0.9787852502986614,-4.773411695692813,-9.832721666485751,-4.773411695692813,-9.832721666485751,0.0,0.0,0.0,0.0,0.0,0.0,2.944263017482118,2.944263017482118,2.944263017482118,2.943888902330987,2.943888902330987,4.81964754339526,4.81964754339526
372.0,0.372,0.001,0.499,92.64421417147523,2.8409287443588096,1.6169465702150332,0.04958356040360951,5.099747289012974,-0.052092008856239005,5.099747289012974,-0.052092008856239005,5.099747289012974,-0.052092008856239005,-1.5114479396004832,0.9688384348677032,-4.731736202938661,-9.946815430958246,-4.731736202938661,-9.946815430958246,0.0,0.0,0.0,0.0,0.0,0.0,2.9438870422308137,2.9438870422308137,2.943887042230813,2.943413495847004,2.943413495847004,4.837578991026581,4.837578991026581
373.0,0.373,0.001,0.499,92.93584321086317,2.839077277200705,1.6220364571467811,0.04955124620570804,5.0898869317478335,-0.03231419790146845,5.0898869317478335,-0.03231419790146845,5.0898869317478335,-0.03231419790146845,-1.5161376530287347,0.9587773302480614,-4.689713428251507,-10.06110461964168,-4.689713428251507,-10.06110461964168,0.0,0.0,0.0,0.0,0.0,0.0,2.943411275187497,2.943411275187497,2.9434112751874966,2.942838399286373,2.942838399286373,4.8553409394582365,4.8553409394582365
374.0,0.374,0.001,0.499,93.22690322852131,2.838346269002677,1.6271164127758284,0.04953848770579338,5.0799556290472,-0.01275849991466086,5.0799556290472,-0.01275849991466086,5.0799556290472,-0.01275849991466086,-1.5207850082854812,0.9486017581576851,-4.64735525674658,-10.175572090376354,-4.64735525674658,-10.175572090376354,0.0,0.0,0.0,0.0,0.0,0.0,2.942835823300592,2.942835823300592,2.942835823300592,2.9421637317275993,2.942163731727599,4.8729280494644,4.8729280494644
375.0,0.375,0.001,0.499,93.51739017546454,2.838722985086206,1.632186366434054,0.049545062641796186,5.06995365822547,0.006574936002802836,5.06995365822547,0.006574936002802836,5.06995365822547,0.006574936002802836,-1.525389682337369,0.9383115583544559,-4.604674051887721,-10.290199803229168,-4.604674051887721,-10.290199803229168,0.0,0.0,0.0,0.0,0.0,0.0,2.942160805263947,2.942160805263947,2.942160805263947,2.9413896238537305,2.9413896238537305,4.890334999003682,4.890334999003682
376.0,0.376,0.001,0.499,93.8073000181366,2.8401946859272376,1.6372462477226202,0.04957074866707655,5.059881288566356,0.02568602528036588,5.059881288566356,0.02568602528036588,5.059881288566356,0.02568602528036588,-1.529951365005742,0.9279065895792948,-4.561682668373056,-10.404968775161096,-4.561682668373056,-10.404968775161096,0.0,0.0,0.0,0.0,0.0,0.0,2.9413863513887053,2.9413863513887053,2.9413863513887053,2.9405162178216777,2.9405162178216773,4.907556487444616,4.907556487444616
377.0,0.377,0.001,0.499,94.0966287379568,2.8427486308040057,1.6422959865040627,0.0496153234140906,5.049738781442439,0.04457474701404622,5.049738781442439,0.04457474701404622,5.049738781442439,0.04457474701404622,-1.5344697594710268,0.9173867305460067,-4.518394465284843,-10.51985903328815,-4.518394465284843,-10.51985903328815,0.0,0.0,0.0,0.0,0.0,0.0,2.940512603472892,2.940512603472892,2.940512603472892,2.939543667129631,2.939543667129631,4.924587239939499,4.924587239939499
378.0,0.378,0.001,0.499,94.38537233087364,2.8463720813945694,1.6473355128944998,0.04967856455717927,5.039526390437021,0.06324114308866848,5.039526390437021,0.06324114308866848,5.039526390437021,0.06324114308866848,-1.5389445827905082,0.9067518809792203,-4.474823319481407,-10.634849566786343,-4.474823319481407,-10.634849566786343,0.0,0.0,0.0,0.0,0.0,0.0,2.9395397146678603,2.9395397146678603,2.9395397146678603,2.938472136482582,2.938472136482582,4.941422011951959,4.941422011951959
379.0,0.379,0.001,0.499,94.67352680692574,2.8510523053232966,1.652364757255968,0.04976024987446618,5.029244361468301,0.08168531728691052,5.029244361468301,0.08168531728691052,5.029244361468301,0.08168531728691052,-1.5433755664297124,0.8960019627017156,-4.430983639204352,-10.749918277504754,-4.430983639204352,-10.749918277504754,0.0,0.0,0.0,0.0,0.0,0.0,2.938467849344201,2.938467849344201,2.938467849344201,2.937301801656006,2.9373018016560066,4.958055593943232,4.958055593943232
380.0,0.38,0.001,0.499,94.96108818980986,2.8567765796555666,1.657383650188884,0.04986015730885169,5.018892932915873,0.09990743438550753,5.018892932915873,0.09990743438550753,5.018892932915873,0.09990743438550753,-1.5477624568075816,0.88513692077235,-4.386890377869161,-10.865041929365612,-4.386890377869161,-10.865041929365612,0.0,0.0,0.0,0.0,0.0,0.0,2.937297182957082,2.937297182957082,2.9372971829570815,2.9360328493577286,2.9360328493577286,4.974482816221896,4.974482816221896
381.0,0.381,0.001,0.499,95.24805251645633,2.8635321943399727,1.6623921225246334,0.04997806502809066,5.008472335749541,0.11790771923896418,5.008472335749541,0.11790771923896418,5.008472335749541,0.11790771923896418,-1.5521050158555834,0.8741567246757032,-4.342559048001672,-10.980196096646758,-4.342559048001672,-10.980196096646758,0.0,0.0,0.0,0.0,0.0,0.0,2.936027901904974,2.936027901904974,2.936027901904974,2.9346654770880525,2.9346654770880525,4.990698553961212,4.990698553961212
382.0,0.382,0.001,0.499,95.53441583661207,2.871306455597331,1.6673901053182938,0.050113751483941794,4.997982793660455,0.13568645585113873,4.997982793660455,0.13568645585113873,4.997982793660455,0.13568645585113873,-1.5564030215908602,0.8630613695644435,-4.298005735276834,-11.095355111259657,-4.298005735276834,-11.095355111259657,0.0,0.0,0.0,0.0,0.0,0.0,2.93466020339303,2.93466020339303,2.93466020339303,2.9331998929981427,2.933199892998143,5.0066977323876785,5.0066977323876785
383.0,0.383,0.001,0.499,95.82017421243117,2.880086689255821,1.6723775298414882,0.050266995470376864,4.987424523194544,0.1532439864350696,4.987424523194544,0.1532439864350696,4.987424523194544,0.1532439864350696,-1.5606562687034697,0.8518508775552879,-4.253247112609551,-11.21049200915561,-4.253247112609551,-11.21049200915561,0.0,0.0,0.0,0.0,0.0,0.0,2.9331942952885535,2.9331942952885535,2.933194295288553,2.931636315746758,2.9316363157467578,5.022475332143629,5.022475332143629
384.0,0.384,0.001,0.499,96.10532371807322,2.8898602440316035,1.6773543275753764,0.050437576180838294,4.9767977338882545,0.170580710461427,4.9767977338882545,0.170580710461427,4.9767977338882545,0.170580710461427,-1.56486456915771,0.840525299079274,-4.208300454240266,-11.325578476013868,-4.208300454240266,-11.325578476013868,0.0,0.0,0.0,0.0,0.0,0.0,2.9316303959801346,2.9316303959801346,2.931630395980135,2.929974974355351,2.9299749743553516,5.038026394825777,5.038026394825777
385.0,0.385,0.001,0.499,96.38986043930974,2.900614494754297,1.6823204302037829,0.050625273264534275,4.966102628406547,0.1876970836959817,4.966102628406547,0.1876970836959817,4.966102628406547,0.1876970836959817,-1.5690277528074603,0.8290847142868858,-4.163183649750311,-11.440584792388153,-4.163183649750311,-11.440584792388153,0.0,0.0,0.0,0.0,0.0,0.0,2.929968734230768,2.929968734230768,2.929968734230768,2.928216108061595,2.928216108061595,5.053346028700575,5.053346028700575
386.0,0.386,0.001,0.499,96.67378047313836,2.9123368455366903,1.687275769606466,0.05082986688176077,4.95533940268315,0.20459361722649186,4.95533940268315,0.20459361722649186,4.95533940268315,0.20459361722649186,-1.5731456680253941,0.8175292345083733,-4.117915217933817,-11.555479778512472,-4.117915217933817,-11.555479778512472,0.0,0.0,0.0,0.0,0.0,0.0,2.928209549032359,2.928209549032359,2.9282095490323594,2.926359966171375,2.926359966171375,5.068429414595953,5.068429414595953
387.0,0.387,0.001,0.499,96.9570799274054,2.9250147328881217,1.692220277852529,0.05105113775824019,4.944508246063036,0.22127087647942,4.944508246063036,0.22127087647942,4.944508246063036,0.22127087647942,-1.5772181823458384,0.80585900376938,-4.072514320444249,-11.670230738993368,-4.072514320444249,-11.670230738993368,0.0,0.0,0.0,0.0,0.0,0.0,2.926353089457308,2.926353089457308,2.926353089457308,2.9244068079093233,2.9244068079093233,5.083271811967585,5.083271811967585
388.0,0.388,0.001,0.499,97.23975492043665,2.9386356287709616,1.6971538871939762,0.05128886723846709,4.933609341447069,0.2377294802269013,4.933609341447069,0.2377294802269013,4.933609341447069,0.2377294802269013,-1.5812451831209628,0.7940742003617365,-4.027000775124386,-11.784803407643503,-4.027000775124386,-11.784803407643503,0.0,0.0,0.0,0.0,0.0,0.0,2.9243996145086046,2.9243996145086046,2.9243996145086046,2.9223569022679174,2.9223569022679174,5.0978685651361415,5.0978685651361415
389.0,0.389,0.001,0.499,97.52180158067648,2.953187043599665,1.702076530059415,0.051542837338051484,4.922642865438821,0.25397009958439387,4.922642865438821,0.25397009958439387,4.922642865438821,0.25397009958439387,-1.5852265781898816,0.7821750384689954,-3.9813950689187596,-11.8991618927411,-3.9813950689187596,-11.8991618927411,0.0,0.0,0.0,0.0,0.0,0.0,2.9223493929692093,2.9223493929692093,2.9223493929692093,2.9202105278552244,2.9202105278552244,5.112215109690125,5.112215109690125
390.0,0.39,0.001,0.499,97.80321604633568,2.9686565291818803,1.7069881390479085,0.05181283079505093,4.91160898849347,0.26999345699945027,4.91160898849347,0.26999345699945027,4.91160898849347,0.26999345699945027,-1.5891622965601389,0.7701617698459646,-3.9357183702573413,-12.013268623030807,-3.9357183702573413,-12.013268623030807,0.0,0.0,0.0,0.0,0.0,0.0,2.920202703249964,2.920202703249964,2.920202703249964,2.917967972741325,2.917967972741325,5.126306979046772,5.126306979046772
391.0,0.391,0.001,0.499,98.08399446504774,2.9850316816011433,1.7118886469229773,0.05209863112028299,4.9005078750687785,0.2858003252320599,4.9005078750687785,0.2858003252320599,4.9005078750687785,0.2858003252320599,-1.5930522891009273,0.7580346855511504,-3.889992540788564,-12.127084294814233,-3.889992540788564,-12.127084294814233,0.0,0.0,0.0,0.0,0.0,0.0,2.917959833234715,2.917959833234715,2.917959833234715,2.915629534303492,2.915629534303492,5.140139811161139,5.140139811161139
392.0,0.392,0.001,0.499,98.36413299353406,3.002300144040688,1.7167779866067554,0.05240002264661001,4.889339683778056,0.3013915263270186,4.889339683778056,0.3013915263270186,4.889339683778056,0.3013915263270186,-1.5968965292472561,0.7457941177306381,-3.844240146328682,-12.240567820512354,-3.844240146328682,-12.240567820512354,0.0,0.0,0.0,0.0,0.0,0.0,2.9156210801265643,2.9156210801265643,2.9156210801265643,2.913195519070173,2.9131955190701735,5.153709355370923,5.153709355370923
393.0,0.393,0.001,0.499,98.64362779727787,3.0204496095479456,1.7216560911743004,0.0527167905771888,4.8781045675450825,0.3167679305787922,4.8781045675450825,0.3167679305787922,4.8781045675450825,0.3167679305787922,-1.6006950137141391,0.7334404414515209,-3.798484466883065,-12.353676279117183,-3.798484466883065,-12.353676279117183,0.0,0.0,0.0,0.0,0.0,0.0,2.9131867502902633,2.9131867502902633,2.9131867502902633,2.9106662425638388,2.9106662425638383,5.167011479361704,5.167011479361704
394.0,0.394,0.001,0.499,98.92247505020735,3.03946782373934,1.7265228938480612,0.05304872103267815,4.866802673760914,0.33193045548934685,4.866802673760914,0.33193045548934685,4.866802673760914,0.33193045548934685,-1.6044477632197225,0.7209740765825347,-3.7527495055833824,-12.46636486898624,-3.7527495055833824,-12.46636486898624,0.0,0.0,0.0,0.0,0.0,0.0,2.9106571590967647,2.9106571590967647,2.9106571590967647,2.9080420291427536,2.9080420291427536,5.180042176234217,5.180042176234217
395.0,0.395,0.001,0.499,99.20067093438762,3.059342587444988,1.7313783279925037,0.05339560109739758,4.855434144442507,0.3468800647194269,4.855434144442507,0.3468800647194269,4.855434144442507,0.3468800647194269,-1.6081548232160954,0.7083954897190645,-3.7070599963728506,-12.578586863470157,-3.7070599963728506,-12.578586863470157,0.0,0.0,0.0,0.0,0.0,0.0,2.908032630763092,2.908032630763092,2.908032630763092,2.905323211841749,2.905323211841749,5.192797571651916,5.192797571651916
396.0,0.396,0.001,0.499,99.47821163972205,3.080061759292968,1.7362223271088968,0.05375721886443135,4.8439991163931,0.36161776703376985,4.8439991163931,0.36161776703376985,4.8439991163931,0.36161776703376985,-1.6118162646263552,0.6957051961491636,-3.6614414102598967,-12.690293569900929,-3.6614414102598967,-12.690293569900929,0.0,0.0,0.0,0.0,0.0,0.0,2.905313498193372,2.905313498193372,2.9053134981933724,2.9025101322120297,2.9025101322120297,5.2052739310435285,5.2052739310435285
397.0,0.397,0.001,0.499,99.75509336366281,3.1016132582328355,1.741054824830261,0.0541333634796721,4.832497721364266,0.37614461524075127,4.832497721364266,0.37614461524075127,4.832497721364266,0.37614461524075127,-1.6154321845863042,0.6829037618566581,-3.6159199599489233,-12.80143429250543,-3.6159199599489233,-12.80143429250543,0.0,0.0,0.0,0.0,0.0,0.0,2.9025001028190656,2.9025001028190656,2.9025001028190656,2.8996031401601163,2.8996031401601168,5.217467666831536,5.217467666831536
398.0,0.398,0.001,0.499,100.03131231093083,3.123985065998092,1.7458757549164807,0.05452382518479906,4.820930086219569,0.39046170512696204,4.820930086219569,0.39046170512696204,4.820930086219569,0.39046170512696204,-1.6190027071889497,0.6699918055568127,-3.570522602645437,-12.911956299845402,-3.570522602645437,-12.911956299845402,0.0,0.0,0.0,0.0,0.0,0.0,2.8995927944368,2.8995927944368,2.8995927944367996,2.896602593785953,2.8966025937859534,5.229375345653451,5.229375345653451
399.0,0.399,0.001,0.499,100.30686469324519,3.147165229507352,1.7506850512495804,0.05492839535918629,4.809296333099735,0.40457017438722337,4.809296333099735,0.40457017438722337,4.809296333099735,0.40457017438722337,-1.6225279842297715,0.656970000759392,-3.5252770408218663,-13.021804797420627,-3.5252770408218663,-13.021804797420627,0.0,0.0,0.0,0.0,0.0,0.0,2.896591931046794,2.896591931046794,2.896591931046794,2.8935088592202756,2.8935088592202756,5.240993695538705,5.240993695538705
400.0,0.4,0.001,0.499,100.58174672906205,3.171141863203967,1.7554826478291696,0.05534686656073684,4.797596579589259,0.4184712015505521,4.797596579589259,0.4184712015505521,4.797596579589259,0.4184712015505521,-1.6260081959504917,0.6438390778532862,-3.4802117207201237,-13.130922906105889,-3.4802117207201237,-13.130922906105889,0.0,0.0,0.0,0.0,0.0,0.0,2.893497878689195,2.893497878689195,2.8934978786891947,2.89032231046128,2.89032231046128,5.2523196129995835,5.2523196129995835
401.0,0.401,0.001,0.499,100.85595464332326,3.1959031513339156,1.760268478768054,0.05577903256563943,4.785830938884351,0.43216600490259116,4.785830938884351,0.43216600490259116,4.785830938884351,0.43216600490259116,-1.6294435517788493,0.6305998262061624,-3.4353558283576016,-13.239251647123789,-3.4353558283576016,-13.239251647123789,0.0,0.0,0.0,0.0,0.0,0.0,2.8903110112825243,2.8903110112825243,2.8903110112825243,2.8870433292106923,2.887043329210692,5.2633501699903045,5.2633501699903045
402.0,0.402,0.001,0.499,101.12948466721457,3.221437350161775,1.765042478288016,0.056224688407044456,4.773999519962143,0.4456558414050258,4.773999519962143,0.4456558414050258,4.773999519962143,0.4456558414050258,-1.6328342910616442,0.6172530962718785,-3.3907392827950806,-13.346729934283896,-3.3907392827950806,-13.346729934283896,0.0,0.0,0.0,0.0,0.0,0.0,2.887031710456365,2.887031710456365,2.887031710456365,2.883672304709264,2.883672304709264,5.274082620683914,5.274082620683914
403.0,0.403,0.001,0.499,101.4023330379337,3.247732790124641,1.7698045807157672,0.05668363041265696,4.762102427751041,0.45894200561250964,4.762102427751041,0.45894200561250964,4.762102427751041,0.45894200561250964,-1.6361806837880626,0.6037998016976354,-3.3463927264182702,-13.453294574243126,-3.3463927264182702,-13.453294574243126,0.0,0.0,0.0,0.0,0.0,0.0,2.8836603653893476,2.8836603653893476,2.8836603653893476,2.8802096335718086,2.8802096335718086,5.2845144080122815,5.2845144080122815
404.0,0.404,0.001,0.499,101.67449599846819,3.2747778779238774,1.7745547204790693,0.057155656241244586,4.7501397633021485,0.4720258285876256,4.7501397633021485,0.4720258285876256,4.7501397633021485,0.4720258285876256,-1.6394830313000424,0.5902409214220735,-3.3023475119796655,-13.558880275561801,-3.3023475119796655,-13.558880275561801,0.0,0.0,0.0,0.0,0.0,0.0,2.880197372642948,2.880197372642948,2.880197372642948,2.8766557196218074,2.8766557196218074,5.2946431699102,5.2946431699102
405.0,0.405,0.001,0.499,101.94596979738306,3.3025610985546163,1.7792928321030308,0.057640564918058995,4.738111623961636,0.4849086768144107,4.738111623961636,0.4849086768144107,4.738111623961636,0.4849086768144107,-1.6427416669861867,0.5765775017547299,-3.2586356861444457,-13.663419667343632,-3.2586356861444457,-13.663419667343632,0.0,0.0,0.0,0.0,0.0,0.0,2.8766431359948395,2.8766431359948395,2.87664313599484,2.8730109737256826,2.8730109737256826,5.304466745200514,5.304466745200514
406.0,0.406,0.001,0.499,102.21675068861855,3.331071017272955,1.7840188502065748,0.05813815686916997,4.726018103543975,0.4975919511109744,4.726018103543975,0.4975919511109744,4.726018103543975,0.4975919511109744,-1.6459569569554704,0.5628106584264752,-3.215289969283568,-13.766843328254689,-3.215289969283568,-13.766843328254689,0.0,0.0,0.0,0.0,0.0,0.0,2.8729980662746057,2.8729980662746057,2.8729980662746053,2.8692758136267913,2.8692758136267913,5.313983179053381,5.313983179053381
407.0,0.40700000000000003,0.001,0.499,102.48683493129766,3.3602962815008306,1.7887327094990808,0.05864823395471171,4.713859292505917,0.5100770855417417,4.713859292505917,0.5100770855417417,4.713859292505917,0.5100770855417417,-1.6491293006867298,0.5489415785997597,-3.172343731259386,-13.86907982671545,-3.172343731259386,-13.86907982671545,0.0,0.0,0.0,0.0,0.0,0.0,2.8692625811967445,2.8692625811967445,2.869262581196745,2.865450663779218,2.8654506637792183,5.323190727949362,5.323190727949362
408.0,0.40800000000000003,0.001,0.499,102.75621878954382,3.3902256226685763,1.7934343447772019,0.05917059950104157,4.7016352781211115,0.5223655463298523,4.7016352781211115,0.5223655463298523,4.7016352781211115,0.5223655463298523,-1.6522591316496842,0.5349715228267098,-3.1298309629544114,-13.970055773049928,-3.1298309629544114,-13.970055773049928,0.0,0.0,0.0,0.0,0.0,0.0,2.8654371051934104,2.8654371051934104,2.8654371051934104,2.86153595518143,2.86153595518143,5.332087864073166,5.332087864073166
409.0,0.40900000000000003,0.001,0.499,103.02489853230851,3.4208478579952084,1.7981236909218572,0.05970505833181181,4.689346144655263,0.534458830770246,4.689346144655263,0.534458830770246,4.689346144655263,0.534458830770246,-1.6553469178929867,0.5209018269423541,-3.087786243302568,-14.06969588435573,-3.087786243302568,-14.06969588435573,0.0,0.0,0.0,0.0,0.0,0.0,2.8615220692489225,2.8615220692489225,2.861522069248923,2.857532125209865,2.857532125209865,5.340673279062531,5.340673279062531
410.0,0.41000000000000003,0.001,0.499,103.29287043320902,3.452151892206499,1.8028006828953989,0.06025141679795578,4.6769919735417025,0.546358466143965,4.6769919735417025,0.546358466143965,4.6769919735417025,0.546358466143965,-1.6583931625945816,0.5067339038795267,-3.0462447015948477,-14.167923062827429,-3.0462447015948477,-14.167923062827429,0.0,0.0,0.0,0.0,0.0,0.0,2.8575179107330966,2.8575179107330966,2.857517910733097,2.8534396174525374,2.853439617452538,5.34894588703526,5.34894588703526
411.0,0.41100000000000003,0.001,0.499,103.56013077037618,3.4841267191909497,1.8074652557389561,0.06080948280658998,4.664572843557266,0.5580660086342014,4.664572843557266,0.5580660086342014,4.664572843557266,0.5580660086342014,-1.6613984045694297,0.4924692453913046,-3.005241974847978,-14.264658488222082,-3.005241974847978,-14.264658488222082,0.0,0.0,0.0,0.0,0.0,0.0,2.853425073232925,2.853425073232925,2.853425073232925,2.849258881542701,2.849258881542701,5.35690482681681,5.35690482681681
412.0,0.41200000000000003,0.001,0.499,103.82667582631234,3.5167614235937883,1.8121173445699545,0.061379065848834596,4.652088830998371,0.5695830422446165,4.652088830998371,0.5695830422446165,4.652088830998371,0.5695830422446165,-1.6643632187294755,0.47810942366620596,-2.964814160045845,-14.359821725098659,-2.964814160045845,-14.359821725098659,0.0,0.0,0.0,0.0,0.0,0.0,2.849244006388739,2.849244006388739,2.849244006388739,2.844990372992669,2.8449903729926684,5.364549463291169,5.364549463291169
413.0,0.41300000000000003,0.001,0.499,104.09250188775924,3.550045182349144,1.8167568845798117,0.06195997702655505,4.639540009857163,0.5809111777204538,4.639540009857163,0.5809111777204538,4.639540009857163,0.5809111777204538,-1.6672882164905647,0.46365609282081377,-2.924997761089306,-14.453330845392195,-2.924997761089306,-14.453330845392195,0.0,0.0,0.0,0.0,0.0,0.0,2.844975165724647,2.844975165724647,2.844975165724647,2.840634553027844,2.8406345530278436,5.371879387799389,5.371879387799389
414.0,0.41400000000000003,0.001,0.499,104.35760524557614,3.5839672661506077,1.8213838110318092,0.06255202907802802,4.6269264519976385,0.5920520514729676,4.6269264519976385,0.5920520514729676,4.6269264519976385,0.5920520514729676,-1.6701740461208856,0.44911099025401624,-2.8858296303208437,-14.545102566797507,-2.8858296303208437,-14.545102566797507,0.0,0.0,0.0,0.0,0.0,0.0,2.8406190124852513,2.8406190124852513,2.8406190124852513,2.836191888421023,2.836191888421023,5.378894417512929,5.378894417512929
415.0,0.41500000000000004,0.001,0.499,104.62198219462798,3.618517040860374,1.825998059259141,0.06315503640253571,4.6142482273315935,0.6030073245076829,4.6142482273315935,0.6030073245076829,4.6142482273315935,0.6030073245076829,-1.673021393025412,0.43447593784668026,-2.8473469045264244,-14.63505240733598,-2.8473469045264244,-14.63505240733598,0.0,0.0,0.0,0.0,0.0,0.0,2.836176013467063,2.836176013467063,2.836176013467063,2.831662851327071,2.831662851327071,5.385594593713277,5.385594593713277
416.0,0.41600000000000004,0.001,0.499,104.88562903368349,3.6536839688572345,1.8305995646631352,0.0637688150838927,4.601505403994313,0.613778681356996,4.601505403994313,0.613778681356996,4.601505403994313,0.613778681356996,-1.6758309799607702,0.41975284299031845,-2.809586935358057,-14.723094856361834,-2.809586935358057,-14.723094856361834,0.0,0.0,0.0,0.0,0.0,0.0,2.831646640855137,2.831646640855137,2.831646640855137,2.827047919117992,2.827047919117992,5.391980178914988,5.391980178914988
417.0,0.417,0.001,0.499,105.1485420653236,3.6894576103236902,1.8351882627116551,0.06439318291291032,4.588698048519868,0.6243678290176243,4.588698048519868,0.6243678290176243,4.588698048519868,0.6243678290176243,-1.678603567174937,0.4049436994281871,-2.77258721416683,-14.809143562131387,-2.77258721416683,-14.809143562131387,0.0,0.0,0.0,0.0,0.0,0.0,2.8270313720560187,2.8270313720560187,2.8270313720560187,2.8223475742184863,2.822347574218486,5.398051652776707,5.398051652776707
418.0,0.418,0.001,0.499,105.41071759585957,3.725827624472485,1.839764088937671,0.06502795940880372,4.575826226015904,0.6347764958934038,4.575826226015904,0.6347764958934038,4.575826226015904,0.6347764958934038,-1.6813399524662247,0.39005058789227676,-2.7363852912875766,-14.89311153591035,-2.7363852912875766,-14.89311153591035,0.0,0.0,0.0,0.0,0.0,0.0,2.822330689534174,2.822330689534174,2.822330689534174,2.8175623039420876,2.817562303942088,5.4038097067536786,5.4038097067536786
419.0,0.419,0.001,0.499,105.67215193526138,3.7627837707129097,1.8443269789380088,0.06567296583954765,4.562890000337803,0.6450064307439293,4.562890000337803,0.6450064307439293,4.562890000337803,0.6450064307439293,-1.6840409711560973,0.375075676519846,-2.7010186898725417,-14.97491137243075,-2.7010186898725417,-14.97491137243075,0.0,0.0,0.0,0.0,0.0,0.0,2.817545080648127,2.817545080648127,2.8175450806481273,2.8126926003278774,2.8126926003278774,5.4092552374559615,5.4092552374559615
420.0,0.42,0.001,0.499,105.93284139709576,3.8003159097572197,1.848876868372271,0.06632802524118718,4.549889434262107,0.6550594016395238,4.549889434262107,0.6550594016395238,4.549889434262107,0.6550594016395238,-1.6867074959705295,0.3600212210335144,-2.6665248144321296,-15.054455486331616,-2.6665248144321296,-15.054455486331616,0.0,0.0,0.0,0.0,0.0,0.0,2.8126750374859175,2.8126750374859175,2.8126750374859175,2.807738959977906,2.807738959977906,5.414389338688824,5.414389338688824
421.0,0.421,0.001,0.499,106.1927822984744,3.838414004667576,1.85341369296193,0.06699296243611019,4.536824589659081,0.664937194923016,4.536824589659081,0.664937194923016,4.536824589659081,0.664937194923016,-1.689340436824835,0.34488956466948695,-2.6329408543055473,-15.131656364027492,-2.6329408543055473,-15.131656364027492,0.0,0.0,0.0,0.0,0.0,0.0,2.8077210567019435,2.8077210567019435,2.8077210567019435,2.8027018838953572,2.802701883895357,5.4192132921658605,5.4192132921658605
422.0,0.422,0.001,0.499,106.45197096001178,3.877068121843914,1.8579373884895944,0.06766760405028899,4.523695527664305,0.6746416141787976,4.523695527664305,0.6746416141787976,4.523695527664305,0.6746416141787976,-1.6919407405071873,0.32968313783923897,-2.600303682352259,-15.206426830247988,-2.600303682352259,-15.206426830247988,0.0,0.0,0.0,0.0,0.0,0.0,2.802683639357266,2.802683639357266,2.802683639357266,2.7975818773235126,2.7975818773235126,5.423728556900693,5.423728556900693
423.0,0.423,0.001,0.499,106.71040370579286,3.9162684319531866,1.8624478907984436,0.06835177852949861,4.510502308849175,0.684174479209625,4.510502308849175,0.684174479209625,4.510502308849175,0.684174479209625,-1.6945093902564132,0.31440445751095686,-2.568649749225885,-15.278680328282132,-2.568649749225885,-15.278680328282132,0.0,0.0,0.0,0.0,0.0,0.0,2.797563290755824,2.797563290755824,2.797563290755824,2.792379449585595,2.792379449585595,5.4279367573001345,5.4279367573001345
424.0,0.424,0.001,0.499,106.96807686335045,3.956005210800452,1.8669451357918339,0.06904531615452023,4.497244993390202,0.6935376250216154,4.497244993390202,0.6935376250216154,4.497244993390202,0.6935376250216154,-1.697047405230078,0.29905612629821077,-2.538014973664586,-15.34833121274607,-2.538014973664586,-15.34833121274607,0.0,0.0,0.0,0.0,0.0,0.0,2.79236052028418,2.79236052028418,2.79236052028418,2.7870951139255373,2.7870951139255373,5.431839669999539,5.431839669999539
425.0,0.425,0.001,0.499,107.22498676365227,3.9962688401423025,1.871429059433071,0.06974804905533812,4.483923641236998,0.7027329008178855,4.483923641236998,0.7027329008178855,4.483923641236998,0.7027329008178855,-1.6995558398593829,0.28364083124473605,-2.5084346293049946,-15.415295053474706,-2.5084346293049946,-15.415295053474706,0.0,0.0,0.0,0.0,0.0,0.0,2.787075841254766,2.787075841254766,2.787075841254766,2.7817293873497446,2.7817293873497446,5.43543920950017,5.43543920950017
426.0,0.426,0.001,0.499,107.48112974109738,4.037049808443152,1.8758995977453496,0.07045981122433938,4.470538312278835,0.7117621690012659,4.470538312278835,0.7117621690012659,4.470538312278835,0.7117621690012659,-1.7020357830879822,0.2681613422958153,-2.4799432285992498,-15.479488948920764,-2.4799432285992498,-15.479488948920764,0.0,0.0,0.0,0.0,0.0,0.0,2.781709770743575,2.781709770743575,2.781709770743575,2.776282790469908,2.776282790469908,5.4387374126879555,5.4387374126879555
427.0,0.427,0.001,0.499,107.73650213352228,4.078338711574929,1.8803566868118593,0.07118043852852589,4.457089066509677,0.7206273041865136,4.457089066509677,0.7206273041865136,4.457089066509677,0.7206273041865136,-1.7044883574924674,0.2526205104485829,-2.452574404485283,-15.540831847232369,-2.452574404485283,-15.540831847232369,0.0,0.0,0.0,0.0,0.0,0.0,2.7762628294356984,2.7762628294356984,2.7762628294356984,2.770755847346919,2.770755847346919,5.441736422332854,5.441736422332854
428.0,0.428,0.001,0.499,107.99110028221624,4.1201262534607395,1.884800262776051,0.07190976872074832,4.4435759641915595,0.7293301922224393,4.4435759641915595,0.7293301922224393,4.4435759641915595,0.7293301922224393,-1.7069147182829953,0.23702126557560613,-2.4263607905278985,-15.59924487297678,-2.4263607905278985,-15.59924487297678,0.0,0.0,0.0,0.0,0.0,0.0,2.770735541467678,2.770735541467678,2.770735541467678,2.7651490853359513,2.7651490853359513,5.444438469687881,5.444438469687881
429.0,0.429,0.001,0.499,108.24492053194587,4.162403246663094,1.889230261842067,0.07264764144997267,4.429999066016234,0.7378727292243488,4.429999066016234,0.7378727292243488,4.429999066016234,0.7378727292243488,-1.7093160521833062,0.2213666139183184,-2.4013339003108243,-15.654651657287705,-2.4013339003108243,-15.654651657287705,0.0,0.0,0.0,0.0,0.0,0.0,2.765128434272598,2.765128434272598,2.765128434272598,2.759463034932758,2.759463034932758,5.446845856326108,5.446845856326108
430.0,0.43,0.001,0.499,108.49795923098895,4.20516061291731,1.8936466202753321,0.07339389827058986,4.416358433264953,0.7462568206171889,4.416358433264953,0.7462568206171889,4.416358433264953,0.7462568206171889,-1.7116935761902226,0.20565963524927716,-2.377524006916388,-15.706978669041257,-2.377524006916388,-15.706978669041257,0.0,0.0,0.0,0.0,0.0,0.0,2.7594420384262714,2.7594420384262714,2.7594420384262714,2.753698229621235,2.753698229621235,5.448960935372158,5.448960935372158
431.0,0.431,0.001,0.499,108.75021273117727,4.2483893836107285,1.8980492744032984,0.07414838265077964,4.402654127966312,0.7544843801897799,4.402654127966312,0.7544843801897799,4.402654127966312,0.7544843801897799,-1.7140485362136009,0.18990347970476168,-2.354960023378238,-15.756155544515483,-2.354960023378238,-15.756155544515483,0.0,0.0,0.0,0.0,0.0,0.0,2.7536768874945867,2.7536768874945867,2.7536768874945867,2.7478552057223107,2.7478552057223107,5.450786092301568,5.450786092301568
432.0,0.432,0.001,0.499,109.00167738794832,4.292080700208394,1.9024381606163505,0.07491093997994014,4.388886213052045,0.7625573291604965,4.388886213052045,0.7625573291604965,4.388886213052045,0.7625573291604965,-1.716382205598633,0.17410136429189665,-2.3336693850321826,-15.802115412865021,-2.3336693850321826,-15.802115412865021,0.0,0.0,0.0,0.0,0.0,0.0,2.7478335178821274,2.7478335178821274,2.7478335178821274,2.7419345022442045,2.7419345022442045,5.452323725496322,5.452323725496322
433.0,0.433,0.001,0.499,109.25234956040583,4.33622581462588,1.9068132153688613,0.07568141757519489,4.375054752510662,0.7704775952547551,4.375054752510662,0.7704775952547551,4.375054752510662,0.7704775952547551,-1.7186958835333526,0.15825656907724686,-2.313677934719385,-15.844795214649787,-2.313677934719385,-15.844795214649787,0.0,0.0,0.0,0.0,0.0,0.0,2.7419124686824827,2.7419124686824827,2.7419124686824827,2.735936660734106,2.735936660734106,5.453576226757256,5.453576226757256
434.0,0.434,0.001,0.499,109.50222561138908,4.38081608954996,1.9111743751804002,0.07645966468698955,4.361159811538867,0.778247111794646,4.361159811538867,0.778247111794646,4.361159811538867,0.778247111794646,-1.720990893345166,0.14237243306664832,-2.295009811813613,-15.884136010598557,-2.295009811813613,-15.884136010598557,0.0,0.0,0.0,0.0,0.0,0.0,2.7359142815295123,2.7359142815295123,2.7359142815295123,2.729862225131316,2.729862225131316,5.454545961983807,5.454545961983807
435.0,0.435,0.001,0.499,109.75130190755057,4.425842998707819,1.9155215766370908,0.07724553250379058,4.347201456690634,0.7858678168010399,4.347201456690634,0.7858678168010399,4.347201456690634,0.7858678168010399,-1.7232685806912151,0.12645234978888034,-2.2776873460489426,-15.920083277767988,-2.2776873460489426,-15.920083277767988,0.0,0.0,0.0,0.0,0.0,0.0,2.7298395004500278,2.7298395004500278,2.7298395004500278,2.7237117416219148,2.723711741621915,5.455235252238008,5.455235252238008
436.0,0.436,0.001,0.499,109.99957481944227,4.471298127085571,1.9198547563931148,0.07803887415589907,4.333179756023875,0.7933416521084833,4.333179756023875,0.7933416521084833,4.333179756023875,0.7933416521084833,-1.7255303116483305,0.11049976259860267,-2.2617309571154554,-15.952587190277667,-2.2617309571154554,-15.952587190277667,0.0,0.0,0.0,0.0,0.0,0.0,2.723688671718404,2.723688671718404,2.723688671718404,2.7174857584949685,2.717485758494968,5.455646355412548,5.455646355412548
437.0,0.437,0.001,0.499,110.24704072160998,4.517173171096796,1.9241738511723594,0.07883954471839225,4.319094779244606,0.8006705624931839,4.319094779244606,0.8006705624931839,4.319094779244606,0.8006705624931839,-1.7277774707092979,0.0945181597167388,-2.247159060967422,-15.981602881863864,-2.247159060967422,-15.981602881863864,0.0,0.0,0.0,0.0,0.0,0.0,2.7174623437144927,2.7174623437144927,2.7174623437144927,2.711184826000339,2.711184826000339,5.4557814487218455,5.4557814487218455
438.0,0.438,0.001,0.499,110.49369599269592,4.563459938701892,1.928478797770208,0.07964740121320663,4.3049465978485335,0.8078564948143748,4.3049465978485335,0.8078564948143748,4.3049465978485335,0.8078564948143748,-1.7300114586930488,0.0785110690291389,-2.2339879837510157,-16.007090687599902,-2.2339879837510157,-16.007090687599902,0.0,0.0,0.0,0.0,0.0,0.0,2.711161066776939,2.711161066776939,2.711161066776939,2.7048094962081493,2.7048094962081493,5.455642612230282,5.455642612230282
439.0,0.439,0.001,0.499,110.73953701554917,4.610150349479009,1.932769533055468,0.08046230261037596,4.290735285259977,0.8149013971693291,4.290735285259977,0.8149013971693291,4.290735285259977,0.8149013971693291,-1.7322336905772555,0.06248205266685973,-2.222231884206716,-16.02901636227917,-2.222231884206716,-16.02901636227917,0.0,0.0,0.0,0.0,0.0,0.0,2.7047853930673216,2.7047853930673216,2.7047853930673216,2.6983603228699,2.6983603228698994,5.455231813622798,5.455231813622798
440.0,0.44,0.001,0.499,110.98456017734408,4.657236434647365,1.937045993972436,0.08128410982843824,4.276460916968063,0.821807218062288,4.276460916968063,0.821807218062288,4.276460916968063,0.821807218062288,-1.734445593262591,0.046434701393712745,-2.2119026853356614,-16.047351273146987,-2.2119026853356614,-16.047351273146987,0.0,0.0,0.0,0.0,0.0,0.0,2.6983358764281475,2.6983358764281475,2.6983358764281475,2.6918378612813156,2.6918378612813156,5.454550894410222,5.454550894410222
441.0,0.441,0.001,0.499,111.22876186970613,4.704710337043762,1.9413081175430962,0.08211268573402579,4.262123570660112,0.8285759055875457,4.262123570660112,0.8285759055875457,4.262123570660112,0.8285759055875457,-1.736648603278631,0.0303726288288152,-2.203010016039946,-16.062072564897544,-2.203010016039946,-16.062072564897544,0.0,0.0,0.0,0.0,0.0,0.0,2.6918130722461515,2.6918130722461515,2.6918130722461515,2.6852426681469512,2.6852426681469512,5.453601557744969,5.453601557744969
442.0,0.442,0.001,0.499,111.47213848884539,4.752564311053111,1.9455558408694482,0.08294789514065272,4.247723326352145,0.8352094066269244,4.247723326352145,0.8352094066269244,4.247723326352145,0.8352094066269244,-1.7388441644419863,0.014299465533696137,-2.195561163355302,-16.073163295119063,-2.195561163355302,-16.073163295119063,0.0,0.0,0.0,0.0,0.0,0.0,2.6852175373176226,2.6852175373176226,2.6852175373176226,2.678575301446554,2.678575301446554,5.452385358002375,5.452385358002375
443.0,0.443,0.001,0.499,111.7146864356972,4.800790722493821,1.9497891011359647,0.08378960480671457,4.233260266516463,0.841709666061856,4.233260266516463,0.841709666061856,4.233260266516463,0.841709666061856,-1.7410337254777783,-0.0017811470049738862,-2.1895610357920745,-16.08061253867002,-2.1895610357920745,-16.08061253867002,0.0,0.0,0.0,0.0,0.0,0.0,2.6785498297130683,2.6785498297130683,2.6785498297130683,2.671836320303273,2.671836320303273,5.450903692259411,5.450903692259411
444.0,0.444,0.001,0.499,111.95640211607015,4.8493820484588905,1.9540078356121708,0.08463768343271484,4.218734476206214,0.8480786260002742,4.218734476206214,0.8480786260002742,4.218734476206214,0.8480786260002742,-1.743218737615967,-0.017865562464770807,-2.185012138188578,-16.08441545979692,-2.185012138188578,-16.08441545979692,0.0,0.0,0.0,0.0,0.0,0.0,2.6718105086470443,2.6718105086470443,2.6718105086470443,2.6650262848536936,2.6650262848536936,5.449157793776124,5.449157793776124
445.0,0.445,0.001,0.499,112.19728194080082,4.898330877113558,1.9582119816553478,0.08549200165773335,4.204146043176911,0.8543182250185063,4.204146043176911,0.8543182250185063,4.204146043176911,0.8543182250185063,-1.7454006521743286,-0.03395013581592474,-2.1819145583616195,-16.08457335115393,-2.1819145583616195,-16.08457335115393,0.0,0.0,0.0,0.0,0.0,0.0,2.6650001343470686,2.6650001343470686,2.6650001343470686,2.658145756119752,2.658145756119752,5.4471487275566215,5.4471487275566215
446.0,0.446,0.001,0.499,112.4373223259154,4.947629907450394,1.9624014767133526,0.0863524320551517,4.189495058004835,0.8604303974183392,4.189495058004835,0.8604303974183392,4.189495058004835,0.8604303974183392,-1.747580918140043,-0.05003122945517538,-2.180265965714409,-16.08109363925064,-2.180265965714409,-16.08109363925064,0.0,0.0,0.0,0.0,0.0,0.0,2.6581192679249495,2.6581192679249495,2.6581192679249495,2.65119529588256,2.65119529588256,5.444877388036208,5.444877388036208
447.0,0.447,0.001,0.499,112.67651969279801,4.99727194900269,1.966576258327555,0.08721884912765111,4.174781614202275,0.8664170724994196,4.174781614202275,0.8664170724994196,4.174781614202275,0.8664170724994196,-1.7497609797618774,-0.06610521931140438,-2.180061621834357,-16.073989856229005,-2.180061621834357,-16.073989856229005,0.0,0.0,0.0,0.0,0.0,0.0,2.651168471252097,2.651168471252097,2.651168471252097,2.644175466558146,2.644175466558146,5.442344498910119,5.442344498910119
448.0,0.448,0.001,0.499,112.91487046836521,5.047249921517069,1.9707362641358845,0.08809112930149825,4.1600058083295615,0.8722801738471351,4.1600058083295615,0.8722801738471351,4.1600058083295615,0.8722801738471351,-1.7519422741648623,-0.0821685008896525,-2.181294402984829,-16.06328157824812,-2.181294402984829,-16.06328157824812,0.0,0.0,0.0,0.0,0.0,0.0,2.644148306833796,2.644148306833796,2.644148306833796,2.637086831075149,2.6370868310751496,5.439550615087944,5.439550615087944
449.0,0.449,0.001,0.499,113.15237108524694,5.097556854586164,1.9748814318759884,0.08896915092013435,4.145167740103841,0.8780216186361087,4.145167740103841,0.8780216186361087,4.145167740103841,0.8780216186361087,-1.7541262289991304,-0.09821749522078005,-2.183954834268065,-16.048994331127545,-2.183954834268065,-16.048994331127545,0.0,0.0,0.0,0.0,0.0,0.0,2.6370593376867784,2.6370593376867784,2.6370593376867784,2.6299299527544866,2.6299299527544866,5.4364961267268885,5.4364961267268885
450.0,0.45,0.001,0.499,113.38901798197345,5.148185887242306,1.979011699388493,0.08985279423708378,4.130267512504568,0.8836433169494239,4.130267512504568,0.8836433169494239,4.130267512504568,0.8836433169494239,-1.7563142601342439,-0.11424865468504075,-2.1880311351135573,-16.031159464260707,-2.1880311351135573,-16.031159464260707,0.0,0.0,0.0,0.0,0.0,0.0,2.629902127220162,2.629902127220162,2.6299021272201624,2.622705395191014,2.622705395191014,5.433181265267192,5.433181265267192
451.0,0.451,0.001,0.499,113.62480760316802,5.199130267513117,1.9831270046203686,0.09074194140819747,4.115305231875657,0.8891471711136848,4.115305231875657,0.8891471711136848,4.115305231875657,0.8891471711136848,-1.7585077694098732,-0.13025846867919263,-2.1935092756293475,-16.009813994151884,-2.1935092756293475,-16.009813994151884,0.0,0.0,0.0,0.0,0.0,0.0,2.62267723911521,2.62267723911521,2.62267723911521,2.615413722137189,2.615413722137189,5.429606111365032,5.429606111365032
452.0,0.452,0.001,0.499,113.85973639974547,5.2503833519399,1.987227285628393,0.09163647648324746,4.100281008024288,0.894535075050002,4.100281008024288,0.894535075050002,4.100281008024288,0.894535075050002,-1.7607081424531184,-0.1462434690984407,-2.200373043245073,-15.98500041924804,-2.200373043245073,-15.98500041924804,0.0,0.0,0.0,0.0,0.0,0.0,2.6153852372104835,2.6153852372104835,2.6153852372104835,2.608055497388769,2.608055497388769,5.425770604592624,5.425770604592624
453.0,0.453,0.001,0.499,114.09380082911593,5.30193860505978,1.9913124805827094,0.09253628539688845,4.085194954316309,0.8998089136409793,4.085194954316309,0.8998089136409793,4.085194954316309,0.8998089136409793,-1.7629167465720952,-0.16220023560646493,-2.208604118976939,-15.956766508024243,-2.208604118976939,-15.956766508024243,0.0,0.0,0.0,0.0,0.0,0.0,2.6080266853864935,2.6080266853864935,2.6080266853864935,2.600631284672549,2.600631284672549,5.421674554752458,5.421674554752458
454.0,0.454,0.001,0.499,114.32699735539414,5.35378959885248,1.9953825277704775,0.09344125595900221,4.0700471877682345,0.9049705621137661,4.0700471877682345,0.9049705621137661,4.0700471877682345,0.9049705621137661,-1.765134928734653,-0.1781254006689994,-2.2181821625576728,-15.925165062534477,-2.2181821625576728,-15.925165062534477,0.0,0.0,0.0,0.0,0.0,0.0,2.6006021474534413,2.6006021474534413,2.6006021474534413,2.5931416475361435,2.5931416475361435,5.417317654633223,5.417317654633223
455.0,0.455,0.001,0.499,114.55932244961362,5.405930012152686,1.9994373655996134,0.09435127784444143,4.054837829135801,0.910021885439224,4.054837829135801,0.910021885439224,4.054837829135801,0.910021885439224,-1.767364013640253,-0.19401565432885368,-2.229084905600234,-15.890253659854269,-2.229084905600234,-15.890253659854269,0.0,0.0,0.0,0.0,0.0,0.0,2.5931121870419993,2.5931121870419993,2.593112187041999,2.5855871492398514,2.5855871492398514,5.412699494019216,5.412699494019216
456.0,0.456,0.001,0.499,114.79077258994577,5.458353630028896,2.0034769326026125,0.09526624258218867,4.039567002999075,0.9149647377472425,4.039567002999075,0.9149647377472425,4.039567002999075,0.9149647377472425,-1.7696053018921565,-0.20986774870286873,-2.2412882519034927,-15.852094374015044,-2.2412882519034927,-15.852094374015044,0.0,0.0,0.0,0.0,0.0,0.0,2.585557367493049,2.585557367493049,2.585557367493049,2.577968352650583,2.577968352650583,5.407819574753091,5.407819574753091
457.0,0.457,0.001,0.499,115.02134426192376,5.511054343129717,2.0075011674404566,0.0961860435439469,4.024234837844086,0.9198009617582308,4.024234837844086,0.9198009617582308,4.024234837844086,0.9198009617582308,-1.7718600682761183,-0.22567850218402963,-2.254766383961864,-15.81075348116089,-2.254766383961864,-15.81075348116089,0.0,0.0,0.0,0.0,0.0,0.0,2.577938251753785,2.577938251753785,2.577938251753785,2.5702858201378804,2.5702858201378804,5.402677326643909,5.402677326643909
458.0,0.458,0.001,0.499,115.25103395867067,5.564026146998492,2.0115100089065976,0.09711057593217769,4.008841466140989,0.9245323882307923,4.008841466140989,0.9245323882307923,4.008841466140989,0.9245323882307923,-1.7741295601508276,-0.24144480333477522,-2.26949187470929,-15.766301150745596,-2.26949187470929,-15.766301150745596,0.0,0.0,0.0,0.0,0.0,0.0,2.570255402272877,2.570255402272877,2.570255402272877,2.5625401134720165,2.5625401134720165,5.39727212400848,5.39727212400848
459.0,0.459,0.001,0.499,115.47983818113217,5.617263141357228,2.0155033959310162,0.09803973676760327,3.993387024418732,0.9291608354255833,3.993387024418732,0.9291608354255833,3.993387024418732,0.9291608354255833,-1.7764149959543385,-0.2571636144604071,-2.285435803510838,-15.718811125631866,-2.285435803510838,-15.718811125631866,0.0,0.0,0.0,0.0,0.0,0.0,2.562509380896827,2.562509380896827,2.562509380896827,2.554731793724212,2.554731793724212,5.391603302633873,5.391603302633873
460.0,0.46,0.001,0.499,115.70775343831305,5.67075952936072,2.0194812675843523,0.09897342487618861,3.977871653336237,0.9336881085853377,3.977871653336237,0.9336881085853377,3.977871653336237,0.9336881085853377,-1.7787175638297508,-0.2728319748543638,-2.3025678754122487,-15.668360393956709,-2.3025678754122487,-15.668360393956709,0.0,0.0,0.0,0.0,0.0,0.0,2.55470074877338,2.55470074877338,2.5547007487733806,2.5468614211689315,2.546861421168932,5.3856701769525746,5.3856701769525746
461.0,0.461,0.001,0.499,115.93477624751783,5.724509616821815,2.0234435630821026,0.09991154087561965,3.96229549775009,0.938115999431036,3.96229549775009,0.938115999431036,3.96229549775009,0.938115999431036,-1.781038420372419,-0.28844700370995296,-2.320856542668266,-15.615028855589209,-2.320856542668266,-15.615028855589209,0.0,0.0,0.0,0.0,0.0,0.0,2.5468300662512426,2.5468300662512426,2.5468300662512426,2.538929555188293,2.538929555188293,5.3794720572286705,5.3794720572286705
462.0,0.462,0.001,0.499,116.16090313459482,5.778507811408727,2.0273902217888815,0.10085398716129383,3.9466587067787424,0.9424462856741753,3.9466587067787424,0.9424462856741753,3.9466587067787424,0.9424462856741753,-1.7833786895000125,-0.3040059026958851,-2.340269127593645,-15.558898985932183,-2.340269127593645,-15.558898985932183,0.0,0.0,0.0,0.0,0.0,0.0,2.5388978927852777,2.5388978927852777,2.5388978927852777,2.5309367541785783,2.5309367541785783,5.373008266563518,5.373008266563518
463.0,0.463,0.001,0.499,116.38613063418389,5.832748621815322,2.0313211832227447,0.10180066789183893,3.9309614338632257,0.9466807305450963,3.9309614338632257,0.9466807305450963,3.9309614338632257,0.9466807305450963,-1.7857394614458277,-0.319505958195596,-2.3607719458152268,-15.5000554997109,-2.3607719458152268,-15.5000554997109,0.0,0.0,0.0,0.0,0.0,0.0,2.53090478684314,2.53090478684314,2.53090478684314,2.522883575458849,2.522883575458849,5.3662781575418945,5.3662781575418945
464.0,0.464,0.001,0.499,116.61045528996735,5.887226656905311,2.035236387059569,0.10275148897417623,3.9152038368243973,0.9508210823373,3.9152038368243973,0.9508210823373,3.9152038368243973,0.9508210823373,-1.7881217918748757,-0.3349445432128502,-2.3823304290480727,-15.438585017254207,-2.3823304290480727,-15.438585017254207,0.0,0.0,0.0,0.0,0.0,0.0,2.5228513058136124,2.5228513058136124,2.5228513058136124,2.5147705751816596,2.5147705751816596,5.359281128354531,5.359281128354531
465.0,0.465,0.001,0.499,116.83387365492405,5.941936624831224,2.039135773137486,0.10370635804814392,3.8993860779167195,0.9548690739676879,3.8993860779167195,0.9548690739676879,3.8993860779167195,0.9548690739676879,-1.7905267011214479,-0.35031911894846046,-2.4049092465720063,-15.374575735610255,-2.4049092465720063,-15.374575735610255,0.0,0.0,0.0,0.0,0.0,0.0,2.514738005917297,2.514738005917297,2.514738005917297,2.5065983082458727,2.5065983082458727,5.352016638249455,5.352016638249455
466.0,0.466,0.001,0.499,117.05638229158622,5.996873332129118,2.0430192814613646,0.10466518447069656,3.883508323878595,0.9588264225526404,3.883508323878595,0.9588264225526404,3.883508323878595,0.9588264225526404,-1.7929551735460934,-0.3656272360551156,-2.4284724246454577,-15.308117106655118,-2.4284724246454577,-15.308117106655118,0.0,0.0,0.0,0.0,0.0,0.0,2.506565442120408,2.506565442120408,2.506565442120408,2.4983673282115637,2.4983673282115637,5.344484222182453,5.344484222182453
467.0,0.467,0.001,0.499,117.27797777229911,6.0520316827898775,2.046886852207344,0.1056278792996964,3.867570745979271,0.9626948289998397,3.867570745979271,0.9626948289998397,3.867570745979271,0.9626948289998397,-1.795408157009253,-0.38086653557926814,-2.452983463159797,-15.239299524152514,-2.452983463159797,-15.239299524152514,0.0,0.0,0.0,0.0,0.0,0.0,2.498334168047032,2.498334168047032,2.498334168047032,2.490078187217015,2.490078187217015,5.336683504555593,5.336683504555593
468.0,0.468,0.001,0.499,117.49865667948302,6.107406677308039,2.050738425727406,0.10659435527731213,3.851573520062336,0.9664759776157377,3.851573520062336,0.9664759776157377,3.851573520062336,0.9664759776157377,-1.7978865624581608,-0.3960347496007793,-2.478405448907823,-15.168214021511162,-2.478405448907823,-15.168214021511162,0.0,0.0,0.0,0.0,0.0,0.0,2.4900447359000952,2.4900447359000952,2.4900447359000952,2.481731435897789,2.481731435897789,5.328614211951826,5.328614211951826
469.0,0.46900000000000003,0.001,0.499,117.7184156058978,6.162993411709011,2.054573942553992,0.10756452681304068,3.8355168265858333,0.9701715357285521,3.8355168265858333,0.9701715357285521,3.8355168265858333,0.9701715357285521,-1.8003912636230741,-0.4111297015825466,-2.504701164913278,-15.094951981767329,-2.504701164913278,-15.094951981767329,0.0,0.0,0.0,0.0,0.0,0.0,2.4816976963756194,2.4816976963756194,2.4816976963756194,2.473327623307881,2.473327623307881,5.320276184792704,5.320276184792704
470.0,0.47000000000000003,0.001,0.499,117.93725115490923,6.21878707655557,2.058393343404651,0.10853830996636736,3.819400850659012,0.9737831533266728,3.819400850659012,0.9737831533266728,3.819400850659012,0.9737831533266728,-1.802923096818417,-0.4261493064436448,-2.531833195342824,-15.019604861098207,-2.531833195342824,-15.019604861098207,0.0,0.0,0.0,0.0,0.0,0.0,2.473293598589296,2.473293598589296,2.473293598589296,2.46486729684292,2.46486729684292,5.311669387864889,5.311669387864889
471.0,0.47100000000000003,0.001,0.499,118.15515994075751,6.2747829559345245,2.062196569186727,0.10951562242907971,3.8032257820757542,0.9773124627123441,3.8032257820757542,0.9773124627123441,3.8032257820757542,0.9773124627123441,-1.8054828608440134,-0.4410915703705952,-2.559764025596523,-14.942263926950439,-2.559764025596523,-14.942263926950439,0.0,0.0,0.0,0.0,0.0,0.0,2.46483298999385,2.46483298999385,2.4648329899938504,2.456351002165437,2.456351002165437,5.302793919679044,5.302793919679044
472.0,0.47200000000000003,0.001,0.499,118.37213858882735,6.330976426424393,2.0659835610020716,0.11049638350725019,3.7869918153447006,0.9807610781704863,3.7869918153447006,0.9807610781704863,3.7869918153447006,0.9807610781704863,-1.80807131698126,-0.45595459038224634,-2.5884561372463626,-14.863020011651153,-2.5884561372463626,-14.863020011651153,0.0,0.0,0.0,0.0,0.0,0.0,2.4563164163100963,2.4563164163100963,2.456316416310096,2.447779283132162,2.447779283132162,5.293650020641665,5.293650020641665
473.0,0.47300000000000003,0.001,0.499,118.58818373591966,6.387362956044978,2.0697542601517878,0.1114805141029027,3.770699149716113,0.9841305956525066,3.770699149716113,0.9841305956525066,3.770699149716113,0.9841305956525066,-1.8106891890788237,-0.4707365536644054,-2.6178720975637195,-14.781963282159076,-2.6178720975637195,-14.781963282159076,0.0,0.0,0.0,0.0,0.0,0.0,2.4477444214499267,2.4477444214499267,2.4477444214499267,2.439152681723357,2.439152681723357,5.284238080036112,5.284238080036112
474.0,0.47400000000000003,0.001,0.499,118.80329203052457,6.443938103189658,2.0735086081409935,0.11246793669537765,3.754347989205509,0.987422592474943,3.754347989205509,0.987422592474943,3.754347989205509,0.987422592474943,-1.8133371637222686,-0.48543573669081874,-2.6479746434449782,-14.699183026413339,-2.6479746434449782,-14.699183026413339,0.0,0.0,0.0,0.0,0.0,0.0,2.439117547446856,2.439117547446856,2.439117547446856,2.430471737974157,2.4304717379741576,5.2745586418235195,5.2745586418235195
475.0,0.47500000000000003,0.001,0.499,119.01746013309564,6.500697515541271,2.0772465466836074,0.11345857532241042,3.7379385426141107,0.9906386270327796,3.7379385426141107,0.9906386270327796,3.7379385426141107,0.9906386270327796,-1.8160158904818777,-0.5000505041473684,-2.6787267596090794,-14.614767456549632,-2.6787267596090794,-14.614767456549632,0.0,0.0,0.0,0.0,0.0,0.0,2.4304363343886513,2.4304363343886513,2.4304363343886513,2.4217369899079184,2.4217369899079184,5.264612409287069,5.264612409287069
476.0,0.47600000000000003,0.001,0.499,119.23068471632506,6.5576369289723875,2.0809680177071535,0.11445235556093769,3.721471023546139,0.9937802385272606,3.721471023546139,0.9937802385272606,3.721471023546139,0.9937802385272606,-1.8187259822328787,-0.5145793076764473,-2.7100917510009657,-14.52880352907897,-2.7100917510009657,-14.52880352907897,0.0,0.0,0.0,0.0,0.0,0.0,2.4217013203488036,2.4217013203488036,2.4217013203488036,2.4129489734715386,2.412948973471539,5.254400248554422,5.254400248554422
477.0,0.47700000000000004,0.001,0.499,119.44296246541963,6.614752166430819,2.0846729633575762,0.11544920450764572,3.7049456504230074,0.9968489467080253,3.7049456504230074,0.9968489467080253,3.7049456504230074,0.9968489467080253,-1.8214680155422691,-0.5290206844584122,-2.742033309390304,-14.441376781964884,-2.742033309390304,-14.441376781964884,0.0,0.0,0.0,0.0,0.0,0.0,2.4129130413244324,2.4129130413244324,2.412913041324432,2.404108222472757,2.404108222472757,5.243923191042839,5.243923191042839
478.0,0.47800000000000004,0.001,0.499,119.65429007837747,6.672039136811158,2.0883613260040708,0.1164490507592751,3.688362646494454,0.9998462516293798,3.688362646494454,0.9998462516293798,3.688362646494454,0.9998462516293798,-1.8242425311164743,-0.5433732556468033,-2.7745155742051484,-14.352571188391034,-2.7745155742051484,-14.352571188391034,0.0,0.0,0.0,0.0,0.0,0.0,2.4040720311697243,2.4040720311697243,2.4040720311697243,2.3952152685193937,2.3952152685193937,5.233182434879523,5.233182434879523
479.0,0.47900000000000004,0.001,0.499,119.86466426626501,6.729493833813152,2.0920330482439176,0.11745182439269561,3.6717222398466585,1.0027736334205146,3.6717222398466585,1.0027736334205146,3.6717222398466585,1.0027736334205146,-1.8270500343041596,-0.5576357246736868,-2.8075031876852137,-14.262469026883597,-2.8075031876852137,-14.262469026883597,0.0,0.0,0.0,0.0,0.0,0.0,2.3951788215395666,2.3951788215395666,2.3951788215395666,2.3862706409605297,2.38627064096053,5.222179345356323,5.222179345356323
480.0,0.48,0.001,0.499,120.07408175349448,6.787112334787702,2.095688072907325,0.11845745694476507,3.6550246634073926,1.0056325520694707,3.6550246634073926,1.0056325520694707,3.6550246634073926,1.0056325520694707,-1.8298909956486387,-0.5718068754410282,-2.8409613444790924,-14.171150767341372,-2.8409613444790924,-14.171150767341372,0.0,0.0,0.0,0.0,0.0,0.0,2.3862339418266427,2.3862339418266427,2.3862339418266427,2.377274866829595,2.377274866829595,5.210915454482934,5.210915454482934
481.0,0.481,0.001,0.499,120.28253927810142,6.8448907995712585,2.0993263430622733,0.11946588139198573,3.638270154948258,1.0084244472206523,3.638270154948258,1.0084244472206523,3.638270154948258,1.0084244472206523,-1.8327658514844827,-0.5858855704134593,-2.874855835844058,-14.078694972431187,-2.874855835844058,-14.078694972431187,0.0,0.0,0.0,0.0,0.0,0.0,2.37723791910818,2.37723791910818,2.37723791910818,2.368228470789347,2.368228470789347,5.199392459706362,5.199392459706362
482.0,0.482,0.001,0.499,120.4900335920222,6.902825469309376,2.1029478020193575,0.1204770321299714,3.621458957084058,1.0111507379856781,3.621458957084058,1.0111507379856781,3.621458957084058,1.0111507379856781,-1.835675004573119,-0.5998707486271858,-2.9091530886362453,-13.985178213726451,-2.9091530886362453,-13.985178213726451,0.0,0.0,0.0,0.0,0.0,0.0,2.3681912780880263,2.3681912780880263,2.3681912780880263,2.3591319750787267,2.3591319750787267,5.1876122218667815,5.1876122218667815
483.0,0.483,0.001,0.499,120.69656146137125,6.9609126652701905,2.106552393336627,0.12149084495273876,3.6045913172693593,1.0138128227673586,3.6045913172693593,1.0138128227673586,3.6045913172693593,1.0138128227673586,-1.838618824772422,-0.6137614236290877,-2.943820199303108,-13.890675001901865,-2.943820199303108,-13.890675001901865,0.0,0.0,0.0,0.0,0.0,0.0,2.359094541046031,2.359094541046031,2.359094541046031,2.3499858994615708,2.3499858994615708,5.175576762460995,5.175576762460995
484.0,0.484,0.001,0.499,120.90211966671804,7.019148787648542,2.110140060824419,0.12250725703183535,3.5876674877923,1.016412079096583,3.5876674877923,1.016412079096583,3.5876674877923,1.016412079096583,-1.8415976497355315,-0.6275566813593343,-2.9788249631094357,-13.795257730246602,-2.9788249631094357,-13.795257730246602,0.0,0.0,0.0,0.0,0.0,0.0,2.3499482277840666,2.3499482277840666,2.3499482277840666,2.340790761177137,2.340790761177137,5.163288260284887,5.163288260284887
485.0,0.485,0.001,0.499,121.10670500336357,7.077530314361486,2.1137107485501847,0.12352620689531724,3.570687725765695,1.018949863481892,3.570687725765695,1.018949863481892,3.570687725765695,1.018949863481892,-1.8446117856343747,-0.641255677990055,-3.0141358988431217,-13.698996630720721,-3.0141358988431217,-13.698996630720721,0.0,0.0,0.0,0.0,0.0,0.0,2.3407528555793906,2.3407528555793906,2.34075285557939,2.3315470748924567,2.3315470748924567,5.1507490475253235,5.1507490475253235
486.0,0.486,0.001,0.499,121.31031428161609,7.136053799835895,2.1172644008433004,0.12454763440658875,3.5536522931155017,1.0214275112715154,3.5536522931155017,1.0214275112715154,3.5536522931155017,1.0214275112715154,-1.8476615079036323,-0.654857637731809,-3.0497222692576713,-13.601959741754092,-3.0497222692576713,-13.601959741754092,0.0,0.0,0.0,0.0,0.0,0.0,2.331508939135481,2.331508939135481,2.331508939135481,2.322255352656462,2.322255352656462,5.1379616053704105,5.1379616053704105
487.0,0.487,0.001,0.499,121.512944327066,7.1947158737888595,2.120800962299867,0.1255714807431164,3.5365614565667,1.0238463365276391,3.5365614565667,1.0238463365276391,3.5365614565667,1.0238463365276391,-1.8507470620011477,-0.6683618506187817,-3.0855540975154714,-13.504212886972633,-3.0855540975154714,-13.504212886972633,0.0,0.0,0.0,0.0,0.0,0.0,2.3222169905354955,2.3222169905354955,2.3222169905354955,2.312916103855879,2.312916103855879,5.124928559204629,5.124928559204629
488.0,0.488,0.001,0.499,121.71459198085998,7.253513240001571,2.1243203777874937,0.12659768837502908,3.5194154876266475,1.026207631912677,3.5194154876266475,1.026207631912677,3.5194154876266475,1.026207631912677,-1.8538686641810471,-0.6817676702828137,-3.1216021798994715,-13.405819664032004,-3.1216021798994715,-13.405819664032004,0.0,0.0,0.0,0.0,0.0,0.0,2.3128775191997115,2.3128775191997115,2.3128775191997115,2.3035298351728506,2.3035298351728506,5.111652673452567,5.111652673452567
489.0,0.489,0.001,0.499,121.91525409997385,7.312442675087361,2.12782259245006,0.12762620104361638,3.502214662565974,1.0285126685873054,3.502214662565974,1.0285126685873054,3.502214662565974,1.0285126685873054,-1.8570265022761085,-0.6950745117255567,-3.1578380950615297,-13.306841442742948,-3.1578380950615297,-13.306841442742948,0.0,0.0,0.0,0.0,0.0,0.0,2.3034910318431776,2.3034910318431776,2.303491031843177,2.2940970505442864,2.2940970505442864,5.09813684613162,5.09813684613162
490.0,0.49,0.001,0.499,122.11492755748422,7.371501027254565,2.1313075517124567,0.12865696373973642,3.4849592623970684,1.030762696120028,3.4849592623970684,1.030762696120028,3.4849592623970684,1.030762696120028,-1.8602207364861822,-0.7082818490972408,-3.194234210073622,-13.20733737168408,-3.194234210073622,-13.20733737168408,0.0,0.0,0.0,0.0,0.0,0.0,2.294058032433598,2.294058032433598,2.294058032433598,2.284618251122891,2.284618251122891,5.0843841031704455,5.0843841031704455
491.0,0.491,0.001,0.499,122.31360924283888,7.430685215064842,2.134775201285307,0.12968992268214444,3.4676495728502283,1.032958942408026,3.4676495728502283,1.032958942408026,3.4676495728502283,1.032958942408026,-1.863451500169726,-0.7213892134897568,-3.230763683543752,-13.107364392516017,-3.230763683543752,-13.107364392516017,0.0,0.0,0.0,0.0,0.0,0.0,2.2845790221535105,2.2845790221535105,2.2845790221535105,2.2750939352398643,2.2750939352398643,5.0703975925460565,5.0703975925460565
492.0,0.492,0.001,0.499,122.51129606212557,7.489992226187602,2.1382254871696547,0.1307250252957535,3.4502858843475317,1.0351026136090562,3.4502858843475317,1.0351026136090562,3.4502858843475317,1.0351026136090562,-1.866718900635778,-0.7343961907509912,-3.267400466052078,-13.006977261234304,-3.267400466052078,-13.006977261234304,0.0,0.0,0.0,0.0,0.0,0.0,2.2750544993632578,2.2750544993632578,2.2750544993632578,2.265524598369236,2.265524598369236,5.056180578288436,5.056180578288436
493.0,0.493,0.001,0.499,122.70798493833914,7.549419116151142,2.141658355661629,0.13176222018983766,3.432868491974492,1.0371948940841482,3.432868491974492,1.0371948940841482,3.432868491974492,1.0371948940841482,-1.870023019933933,-0.7473024193266178,-3.304119298154817,-12.906228575626587,-3.304119298154817,-12.906228575626587,0.0,0.0,0.0,0.0,0.0,0.0,2.2654849595644446,2.2654849595644446,2.2654849595644446,2.2559107330938133,2.255910733093813,5.041736434397491,5.041736434397491
494.0,0.494,0.001,0.499,122.9036728116471,7.60896300709111,2.1450737533570785,0.13280145713618852,3.415397695449564,1.0392369463508597,3.415397695449564,1.0392369463508597,3.415397695449564,1.0392369463508597,-1.8733639156401272,-0.7601075881348489,-3.340895706194192,-12.805168808231098,-3.340895706194192,-12.805168808231098,0.0,0.0,0.0,0.0,0.0,0.0,2.2558708953664794,2.2558708953664794,2.255870895366479,2.2462528290727217,2.2462528290727217,5.027068638713038,5.027068638713038
495.0,0.495,0.001,0.499,123.09835663965312,7.668621086496877,2.14847162715617,0.13384268704723537,3.3978737990915646,1.0412299110468402,3.3978737990915646,1.0412299110468402,3.3978737990915646,1.0412299110468402,-1.8767416216362696,-0.7728114344789767,-3.3777059961423452,-12.703846344127847,-3.3777059961423452,-12.703846344127847,0.0,0.0,0.0,0.0,0.0,0.0,2.246212796454334,2.246212796454334,2.246212796454334,2.2365513730105038,2.2365513730105033,5.0121807667745095,5.0121807667745095
496.0,0.496,0.001,0.499,123.29203339765866,7.728390605956397,2.151851924267955,0.13488586195413882,3.3802971117850698,1.0431749069034564,3.3802971117850698,1.0431749069034564,3.3802971117850698,1.0431749069034564,-1.8801561488819656,-0.785413742001907,-3.4145272456959717,-12.602307522930264,-3.4145272456959717,-12.602307522930264,0.0,0.0,0.0,0.0,0.0,0.0,2.2365111495570673,2.2365111495570673,2.2365111495570673,2.226806848627753,2.226806848627753,4.99707648570312,4.99707648570312
497.0,0.497,0.001,0.499,123.48470007892247,7.788268879900128,2.155214592214899,0.13593093498486805,3.362667946943857,1.045073030729232,3.362667946943857,1.045073030729232,3.362667946943857,1.045073030729232,-1.8836074861767924,-0.7979143386862897,-3.451337294826723,-12.500596684382712,-3.451337294826723,-12.500596684382712,0.0,0.0,0.0,0.0,0.0,0.0,2.226766438419062,2.226766438419062,2.226766438419062,2.2170197366332576,2.2170197366332576,4.9817595481354235,4.9817595481354235
498.0,0.498,0.001,0.499,123.67635369491786,7.848253284344537,2.1585595788373713,0.1369778603422709,3.344986622472457,1.0469253574028519,3.344986622472457,1.0469253574028519,3.344986622472457,1.0469253574028519,-1.8870956009117728,-0.8103130949032974,-3.4881147349803157,-12.398756217007676,-3.4881147349803157,-12.398756217007676,0.0,0.0,0.0,0.0,0.0,0.0,2.2169791437722126,2.2169791437722126,2.2169791437722126,2.2071905146976296,2.2071905146976296,4.966233786233591,4.966233786233591
499.0,0.499,0.001,0.499,123.86699127558775,7.908341255635749,2.161886832298097,0.1380265932821464,3.3272534607258772,1.0487329398754819,3.3272534607258772,1.0487329398754819,3.3272534607258772,1.0487329398754819,-1.8906204398088777,-0.8226099215125825,-3.5248388971049938,-12.296826609285104,-3.5248388971049938,-12.296826609285104,0.0,0.0,0.0,0.0,0.0,0.0,2.207149743308157,2.207149743308157,2.207149743308157,2.197319657428387,2.1973196574283866,4.950503105794289,4.950503105794289
