step,time_s,dt_s,duration_s,mj_q1_deg,mj_q2_deg,mujoco_q1_rad,mujoco_q2_rad,mj_qd1_raw,mj_qd2_raw,mj_qd1_rad_s,mj_qd2_rad_s,mujoco_qdot1_rad_s,mujoco_qdot2_rad_s,bridge_q1_rad,bridge_q2_rad,bridge_qd1,bridge_qd2,bridge_qdot1_rad_s,bridge_qdot2_rad_s,tau0,tau1,tau1_Nm,tau2_Nm,tau1_applied_Nm,tau2_applied_Nm,mj_hand_speed_norm_fd,mujoco_ee_speed_fd_3d_m_s,mujoco_ee_speed_fd_xz_m_s,mujoco_ee_speed_jac_3d_m_s,mujoco_ee_speed_jac_xz_m_s,bridge_hand_speed_xz,bridge_ee_speed_xz_m_s
0.0,0.0,0.001,0.499,5.002098101288276,54.99734422940995,0.08730308137523722,0.9598847366559071,0.03661877552074026,-0.04635194097412101,0.03661877552074026,-0.04635194097412101,0.03661877552074026,-0.04635194097412101,0.0872380181467784,0.9599605742204042,-0.028444452938073603,0.029485623522873917,-0.028444452938073603,0.029485623522873917,0.0,0.0,0.0,0.0,0.0,0.0,0.0,0.0,0.0,0.010473693531937885,0.010473693531937885,0.008949709514948934,0.008949709514948934
1.0,0.001,0.001,0.499,5.006294340139,54.99203239712153,0.08737631955938246,0.9597920276931605,0.07323818414524885,-0.09270896274658162,0.07323818414524885,-0.09270896274658162,0.07323818414524885,-0.09270896274658162,0.08718112934272855,0.9600195439091967,-0.05688880404985107,0.05896968879254372,-0.05688880404985107,0.05896968879254372,0.0,0.0,0.0,0.0,0.0,0.0,0.010473639780991579,0.010473639780991579,0.010473639780991579,0.020946907941529255,0.020946907941529255,0.017899622473945716,0.017899622473945716
2.0,0.002,0.001,0.499,5.012588808315198,54.98406377488887,0.08748617875371913,0.959652948998353,0.10985919433665495,-0.13907869480753499,0.10985919433665495,-0.13907869480753499,0.10985919433665495,-0.13907869480753499,0.08709579647764934,0.9601079937086988,-0.08533286507921303,0.0884497995021192,-0.08533286507921303,0.0884497995021192,0.0,0.0,0.0,0.0,0.0,0.0,0.020946692875259423,0.020946692875259423,0.020946692875259427,0.03141893126449892,0.03141893126449891,0.02685001599445275,0.02685001599445275
3.0,0.003,0.001,0.499,5.020981653100283,54.97343719728888,0.08763266152882769,0.9594674802310145,0.14648277510856583,-0.18546876733852113,0.14648277510856583,-0.18546876733852113,0.14648277510856583,-0.18546876733852113,0.08698202002993549,0.9602259172676489,-0.11377644771385013,0.11792355895015451,-0.11377644771385013,0.11792355895015451,0.0,0.0,0.0,0.0,0.0,0.0,0.03141844708973881,0.03141844708973881,0.03141844708973881,0.04188905094008533,0.04188905094008533,0.03580116700492439,0.03580116700492439
4.0,0.004,0.001,0.499,5.031473077351197,54.96015106164419,0.08781577142522971,0.9592355934191481,0.18310989640202113,-0.2318868118663321,0.18310989640202113,-0.2318868118663321,0.18310989640202113,-0.2318868118663321,0.0868398006663716,0.9603733058375005,-0.14221936356388554,0.14738856985151136,-0.14221936356388554,0.14738856985151136,0.0,0.0,0.0,0.0,0.0,0.0,0.04188818945163871,0.04188818945163871,0.04188818945163871,0.05235655341324365,0.05235655341324365,0.044753352160391675,0.044753352160391675
5.0,0.005,0.001,0.499,5.044063339573159,54.944203327908674,0.08803551295469242,0.958957252957232,0.21974152946270267,-0.2783404619160923,0.21974152946270267,-0.2783404619160923,0.21974152946270267,-0.2783404619160923,0.08666913924223106,0.9605501482716492,-0.1706614241405501,0.17684243414870177,-0.1706614241405501,0.17684243414870177,0.0,0.0,0.0,0.0,0.0,0.0,0.05235520581111707,0.05235520581111707,0.05235520581111707,0.06282072373584877,0.06282072373584877,0.0537068477580689,0.0537068477580689
6.0,0.006,0.001,0.499,5.058752754016057,54.92559151851556,0.08829189160191099,0.9586324156035685,0.25637864721856995,-0.3248373536634965,0.25637864721856995,-0.3248373536634965,0.25637864721856995,-0.3248373536634965,0.08647003680139614,0.9607564310244731,-0.19910244083492235,0.20628275282387026,-0.19910244083492235,0.20628275282387026,0.0,0.0,0.0,0.0,0.0,0.0,0.0628187804453263,0.0628187804453263,0.0628187804453263,0.0732808451664764,0.0732808451664764,0.06266192965299162,0.06266192965299162
7.0,0.007,0.001,0.499,5.0755416907925,54.90431271818824,0.08858491382656908,0.9582610304769823,0.2930222246580887,-0.37138512658613687,0.2930222246580887,-0.37138512658613687,0.2930222246580887,-0.37138512658613687,0.08624249457649939,0.9609921381501846,-0.22754222489674622,0.23570712571157657,-0.22754222489674622,0.23570712571157657,0.0,0.0,0.0,0.0,0.0,0.0,0.07327819565135278,0.07327819565135278,0.07327819565135277,0.08373619876833983,0.08373619876833983,0.07161887317369645,0.07161887317369645
8.0,0.008,0.001,0.499,5.0944305760175945,54.88036357371385,0.08891458706577829,0.9578430390528685,0.3296732392092161,-0.41799142411384194,0.3296732392092161,-0.41799142411384194,0.3296732392092161,-0.41799142411384194,0.08598651398908605,0.9612572513014971,-0.25598058741333873,0.2651131513125389,-0.25598058741333873,0.2651131513125389,0.0,0.0,0.0,0.0,0.0,0.0,0.0837327313494215,0.0837327313494215,0.0837327313494215,0.09418606300495874,0.09418606300495874,0.08057795303795261,0.08057795303795261
9.0,0.009000000000000001,0.001,0.499,5.115419891970483,54.853740293679614,0.08928091973689758,0.9573783751585906,0.36633267111930246,-0.464663894277934,0.36633267111930246,-0.464663894277934,0.36633267111930246,-0.464663894277934,0.08570209664979744,0.9615517497281055,-0.2844173392885993,0.2944984266084956,-0.2844173392885993,0.2944984266084956,0.0,0.0,0.0,0.0,0.0,0.0,0.0941816646747751,0.0941816646747751,0.09418166467477508,0.10462971333313564,0.10462971333313564,0.08953944326855637,0.08953944326855637
10.0,0.01,0.001,0.499,5.138510177277716,54.82443864817205,0.08968392124073366,0.9568669649682313,0.40300150383606403,-0.5114101903592989,0.40300150383606403,-0.5114101903592989,0.40300150383606403,-0.5114101903592989,0.08538924435857531,0.9618756102749839,-0.31285229122213254,0.32386054687834454,-0.31285229122213254,0.32386054687834454,0.0,0.0,0.0,0.0,0.0,0.0,0.10462426957065835,0.10462426957065835,0.10462426957065836,0.11506642179281416,0.11506642179281416,0.09850361710919896,0.09850361710919896
11.0,0.011,0.001,0.499,5.1637020271185055,54.79245396843914,0.09012360196512344,0.9563087269966962,0.43968072438977635,-0.5582379715351413,0.43968072438977635,-0.5582379715351413,0.43968072438977635,-0.5582379715351413,0.08504795910488681,0.9622288073804997,-0.3412852536884953,0.35319710551571504,-0.3412852536884953,0.35319710551571504,0.0,0.0,0.0,0.0,0.0,0.0,0.11505981637621823,0.11505981637621823,0.11505981637621823,0.1254954565933922,0.12549545659339223,0.1074707469404197,0.1074707469404197
12.0,0.012,0.001,0.499,5.190996093451978,54.757781146515555,0.09059997328890027,0.9557035720931719,0.4763713237768304,-0.6051549035242788,0.4763713237768304,-0.6051549035242788,0.4763713237768304,-0.6051549035242788,0.08467824306797024,0.9626113130743478,-0.36971603691657895,0.3825056938481287,-0.36971603691657895,0.3825056938481287,0.0,0.0,0.0,0.0,0.0,0.0,0.12548757141375416,0.12548757141375416,0.12548757141375416,0.13591608169606076,0.13591608169606076,0.11644110419565637,0.11644110419565637
13.0,0.013000000000000001,0.001,0.499,5.220393085266474,54.72041463481092,0.09111304758624506,0.9550514034339411,0.5130742973447879,-0.652168659230806,0.5130742973447879,-0.652168659230806,0.5130742973447879,-0.652168659230806,0.0842800986171011,0.9630230969753056,-0.3981444508691359,0.41178390095790257,-0.3981444508691359,0.41178390095790257,0.0,0.0,0.0,0.0,0.0,0.0,0.13590679656717733,0.13590679656717733,0.13590679656717733,0.1463275563917372,0.14632755639173722,0.1254149592774049,0.1254149592774049
14.0,0.014,0.001,0.499,5.251893768851009,54.68034844566141,0.09166283823142411,0.9543521165145552,0.5497906451790624,-0.6992869193859311,0.5497906451790624,-0.6992869193859311,0.5497906451790624,-0.6992869193859311,0.08385352831187864,0.9634641262888106,-0.42657030522246103,0.441029313504946,-0.42657030522246103,0.441029313504946,0.0,0.0,0.0,0.0,0.0,0.0,0.1463167488607908,0.1463167488607908,0.1463167488607908,0.1567291348741622,0.1567291348741622,0.1343925814735017,0.1343925814735017
15.0,0.015,0.001,0.499,5.285498968088984,54.63757615084455,0.09224935960391546,0.9536055991413674,0.5865213724913452,-0.7465173731877617,0.5865213724913452,-0.7465173731877617,0.5865213724913452,-0.7465173731877617,0.0833985349025324,0.9639343658043622,-0.45499340934623544,0.47023951555160215,-0.45499340934623544,0.47023951555160215,0.0,0.0,0.0,0.0,0.0,0.0,0.1567166800297926,0.1567166800297926,0.1567166800297926,0.16712006580772204,0.16712006580772204,0.14337423887354248,0.14337423887354248
16.0,0.016,0.001,0.499,5.3212095647742625,54.592090881057686,0.09287262709392535,0.9528117314224287,0.6232674900098848,-0.7938677189387818,0.6232674900098848,-0.7938677189387818,0.6232674900098848,-0.7938677189387818,0.08291512133024886,0.9644337778927519,-0.48341357228354104,0.49941208838968143,-0.48341357228354104,0.49941208838968143,0.0,0.0,0.0,0.0,0.0,0.0,0.16710583608629678,0.16710583608629678,0.16710583608629678,0.17749959188956188,0.17749959188956188,0.15236019828545125,0.15236019828545125
17.0,0.017,0.001,0.499,5.359026498949721,54.54388532535985,0.09353265710829707,0.951970385757748,0.6600300143717184,-0.84134566468073,0.6600300143717184,-0.84134566468073,0.6600300143717184,-0.84134566468073,0.08240329072751781,0.9649623225031217,-0.5118306027310527,0.5285446103698335,-0.5118306027310527,0.5285446103698335,0.0,0.0,0.0,0.0,0.0,0.0,0.17748345688018471,0.17748345688018471,0.17748345688018471,0.18786694940554846,0.18786694940554846,0.16135072515221513,0.16135072515221513
18.0,0.018000000000000002,0.001,0.499,5.398950769268385,54.492951730577616,0.09422946707681401,0.9510814268289214,0.6968099685169408,-0.8889589288265476,0.6968099685169408,-0.8889589288265476,0.6968099685169408,-0.8889589288265476,0.0818630464184984,0.9655199571598552,-0.5402443090194148,0.557634656733401,-0.5402443090194148,0.557634656733401,0.0,0.0,0.0,0.0,0.0,0.0,0.18784877565369854,0.18784877565369854,0.18784877565369854,0.19822136777963972,0.19822136777963972,0.17034608346880026,0.17034608346880026
19.0,0.019,0.001,0.499,5.440983433377282,54.43928190067483,0.0949630754588991,0.9501447115881324,0.733608382085085,-0.9367152407890255,0.733608382085085,-0.9367152407890255,0.733608382085085,-0.9367152407890255,0.08129439191940459,0.9661066369593021,-0.5686544990938059,0.586679799446897,-0.5686544990938059,0.586679799446897,0.0,0.0,0.0,0.0,0.0,0.0,0.19820101858715153,0.19820101858715153,0.19820101858715153,0.20856206911621622,0.2085620691162162,0.17934653569926576,0.17934653569926576
20.0,0.02,0.001,0.499,5.485125608324119,54.382867196086536,0.09573350175071277,0.9491600892465267,0.7704262918136747,-0.984622341605734,0.7704262918136747,-0.984622341605734,0.7704262918136747,-0.984622341605734,0.08069733093890989,0.9667223145663414,-0.5970609804946987,0.6156776070392439,-0.5970609804946987,0.6156776070392439,0.0,0.0,0.0,0.0,0.0,0.0,0.20853940434102639,0.20853940434102639,0.20853940434102639,0.2188882677349252,0.21888826773492517,0.18835234269409282,0.18835234269409282
21.0,0.021,0.001,0.499,5.53137847098694,54.323698533017385,0.09654076649265175,0.9481274012619669,0.8072647419389911,-1.0326879845597685,0.8072647419389911,-1.0326879845597685,0.8072647419389911,-1.0326879845597685,0.08007186737857108,0.9673669402107833,-0.6254635603388146,0.6446256444419106,-0.6254635603388146,0.6446256444419106,0.0,0.0,0.0,0.0,0.0,0.0,0.21886314358799247,0.21886314358799247,0.21886314358799247,0.22919916969758686,0.22919916969758686,0.1973637636077472,0.1973637636077472
22.0,0.022,0.001,0.499,5.579743258526857,54.261766382704735,0.09738489127725083,0.9470464813261711,0.844124784599086,-1.0809199357957915,0.844124784599086,-1.0809199357957915,0.844124784599086,-1.0809199357957915,0.0794180053332708,0.9680404616836153,-0.6538620453002791,0.673521472832081,-0.6538620453002791,0.673521472832081,0.0,0.0,0.0,0.0,0.0,0.0,0.2291714385360445,0.2291714385360445,0.2291714385360445,0.23949397232670666,0.23949397232670666,0.2063810558164942,0.2063810558164942
23.0,0.023,0.001,0.499,5.630221268864011,54.19706077064671,0.09826589875748988,0.9459171553512403,0.8810074802390491,-1.1293259749307951,0.8810074802390491,-1.1293259749307951,0.8810074802390491,-1.1293259749307951,0.07873574909167882,0.9687428243330943,-0.6822562415919765,0.7023626494789832,-0.6822562415919765,0.7023626494789832,0.0,0.0,0.0,0.0,0.0,0.0,0.23946348244702537,0.23946348244702537,0.23946348244702537,0.2497718637151369,0.2497718637151369,0.21540447483648667,0.21540447483648667
24.0,0.024,0.001,0.499,5.682813861176874,54.129571275795634,0.09918381265550841,0.9447392414555814,0.917913898018523,-1.177913895658944,0.917913898018523,-1.177913895658944,0.917913898018523,-1.177913895658944,0.07802510313673172,0.9694739710606879,-0.7106459549471043,0.7311467275935082,-0.7106459549471043,0.7311467275935082,0.0,0.0,0.0,0.0,0.0,0.0,0.24973845914224313,0.24973845914224313,0.24973845914224313,0.2600320222264257,0.2600320222264257,0.22443427424214607,0.22443427424214607
25.0,0.025,0.001,0.499,5.737522456425041,54.05928702971725,0.10013865777172985,0.9435125499492316,0.9548451162214381,-1.2266915063497934,0.9548451162214381,-1.2266915063497934,0.9548451162214381,-1.2266915063497934,0.0772860721461308,0.9702338423168692,-0.7390309906009267,0.7598712561812402,-0.7390309906009267,0.7598712561812402,0.0,0.0,0.0,0.0,0.0,0.0,0.25999554249932205,0.25999554249932205,0.25999554249932205,0.2702736159853885,0.2702736159853885,0.2334707055848599,0.2334707055848599
26.0,0.026000000000000002,0.001,0.499,5.7943485378956066,53.986196715715955,0.10113045999439776,0.9422368833185926,0.9918022226679168,-1.2756666306391016,0.9918022226679168,-1.2756666306391016,0.9918022226679168,-1.2756666306391016,0.07651866099285808,0.9710223760967682,-0.7674111532727246,0.7885337798990202,-0.7674111532727246,0.7885337798990202,0.0,0.0,0.0,0.0,0.0,0.0,0.2702338959430371,0.2702338959430371,0.2702338959430371,0.28049580235843596,0.28049580235843596,0.24251401831201763,0.24251401831201763
27.0,0.027,0.001,0.499,5.8532936517732725,53.91028856792679,0.10215924630952604,0.9409120362105812,1.028786315128274,-1.3248471080113835,1.028786315128274,-1.3248471080113835,1.028786315128274,-1.3248471080113835,0.07572287474571014,0.9718395079356834,-0.7957862471479364,0.8171318389151593,-0.7957862471479364,0.8171318389151593,0.0,0.0,0.0,0.0,0.0,0.0,0.2804526719179127,0.2804526719179127,0.2804526719179127,0.29069772742318384,0.29069772742318384,0.25156445968640906,0.25156445968640906
28.0,0.028,0.001,0.499,5.914359407734286,53.831550370374494,0.10322504481126506,0.9395377954162079,1.065798501739015,-1.3742407943732637,1.065798501739015,-1.3742407943732637,1.065798501739015,-1.3742407943732637,0.07489871866984965,0.9726851709044568,-0.8241560758604877,0.8456629687734161,-0.8241560758604877,0.8456629687734161,0.0,0.0,0.0,0.0,0.0,0.0,0.2906510113606561,0.2906510113606561,0.2906510113606561,0.30087852542687377,0.30087852542687377,0.260622274706012,0.260622274706012
29.0,0.029,0.001,0.499,5.977547479564316,53.749969456000336,0.10432788471268577,0.9381139398535913,1.102839901420708,-1.4238555626165976,1.102839901420708,-1.4238555626165976,1.102839901420708,-1.4238555626165976,0.07404619822737435,0.9735592956047177,-0.8525204424752991,0.8741247002608468,-0.8525204424752991,0.8741247002608468,0.0,0.0,0.0,0.0,0.0,0.0,0.30082804315019596,0.30082804315019596,0.30082804315019596,0.31103731823312586,0.31103731823312586,0.2696877060241934,0.2696877060241934
30.0,0.03,0.001,0.499,6.042859605800384,53.66553270565731,0.10546779635698333,0.936640240550421,1.139911644297572,-1.4736993031702372,1.139911644297572,-1.4736993031702372,1.139911644297572,-1.4736993031702372,0.07316531907790338,0.9744618101639972,-0.8808791494709682,0.9025145592796352,-0.8808791494709682,0.9025145592796352,0.0,0.0,0.0,0.0,0.0,0.0,0.3109828835544455,0.3109828835544455,0.3109828835544455,0.3211732147565409,0.32117321475654087,0.27876099387035236,0.27876099387035236
31.0,0.031,0.001,0.499,6.11029759039691,53.57822654707445,0.10664481122910194,0.9351164606258818,1.1770148721186018,-1.5237799245392085,1.1770148721186018,-1.5237799245392085,1.1770148721186018,-1.5237799245392085,0.07225608707918077,0.9753926402307203,-0.9092319987226128,0.9308300667230041,-0.9092319987226128,0.9308300667230041,0.0,0.0,0.0,0.0,0.0,0.0,0.3211146356599751,0.3211146356599751,0.3211146356599751,0.33128531038467285,0.33128531038467285,0.28784237597103446,0.28784237597103446
32.0,0.032,0.001,0.499,6.179863303415966,53.48803695379105,0.10785896196778194,0.9335423552720519,1.214150738680006,-1.5741053538299605,1.214150738680006,-1.5741053538299605,1.214150738680006,-1.5741053538299605,0.0713185082876959,0.9763517089690755,-0.9375787914848662,0.9590687383553057,-0.9375787914848662,0.9590687383553057,0.0,0.0,0.0,0.0,0.0,0.0,0.33122238879184784,0.33122238879184784,0.33122238879184784,0.3413726863868811,0.34137268638688106,0.296932087471546,0.296932087471546
33.0,0.033,0.001,0.499,6.251558681741796,53.39494944406165,0.10911028237803065,0.9319176717347917,1.2513204102487094,-1.6246835372602242,1.2513204102487094,-1.6246835372602242,1.2513204102487094,-1.6246835372602242,0.07035258895932088,0.977338937053772,-0.965919328375011,0.9872280846963869,-0.965919328375011,0.9872280846963869,0.0,0.0,0.0,0.0,0.0,0.0,0.34130521791769824,0.34130521791769824,0.3413052179176982,0.35143440930957665,0.35143440930957665,0.30603036085809915,0.30603036085809915
34.0,0.034,0.001,0.499,6.325385729819645,53.298949079732836,0.11039880744401728,0.9302421492941397,1.2885250659866259,-1.6755224406518936,1.2885250659866259,-1.6755224406518936,1.2885250659866259,-1.6755224406518936,0.06935833554996464,0.9783542426646823,-0.994253409356238,1.0153056109103171,-0.994253409356238,1.0153056109103171,0.0,0.0,0.0,0.0,0.0,0.0,0.35136218304015115,0.35136218304015115,0.35136218304015115,0.36146953035737167,0.36146953035737167,0.315137425880521,0.315137425880521
35.0,0.035,0.001,0.499,6.401346520418924,53.200020465092805,0.11172457334239265,0.9285155192442345,1.3257658983753715,-1.7266300499052019,1.3257658983753715,-1.7266300499052019,1.3257658983753715,-1.7266300499052019,0.06833575471624362,0.9793975414813808,-1.022580833721013,1.0432988166985655,-1.022580833721013,1.0432988166985655,0.0,0.0,0.0,0.0,0.0,0.0,0.3613923285734262,0.3613923285734262,0.3613923285734262,0.37147708475963853,0.37147708475963853,0.3242535094755595,0.3242535094755595
36.0,0.036000000000000004,0.001,0.499,6.479443195420706,53.09814774569498,0.1130876174560337,0.9267375048727822,1.363044113641043,-1.778014371452322,1.363044113641043,-1.778014371452322,1.363044113641043,-1.778014371452322,0.06728485331616908,0.9804687466775786,-1.0509014000745356,1.0712051961977085,-1.0509014000745356,1.0712051961977085,0.0,0.0,0.0,0.0,0.0,0.0,0.3713946827078532,0.3713946827078532,0.37139468270785325,0.3814560911219883,0.3814560911219883,0.3333788356908203,0.3333788356908203
37.0,0.037,0.001,0.499,6.559677966629549,52.993314607156925,0.11448797838821234,0.9249078214400938,1.4003609321786414,-1.829683432688358,1.4003609321786414,-1.829683432688358,1.4003609321786414,-1.829683432688358,0.06620563840985082,0.9815677689154603,-1.0792149063182692,1.0990222378817451,-1.0792149063182692,1.0990222378817451,0.0,0.0,0.0,0.0,0.0,0.0,0.3813682567547646,0.3813682567547646,0.3813682567547646,0.3914055507621716,0.39140555076217165,0.3425136256093715,0.3425136256093715
38.0,0.038,0.001,0.499,6.642053116609579,52.88550427393599,0.115925695977188,0.9230261761577162,1.4377175889756701,-1.881645282377535,1.4377175889756701,-1.881645282377535,1.4377175889756701,-1.881645282377535,0.06509811726021729,0.9826945163399293,-1.1075211496335224,1.1267474244690905,-1.1075211496335224,1.1267474244690905,0.0,0.0,0.0,0.0,0.0,0.0,0.39131204448184054,0.39131204448184054,0.39131204448184054,0.40132444702990966,0.40132444702990966,0.3516580972750523,0.3516580972750523
39.0,0.039,0.001,0.499,6.726570999544779,52.77469950808322,0.11740081131122239,0.921092268166684,1.4751153340343852,-1.9339079910322026,1.4751153340343852,-1.9339079910322026,1.4751153340343852,-1.9339079910322026,0.06396229733375224,0.9838488945727636,-1.1358199264650586,1.1543782328343184,-1.1358199264650586,1.1543782328343184,0.0,0.0,0.0,0.0,0.0,0.0,0.4012250214250629,0.4012250214250629,0.4012250214250629,0.4112117446101625,0.4112117446101625,0.36081246561852415,0.36081246561852415
40.0,0.04,0.001,0.499,6.8132340421233515,52.660882607977285,0.11891336674401451,0.9191057885154219,1.5125554327921196,-1.9864796512620864,1.5125554327921196,-1.9864796512620864,1.5125554327921196,-1.9864796512620864,0.06279818630124753,0.9850308067066883,-1.1641110325047095,1.1819121339247123,-1.1641110325047095,1.1819121339247123,0.0,0.0,0.0,0.0,0.0,0.0,0.41110614419111136,0.41110614419111136,0.41110614419111136,0.4210663888093427,0.4210663888093427,0.36997694238410456,0.36997694238410456
41.0,0.041,0.001,0.499,6.902044744446014,52.54403540704023,0.12046340591055354,0.9170664201373309,1.5500391665390414,-2.0393683780910075,1.5500391665390414,-2.0393683780910075,1.5500391665390414,-2.0393683780910075,0.06160579203857257,0.98624015329937,-1.1923942626749662,1.2093465926816875,-1.1923942626749662,1.2093465926816875,0.0,0.0,0.0,0.0,0.0,0.0,0.4209543497386334,0.4209543497386334,0.4209543497386334,0.4308873048239856,0.4308873048239856,0.3791517360574235,0.3791517360574235
42.0,0.042,0.001,0.499,6.993005680958055,52.42413927243715,0.12205097374338619,0.9149738378280928,1.5875678328326452,-2.092582309238072,1.5875678328326452,-2.092582309238072,1.5875678328326452,-2.092582309238072,0.06038512262746005,0.9874768323673371,-1.22066941111252,1.236679067967134,-1.22066941111252,1.236679067967134,0.0,0.0,0.0,0.0,0.0,0.0,0.4307685546411157,0.4307685546411157,0.43076855464111574,0.4406733969913903,0.4406733969913903,0.3883370517939452,0.3883370517939452
43.0,0.043000000000000003,0.001,0.499,7.086119501404897,52.30117510376194,0.1236761164892944,0.9128277082227327,1.6251427459082033,-2.1461296053600996,1.6251427459082033,-2.1461296053600996,1.6251427459082033,-2.1461296053600996,0.05913618635630832,0.9887407393798318,-1.248936271151723,1.2639070124947325,-1.248936271151723,1.2639070124947325,0.0,0.0,0.0,0.0,0.0,0.0,0.44054765433488424,0.44054765433488424,0.4405476543348842,0.45042354802175133,0.45042354802175133,0.39753309134839643,0.39753309134839643
44.0,0.044,0.001,0.499,7.181388931810898,52.1751233317116,0.12533888172637872,0.910627689772481,1.6627652370843347,-2.2000184502518,1.6627652370843347,-2.2000184502518,1.6627652370843347,-2.2000184502518,0.05785899172100039,0.990031767252598,-1.2771946353079366,1.2910278727662858,-1.2771946353079366,1.2910278727662858,0.0,0.0,0.0,0.0,0.0,0.0,0.4502905223468593,0.4502905223468593,0.4502905223468593,0.46013661821130697,0.460136618211307,0.4067400530051501,0.4067400530051501
45.0,0.045,0.001,0.499,7.278816775481067,52.0459639167517,0.12703931838154148,0.9083734327214811,1.7004366551627694,-2.2542570509999496,1.7004366551627694,-2.2542570509999496,1.7004366551627694,-2.2542570509999496,0.056553547425739654,0.9913498063416111,-1.3054442952607355,1.318039089013106,-1.3054442952607355,1.318039089013106,0.0,0.0,0.0,0.0,0.0,0.0,0.4599960095027787,0.4599960095027787,0.4599960095027787,0.4698114446360365,0.4698114446360365,0.4159581315096047,0.4159581315096047
46.0,0.046,0.001,0.499,7.37840591402528,51.913676347775855,0.1287774767483628,0.9060645790833936,1.738158366821304,-2.308853638087521,1.738158366821304,-2.308853638087521,1.738158366821304,-2.308853638087521,0.055219862383902724,0.9926947444367535,-1.333685041836929,1.344938095142491,-1.333685041836929,1.344938095142491,0.0,0.0,0.0,0.0,0.0,0.0,0.4696629431172773,0.4696629431172773,0.46966294311727724,0.47944684032545093,0.47944684032545093,0.4251875180006102,0.4251875180006102
47.0,0.047,0.001,0.499,7.480159308404567,51.77823964076242,0.13055340850536165,0.9037007626179502,1.7759317569988529,-2.3638164654434135,1.7759317569988529,-2.3638164654434135,1.7759317569988529,-2.3638164654434135,0.05385794571890935,0.9940664667554429,-1.3619166649933672,1.371722318689322,-1.3619166649933672,1.371722318689322,0.0,0.0,0.0,0.0,0.0,0.0,0.4792901261621322,0.4792901261621322,0.4792901261621322,0.4890415934160285,0.48904159341602843,0.43442839994398635,0.43442839994398635
48.0,0.048,0.001,0.499,7.584079999998941,51.639632337431614,0.13236716673463306,0.9012816088075171,1.8137582292714105,-2.4191538104331087,1.8137582292714105,-2.4191538104331087,1.8137582292714105,-2.4191538104331087,0.05246780676510986,0.9954648559362157,-1.3901389537994868,1.398389180772804,-1.3901389537994868,1.398389180772804,0.0,0.0,0.0,0.0,0.0,0.0,0.4888763364167688,0.4888763364167688,0.4888763364167688,0.49859446628386556,0.4985944662838655,0.4436809610671832,0.4436809610671832
49.0,0.049,0.001,0.499,7.6901711116961655,51.49783250390695,0.1342188059408507,0.8988067348337319,1.851639206217636,-2.474873973785222,1.851639206217636,-2.474873973785222,1.851639206217636,-2.474873973785222,0.051049455068690304,0.9968897920322741,-1.4183516964195617,1.424936096058372,-1.4183516964195617,1.424936096058372,0.0,0.0,0.0,0.0,0.0,0.0,0.49842032559583654,0.49842032559583654,0.49842032559583654,0.5081041946561247,0.5081041946561247,0.45294538129513495,0.45294538129513495
50.0,0.05,0.001,0.499,7.798435849000803,51.35281772938481,0.13610838207062337,0.8962757495542834,1.8895761297726623,-2.53098527944854,1.8895761297726623,-2.53098527944854,1.8895761297726623,-2.53098527944854,0.049602900388595696,0.9983411525049989,-1.4465546800946107,1.4513604727247764,-1.4465546800946107,1.4513604727247764,0.0,0.0,0.0,0.0,0.0,0.0,0.5079208184563327,0.5079208184563327,0.5079208184563327,0.5175694867008827,0.5175694867008827,0.46222183668735634,0.46222183668735634
51.0,0.051000000000000004,0.001,0.499,7.90887750116277,51.20456512481653,0.138035952532192,0.8936882534799097,1.9275704615686227,-2.587496074373749,1.9275704615686227,-2.587496074373749,1.9275704615686227,-2.587496074373749,0.048128152697471775,0.9998188122174353,-1.474747691123921,1.4776597124363584,-1.474747691123921,1.4776597124363584,0.0,0.0,0.0,0.0,0.0,0.0,0.517376511884221,0.517376511884221,0.517376511884221,0.5269890220950012,0.5269890220950012,0.4715104993763376,0.4715104993763376
52.0,0.052000000000000005,0.001,0.499,8.021499442324544,51.053051321607654,0.14000157621545226,0.891043838751696,1.96562368326026,-2.6444147282136123,1.96562368326026,-2.6444147282136123,1.96562368326026,-2.6444147282136123,0.04662522218262564,1.0013226434277558,-1.502930514846138,1.5038312103205203,-1.502930514846138,1.5038312103205203,0.0,0.0,0.0,0.0,0.0,0.0,0.5267860739556837,0.5267860739556837,0.5267860739556837,0.5363614510696704,0.5363614510696704,0.4808115375072865,0.4808115375072865
53.0,0.053,0.001,0.499,8.136305132686076,50.898252470339465,0.14200531351228612,0.8883420891187611,2.0037372968338603,-2.7017496329349218,2.0037372968338603,-2.7017496329349218,2.0037372968338603,-2.7017496329349218,0.045094119247005765,1.0028525157827062,-1.5311029356198762,1.5298723549503919,-1.5311029356198762,1.5298723549503919,0.0,0.0,0.0,0.0,0.0,0.0,0.5361481429817918,0.5361481429817918,0.5361481429817918,0.5456853934333004,0.5456853934333004,0.49012511517927815,0.49012511517927815
54.0,0.054,0.001,0.499,8.253298119686344,50.74014423951815,0.14404722633718373,0.8855825799164261,2.0419128248976066,-2.7595092023350434,2.0419128248976066,-2.7595092023350434,2.0419128248976066,-2.7595092023350434,0.04353485451020197,1.0044082963110388,-1.559264736803797,1.5557805283326889,-1.559264736803797,1.5557805283326889,0.0,0.0,0.0,0.0,0.0,0.0,0.5454613265250247,0.5454613265250247,0.5454613265250247,0.55495943757147,0.55495943757147,0.49945139238786274,0.49945139238786274
55.0,0.055,0.001,0.499,8.37248203920035,50.57870181435765,0.14612737814813503,0.8827648780449707,2.080151810951309,-2.817701871455371,2.080151810951309,-2.817701871455371,2.080151810951309,-2.817701871455371,0.041947438809465866,1.0059898494169395,-1.587415700736106,1.5815531059007528,-1.587415700736106,1.5815531059007528,0.0,0.0,0.0,0.0,0.0,0.0,0.5547242003960288,0.5547242003960288,0.5547242003960288,0.564182139423683,0.5641821394236831,0.508790524969191,0.508790524969191
56.0,0.056,0.001,0.499,8.493860616750265,50.41389989560239,0.14824583396776833,0.8798885419490873,2.118455819633302,-2.876336095883447,2.118455819633302,-2.876336095883447,2.118455819633302,-2.876336095883447,0.040331883200752455,1.0075970368734521,-1.615555608713411,1.6071874565127608,-1.615555608713411,1.6071874565127608,0.0,0.0,0.0,0.0,0.0,0.0,0.5639353076267459,0.5639353076267459,0.563935307626746,0.5733520214367133,0.5733520214367133,0.518142664545714,0.518142664545714
57.0,0.057,0.001,0.499,8.61743766872929,50.24571269839701,0.15040266040471048,0.8769531215981523,2.1568264369421404,-2.9354203509349195,2.1568264369421404,-2.9354203509349195,2.1568264369421404,-2.9354203509349195,0.038688198959783565,1.0092297178159073,-1.643684240968889,1.6326809424550852,-1.643684240968889,1.6326809424550852,0.0,0.0,0.0,0.0,0.0,0.0,0.5730931574207668,0.5730931574207668,0.5730931574207668,0.5824675714943807,0.5824675714943807,0.5275079584735156,0.5275079584735156
58.0,0.058,0.001,0.499,8.743217103636605,50.07411395121027,0.15259792567514102,0.8739581584674464,2.1952652704305415,-2.9949631307058735,2.1952652704305415,-2.9949631307058735,2.1952652704305415,-2.9949631307058735,0.03701639758313386,1.010887748735358,-1.6718013766497017,1.658030919450781,-1.6718013766497017,1.658030919450781,0.0,0.0,0.0,0.0,0.0,0.0,0.5821962240783026,0.5821962240783026,0.5821962240783026,0.5915272418236448,0.5915272418236447,0.5368865497913367,0.5368865497913367
59.0,0.059000000000000004,0.001,0.499,8.871202923321707,49.89907689482136,0.15483169962450985,0.870903185520461,2.2337739493688353,-3.0549729469854214,2.2337739493688353,-3.0549729469854214,2.2337739493688353,-3.0549729469854214,0.03531649078934026,1.0125709834720311,-1.699906793793603,1.6832347366731732,-1.699906793793603,1.6832347366731732,0.0,0.0,0.0,0.0,0.0,0.0,0.5912429458997746,0.5912429458997746,0.5912429458997746,0.6005294478769638,0.6005294478769637,0.5462785771713516,0.5462785771713516
60.0,0.06,0.001,0.499,9.001399224236188,49.72057428137706,0.15710405374938483,0.8677877271924432,2.2723541248749766,-3.1154583280177044,2.2723541248749766,-3.1154583280177044,2.2723541248749766,-3.1154583280177044,0.03358849052003558,1.0142792732087955,-1.7280002693046745,1.708289736764512,-1.7280002693046745,1.708289736764512,0.0,0.0,0.0,0.0,0.0,0.0,0.6002317240664076,0.6002317240664076,0.6002317240664076,0.6094725671909378,0.6094725671909378,0.5556841748717578,0.5556841748717578
61.0,0.061,0.001,0.499,9.13381019869085,49.538578373529184,0.1594150612193928,0.8646112993753415,2.311007470007968,-3.176427817101717,2.311007470007968,-3.176427817101717,2.311007470007968,-3.176427817101717,0.031832408941107455,1.0160124664646553,-1.7560815789281292,1.7331932558596594,-1.7560815789281292,1.7331932558596594,0.0,0.0,0.0,0.0,0.0,0.0,0.6091609214942526,0.6091609214942526,0.6091609214942527,0.6183549382213268,0.6183549382213268,0.5651034726912401,0.5651034726912401
62.0,0.062,0.001,0.499,9.268440136115915,49.35306094366219,0.1617647968992141,0.8613734094043249,2.3497356798213067,-3.2378899710165503,2.3497356798213067,-3.2378899710165503,2.3497356798213067,-3.2378899710165503,0.030048258443883338,1.01777040908827,-1.7841504972241164,1.7579426236147666,-1.7841504972241164,1.7579426236147666,0.0,0.0,0.0,0.0,0.0,0.0,0.6180288616683497,0.6180288616683497,0.6180288616683497,0.6271748591546209,0.6271748591546209,0.5745365959253709,0.5745365959253709
63.0,0.063,0.001,0.499,9.405293424321766,49.16399327322189,0.16415333737058693,0.8580735560460662,2.388540471372823,-3.2998533582587983,2.388540471372823,-3.2998533582587983,2.388540471372823,-3.2998533582587983,0.028236051646342873,1.019552944251511,-1.8122067975404648,1.782535163240897,-1.8122067975404648,1.782535163240897,0.0,0.0,0.0,0.0,0.0,0.0,0.626833827452492,0.626833827452492,0.626833827452492,0.6359305866964307,0.6359305866964307,0.5839836653250112,0.5839836653250112
64.0,0.064,0.001,0.499,9.544374550757553,48.97134615215658,0.16658076095427396,0.8547112294889883,2.4274235836870317,-3.362326557077951,2.4274235836870317,-3.362326557077951,2.4274235836870317,-3.362326557077951,0.02639580139435858,1.0213599124430535,-1.8402502519842927,1.8069681915425466,-1.8402502519842927,1.8069681915425466,0.0,0.0,0.0,0.0,0.0,0.0,0.6355740598744135,0.6355740598744135,0.6355740598744135,0.6446203348370785,0.6446203348370785,0.5934447970567757,0.5934447970567757
65.0,0.065,0.001,0.499,9.685688103764678,48.77508987848325,0.1690471477319398,0.8512859113356936,2.4663867776658317,-3.425318153294637,2.4663867776658317,-3.425318153294637,2.4663867776658317,-3.425318153294637,0.02452752076296616,1.0231911514620144,-1.86828063139242,1.8312390189610064,-1.86828063139242,1.8312390189610064,0.0,0.0,0.0,0.0,0.0,0.0,0.6442477568922222,0.6442477568922222,0.6442477568922222,0.6532422735948754,0.6532422735948754,0.602920102665623,0.602920102665623
66.0,0.066,0.001,0.499,9.82923877382193,48.575194257992216,0.1715525795678829,0.8477970745978081,2.5054318359431007,-3.488836737885543,2.5054318359431007,-3.488836737885543,2.5054318359431007,-3.488836737885543,0.022631223057665652,1.025046496411637,-1.896297705300508,1.8553449496225127,-1.896297705300508,1.8553449496225127,0.0,0.0,0.0,0.0,0.0,0.0,0.6528530721369529,0.6528530721369529,0.6528530721369529,0.6617945277377145,0.6617945277377145,0.6124096890396395,0.6124096890396395
67.0,0.067,0.001,0.499,9.975031354778837,48.371628604104394,0.17409714013056132,0.8442441836934903,2.544560562678428,-3.552890904317739,2.544560562678428,-3.552890904317739,2.544560562678428,-3.552890904317739,0.020706921815754797,1.0269257796930282,-1.9243012419108556,1.8792832813911222,-1.9243012419108556,1.8792832813911222,0.0,0.0,0.0,0.0,0.0,0.0,0.6613881136324142,0.6613881136324142,0.6613881136324142,0.670275175483737,0.670275175483737,0.6219136583770811,0.6219136583770811
68.0,0.068,0.001,0.499,10.123070745073392,48.16436173789675,0.17668091491384622,0.8406266944478763,2.5837747832848903,-3.6174892456139824,2.5837747832848903,-3.6174892456139824,2.5837747832848903,-3.6174892456139824,0.018754630807696016,1.0288288309989544,-1.9522910080587825,1.903051305926248,-1.9522910080587825,1.903051305926248,0.0,0.0,0.0,0.0,0.0,0.0,0.6698509424989193,0.6698509424989193,0.6698509424989193,0.6786822471820061,0.6786822471820061,0.6314321081557351,0.6314321081557351
69.0,0.069,0.001,0.499,10.273361948930091,47.95336198831246,0.17930399125793164,0.836944054096747,2.6230763440854363,-3.682640351129337,2.6230763440854363,-3.682640351129337,2.6230763440854363,-3.682640351129337,0.016774364038518497,1.0307554773076992,-1.9802667691775167,1.9266463087447887,-1.9802667691775167,1.9266463087447887,0.0,0.0,0.0,0.0,0.0,0.0,0.6782395716342087,0.6782395716342087,0.6782395716342086,0.6870137239742861,0.6870137239742861,0.6409651311046729,0.6409651311046729
70.0,0.07,0.001,0.499,10.425910077533894,47.73859719257349,0.18196645836982372,0.8331957012937289,2.6624671118920715,-3.74835280301813,2.6624671118920715,-3.74835280301813,2.6624671118920715,-3.74835280301813,0.014766135749256979,1.032705542876987,-2.0082282892615178,1.950065569287779,-2.0082282892615178,1.950065569287779,0.0,0.0,0.0,0.0,0.0,0.0,0.686551964376631,0.686551964376631,0.686551964376631,0.6952675364392267,0.6952675364392267,0.650512815178455,0.650512815178455
71.0,0.07100000000000001,0.001,0.499,10.580720350175243,47.52003469681459,0.18466840734332537,0.82938106612136,2.701948973501639,-3.8146351723688956,2.701948973501639,-3.8146351723688956,2.701948973501639,-3.8146351723688956,0.012729960418428825,1.0346788492379784,-2.0361753308281534,1.9733063609914865,-2.0361753308281534,1.9733063609914865,0.0,0.0,0.0,0.0,0.0,0.0,0.6947860331542421,0.6947860331542421,0.6947860331542421,0.7034415632204687,0.7034415632204687,0.6600752435338573,0.6600752435338573
72.0,0.07200000000000001,0.001,0.499,10.737798095361084,47.2976413569592,0.18740993117842697,0.8254995701063765,2.7415238351015887,-3.8814960149834645,2.7415238351015887,-3.8814960149834645,2.7415238351015887,-3.8814960149834645,0.010665852763551172,1.0366752151893412,-2.0641076548776534,1.9963659513628762,-2.0641076548776534,1.9963659513628762,0.0,0.0,0.0,0.0,0.0,0.0,0.7029396381146032,0.7029396381146032,0.7029396381146032,0.7115336296404282,0.7115336296404282,0.6696524945091847,0.6696524945091847
73.0,0.073,0.001,0.499,10.897148751886245,47.07138353985893,0.19019112480000563,0.8215506262396017,2.781193621578673,-3.9489438667748233,2.781193621578673,-3.9489438667748233,2.781193621578673,-3.9489438667748233,0.008573827742699911,1.0386944567914007,-2.09202502085126,2.0192416020593638,-2.09202502085126,2.0192416020593638,0.0,0.0,0.0,0.0,0.0,0.0,0.7110105857461598,0.7110105857461598,0.7110105857461598,0.7195415063017735,0.7195415063017735,0.6792446416062388,0.6792446416062388
74.0,0.074,0.001,0.499,11.058777869859238,46.84122712472026,0.1930120850757287,0.8175336390008451,2.8209602757230594,-4.016987238756706,2.8209602757230594,-4.016987238756706,2.8209602757230594,-4.016987238756706,0.0064539005561124185,1.0407363873603734,-2.1199271865874927,2.0419305689727723,-2.1199271865874927,2.0419305689727723,0.0,0.0,0.0,0.0,0.0,0.0,0.7189966274837536,0.7189966274837536,0.7189966274837536,0.7274629076789113,0.7274629076789112,0.688851753475003,0.688851753475003
75.0,0.075,0.001,0.499,11.222691111675983,46.60713750484323,0.19587291083304853,0.8134480043892489,2.8608257573198412,-4.0856346115961495,2.8608257573198412,-4.0856346115961495,2.8608257573198412,-4.0856346115961495,0.004306086647835968,1.0428008174626908,-2.1478139082764502,2.0644301023174045,-2.1478139082764502,2.0644301023174045,0.0,0.0,0.0,0.0,0.0,0.0,0.726895458307733,0.726895458307733,0.726895458307733,0.7352954907021166,0.7352954907021165,0.6984738939011189,0.6984738939011189
76.0,0.076,0.001,0.499,11.388894252934561,46.36907958969909,0.19877370287516796,0.8092931099595505,2.9007920421194235,-4.154894429698398,2.9007920421194235,-4.154894429698398,2.9007920421194235,-4.154894429698398,0.0021304017074239077,1.044887554909413,-2.17568494041206,2.0867374467221462,-2.17568494041206,2.0867374467221462,0.0,0.0,0.0,0.0,0.0,0.0,0.7347047153382756,0.7347047153382756,0.7347047153382756,0.7430368533372873,0.7430368533372873,0.7081111217962117,0.7081111217962117
77.0,0.077,0.001,0.499,11.557393183283507,46.12701780737555,0.20171456399584567,0.8050683348647589,2.940861120677705,-4.224775094791618,2.940861120677705,-4.224775094791618,2.940861120677705,-4.224775094791618,-7.313832831828959e-05,1.0469964047507394,-2.2035400357421975,2.1088498413265033,-2.2035400357421975,2.1088498413265033,0.0,0.0,0.0,0.0,0.0,0.0,0.7424219764240109,0.7424219764240109,0.7424219764240109,0.7506845331647082,0.7506845331647081,0.7177634911911371,0.7177634911911371
78.0,0.078,0.001,0.499,11.728193907195633,45.88091610742016,0.20469559899290207,0.8007730499057821,2.981034997056402,-4.2952849589768105,2.981034997056402,-4.2952849589768105,2.981034997056402,-4.2952849589768105,-0.0023045172735348765,1.0491271692706199,-2.2313789452165866,2.1307645198804837,-2.2313789452165866,2.1307645198804837,0.0,0.0,0.0,0.0,0.0,0.0,0.750044758733303,0.750044758733303,0.750044758733303,0.7582360059606319,0.7582360059606319,0.7274310512322151,0.7274310512322151
79.0,0.079,0.001,0.499,11.901302544658789,45.630737964114715,0.20771691468027534,0.7964066175885759,3.021315687373253,-4.366432317206192,3.021315687373253,-4.366432317206192,3.021315687373253,-4.366432317206192,-0.004563718691467279,1.0512796479814681,-2.259201417932402,2.152478710848227,-2.259201417932402,2.152478710848227,0.0,0.0,0.0,0.0,0.0,0.0,0.7575705173489851,0.7575705173489851,0.7575705173489852,0.7656886842859585,0.7656886842859584,0.737113846180514,0.737113846180514
80.0,0.08,0.001,0.499,12.076725331774325,45.3764463802156,0.21077861989846655,0.7919683921894249,3.0617052181911992,-4.4382253991510074,3.0617052181911992,-4.4382253991510074,3.0617052181911992,-4.4382253991510074,-0.006850725892544757,1.0534536376189834,-2.2870072010774787,2.173989637515283,-2.2870072010774787,2.173989637515283,0.0,0.0,0.0,0.0,0.0,0.0,0.7649966438741439,0.7649966438741439,0.7649966438741439,0.7730399160868113,0.7730399160868113,0.7468119154142536,0.7468119154142536
81.0,0.081,0.001,0.499,12.254468621253384,45.118003891197375,0.2138808255232015,0.7874577198290076,3.1022056247349648,-4.510672360417398,3.1022056247349648,-4.510672360417398,3.1022056247349648,-4.510672360417398,-0.009165521932415807,1.0556489321370828,-2.31479603987105,2.1952945180994443,-2.31479603987105,2.1952945180994443,0.0,0.0,0.0,0.0,0.0,0.0,0.7723204650475713,0.7723204650475713,0.7723204650475715,0.7802869833123901,0.7802869833123901,0.7565252934343887,0.7565252934343887
82.0,0.082,0.001,0.499,12.4345388828004,44.85537257003957,0.21702364447212427,0.7828739385559412,3.142818948922756,-4.583781273066408,3.142818948922756,-4.583781273066408,3.142818948922756,-4.583781273066408,-0.011508089609917732,1.0578653227029478,-2.3425676775019246,2.2163905658650265,-2.3425676775019246,2.2163905658650265,0.0,0.0,0.0,0.0,0.0,0.0,0.7795392413866113,0.7795392413866113,0.7795392413866113,0.787427100556096,0.787427100556096,0.7662540098734439,0.7662540098734439
83.0,0.083,0.001,0.499,12.616942703372496,44.588514032599164,0.22020719170932432,0.7782163784405496,3.183547237200055,-4.657560115391627,3.183547237200055,-4.657560115391627,3.183547237200055,-4.657560115391627,-0.013878411464981748,1.0601025976921883,-2.3703218550640157,2.2372749892404986,-2.3703218550640157,2.2372749892404986,0.0,0.0,0.0,0.0,0.0,0.0,0.7866501658445906,0.7866501658445906,0.7866501658445906,0.7944574137266234,0.7944574137266234,0.7759980895076581,0.7759980895076581
84.0,0.084,0.001,0.499,12.801686787302637,44.317389443614125,0.22343158424748602,0.7734843616796444,3.2243925381617076,-4.732016760905202,3.2243925381617076,-4.732016760905202,3.2243925381617076,-4.732016760905202,-0.01627646977647088,1.0623605426841276,-2.3980583114891325,2.2579449919393615,-2.3980583114891325,2.2579449919393615,0.0,0.0,0.0,0.0,0.0,0.0,0.793650362513319,0.793650362513319,0.793650362513319,0.801374998756466,0.801374998756466,0.7857575522725053,0.7857575522725053
85.0,0.085,0.001,0.499,12.988777956273562,44.041959523386346,0.22669694114743372,0.7686772027131643,3.2653568999476956,-4.807158966480104,3.2653568999476956,-4.807158966480104,3.2653568999476956,-4.807158966480104,-0.01870224655994783,1.0646389404572119,-2.4257767834769517,2.2783977730841665,-2.4257767834769517,2.2783977730841665,0.0,0.0,0.0,0.0,0.0,0.0,0.8005368853574244,0.8005368853574244,0.8005368853574243,0.8081768603561144,0.8081768603561144,0.7955324132816555,0.7955324132816555
86.0,0.08600000000000001,0.001,0.499,13.178223149128662,43.762184555195454,0.23000338351483085,0.7637942083535708,3.306442367397145,-4.882994359593543,3.306442367397145,-4.882994359593543,3.306442367397145,-4.882994359593543,-0.021155723565369905,1.0669375709845454,-2.4534770054220743,2.298630527333573,-2.4534770054220743,2.298630527333573,0.0,0.0,0.0,0.0,0.0,0.0,0.8073067169991135,0.8073067169991135,0.8073067169991135,0.8148599308231328,0.8148599308231328,0.805322682849437,0.805322682849437
87.0,0.08700000000000001,0.001,0.499,13.370029421505006,43.47802439349839,0.2333510344937751,0.7588346779289575,3.347650978944225,-4.959530424613313,3.347650978944225,-4.959530424613313,3.347650978944225,-4.959530424613313,-0.02363688227470799,1.0692562114295578,-2.4811587093380867,2.318640445012341,-2.4811587093380867,2.318640445012341,0.0,0.0,0.0,0.0,0.0,0.0,0.8139567675660667,0.8139567675660667,0.8139567675660667,0.8214210689163053,0.8214210689163053,0.8151283665168618,0.8151283665168618
88.0,0.088,0.001,0.499,13.564203945272725,43.189438472973066,0.2367400192570138,0.7537979034408919,3.3889847632387,-5.036774488065644,3.3889847632387,-5.036774488065644,3.3889847632387,-5.036774488065644,-0.026145703899486523,1.071594636141802,-2.5088216247785318,2.338424712244149,-2.5088216247785318,2.338424712244149,0.0,0.0,0.0,0.0,0.0,0.0,0.820483873601582,0.820483873601582,0.820483873601582,0.8278570588061281,0.8278570588061281,0.8249494650812762,0.8249494650812762
89.0,0.089,0.001,0.499,13.760754007763977,42.89638581846817,0.24017046499248673,0.7486831697380721,3.430445735472928,-5.114733702819782,3.430445735472928,-5.114733702819782,3.430445735472928,-5.114733702819782,-0.028682169378241234,1.0739526166528892,-2.53646547875471,2.357980511087137,-2.53646547875471,2.357980511087137,0.0,0.0,0.0,0.0,0.0,0.0,0.8268847970603618,0.8268847970603618,0.8268847970603617,0.8341646091141245,0.8341646091141246,0.8347859746296962,0.8347859746296962
90.0,0.09,0.001,0.499,13.95968701077351,42.59882505592513,0.24364250088588288,0.7434897547069511,3.4720358933961384,-5.193415031121075,3.4720358933961384,-5.193415031121075,3.4720358933961384,-5.193415031121075,-0.031246259373891448,1.0763299216725613,-2.5640899956502134,2.3773050196720678,-2.5640899956502134,2.3773050196720678,0.0,0.0,0.0,0.0,0.0,0.0,0.8331562243973634,0.8331562243973634,0.8331562243973635,0.8403403520547801,0.8403403520547801,0.844637886575886,0.844637886575886
91.0,0.091,0.001,0.499,14.161010469311819,42.29671442434225,0.24715625809887867,0.7382169294805503,3.5137572129957997,-5.272825226400807,3.5137572129957997,-5.272825226400807,3.5137572129957997,-5.272825226400807,-0.03383795427102357,1.0787263170849042,-2.5916948971321174,2.3963954123429994,-2.5916948971321174,2.3963954123429994,0.0,0.0,0.0,0.0,0.0,0.0,0.8392947657588058,0.8392947657588058,0.8392947657588058,0.8463808426953039,0.8463808426953039,0.8545051877012407,0.8545051877012407
92.0,0.092,0.001,0.499,14.364732010090558,41.990011788855526,0.25071186974270354,0.7328639586667629,3.555611643824861,-5.352970813787363,3.555611643824861,-5.352970813787363,3.555611643824861,-5.352970813787363,-0.036457234173082304,1.0811415659447046,-2.619279902058732,2.4152488598003674,-2.619279902058732,2.4152488598003674,0.0,0.0,0.0,0.0,0.0,0.0,0.8452969543056031,0.8452969543056031,0.8452969543056031,0.8522825583500285,0.8522825583500285,0.8643878601995268,0.8643878601995268
93.0,0.093,0.001,0.499,14.570859369718645,41.67867465501499,0.2543094708466561,0.7274301005975233,3.597601103952587,-5.433858069239618,3.597601103952587,-5.433858069239618,3.597601103952587,-5.433858069239618,-0.039104078899466134,1.083575428473951,-2.646844726383833,2.4338625292463725,-2.646844726383833,2.4338625292463725,0.0,0.0,0.0,0.0,0.0,0.0,0.8511592456688558,0.8511592456688558,0.8511592456688558,0.858041898127939,0.8580418981279389,0.8742858817255388,0.8742858817255388
94.0,0.094,0.001,0.499,14.7794003925862,41.36266018434034,0.25794919832117175,0.7219146076003037,3.6397274745156323,-5.515492997219638,3.6397274745156323,-5.515492997219638,3.6397274745156323,-5.515492997219638,-0.04177846798252342,1.0860276620584834,-2.6743890830572905,2.45223358453257,-2.6743890830572905,2.45223358453257,0.0,0.0,0.0,0.0,0.0,0.0,0.856878017571226,0.856878017571226,0.856878017571226,0.8636551826537258,0.8636551826537257,0.8841992254477269,0.8841992254477269
95.0,0.095,0.001,0.499,14.99036302841194,41.0419252112445,0.26163119091501663,0.7163167262934858,3.681992593844898,-5.597881306817974,3.681992593844898,-5.597881306817974,3.681992593844898,-5.597881306817974,-0.04448038066444543,1.088498021244793,-2.701912681922003,2.470359186309561,-2.701912681922003,2.470359186309561,0.0,0.0,0.0,0.0,0.0,0.0,0.8624495696226863,0.8624495696226863,0.8624495696226862,0.8691186539847834,0.8691186539847834,0.8941278601048495,0.8941278601048495
96.0,0.096,0.001,0.499,15.203755329428317,40.716426261418874,0.26535558916615926,0.7106356979072448,3.724398251142629,-5.681028386240992,3.724398251142629,-5.681028386240992,3.724398251142629,-5.681028386240992,-0.047209795894052484,1.0909862577369718,-2.729415229607057,2.488236492178682,-2.729415229607057,2.488236492178682,0.0,0.0,0.0,0.0,0.0,0.0,0.867870123329194,0.867870123329194,0.867870123329194,0.8744284757488267,0.8744284757488268,0.9040717500667005,0.9040717500667005
97.0,0.097,0.001,0.499,15.419585447177088,40.386119571779744,0.26912253534584235,0.7048707586316789,3.766946179683098,-5.764939275565828,3.766946179683098,-5.764939275565828,3.766946179683098,-5.764939275565828,-0.049966692323469515,1.0934921203938173,-2.7568964294170297,2.505862656845598,-2.7568964294170297,2.505862656845598,0.0,0.0,0.0,0.0,0.0,0.0,0.8731358223161494,0.8731358223161494,0.8731358223161494,0.8795807335292307,0.8795807335292306,0.9140308553989682,0.9140308553989682
98.0,0.098,0.001,0.499,15.63786162888641,40.050961112080486,0.2729321733953515,0.6990211399940142,3.809638049509131,-5.8496186376647925,3.809638049509131,-5.8496186376647925,3.809638049509131,-5.8496186376647925,-0.052751048304686875,1.096015355226093,-2.784355981217357,2.5232348322757,-2.784355981217357,2.5232348322757,0.0,0.0,0.0,0.0,0.0,0.0,0.8782427328252695,0.8782427328252695,0.8782427328252695,0.8845714355278557,0.8845714355278557,0.9240051319322684,0.9240051319322684
99.0,0.099,0.001,0.499,15.858592213398964,39.71090660830044,0.27678464885494714,0.6930860692668168,3.8524754595956616,-5.935070727197294,3.8524754595956616,-5.935070727197294,3.8524754595956616,-5.935070727197294,-0.05556284188600255,1.098555705393944,-2.8117935813156736,2.540350167851209,-2.8117935813156736,2.540350167851209,0.0,0.0,0.0,0.0,0.0,0.0,0.8831868444847465,0.8831868444847465,0.8831868444847464,0.8893965135380381,0.8893965135380381,0.9339945313354066,0.9339945313354066
100.0,0.1,0.001,0.499,16.081785626618807,39.3659115679272,0.2806801087843976,0.687064769909253,3.895459929450455,-6.021299357563811,3.895459929450455,-6.021299357563811,3.895459929450455,-6.021299357563811,-0.05840205080834161,1.101112911204474,-2.839208922339065,2.557205810529899,-2.839208922339065,2.557205810529899,0.0,0.0,0.0,0.0,0.0,0.0,0.8879640714075987,0.8879640714075987,0.8879640714075987,0.8940518242635682,0.8940518242635682,0.9439990011929106,0.9439990011929106
101.0,0.101,0.001,0.499,16.30745037644298,39.015931307255286,0.28461870167451875,0.6809564620435401,3.9385928901211513,-6.108307865712978,3.9385928901211513,-6.108307865712978,3.9385928901211513,-6.108307865712978,-0.06126865250144875,1.1036867101094794,-2.866601693107134,2.573798905005342,-2.866601693107134,2.573798905005342,0.0,0.0,0.0,0.0,0.0,0.0,0.8925702536449852,0.8925702536449852,0.8925702536449852,0.8985331510229259,0.8985331510229257,0.9540184850868838,0.9540184850868838
102.0,0.10200000000000001,0.001,0.499,16.535595047142042,38.66092098083065,0.2886005773490956,0.6747603629688504,3.9818756745768424,-6.196099074689703,3.9818756745768424,-6.196099074689703,3.9818756745768424,-6.196099074689703,-0.06416262407994958,1.106276836703348,-2.8939715785008238,2.5901265938685887,-2.8939715785008238,2.5901265938685887,0.0,0.0,0.0,0.0,0.0,0.0,0.8970011590387984,0.8970011590387984,0.8970011590387984,0.9028362058818034,0.9028362058818034,0.9640529226832188,0.9640529226832188
103.0,0.10300000000000001,0.001,0.499,16.76622829315175,38.300835613177064,0.29262588685652713,0.6684756877150411,4.025309507431543,-6.284675253809354,4.025309507431543,-6.284675253809354,4.025309507431543,-6.284675253809354,-0.06708394233927648,1.1088830227211193,-2.921318259326906,2.606186017771202,-2.921318259326906,2.606186017771202,0.0,0.0,0.0,0.0,0.0,0.0,0.9012524855140278,0.9012524855140278,0.9012524855140278,0.9069566322609927,0.9069566322609927,0.9741022498222156,0.9741022498222156
104.0,0.10400000000000001,0.001,0.499,16.999358832236386,37.93563013294707,0.2966947823505033,0.6621016496387006,4.0688954939761715,-6.3740380763405495,4.0688954939761715,-6.3740380763405495,4.0688954939761715,-6.3740380763405495,-0.07003258375145455,1.1115049970367088,-2.948641412178076,2.6219743155895516,-2.948641412178076,2.6219743155895516,0.0,0.0,0.0,0.0,0.0,0.0,0.9053198638606944,0.9053198638606944,0.9053198638606944,0.9108900080711609,0.9108900080711609,0.9841663986136415,0.9841663986136415
105.0,0.105,0.001,0.499,17.234995437982015,37.56525940964711,0.3008074169589883,0.6556374610641235,4.112634608485036,-6.464188574577087,4.112634608485036,-6.464188574577087,4.112634608485036,-6.464188574577087,-0.07300852446074312,1.1141424856612991,-2.975940709288573,2.637488624590298,-2.975940709288573,2.637488624590298,0.0,0.0,0.0,0.0,0.0,0.0,0.9091988610636584,0.9091988610636584,0.9091988610636584,0.9146318494308385,0.9146318494308385,0.9942452975362778,0.9942452975362778
106.0,0.106,0.001,0.499,17.473146931576295,37.18967829309344,0.30496394464075066,0.6490823339719454,4.156527681762347,-6.555127092178094,4.156527681762347,-6.555127092178094,4.156527681762347,-6.555127092178094,-0.07601174027912838,1.1167952117418962,-3.0032158183852626,2.6527260805969815,-3.0032158183852626,2.6527260805969815,0.0,0.0,0.0,0.0,0.0,0.0,0.9128849842247404,0.9128849842247404,0.9128849842247404,0.9181776150291422,0.9181776150291422,1.0043388715419812,1.0043388715419812
107.0,0.107,0.001,0.499,17.71382217282915,36.808841655762144,0.3091645200286447,0.6424354807382906,4.200575387894014,-6.646853233654726,4.200575387894014,-6.646853233654726,4.200575387894014,-6.646853233654726,-0.0790422066816625,1.1194628955600539,-3.030466402534114,2.6676838181576477,-3.030466402534114,2.6676838181576477,0.0,0.0,0.0,0.0,0.0,0.0,0.916373685154825,0.916373685154825,0.916373685154825,0.9215227112004424,0.9215227112004424,1.0144470421643,1.0144470421643
108.0,0.108,0.001,0.499,17.957030050386898,36.42270443820385,0.31340929825881464,0.6356961149274087,4.244778230169918,-6.7393658108818135,4.244778230169918,-6.7393658108818135,4.244778230169918,-6.7393658108818135,-0.08209989880164449,1.1221452545307673,-3.057692119982002,2.682358970713433,-3.057692119982002,2.682358970713433,0.0,0.0,0.0,0.0,0.0,0.0,0.9196603656939727,0.9196603656939727,0.9196603656939727,0.9246624977842549,0.9246624977842549,1.0245697276316783,1.0245697276316783
109.0,0.109,0.001,0.499,18.202779471090242,36.03122169770051,0.3176984347849567,0.6288634521408949,4.289136526142054,-6.832662786513866,4.289136526142054,-6.832662786513866,4.289136526142054,-6.832662786513866,-0.08518479142563827,1.1248420032015354,-3.084892623993778,2.696748670768044,-3.084892623993778,2.696748670768044,0.0,0.0,0.0,0.0,0.0,0.0,0.9227403838411258,0.9227403838411258,0.9227403838411258,0.9275922948503063,0.9275922948503063,1.0347068429852748,1.0347068429852748
110.0,0.11,0.001,0.499,18.451079348424706,35.63434866034827,0.32203208517674115,0.6219367109267079,4.333650391784477,-6.926741214186992,4.333650391784477,-6.926741214186992,4.333650391784477,-6.926741214186992,-0.08829685898832282,1.1275528532515935,-3.112067562684546,2.7108500500580712,-3.112067562684546,2.7108500500580712,0.0,0.0,0.0,0.0,0.0,0.0,0.9256090607691736,0.9256090607691736,0.9256090607691735,0.9303073903758271,0.9303073903758271,1.044858300201427,1.044858300201427
111.0,0.111,0.001,0.499,18.701938590010148,35.232040776757344,0.32641040490146295,0.6149151137513161,4.378319724721813,-7.021597175391742,4.378319724721813,-7.021597175391742,4.378319724721813,-7.021597175391742,-0.0914360755671699,1.1302775134913177,-3.139216578847088,2.724660239724069,-3.139216578847088,2.724660239724069,0.0,0.0,0.0,0.0,0.0,0.0,0.928261688822013,0.928261688822013,0.928261688822013,0.9328030489698766,0.9328030489698766,1.055024008318789,1.055024008318789
112.0,0.112,0.001,0.499,18.955366084074104,34.8242537815658,0.33083354908795737,0.6077978880384094,4.423144186494416,-7.117225712906773,4.423144186494416,-7.117225712906773,4.423144186494416,-7.117225712906773,-0.09460241487694428,1.1330156898618,-3.1663393097743784,2.738176370482352,-3.1663393097743784,2.738176370482352,0.0,0.0,0.0,0.0,0.0,0.0,0.9306935405816098,0.9306935405816098,0.9306935405816097,0.9350745217477993,0.9350745217477993,1.0652038735701634,1.0652038735701634
113.0,0.113,0.001,0.499,19.211370684852117,34.41094375697032,0.33530167227178737,0.6005842672777195,4.468123183829979,-7.213620760689929,4.468123183829979,-7.213620760689929,4.468123183829979,-7.213620760689929,-0.09779585026402142,1.1357670854345974,-3.1934353870771464,2.7513955727974513,-3.1934353870771464,2.7513955727974513,0.0,0.0,0.0,0.0,0.0,0.0,0.9328998791160453,0.9328998791160453,0.9328998791160453,0.9371170574678512,0.9371170574678512,1.0753977995190527,1.0753977995190527
114.0,0.114,0.001,0.499,19.46996119685646,33.9920672004823,0.33981492812068104,0.5932734922075876,4.513255848893679,-7.310775070131838,4.513255848893679,-7.310775070131838,4.513255848893679,-7.310775070131838,-0.10101635470051784,1.1385314004116525,-3.220504436496422,2.764314977055183,-3.220504436496422,2.764314977055183,0.0,0.0,0.0,0.0,0.0,0.0,0.934875969524349,0.934875969524349,0.9348759695243491,0.9389259150516476,0.9389259150516476,1.085605687200944,1.085605687200944
115.0,0.115,0.001,0.499,19.73114635795331,33.5675810971226,0.3443734691391729,0.5858648120749997,4.558541018491847,-7.408680132587931,4.558541018491847,-7.408680132587931,4.558541018491847,-7.408680132587931,-0.10426390077822888,1.1413083321253887,-3.247546077711031,2.7769317137362868,-3.247546077711031,2.7769317137362868,0.0,0.0,0.0,0.0,0.0,0.0,0.9366170918957277,0.9366170918957277,0.9366170918957277,0.9404963776203503,0.9404963776203503,1.0958274352693567,1.0958274352693567
116.0,0.116,0.001,0.499,19.99493482118722,33.13744299627202,0.3489774463513806,0.5783574859768817,4.6039772122077105,-7.507326098118028,4.6039772122077105,-7.507326098118028,4.6039772122077105,-7.507326098118028,-0.10753846070236887,1.1440975750389792,-3.2745599241399908,2.789242913590589,-3.2745599241399908,2.789242913590589,0.0,0.0,0.0,0.0,0.0,0.0,0.9381185558236345,0.9381185558236345,0.9381185558236345,0.9418237681895293,0.9418237681895293,1.106062940146647,1.106062940146647
117.0,0.117,0.001,0.499,20.261335135290654,32.7016110933983,0.35362700896083266,0.5707507842865032,4.649562609452065,-7.606701690378591,4.649562609452065,-7.606701690378591,4.649562609452065,-7.606701690378591,-0.11084000628510864,1.146898820746791,-3.301545582739764,2.8012457078116615,-3.301545582739764,2.8012457078116615,0.0,0.0,0.0,0.0,0.0,0.0,0.9393757166154976,0.9393757166154976,0.9393757166154976,0.9429034671773452,0.9429034671773452,1.1163120961796082,1.1163120961796082
118.0,0.11800000000000001,0.001,0.499,20.530355723815816,32.26004431688174,0.3583223039862496,0.5630439901688713,4.695295025416953,-7.706794117631864,4.695295025416953,-7.706794117631864,4.695295025416953,-7.706794117631864,-0.11416850893890497,1.149711757975003,-3.3285026537963383,2.8129372282119363,-3.3285026537963383,2.8129372282119363,0.0,0.0,0.0,0.0,0.0,0.0,0.9403839933648573,0.9403839933648573,0.9403839933648573,0.9437309318931449,0.9437309318931449,1.126574795799849,1.126574795799849
119.0,0.11900000000000001,0.001,0.499,20.802004862825484,31.812702420162992,0.3630634758721761,0.5552364011890127,4.741171885926508,-7.807588979858576,4.741171885926508,-7.807588979858576,4.741171885926508,-7.807588979858576,-0.11752393966961706,1.1525360725824012,-3.355430730712095,2.8243146073982563,-3.355430730712095,2.8243146073982563,0.0,0.0,0.0,0.0,0.0,0.0,0.9411388890429228,0.9411388890429228,0.9411388890429228,0.9443017181868023,0.9443017181868023,1.1368509296889784,1.1368509296889784
120.0,0.12,0.001,0.499,21.076290657079845,31.359546079435322,0.3678506660733624,0.5473273310170256,4.7871902011863225,-7.90907017198714,4.7871902011863225,-7.90907017198714,4.7871902011863225,-7.90907017198714,-0.12090626906940449,1.155371447561349,-3.382329399787435,2.8353749789478355,-3.382329399787435,2.8353749789478355,0.0,0.0,0.0,0.0,0.0,0.0,0.9416360128030221,0.9416360128030221,0.9416360128030222,0.9446115044530109,0.9446115044530109,1.1471403869485883,1.1471403869485883
121.0,0.121,0.001,0.499,21.35322101465668,30.900536997101515,0.3726840126118034,0.5393161112337429,4.833346538440977,-8.011219783282652,4.833346538440977,-8.011219783282652,4.833346538440977,-8.011219783282652,-0.12431546730940163,1.1582175630389335,-3.4091982399971377,2.8461154775846094,-3.4091982399971377,2.8461154775846094,0.0,0.0,0.0,0.0,0.0,0.0,0.9418711046953285,0.9418711046953285,0.9418711046953284,0.9446561181993715,0.9446561181993715,1.1574430552750417,1.1574430552750417
122.0,0.122,0.001,0.499,21.632803619943513,30.4356380112109,0.3775636496053623,0.5312020932407691,4.879636993558938,-8.11401799297386,4.879636993558938,-8.11401799297386,4.879636993558938,-8.11401799297386,-0.12775150413216305,1.1610740962782895,-3.436036822761428,2.856533239355964,-3.436036822761428,2.856533239355964,0.0,0.0,0.0,0.0,0.0,0.0,0.9418400629954219,0.9418400629954219,0.9418400629954219,0.9444315654023828,0.9444315654023828,1.1677588211390617,1.1677588211390617
123.0,0.123,0.001,0.499,21.915045904941948,29.964813211085296,0.3824897067669372,0.522984650278533,4.9260571615749305,-8.217442962236037,4.9260571615749305,-8.217442962236037,4.9260571615749305,-8.217442962236037,-0.13121434884387478,1.1639407216800994,-3.4628447117117336,2.8666254018098356,-3.4628447117117336,2.8666254018098356,0.0,0.0,0.0,0.0,0.0,0.0,0.9415389743911801,0.9415389743911801,0.9415389743911801,0.9439340628911878,0.9439340628911878,1.1780875699701194,1.1780875699701194
124.0,0.124,0.001,0.499,22.199955018826916,29.48802805933333,0.38746230887316946,0.5146631795558404,4.972602106232252,-8.32147072269267,4.972602106232252,-8.32147072269267,4.972602106232252,-8.32147072269267,-0.1347039703063259,1.1668171107842715,-3.489621462451113,2.8763891041721696,-3.489621462451113,2.8763891041721696,0.0,0.0,0.0,0.0,0.0,0.0,0.9409641472502985,0.9409641472502985,0.9409641472502985,0.9431600740152414,0.9431600740152414,1.1884291863456091,1.1884291863456091
125.0,0.125,0.001,0.499,22.487537795706757,29.005249520440373,0.39248157520175087,0.5062371044941908,5.019266328581416,-8.426075061649554,5.019266328581416,-8.426075061649554,5.019266328581416,-8.426075061649554,-0.13822033692863522,1.1697029322717962,-3.516366622309348,2.885821487524748,-3.516366622309348,2.885821487524748,0.0,0.0,0.0,0.0,0.0,0.0,0.9401121482472278,0.9401121482472278,0.9401121482472278,0.9421063478684726,0.9421063478684726,1.1987835541848073,1.1987835541848073
126.0,0.126,0.001,0.499,22.777800720534167,28.516446196105832,0.39754761893645796,0.49770587708985936,5.066043734707115,-8.531227404331439,5.066043734707115,-8.531227404331439,5.066043734707115,-8.531227404331439,-0.1417634166587279,1.1725978519667797,-3.543079730092687,2.8949196949833813,-3.543079730092687,2.8949196949833813,0.0,0.0,0.0,0.0,0.0,0.0,0.9389798426199556,0.9389798426199556,0.9389798426199556,0.9407699623590883,0.9407699623590884,1.2091505569475927,1.2091505569475927
127.0,0.127,0.001,0.499,23.07074989312326,28.021588467480406,0.40266054653913075,0.48906898039640506,5.112927602672779,-8.636896693454325,5.112927602672779,-8.636896693454325,5.112927602672779,-8.636896693454325,-0.14533317697455614,1.1755015328386562,-3.5697603158282383,2.9036808718764786,-3.5697603158282383,2.9036808718764786,0.0,0.0,0.0,0.0,0.0,0.0,0.9375644383419302,0.9375644383419302,0.9375644383419302,0.9391483714304134,0.9391483714304135,1.2195300778379186,1.2195300778379186
128.0,0.128,0.001,0.499,23.366390990234027,27.520648644432946,0.407820457087922,0.4803259311298691,5.15991054879122,-8.743049266535962,5.15991054879122,-8.743049266535962,5.15991054879122,-8.743049266535962,-0.14892958487505917,1.1784136350045802,-3.5964079005030167,2.9121021659240087,-3.5964079005030167,2.9121021659240087,0.0,0.0,0.0,0.0,0.0,0.0,0.935863534532057,0.935863534532057,0.9358635345320568,0.9372394567536954,0.9372394567536955,1.2299220000120095,1.2299220000120095
129.0,0.129,0.001,0.499,23.664729225693097,27.01360112194908,0.4130274415812728,0.4714762823984457,5.206984493350845,-8.849648731423393,5.206984493350845,-8.849648731423393,5.206984493350845,-8.849648731423393,-0.1525526068708568,1.181333815731997,-3.6230219957976404,2.9201807274168665,-3.6230219957976404,2.9201807274168665,0.0,0.0,0.0,0.0,0.0,0.0,0.9338751744164729,0.9338751744164729,0.9338751744164729,0.9350415842282608,0.9350415842282608,1.2403262067912666,1.2403262067912666
130.0,0.13,0.001,0.499,23.96576930852825,26.500422543731528,0.4182815822072227,0.4625196265578461,5.254140625949929,-8.956655840599582,5.254140625949929,-8.956655840599582,5.254140625949929,-8.956655840599582,-0.15620220897467152,1.1842617294413937,-3.6496021038146953,2.9279137093966723,-3.6496021038146953,2.9279137093966723,0.0,0.0,0.0,0.0,0.0,0.0,0.9315979031855504,0.9315979031855504,0.9315979031855504,0.9325536656368913,0.9325536656368913,1.2507425818798472,1.2507425818798472
131.0,0.131,0.001,0.499,24.269515399104492,25.98109197303467,0.42358295157783904,0.45345559819292475,5.3013693706163245,-9.06402836492136,5.3013693706163245,-9.06402836492136,5.3013693706163245,-9.06402836492136,-0.1598783566914733,1.1871970277092299,-3.676147716801776,2.935298267836026,-3.676147716801776,2.935298267836026,0.0,0.0,0.0,0.0,0.0,0.0,0.9290308310984982,0.9290308310984982,0.9290308310984982,0.9297752258142413,0.9297752258142413,1.2611710095868889,1.2611710095868889
132.0,0.132,0.001,0.499,24.57597106326099,25.455591070723095,0.4289316119287559,0.44428387722538676,5.348660350916837,-9.171720967537977,5.348660350916837,-9.171720967537977,5.348660350916837,-9.171720967537977,-0.16358101500834252,1.1901393592710492,-3.702658316869222,2.9423315618192514,-3.702658316869222,2.9423315618192514,0.0,0.0,0.0,0.0,0.0,0.0,0.9261737021843,0.9261737021843,0.9261737021843,0.9267064756921759,0.9267064756921759,1.2716113750533475,1.2716113750533475
133.0,0.133,0.001,0.499,24.88513922446171,24.923904280494853,0.43432761428404504,0.43500419214654346,5.396002355289162,-9.279685078843318,5.396002355289162,-9.279685078843318,5.396002355289162,-9.279685078843318,-0.1673101483840451,1.1930883700247727,-3.729133375702572,2.949010753723658,-3.729133375702572,2.949010753723658,0.0,0.0,0.0,0.0,0.0,0.0,0.9230269689216323,0.9230269689216323,0.9230269689216323,0.9233483915870822,0.923348391587082,1.2820635644834049,1.2820635644834049
134.0,0.134,0.001,0.499,25.197022113987554,24.386019021154954,0.43977099758690474,0.42561632337311867,5.443383302859721,-9.387868773424804,5.443383302859721,-9.387868773424804,5.443383302859721,-9.387868773424804,-0.17106572073831486,1.1960437030341742,-3.7555723542697668,2.9553330094013712,-3.7555723542697668,2.9553330094013712,0.0,0.0,0.0,0.0,0.0,0.0,0.9195918732417899,0.9195918732417899,0.9195918732417899,0.9197028010885211,0.919702801088521,1.2925274653804069,1.2925274653804069
135.0,0.135,0.001,0.499,25.511621219214753,23.841925885763068,0.4452617877969475,0.41612010672303096,5.490790210042745,-9.496216650087698,5.490790210042745,-9.496216650087698,5.490790210042745,-9.496216650087698,-0.17484769544083797,1.199004998532536,-3.7819747025231245,2.9612954983617636,-3.7819747025231245,2.9612954983617636,0.0,0.0,0.0,0.0,0.0,0.0,0.915870534225623,0.915870534225623,0.915870534225623,0.9157724758942982,0.9157724758942982,1.3030029667872847,1.3030029667872847
136.0,0.136,0.001,0.499,25.828937230043135,23.291618847410334,0.45079999695519674,0.40651543700687703,5.538209158249283,-9.604669716153946,5.538209158249283,-9.604669716153946,5.538209158249283,-9.604669716153946,-0.17865603529993412,1.2019718939264905,-3.8083398590961366,2.9668953939545393,-3.8083398590961366,2.9668953939545393,0.0,0.0,0.0,0.0,0.0,0.0,0.9118660428244906,0.9118660428244906,0.9118660428244906,0.911561231911373,0.911561231911373,1.3134899595314071,1.3134899595314071
137.0,0.137,0.001,0.499,26.14896998355865,22.73509547130465,0.45638562221826595,0.39680227172951815,5.585625263069237,-9.713165277358867,5.585625263069237,-9.713165277358867,5.585625263069237,-9.713165277358867,-0.18249070255092925,1.204944023800044,-3.8346672509951176,2.9721298735535213,-3.8346672509951176,2.9721298735535213,0.0,0.0,0.0,0.0,0.0,0.0,0.9075825639207925,0.9075825639207925,0.9075825639207925,0.9070740369020904,0.9070740369020904,1.323988336473808,1.323988336473808
138.0,0.138,0.001,0.499,26.471718407037365,22.17235713276065,0.46201864486359046,0.3869806348947228,5.633022645324491,-9.82163683479539,5.633022645324491,-9.82163683479539,5.633022645324491,-9.82163683479539,-0.186351658844215,1.207921019918785,-3.860956293285759,2.9769961187411997,-3.860956293285759,2.9769961187411997,0.0,0.0,0.0,0.0,0.0,0.0,0.9030254459846346,0.9030254459846346,0.9030254459846347,0.9023171258971846,0.9023171258971846,1.334497992762736,1.334497992762736
139.0,0.139,0.001,0.499,26.797180459422933,21.60340924060014,0.46769902926801693,0.3770506209042403,5.680384404426451,-9.930013990482509,5.680384404426451,-9.930013990482509,5.680384404426451,-9.930013990482509,-0.19023886523298963,1.2109025112342793,-3.887206388774639,2.981491315494092,-3.887206388774639,2.981491315494092,0.0,0.0,0.0,0.0,0.0,0.0,0.8982013385411005,0.8982013385411005,0.8982013385411005,0.8972981245163474,0.8972981245163474,1.3450188260914508,1.3450188260914508
140.0,0.14,0.001,0.499,27.125353071436464,21.028261465371507,0.47342672186252294,0.36701239854098033,5.727692594505998,-10.03822236325994,5.727692594505998,-10.03822236325994,5.727692594505998,-10.03822236325994,-0.19415228216067537,1.2138881238886483,-3.913416927685746,2.985612654368985,-3.913416927685746,2.985612654368985,0.0,0.0,0.0,0.0,0.0,0.0,0.8931183175455003,0.8931183175455003,0.8931183175455003,0.8920261802284927,0.8920261802284927,1.355550736960205,1.355550736960205
141.0,0.14100000000000001,0.001,0.499,27.456232084506276,20.446927971691814,0.47920165006634047,0.35686621502414806,5.7749282038175505,-10.146183516832284,5.7749282038175505,-10.146183516832284,5.7749282038175505,-10.146183516832284,-0.19809186944800744,1.2168774812193384,-3.9395872873320754,2.98935733069012,-3.9395872873320754,2.98935733069012,0.0,0.0,0.0,0.0,0.0,0.0,0.8877860186753357,0.8877860186753357,0.8877860186753357,0.8865121014407897,0.8865121014407897,1.3660936289423402,1.3660936289423402
142.0,0.14200000000000002,0.001,0.499,27.78981218873577,19.85942765390458,0.48502372120429105,0.3466124001222478,5.822071137950584,-10.253814901900265,5.822071137950584,-10.253814901900265,5.822071137950584,-10.253814901900265,-0.2020575862797898,1.2198702037640758,-3.9657168317823728,2.9927225447373877,-3.9657168317823728,2.9927225447373877,0.0,0.0,0.0,0.0,0.0,0.0,0.8822157783707795,0.8822157783707795,0.8822157783707795,0.8807685041205704,0.8807685041205704,1.3766474089544103,1.3766474089544103
143.0,0.14300000000000002,0.001,0.499,28.12608686015977,19.26578437412906,0.49089282141170193,0.3362513703078271,5.869100207410906,-10.361029814420716,5.869100207410906,-10.361029814420716,5.869100207410906,-10.361029814420716,-0.2060493911913129,1.2228659092660115,-3.991804911523087,2.9957055019356065,-3.991804911523087,2.9957055019356065,0.0,0.0,0.0,0.0,0.0,0.0,0.8764207822715797,0.8764207822715797,0.8764207822715796,0.8748099654188133,0.8748099654188133,1.3872119875302538,1.3872119875302538
144.0,0.14400000000000002,0.001,0.499,28.46504829757331,18.666027201654813,0.4968088145318609,0.3257836329357,5.915993120158943,-10.467737372127088,5.915993120158943,-10.467737372127088,5.915993120158943,-10.467737372127088,-0.21006724205442853,1.2258642126790564,-4.017850863115624,2.99830341304496,-4.017850863115624,2.99830341304496,0.0,0.0,0.0,0.0,0.0,0.0,0.8704162204421035,0.8704162204421035,0.8704162204421036,0.8686531834683126,0.8686531834683127,1.3977872790989259,1.3977872790989259
145.0,0.145,0.001,0.499,28.80668735925173,18.06019065250903,0.5027715410115733,0.3152097904241857,5.962726479712373,-10.573842511514348,5.962726479712373,-10.573842511514348,5.962726479712373,-10.573842511514348,-0.2141110960632775,1.2288647261734091,-4.043854008848969,3.0005134943526657,-4.043854008848969,3.0005134943526657,0.0,0.0,0.0,0.0,0.0,0.0,0.8642194484507689,0.8642194484507689,0.8642194484507689,0.8623171421633101,0.8623171421633101,1.4083732022663944,1.4083732022663944
146.0,0.146,0.001,0.499,29.150993499916456,17.44831492789495,0.5087808168010075,0.30453054441664384,6.0092757894342475,-10.679246007541835,6.0092757894342475,-10.679246007541835,6.0092757894342475,-10.679246007541835,-0.21818090971966528,1.231867059141275,-4.06981365638779,3.002332967865958,-4.06981365638779,3.002332967865958,0.0,0.0,0.0,0.0,0.0,0.0,0.8578501530036784,0.8578501530036784,0.8578501530036784,0.8558232792789727,0.8558232792789727,1.4189696801009042,1.4189696801009042
147.0,0.147,0.001,0.499,29.49795470833685,16.83044615006934,0.5148364322646416,0.29374669989831365,6.055615463634065,-10.783844518330207,6.055615463634065,-10.783844518330207,6.055615463634065,-10.783844518330207,-0.22227663881808135,1.2348708182027814,-4.0957290984160855,3.003759061506467,-4.0957290984160855,3.003759061506467,0.0,0.0,0.0,0.0,0.0,0.0,0.8513305203367996,0.8513305203367996,0.8513305203367996,0.8491956557473963,0.8491956557473963,1.4295766404218941,1.4295766404218941
148.0,0.148,0.001,0.499,29.847557445994195,16.206636594097112,0.5209381511107483,0.2828591692411944,6.101718846106698,-10.887530657119212,6.101718846106698,-10.887530657119212,6.101718846106698,-10.887530657119212,-0.22639823843035786,1.2378756072120876,-4.121599612276505,3.004789009306072,-4.121599612276505,3.004789009306072,0.0,0.0,0.0,0.0,0.0,0.0,0.8446854050071274,0.8446854050071274,0.8446854050071274,0.8424611232613329,0.8424611232613329,1.440194016092368,1.440194016092368
149.0,0.149,0.001,0.499,30.19978658726921,15.576944913793904,0.5270857093474696,0.2718689761474879,6.147558236721267,-10.99019309370655,6.147558236721267,-10.99019309370655,6.147558236721267,-10.99019309370655,-0.2305456628899633,1.2408810272636919,-4.1474244596054355,3.0054200516043243,-4.1474244596054355,3.0054200516043243,0.0,0.0,0.0,0.0,0.0,0.0,0.8379424960480923,0.8379424960480923,0.8379424960480923,0.8356494866193905,0.8356494866193905,1.450821745314596,1.450821745314596
150.0,0.15,0.001,0.499,30.554625361647794,14.941436360045339,0.5332788142741172,0.2607772594599881,6.193104926647628,-11.091716687499833,6.193104926647628,-11.091716687499833,6.193104926647628,-11.091716687499833,-0.23471886577592727,1.2438866766989394,-4.173202885963965,3.0056494352475163,-4.173202885963965,3.0056494352475163,0.0,0.0,0.0,0.0,0.0,0.0,0.8311324766597963,0.8311324766597963,0.8311324766597964,0.8287936563531231,0.8287936563531231,1.4614597719290188,1.4614597719290188
151.0,0.151,0.001,0.499,30.912055298471603,14.30018298957728,0.539517143516888,0.2495852768058095,6.238329242770742,-11.191982654178599,6.238329242770742,-11.191982654178599,6.238329242770742,-11.191982654178599,-0.2389177998963921,1.2468921511127289,-4.198934120464843,3.005474413789495,-4.198934120464843,3.005474413789495,0.0,0.0,0.0,0.0,0.0,0.0,0.8242891726949703,0.8242891726949703,0.8242891726949703,0.8219297861900532,0.8219297861900532,1.4721080457162337,1.4721080457162337
152.0,0.152,0.001,0.499,31.272056174788325,13.653263862147561,0.5458003441186796,0.23829440803803215,6.283200601791709,-11.29086876777735,6.283200601791709,-11.29086876777735,6.283200601791709,-11.29086876777735,-0.24314241727178768,1.2498970433604233,-4.224617375395562,3.0048922476943036,-4.224617375395562,3.0048922476943036,0.0,0.0,0.0,0.0,0.0,0.0,0.817449684187956,0.817449684187956,0.817449684187956,0.8150973888207144,0.8150973888207145,1.4827665227019202,1.4827665227019202
153.0,0.153,0.001,0.499,31.634605966881537,13.000765224039773,0.5521280316931271,0.22690615843827228,6.327687574447511,-11.388249599759861,6.327687574447511,-11.388249599759861,6.327687574447511,-11.388249599759861,-0.24739266911762536,1.252900943564964,-4.250251845837686,3.0039002045407446,-4.250251845837686,3.0039002045407446,0.0,0.0,0.0,0.0,0.0,0.0,0.8106544930557973,0.8106544930557973,0.8106544930557973,0.8083394222800852,0.8083394222800852,1.4934351654645632,1.4934351654645632
154.0,0.154,0.001,0.499,31.99968080607982,12.34278067566678,0.5584997896533259,0.2154221616419157,6.371757960198871,-11.483996796356589,6.371757960198871,-11.483996796356589,6.371757960198871,-11.483996796356589,-0.2516685058269079,1.255903439124193,-4.2758367092825615,3.0024955592289597,-4.2758367092825615,3.0024955592289597,0.0,0.0,0.0,0.0,0.0,0.0,0.8039475389373011,0.8039475389373011,0.8039475389373011,0.8017023380720066,0.8017023380720065,1.5041139434458242,1.5041139434458242
155.0,0.155,0.001,0.499,32.36725493945928,11.679411321039312,0.5649151685259624,0.20384418224683648,6.415378872636415,-11.577979395079213,6.415378872636415,-11.577979395079213,6.415378872636415,-11.577979395079213,-0.25596987695215145,1.2589041147183822,-4.3013711252435565,3.0006755941891132,-4.3013711252435565,3.0006755941891132,0.0,0.0,0.0,0.0,0.0,0.0,0.7973762539467781,0.7973762539467781,0.7973762539467781,0.7952360810317816,0.7952360810317816,1.514802833263404,1.514802833263404
156.0,0.156,0.001,0.499,32.73730069606135,11.010765896826456,0.571373685361702,0.1921741180659279,6.458516835739599,-11.670064180908584,6.458516835739599,-11.670064180908584,6.458516835739599,-11.670064180908584,-0.2602967311870164,1.2619025523179743,-4.326854234864962,2.998437599592277,-4.326854234864962,2.998437599592277,0.0,0.0,0.0,0.0,0.0,0.0,0.7909915460323782,0.7909915460323782,0.7909915460323782,0.7889940299393278,0.7889940299393278,1.5255018190262335,1.5255018190262335
157.0,0.157,0.001,0.499,33.109788459247696,10.336960878733855,0.5778748232526927,0.18041400198375207,6.501137890990764,-11.760116082175834,6.501137890990764,-11.760116082175834,6.501137890990764,-11.760116082175834,-0.2646490163475441,1.2648983311915378,-4.352285160527724,2.9957788735636113,-4.352285160527724,2.9957788735636113,0.0,0.0,0.0,0.0,0.0,0.0,0.784847719695485,0.784847719695485,0.784847719695485,0.7830328671984481,0.7830328671984481,1.5362108926518148,1.5362108926518148
158.0,0.158,0.001,0.499,33.48468664580605,9.658120562954714,0.5844180309678919,0.16856600337812805,6.543207715199175,-11.84799860562403,6.543207715199175,-11.84799860562403,6.543207715199175,-11.84799860562403,-0.2690266793529963,1.2678910279139357,-4.377663005452149,2.992696722397927,-4.377663005452149,2.992696722397927,0.0,0.0,0.0,0.0,0.0,0.0,0.7790023222713324,0.7790023222713324,0.7790023222713324,0.7774123656557119,0.7774123656557119,1.5469300541855473,1.5469300541855473
159.0,0.159,0.001,0.499,33.861961692402794,8.974377120511493,0.5910027227166201,0.1566324290685735,6.584691748728265,-11.93357430955456,6.584691748728265,-11.93357430955456,6.584691748728265,-11.93357430955456,-0.27342966620629405,1.2708802163747135,-4.40298685329776,2.9891884607777346,-4.40298685329776,2.9891884607777346,0.0,0.0,0.0,0.0,0.0,0.0,0.7735159038732,0.7735159038732,0.7735159038731999,0.7721950810423426,0.7721950810423427,1.5576593121218314,1.5576593121218314
160.0,0.16,0.001,0.499,34.24157804995108,8.285870622404941,0.5976282780502657,0.14461572375523804,6.625555333645609,-12.01670531333545,6.625555333645609,-12.01670531333545,6.625555333645609,-12.01670531333545,-0.2778579219740545,1.2738654677867074,-4.428255767760462,2.9852514119938633,-4.428255767760462,2.9852514119938633,0.0,0.0,0.0,0.0,0.0,0.0,0.7684516797741644,0.7684516797741644,0.7684516797741644,0.7674459397975147,0.7674459397975149,1.5683986837267778,1.5683986837267778
161.0,0.161,0.001,0.499,34.62349818642477,7.59274903362366,0.6042940419113977,0.1325184699143505,6.66576386113198,-12.097253840887516,6.66576386113198,-12.097253840887516,6.66576386113198,-12.097253840887516,-0.2823113907662217,1.2768463506948762,-4.453468792167206,2.9808829081687462,-4.453468792167206,2.9808829081687462,0.0,0.0,0.0,0.0,0.0,0.0,0.7638750855579471,0.7638750855579471,0.7638750855579471,0.763231714378595,0.763231714378595,1.5791481953622977,1.5791481953622977
162.0,0.162,0.001,0.499,35.00768259859998,6.89516817424322,0.610999324838694,0.12034338711927026,6.7052829272963645,-12.17508279508026,6.7052829272963645,-12.17508279508026,6.7052829272963645,-12.17508279508026,-0.28679001571529,1.2798224309853585,-4.478624949068317,2.9760802904824604,-4.478624949068317,2.9760802904824604,0.0,0.0,0.0,0.0,0.0,0.0,0.7598532180896864,0.7598532180896864,0.7598532180896864,0.7596203817509496,0.7596203817509496,1.5899078828113813,1.5899078828113813
163.0,0.163,0.001,0.499,35.394089833145884,6.193291646059285,0.6177434033350461,0.1080933307599938,6.74407849635204,-12.250056359276448,6.74407849635204,-12.250056359276448,6.74407849635204,-12.250056359276448,-0.2912937389551177,1.2827932718947601,-4.5037232398276945,2.970840909401617,-4.5037232398276945,2.970840909401617,0.0,0.0,0.0,0.0,0.0,0.0,0.756454159329841,0.756454159329841,0.756454159329841,0.7566803656629877,0.7566803656629877,1.6006777916043269,1.6006777916043269
164.0,0.164,0.001,0.499,35.78267651741587,5.4872907234540955,0.624525520404965,0.0957712901384156,6.782117069918901,-12.322040621578218,6.782117069918901,-12.322040621578218,6.782117069918901,-12.322040621578218,-0.2958225015993287,1.2857584340196713,-4.5287626442110565,2.965162124911185,-4.5287626442110565,2.965162124911185,0.0,0.0,0.0,0.0,0.0,0.0,0.7537461853353499,0.7537461853353499,0.7537461853353499,0.7544796695062169,0.7544796695062168,1.6114579773457078,1.6114579773457078
165.0,0.165,0.001,0.499,36.17339740020872,4.777344207488303,0.6313448862659992,0.08338038592175002,6.819365861034178,-12.390904216665566,6.819365861034178,-12.390904216665566,6.819365861034178,-12.390904216665566,-0.30037624371930116,1.2887174753264206,-4.55374211997245,2.9590413067493357,-4.55374211997245,2.9590413067493357,0.0,0.0,0.0,0.0,0.0,0.0,0.7517968693373495,0.7517968693373495,0.7517968693373495,0.7530849138133398,0.7530849138133398,1.6222485060418304,1.6222485060418304
166.0,0.166,0.001,0.499,36.56620540267867,4.063638242538411,0.6382006792372817,0.07092386694225117,6.855792971282583,-12.45651897949886,6.855792971282583,-12.45651897949886,6.855792971282583,-12.45651897949886,-0.3049549043217404,1.2916699511610659,-4.578660602439218,2.952475834645399,-4.578660602439218,2.952475834645399,0.0,0.0,0.0,0.0,0.0,0.0,0.7506720952856806,0.7506720952856806,0.7506720952856806,0.7525603003275535,0.7525603003275535,1.633049454428433,1.633049454428433
167.0,0.167,0.001,0.499,36.961051679473066,3.3463660951602066,0.6450920468065848,0.05840510633765149,6.8913675693031,-12.518760604599683,6.8913675693031,-12.518760604599683,6.8913675693031,-12.518760604599683,-0.309558421325836,1.294615414259627,-4.60351700409564,2.945463098561007,-4.60351700409564,2.945463098561007,0.0,0.0,0.0,0.0,0.0,0.0,0.7504350062055141,0.7504350062055141,0.7504350062055141,0.7529665324372457,0.7529665324372457,1.643860910298385,1.643860910298385
168.0,0.168,0.001,0.499,37.3578856900693,2.625727895245993,0.6520181068753832,0.04582759703350334,6.9260600687984155,-12.57750930414815,6.9260600687984155,-12.57750930414815,6.9260600687984155,-12.57750930414815,-0.3141867315400015,1.2975534147585615,-4.628310214165473,2.938000498934511,-4.628310214165473,2.938000498934511,0.0,0.0,0.0,0.0,0.0,0.0,0.7511449194093066,0.7511449194093066,0.7511449194093066,0.7543597287886031,0.7543597287886031,1.654682972829101,1.654682972829101
169.0,0.169,0.001,0.499,37.75665528016909,1.9019303399524448,0.6589779491794527,0.03319494657574521,6.959842304069583,-12.632650457758123,6.959842304069583,-12.632650457758123,6.959842304069583,-12.632650457758123,-0.3188397706381951,1.3004835002054902,-4.653039098193596,2.93008544692875,-4.653039098193596,2.93008544692875,0.0,0.0,0.0,0.0,0.0,0.0,0.7528562471997192,0.7528562471997192,0.7528562471997192,0.7567903721506255,0.7567903721506255,1.6655157529094107,1.6655157529094107
170.0,0.17,0.001,0.499,38.157306772891005,1.1751863612998181,0.6659706368804802,0.020510871329213493,6.99268770102747,-12.68407524653172,6.99268770102747,-12.68407524653172,6.99268770102747,-12.68407524653172,-0.3235174731358221,1.3034052155701725,-4.677702497627016,2.9217153646822425,-4.677702497627016,2.9217153646822425,0.0,0.0,0.0,0.0,0.0,0.0,0.7556174662323552,0.7556174662323552,0.7556174662323552,0.7603023382384879,0.760302338238488,1.6763593734655913,1.6763593734655913
171.0,0.171,0.001,0.499,38.5597850693827,0.44571475877453665,0.6729952083220783,0.00777919006534795,7.024571441598106,-12.731681263865543,7.024571441598106,-12.731681263865543,7.024571441598106,-12.731681263865543,-0.32821977236521754,1.3063181032557365,-4.702299229395447,2.9128876855638794,-4.702299229395447,2.9128876855638794,0.0,0.0,0.0,0.0,0.0,0.0,0.7594701804079595,0.7594701804079595,0.7594701804079595,0.7649320485264995,0.7649320485264995,1.687213969786269,1.687213969786269
172.0,0.17200000000000001,0.001,0.499,38.96403375835541,-0.2862602013023122,0.6800506789415226,-0.004996183030147107,7.0554706194443,-12.775373095495057,7.0554706194443,-12.775373095495057,7.0554706194443,-12.775373095495057,-0.3329466004507093,1.3092217031101676,-4.726828085491716,2.9035998544311865,-4.726828085491716,2.9035998544311865,0.0,0.0,0.0,0.0,0.0,0.0,0.7644483203858427,0.7644483203858427,0.7644483203858427,0.770707786775369,0.770707786775369,1.698079689845889,1.698079689845889
173.0,0.17300000000000001,0.001,0.499,39.35175473263271,-0.9444358027106838,0.6868176865217017,-0.01648351433101702,6.7670075801790786,-11.487331300869913,6.7670075801790786,-11.487331300869913,6.7670075801790786,-11.487331300869913,-0.3376978882832615,1.3121155524380599,-4.7512878325522525,2.893849327892218,-4.7512878325522525,2.893849327892218,0.0,0.0,0.0,0.0,0.0,0.0,0.770577517395325,0.770577517395325,0.770577517395325,0.9381936134749397,0.9381936134749398,1.708956694626431,1.708956694626431
174.0,0.17400000000000002,0.001,0.499,39.72431980949342,-1.5345381514310175,0.6933201737908669,-0.026782743239938588,6.502487269165156,-10.299228908921569,6.502487269165156,-10.299228908921569,6.502487269165156,-10.299228908921569,-0.34247356549469943,1.314999186012631,-4.775677211437889,2.8836335745711534,-4.775677211437889,2.8836335745711534,0.0,0.0,0.0,0.0,0.0,0.0,0.9383186238924408,0.9383186238924408,0.9383186238924408,1.0938982214981594,1.0938982214981594,1.7198451584370533,1.7198451584370533
175.0,0.17500000000000002,0.001,0.499,40.08300587936238,-2.0618936099093252,0.6995804266911186,-0.0359868323187493,6.260252900251748,-9.204089078810716,6.260252900251748,-9.204089078810716,6.260252900251748,-9.204089078810716,-0.3472735604315147,1.3178721360880088,-4.799994936815264,2.872950075377646,-4.799994936815264,2.872950075377646,0.0,0.0,0.0,0.0,0.0,0.0,1.0940794095572774,1.0940794095572774,1.0940794095572774,1.2383276672061578,1.2383276672061578,1.7307452692313212,1.7307452692313212
176.0,0.176,0.001,0.499,40.42900025836537,-2.531454527222092,0.7056191677981138,-0.04418221636454193,6.038741106995203,-8.195384045792624,6.038741106995203,-8.195384045792624,6.038741106995203,-8.195384045792624,-0.35209780012825376,1.3207339324117888,-4.8242396967390695,2.861796323779986,-4.8242396967390695,2.861796323779986,0.0,0.0,0.0,0.0,0.0,0.0,1.2384903655484316,1.2384903655484316,1.2384903655484316,1.3721813513569894,1.3721813513569894,1.7416572289216816,1.7416572289216816
177.0,0.177,0.001,0.499,40.76340602599844,-2.9478236091924623,0.7114556494809701,-0.051449227748431046,5.836481682856212,-7.26701138388912,5.836481682856212,-7.26701138388912,5.836481682856212,-7.26701138388912,-0.3569462102804892,1.323584102237871,-4.848410152235426,2.8501698260821295,-4.848410152235426,2.8501698260821295,0.0,0.0,0.0,0.0,0.0,0.0,1.372301563002255,1.372301563002255,1.372301563002255,1.4961895692188243,1.4961895692188243,1.752581253690819,1.752581253690819
178.0,0.178,0.001,0.499,41.087247258054624,-3.315276930471332,0.7171077452340654,-0.05786249805213586,5.652095753095372,-6.413270303704817,5.652095753095372,-6.413270303704817,5.652095753095372,-6.413270303704817,-0.36181871521737585,1.3264221703395755,-4.872504936886666,2.838068101704633,-4.872504936886666,2.838068101704633,0.0,0.0,0.0,0.0,0.0,0.0,1.4962645202081422,1.4962645202081422,1.4962645202081422,1.6110592780069963,1.6110592780069963,1.763517574299529,1.763517574299529
179.0,0.179,0.001,0.499,41.401474092649956,-3.6377856112009828,0.7225920380958736,-0.06349133639713146,5.484292861808217,-5.6288383449955965,5.484292861808217,-5.6288383449955965,5.484292861808217,-5.6288383449955965,-0.3667152378737936,1.329247659023045,-4.8965226564177895,2.8254886834695423,-4.8965226564177895,2.8254886834695423,0.0,0.0,0.0,0.0,0.0,0.0,1.6110946544880722,1.6110946544880722,1.6110946544880722,1.7174561610147931,1.7174561610147931,1.7744664363907299,1.7744664363907299
180.0,0.18,0.001,0.499,41.70696758820909,-3.919036195544739,0.7279239054368072,-0.06840008511708802,5.331867340933619,-4.908748719956558,5.331867340933619,-4.908748719956558,5.331867340933619,-4.908748719956558,-0.37163569976207855,1.3320600881409344,-4.920461888284908,2.8124291178892733,-4.920461888284908,2.8124291178892733,0.0,0.0,0.0,0.0,0.0,0.0,1.7174603638665797,1.7174603638665797,1.7174603638665797,1.8160001443623024,1.8160001443623024,1.7854281007892197,1.7854281007892197
181.0,0.181,0.001,0.499,42.004544348070915,-4.1624497794195925,0.7331175996738125,-0.07264845359978359,5.193694237005373,-4.248368482695564,5.193694237005373,-4.248368482695564,5.193694237005373,-4.248368482695564,-0.37658002094334453,1.334858975106394,-4.944321181265951,2.7988869654595137,-4.944321181265951,2.7988869654595137,0.0,0.0,0.0,0.0,0.0,0.0,1.8159817159730152,1.8159817159730152,1.8159817159730152,1.9072660951615605,1.9072660951615605,1.7964028437967818,1.7964028437967818
182.0,0.182,0.001,0.499,42.29496089812032,-4.371199941278885,0.7381863246744576,-0.07629183123829933,5.068725000645079,-3.6433776385157444,5.068725000645079,-3.6433776385157444,5.068725000645079,-3.6433776385157444,-0.3815481199983985,1.33764383490735,-4.968099055053941,2.7848598009561774,-4.968099055053941,2.7848598009561774,0.0,0.0,0.0,0.0,0.0,0.0,1.9072326415924175,1.9072326415924175,1.9072326415924175,1.9917864391509799,1.9917864391509799,1.807390957482224,1.807390957482224
183.0,0.183,0.001,0.499,42.578917812462684,-4.548229533611838,0.7431423077635353,-0.07938158049797268,4.955983089077757,-3.0897492596733485,4.955983089077757,-3.0897492596733485,4.955983089077757,-3.0897492596733485,-0.38653991399825166,1.3404141801210865,-4.9917939998531455,2.770345213736433,-4.9917939998531455,2.770345213736433,0.0,0.0,0.0,0.0,0.0,0.0,1.9917442676619577,1.9917442676619577,1.9917442676619577,2.070054349807879,2.070054349807879,1.8183927499659296,1.8183927499659296
184.0,0.184,0.001,0.499,42.85706358835797,-4.69626639463014,0.7479968673534223,-0.08196531113705928,4.8545595898869545,-2.583730639086595,4.8545595898869545,-2.583730639086595,4.8545595898869545,-2.583730639086595,-0.3915553184742301,1.3431695209291303,-5.0154044759784195,2.755340808043824,-5.0154044759784195,2.755340808043824,0.0,0.0,0.0,0.0,0.0,0.0,2.0700084428967567,2.0700084428967567,2.0700084428967567,2.1425269489781367,2.1425269489781367,1.8294085456984845,1.8294085456984845
185.0,0.185,0.001,0.499,43.129998275990665,-4.817838039927283,0.7527604762955151,-0.08408713662456112,4.763608942092816,-2.121825487501841,4.763608942092816,-2.121825487501841,4.763608942092816,-2.121825487501841,-0.3965942473876881,1.3459093651324479,-5.038928913458044,2.739844203317497,-5.038928913458044,2.739844203317497,0.0,0.0,0.0,0.0,0.0,0.0,2.1424810864716575,2.1424810864716575,2.1424810864716575,2.2096282994291094,2.2096282994291094,1.8404386857329413,1.8404386857329413
186.0,0.186,0.001,0.499,43.39827687161483,-4.915285393134678,0.7574428211017833,-0.08578791378538402,4.6823448062681585,-1.700777160822904,4.6823448062681585,-1.700777160822904,4.6823448062681585,-1.700777160822904,-0.4016566130993285,1.3486332181669534,-5.062365711640393,2.723853034505533,-5.062365711640393,2.723853034505533,0.0,0.0,0.0,0.0,0.0,0.0,2.2095852344566556,2.2095852344566556,2.209585234456655,2.2717521198288697,2.2717521198288697,1.8514835279902526,1.8514835279902526
187.0,0.187,0.001,0.499,43.66241248452668,-4.990775613076373,0.7620528572188683,-0.08710546667642127,4.6100361170850395,-1.3175528910372547,4.6100361170850395,-1.3175528910372547,4.6100361170850395,-1.3175528910372547,-0.40674232633813323,1.3513405831193357,-5.085713238804758,2.707364952382404,-5.085713238804758,2.707364952382404,0.0,0.0,0.0,0.0,0.0,0.0,2.271713762557026,2.271713762557026,2.271713762557026,2.3292642179727676,2.3292642179727676,1.8625434475174223,1.8625434475174223
188.0,0.188,0.001,0.499,43.92287928944924,-5.046314072883936,0.7665988605569167,-0.08807479566154978,4.546003338048486,-0.9693289851285171,4.546003338048486,-0.9693289851285171,4.546003338048486,-0.9693289851285171,-0.4118512961699099,1.3540309607432062,-5.108969831776655,2.690377623870528,-5.108969831776655,2.690377623870528,0.0,0.0,0.0,0.0,0.0,0.0,2.3292318058196146,2.3292318058196146,2.3292318058196146,2.3825046645471937,2.3825046645471937,1.8736188367378834,1.8736188367378834
189.0,0.189,0.001,0.499,44.1801152764714,-5.083755544158059,0.7710884754850708,-0.08872827261207411,4.489614928154006,-0.6534769505243248,4.489614928154006,-0.6534769505243248,4.489614928154006,-0.6534769505243248,-0.41698342996545784,1.356703849475572,-5.132133795547952,2.6728887323659274,-5.132133795547952,2.6728887323659274,0.0,0.0,0.0,0.0,0.0,0.0,2.3824789104526234,2.3824789104526234,2.3824789104526234,2.4317897382749876,2.4317897382749876,1.8847101056936224,1.8847101056936224
190.0,0.19,0.001,0.499,44.43452481082638,-5.104814636691536,0.7755287595080308,-0.08909582311426543,4.440284022959999,-0.36755050219133034,4.440284022959999,-0.36755050219133034,4.440284022959999,-0.36755050219133034,-0.42213863336836,1.35935874545364,-5.155203402902172,2.6548959780679713,-5.155203402902172,2.6548959780679713,0.0,0.0,0.0,0.0,0.0,0.0,2.4317709551103994,2.4317709551103994,2.4317709551103994,2.4774136737763506,2.4774136737763506,1.8958176822785495,1.8958176822785495
191.0,0.191,0.001,0.499,44.686481014643626,-5.1110755416014655,0.7799262248354677,-0.08920509651909798,4.397465327436941,-0.10927340483254522,4.397465327436941,-0.10927340483254522,4.397465327436941,-0.10927340483254522,-0.4273168102624053,1.3619951425319532,-5.178176894045311,2.6363970783131747,-5.178176894045311,2.6363970783131747,0.0,0.0,0.0,0.0,0.0,0.0,2.4774018761186114,2.4774018761186114,2.4774018761186114,2.5196502406141295,2.5196502406141295,1.9069420124626053,1.9069420124626053
192.0,0.192,0.001,0.499,44.93632798245477,-5.104001123031242,0.7842868770498964,-0.08908162462238337,4.3606522144287325,0.1234718967146223,4.3606522144287325,0.1234718967146223,4.3606522144287325,0.1234718967146223,-0.43251786273864784,1.3646125322998661,-5.201052476242518,2.6173897679130356,-5.201052476242518,2.6173897679130356,0.0,0.0,0.0,0.0,0.0,0.0,2.5196452264491715,2.5196452264491715,2.5196452264491715,2.5587541780219425,2.5587541780219425,1.9180835605060846,1.9180835605060846
193.0,0.193,0.001,0.499,45.184382841748054,-5.084941400928535,0.7886162510701354,-0.08874896971717598,4.3293740202390385,0.33265490520737895,4.3293740202390385,0.33265490520737895,4.3293740202390385,0.33265490520737895,-0.43774169106210886,1.367210404099362,-5.223828323461014,2.5978717994958664,-5.223828323461014,2.5978717994958664,0.0,0.0,0.0,0.0,0.0,0.0,2.558755593349494,2.558755593349494,2.558755593349494,2.594962505780039,2.594962505780039,1.9292428091636513,1.9292428091636513
194.0,0.194,0.001,0.499,45.4309376692977,-5.055141464821132,0.7929194445975636,-0.08822886271521785,4.303193527428151,0.5201070019581299,4.303193527428151,0.5201070019581299,4.303193527428151,0.5201070019581299,-0.44298819363812847,1.3697882450432146,-5.246502576019593,2.577840943852588,-5.246502576019593,2.577840943852588,0.0,0.0,0.0,0.0,0.0,0.0,2.59496989502127,2.59496989502127,2.59496989502127,2.628495728052875,2.628495728052875,1.9404202598775024,1.9404202598775024
195.0,0.195,0.001,0.499,45.67626127338236,-5.015748856023344,0.7972011492216999,-0.08754133199074637,4.281704624136311,0.6875307244714797,4.281704624136311,0.6875307244714797,4.281704624136311,0.6875307244714797,-0.44825726697837354,1.372345540033501,-5.269073340245094,2.5572949902864344,-5.269073340245094,2.5572949902864344,0.0,0.0,0.0,0.0,0.0,0.0,2.6285085728899813,2.6285085728899813,2.6285085728899813,2.659558943886426,2.659558943886426,1.9516164329591374,1.9516164329591374
196.0,0.196,0.001,0.499,45.920600851377884,-4.967820453327398,0.8014656793506554,-0.08670482355848039,4.264530128955476,0.836508432265983,4.264530128955476,0.836508432265983,4.264530128955476,0.836508432265983,-0.45354880566650974,1.3748817717804676,-5.2915386881361925,2.5362317469665143,-5.2915386881361925,2.5362317469665143,0.0,0.0,0.0,0.0,0.0,0.0,2.6595766927967954,2.6595766927967954,2.659576692796795,2.688342875494706,2.688342875494706,1.9628318677591736,1.9628318677591736
197.0,0.197,0.001,0.499,46.16418353158317,-4.912328894976019,0.80571699912107,-0.08573631315818626,4.251319770414643,0.9685104002941194,4.251319770414643,0.9685104002941194,4.251319770414643,0.9685104002941194,-0.45886270232354465,1.3773964208217528,-5.313896657034914,2.5146490412851787,-5.313896657034914,2.5146490412851787,0.0,0.0,0.0,0.0,0.0,0.0,2.6883649658836384,2.6883649658836384,2.6883649658836384,2.715024823394787,2.7150248233947867,1.9740671228246445,1.9740671228246445
198.0,0.198,0.001,0.499,46.40721780752694,-4.850168567578317,0.8099587474314892,-0.08465141078097872,4.241748310419275,1.084902377207547,4.241748310419275,1.084902377207547,4.241748310419275,1.084902377207547,-0.4641988475728509,1.379888965541972,-5.336145249306235,2.492544720219119,-5.336145249306235,2.492544720219119,0.0,0.0,0.0,0.0,0.0,0.0,2.7150506978932007,2.7150506978932007,2.7150506978932007,2.7397695558061703,2.7397695558061703,1.98532277604321,1.98532277604321
199.0,0.199,0.001,0.499,46.649894872417406,-4.78216119062162,0.8141942612329038,-0.08346445813743944,4.23551380141461,1.1869526435392834,4.23551380141461,1.1869526435392834,4.23551380141461,1.1869526435392834,-0.4695571300048771,1.382358882192666,-5.358282432026165,2.4699166506941306,-5.358282432026165,2.4699166506941306,0.0,0.0,0.0,0.0,0.0,0.0,2.7397986740021874,2.7397986740021874,2.7397986740021874,2.7627301384393377,2.7627301384393377,1.9965994247736931,1.9965994247736931
200.0,0.2,0.001,0.499,46.89238986084043,-4.7090610233450825,0.8184265972004712,-0.08218861953470524,4.232335967567341,1.275838602734191,4.232335967567341,1.275838602734191,4.232335967567341,1.275838602734191,-0.47493743614155576,1.3848056449126194,-5.380306136678696,2.44676271995346,-5.380306136678696,2.44676271995346,0.0,0.0,0.0,0.0,0.0,0.0,2.762761985062753,2.762761985062753,2.762761985062753,2.7840487097909565,2.7840487097909565,2.007897685962362,2.007897685962362
201.0,0.201,0.001,0.499,47.13486300428898,-4.6315597189729365,0.8226585519013088,-0.08083596659882102,4.231954700837624,1.3526529358842305,4.231954700837624,1.3526529358842305,4.231954700837624,1.3526529358842305,-0.48033965040041776,1.387228725748549,-5.402214258862023,2.423080835929653,-5.402214258862023,2.423080835929653,0.0,0.0,0.0,0.0,0.0,0.0,2.78408280016436,2.78408280016436,2.78408280016436,2.8038572062802767,2.8038572062802767,2.019218196244359,2.019218196244359
202.0,0.202,0.001,0.499,47.3774607066179,-4.550290849651323,0.8268926805647216,-0.07941755724978586,4.234128663412893,1.4184093490351581,4.234128663412893,1.4184093490351581,4.234128663412893,1.4184093490351581,-0.4857636550584222,1.3896275946761687,-5.424004658004431,2.398868927619814,-5.424004658004431,2.398868927619814,0.0,0.0,0.0,0.0,0.0,0.0,2.8038930896780903,2.8038930896780903,2.8038930896780903,2.8222780409531683,2.8222780409531683,2.0305616120296786,2.0305616120296786
203.0,0.203,0.001,0.499,47.62031654506392,-4.465834123887151,0.8311313145532961,-0.07794350930974714,4.238633988574547,1.4740479400387239,4.238633988574547,1.4740479400387239,4.238633988574547,1.4740479400387239,-0.49120933021551244,1.3920017196216328,-5.445675157090245,2.3741249454641724,-5.445675157090245,2.3741249454641724,0.0,0.0,0.0,0.0,0.0,0.0,2.8223153023727097,2.8223153023727097,2.8223153023727097,2.8394247390070055,2.839424739007006,2.0419286095730946,2.0419286095730946
204.0,0.20400000000000001,0.001,0.499,47.86355220204972,-4.378719316844412,0.8353765776259497,-0.0764230690996118,4.245263072653589,1.5204402101353425,4.245263072653589,1.5204402101353425,4.245263072653589,1.5204402101353425,-0.4966765537579087,1.3943505664833606,-5.467223542396265,2.348846861727863,-5.467223542396265,2.348846861727863,0.0,0.0,0.0,0.0,0.0,0.0,2.8394629997518717,2.8394629997518717,2.8394629997518717,2.8554025330191717,2.8554025330191717,2.0533198850274115,2.0533198850274115
205.0,0.20500000000000002,0.001,0.499,48.1072783326025,-4.289429932506862,0.8396304010772413,-0.07486467535584289,4.2538234512915585,1.558393743768907,4.2538234512915585,1.558393743768907,4.2538234512915585,1.558393743768907,-0.5021652013211478,1.3966735991542465,-5.488647563239092,2.3230326708858,-5.488647563239092,2.3230326708858,0.0,0.0,0.0,0.0,0.0,0.0,2.855441450398776,2.855441450398776,2.8554414503987755,2.870308920469345,2.870308920469345,2.064736154479447,2.064736154479447
206.0,0.20600000000000002,0.001,0.499,48.35159537185915,-4.198406615459836,0.8438945378309941,-0.07327601877728561,4.264136753752827,1.5886565785572795,4.264136753752827,1.5886565785572795,4.264136753752827,1.5886565785572795,-0.5076751462528816,1.3989702795442571,-5.509944931733751,2.296680390010532,-5.509944931733751,2.296680390010532,0.0,0.0,0.0,0.0,0.0,0.0,2.870348186859621,2.870348186859621,2.870348186859621,2.8842341859115397,2.8842341859115397,2.076178153968116,2.076178153968116
207.0,0.20700000000000002,0.001,0.499,48.59659428679992,-4.106050328872393,0.8481705755605241,-0.07166409749141925,4.276037729530033,1.6119212858663543,4.276037729530033,1.6119212858663543,4.276037729530033,1.6119212858663543,-0.5132062595754456,1.40124006760342,-5.531113322564056,2.26978805916296,-5.531113322564056,2.26978805916296,0.0,0.0,0.0,0.0,0.0,0.0,2.8842735273604285,2.8842735273604285,2.884273527360428,2.8972618899612494,2.8972618899612494,2.087646639484002,2.087646639484002
208.0,0.20800000000000002,0.001,0.499,48.842357276049285,-4.012725314168303,0.8524599489024689,-0.07003526871036074,4.2893733419447955,1.6288287810585034,4.2893733419447955,1.6288287810585034,4.2893733419447955,1.6288287810585034,-0.5187584099482108,1.4034824213452057,-5.552150372765104,2.2423537417857755,-5.552150372765104,2.2423537417857755,0.0,0.0,0.0,0.0,0.0,0.0,2.8973010644840453,2.8973010644840453,2.8973010644840453,2.909469327104746,2.9094693271047456,2.0991423869497905,2.0991423869497905
209.0,0.209,0.001,0.499,49.088958421303275,-3.918761846855247,0.8567639508263398,-0.06839529682915786,4.304001923870976,1.6399718812028772,4.304001923870976,1.6399718812028772,4.304001923870976,1.6399718812028772,-0.5243314636297292,1.4056967968703051,-5.573053681518369,2.2143755250994994,-5.573053681518369,2.2143755250994994,0.0,0.0,0.0,0.0,0.0,0.0,2.9095081227813497,2.9095081227813497,2.9095081227813493,2.9209279542032576,2.9209279542032576,2.110666192180954,2.110666192180954
210.0,0.21,0.001,0.499,49.33646429368595,-3.8244588020309265,0.8610837432174384,-0.06674939820231766,4.319792391098617,1.6458986268401976,4.319792391098617,1.6458986268401976,4.319792391098617,1.6458986268401976,-0.5299252844396889,1.407882648390806,-5.593820809959784,2.185851520500967,-5.593820809959784,2.185851520500967,0.0,0.0,0.0,0.0,0.0,0.0,2.9209661871579855,2.9209661871579855,2.920966187157986,2.9317037914480624,2.9317037914480624,2.1222188708260643,2.1222188708260643
211.0,0.211,0.001,0.499,49.58493451810117,-3.7300860421977435,0.8654203667266532,-0.06510228281903477,4.336623509214813,1.6471153832829024,4.336623509214813,1.6471153832829024,4.336623509214813,1.6471153832829024,-0.5355397337206902,1.4100394282547701,-5.614449281001277,2.1567798639641182,-5.614449281001277,2.1567798639641182,0.0,0.0,0.0,0.0,0.0,0.0,2.931741303781764,2.931741303781764,2.931741303781764,2.9418577974189857,2.9418577974189857,2.1338012582861037,2.1338012582861037
212.0,0.212,0.001,0.499,49.83442229842856,-3.635886639190048,0.8697747499368584,-0.06345819308313744,4.35438321020525,1.6440897358973243,4.35438321020525,1.6440897358973243,4.35438321020525,1.6440897358973243,-0.5411746702998563,1.412166586971213,-5.634936579166185,2.1271587164429344,-5.634936579166185,2.1271587164429344,0.0,0.0,0.0,0.0,0.0,0.0,2.941894455138294,2.941894455138294,2.941894455138294,2.951446219805116,2.9514462198051166,2.1454142096121784,2.1454142096121784
213.0,0.213,0.001,0.499,50.084974906212,-3.5420789412452707,0.8741477178921375,-0.06182093989028475,4.372967955279095,1.6372531928526872,4.372967955279095,1.6372531928526872,4.372967955279095,1.6372531928526872,-0.5468299504502954,1.4142635732354893,-5.655280150438985,2.096986264276363,-5.655280150438985,2.096986264276363,0.0,0.0,0.0,0.0,0.0,0.0,2.9514819107860863,2.9514819107860863,2.9514819107860863,2.9605209232602285,2.9605209232602285,2.1570585993810063,2.1570585993810063
214.0,0.214,0.001,0.499,50.336634135304365,-3.448858495528921,0.8785400000328301,-0.060193936182357806,4.392282140692541,1.6270037079269426,4.392282140692541,1.6270037079269426,4.392282140692541,1.6270037079269426,-0.5525054278524252,1.4163298339550845,-5.6754774021297925,2.066260719595063,-5.6754774021297925,2.066260719595063,0.0,0.0,0.0,0.0,0.0,0.0,2.96055555527376,2.96055555527376,2.96055555527376,2.9691296957850457,2.9691296957850457,2.168735321547578,2.168735321547578
215.0,0.215,0.001,0.499,50.589436724761526,-3.356399835749795,0.8829522375764249,-0.0585802281472308,4.412237543594896,1.6137080351270032,4.412237543594896,1.6137080351270032,4.412237543594896,1.6137080351270032,-0.5582009535551793,1.4183648142758143,-5.695525702754074,2.0349803207298,-5.695525702754074,2.0349803207298,0.0,0.0,0.0,0.0,0.0,0.0,2.969163194601578,2.969163194601578,2.969163194601578,2.9773165349526454,2.9773165349526454,2.1804452892743895,2.1804452892743895
216.0,0.216,0.001,0.499,50.84341475212127,-3.2648581438724302,0.8873849903815727,-0.05698252422112464,4.432752805147761,1.5977039261061639,4.432752805147761,1.5977039261061639,4.432752805147761,1.5977039261061639,-0.5639163759371073,1.4203679576084356,-5.715422381928023,2.003143332621308,-5.715422381928023,2.003143332621308,0.0,0.0,0.0,0.0,0.0,0.0,2.9773488425406653,2.9773488425406653,2.9773488425406653,2.9851219152215007,2.9851219152215007,2.1921894347366515,2.1921894347366515
217.0,0.217,0.001,0.499,51.098595999057075,-3.174370794345941,0.8918387433299473,-0.05540322204048447,4.45375294837456,1.579302180640168,4.45375294837456,1.579302180640168,4.45375294837456,1.579302180640168,-0.5696515406673873,1.4223387056556671,-5.7351647302800455,1.970748047231437,-5.7351647302800455,1.970748047231437,0.0,0.0,0.0,0.0,0.0,0.0,2.9851529880472807,2.9851529880472807,2.985152988047281,2.9925830375121514,2.992583037512151,2.2039687089028934,2.2039687089028934
218.0,0.218,0.001,0.499,51.3550042912617,-3.0850587887189027,0.8963139122583337,-0.05384443348073295,4.475168928386451,1.558788559751522,4.475168928386451,1.558788559751522,4.475168928386451,1.558788559751522,-0.5754062906667662,1.4242764984396226,-5.754749999378829,1.9377927839553943,-5.754749999378829,1.9377927839553943,0.0,0.0,0.0,0.0,0.0,0.0,2.9926128449462133,2.9926128449462133,2.9926128449462133,2.9997340621580966,2.9997340621580966,2.2157840812903804,2.2157840812903804
219.0,0.219,0.001,0.499,51.612653532614694,-2.9970018773974205,0.9008107398352089,-0.052307550449036413,4.496827576875199,1.5368830316965358,4.496827576875199,1.5368830316965358,4.496827576875199,1.5368830316965358,-0.5811804660684446,1.4261807743296575,-5.774175401678432,1.9042758900348826,-5.774175401678432,1.9042758900348826,0.0,0.0,0.0,0.0,0.0,0.0,2.9997625849904352,2.9997625849904352,2.9997625849904352,3.006661661194658,3.006661661194658,2.2276365396947813,2.2276365396947813
220.0,0.22,0.001,0.499,51.871539535627356,-2.9102044969270566,0.9053291529751079,-0.05079265037772234,4.518413139898966,1.5149000713140748,4.518413139898966,1.5149000713140748,4.518413139898966,1.5149000713140748,-0.5869739041789255,1.4280509700706294,-5.793438110480876,1.870195740971933,-5.793438110480876,1.870195740971933,0.0,0.0,0.0,0.0,0.0,0.0,3.0066888995035965,3.0066888995035965,3.006688899503596,3.0135244012125866,3.0135244012125866,2.239527089893541,2.239527089893541
221.0,0.221,0.001,0.499,52.13165802462006,-2.824670921123504,0.9098690770533431,-0.049299807858946186,4.539924078235279,1.4928425187761538,4.539924078235279,1.4928425187761538,4.539924078235279,1.4928425187761538,-0.5927864394388421,1.4298865208115727,-5.812535259916687,1.8355507409432248,-5.812535259916687,1.8355507409432248,0.0,0.0,0.0,0.0,0.0,0.0,3.0135503839371296,3.0135503839371296,3.01355038393713,3.020322175341828,3.0203221753418275,2.251456755322412,2.251456755322412
222.0,0.222,0.001,0.499,52.39300463443471,-2.7404052557868277,0.9144304358835337,-0.04782909455243753,4.561358830190617,1.4707133065086586,4.561358830190617,1.4707133065086586,4.561358830190617,1.4707133065086586,-0.598617903383786,1.4316868601347874,-5.831463944943866,1.8003393232146787,-5.831463944943866,1.8003393232146787,0.0,0.0,0.0,0.0,0.0,0.0,3.0203469315035183,3.0203469315035183,3.020346931503518,3.0270548882358237,3.0270548882358237,2.263426576724625,2.263426576724625
223.0,0.223,0.001,0.499,52.65557490916146,-2.657411433430934,0.9190131516953816,-0.04638057909351191,4.58271581184786,1.4485154589256197,4.58271581184786,1.4485154589256197,4.58271581184786,1.4485154589256197,-0.6044681246051518,1.4334514200853434,-5.85022122136575,1.764559950556103,-5.85022122136575,1.764559950556103,0.0,0.0,0.0,0.0,0.0,0.0,3.027078446918164,3.027078446918164,3.0270784469181646,3.0337224560924527,3.0337224560924527,2.2754376117721975,2.2754376117721975
224.0,0.224,0.001,0.499,52.919364300880424,-2.5756932080315873,0.9236171451127105,-0.044954327001406454,4.603993417329029,1.4262520921054584,4.603993417329029,1.4262520921054584,4.603993417329029,1.4262520921054584,-0.61033692871102,1.435179631200999,-5.868804105868241,1.7282111156556683,-5.868804105868241,1.7282111156556683,0.0,0.0,0.0,0.0,0.0,0.0,3.033744846417857,3.033744846417857,3.033744846417857,3.04032480666851,3.0403248066685102,2.2874909346588916,2.2874909346588916
225.0,0.225,0.001,0.499,53.184368168419354,-2.495254149796326,0.9282423351317838,-0.04355040058799769,4.625190019073286,1.4039264134087666,4.625190019073286,1.4039264134087666,4.625190019073286,1.4039264134087666,-0.6162241382870969,1.436870922542533,-5.8872095760768675,1.691291341533981,-5.8872095760768675,1.691291341533981,0.0,0.0,0.0,0.0,0.0,0.0,3.0403460577754378,3.0403460577754378,3.0403460577754378,3.0468618792876576,3.0468618792876576,2.2995876356643477,2.2995876356643477
226.0,0.226,0.001,0.499,53.4505817761281,-2.416097639959654,0.9328886390999139,-0.04216885886696048,4.646303968130157,1.381541721037209,4.646303968130157,1.381541721037209,4.646303968130157,1.381541721037209,-0.6221295728577311,1.4385247217244905,-5.905434570634162,1.6537991819575184,-5.905434570634162,1.6537991819575184,0.0,0.0,0.0,0.0,0.0,0.0,3.046882020308543,3.046882020308543,3.046882020308543,3.053333624841768,3.0533336248417684,2.311728820688962,2.311728820688962
227.0,0.227,0.001,0.499,53.71800029267073,-2.338226865606898,0.9375559726943818,-0.040809757463427326,4.667333594467922,1.3591014035331546,4.667333594467922,1.3591014035331546,4.667333594467922,1.3591014035331546,-0.628053048847029,1.4401404549463417,-5.92347598929783,1.6157332218511857,-5.92347598929783,1.6157332218511857,0.0,0.0,0.0,0.0,0.0,0.0,3.053352684880381,3.053352684880381,3.0533526848803807,3.059740005785625,3.059740005785625,2.323915610759077,2.323915610759077
228.0,0.228,0.001,0.499,53.98661878983624,-2.2616448145301526,0.942244249901679,-0.039473148524207656,4.688277207297121,1.3366089392196674,4.688277207297121,1.3366089392196674,4.688277207297121,1.3366089392196674,-0.6339943795400892,1.4417175470240515,-5.941330693060193,1.5770920777097466,-5.941330693060193,1.5770920777097466,0.0,0.0,0.0,0.0,0.0,0.0,3.059758013894182,3.059758013894182,3.059758013894182,3.0660809961248745,3.066080996124875,2.3361491415020916,2.3361491415020916
229.0,0.229,0.001,0.499,54.25643224136856,-2.186354270119752,0.9469533829970881,-0.03815908062862715,4.709133095409106,1.3140678955805092,4.709133095409106,1.3140678955805092,4.709133095409106,1.3140678955805092,-0.6399533750443785,1.4432554214220594,-5.9589955042893745,1.5378743980078766,-5.9589955042893745,1.5378743980078766,0.0,0.0,0.0,0.0,0.0,0.0,3.066097981282085,3.066097981282085,3.066097981282085,3.072356581397224,3.0723565813972233,2.3484305625911204,2.3484305625911204
230.0,0.23,0.001,0.499,54.527435521816926,-2.1123578062947117,0.9516832825246176,-0.03686759870004732,4.72989952752958,1.2914819285798278,4.72989952752958,1.2914819285798278,4.72989952752958,1.2914819285798278,-0.6459298422512713,1.444753500285668,-5.9764672068927265,1.4980788636085833,-5.9764672068927265,1.4980788636085833,0.0,0.0,0.0,0.0,0.0,0.0,3.072372572485759,3.072372572485759,3.072372572485759,3.0785667586467764,3.0785667586467764,2.36076103715886,2.36076103715886
231.0,0.231,0.001,0.499,54.799623405407296,-2.039657782475633,0.9564338572773047,-0.03559874391812609,4.750574752687033,1.268854781921231,4.750574752687033,1.268854781921231,4.750574752687033,1.268854781921231,-0.6519235847977742,1.4462112044738378,-5.993742546502975,1.457704188169728,-5.993742546502975,1.457704188169728,0.0,0.0,0.0,0.0,0.0,0.0,3.0785817844311216,3.0785817844311216,3.0785817844311216,3.084711536391504,3.084711536391504,2.373141741180349,2.373141741180349
232.0,0.232,0.001,0.499,55.07299056493574,-1.968256338603539,0.9612050142779007,-0.034352553631880126,4.771157000596004,1.2461902862459684,4.771157000596004,1.2461902862459684,4.771157000596004,1.2461902862459684,-0.6579344030284618,1.4476279535923862,-6.01081823068757,1.416749118548386,-6.01081823068757,1.416749118548386,0.0,0.0,0.0,0.0,0.0,0.0,3.0847256254957145,3.0847256254957145,3.0847256254957145,3.090790934583759,3.090790934583759,2.385573862824348,2.385573862824348
233.0,0.233,0.001,0.499,55.34753157068465,-1.8981553902081623,0.9659966587599558,-0.033129061273610164,4.791644482055063,1.2234923582699653,4.791644482055063,1.2234923582699653,4.791644482055063,1.2234923582699653,-0.6639620939576436,1.4490031660275888,-6.027690929181721,1.3752124352027706,-6.027690929181721,1.3752124352027706,0.0,0.0,0.0,0.0,0.0,0.0,3.0908041154701547,3.0908041154701547,3.0908041154701547,3.0968049845638115,3.0968049845638115,2.3980586017730787,2.3980586017730787
234.0,0.234,0.001,0.499,55.62324088936254,-1.8293566235291867,0.9708086941493153,-0.03192829627375068,4.81203538935944,1.2007649998594843,4.81203538935944,1.2007649998594843,4.81203538935944,1.2007649998594843,-0.6700064512317893,1.4503362589801803,-6.044357274145619,1.3330929525914446,-6.044357274145619,1.3330929525914446,0.0,0.0,0.0,0.0,0.0,0.0,3.096817285510633,3.096817285510633,3.096817285510633,3.1027537290063694,3.1027537290063694,2.4105971685101233,2.4105971685101233
235.0,0.23500000000000001,0.001,0.499,55.900112883068395,-1.7618614906939847,0.9756410220460434,-0.030750283976705466,4.832327896728165,1.178012297045209,4.832327896728165,1.178012297045209,4.832327896728165,1.178012297045209,-0.6760672650922356,1.4516266484997498,-6.060813860446328,1.290389519569538,-6.060813860446328,1.290389519569538,0.0,0.0,0.0,0.0,0.0,0.0,3.102765178086918,3.102765178086918,3.1027651780869183,3.108637221860015,3.108637221860015,2.423190783576296,2.423190783576296
236.0,0.23600000000000002,0.001,0.499,56.17814180828126,-1.6956712049553755,0.9804935422067891,-0.02959504555773089,4.85252016074565,1.1552384189745752,4.85252016074565,1.1552384189745752,4.85252016074565,1.1552384189745752,-0.6821443223382004,1.4528737495195314,-6.077057245964828,1.247101019781686,-6.077057245964828,1.247101019781686,0.0,0.0,0.0,0.0,0.0,0.0,3.1086478469214183,3.1086478469214183,3.1086478469214183,3.1144555282795574,3.1144555282795574,2.4358406767933576,2.4358406767933576
237.0,0.23700000000000002,0.001,0.499,56.457321814875996,-1.630786735992961,0.9853661525276066,-0.02846259794092869,4.872610320817557,1.1324476168022026,4.872610320817557,1.1324476168022026,4.872610320817557,1.1324476168022026,-0.6882374062901292,1.4540769758915828,-6.093083951928711,1.203226372051395,-6.093083951928711,1.203226372051395,0.0,0.0,0.0,0.0,0.0,0.0,3.1144653569223033,3.1144653569223033,3.1144653569223033,3.1202087245512375,3.1202087245512375,2.448548086455464,2.448548086455464
238.0,0.23800000000000002,0.001,0.499,56.7376469451659,-1.5672088052815867,0.9902587490272475,-0.027352953718410386,4.892596499640865,1.1096442225183016,4.892596499640865,1.1096442225183016,4.892596499640865,1.1096442225183016,-0.6943462967534002,1.4552357404223493,-6.108890463271018,1.1587645307665426,-6.108890463271018,1.1587645307665426,0.0,0.0,0.0,0.0,0.0,0.0,3.1202177841081413,3.1202177841081413,3.120217784108141,3.125896898010778,3.125896898010778,2.4613142584882945,2.4613142584882945
239.0,0.23900000000000002,0.001,0.499,57.01911113297314,-1.5049378815304904,0.9951712258309355,-0.026266121070695415,4.912476803687978,1.0868326477149703,4.912476803687978,1.0868326477149703,4.912476803687978,1.0868326477149703,-0.7004707699824159,1.45634945490861,-6.124473229015705,1.113714486260713,-6.124473229015705,1.113714486260713,0.0,0.0,0.0,0.0,0.0,0.0,3.1259052155276468,3.1259052155276468,3.125905215527647,3.1315201469542444,3.1315201469542444,2.4741404455758484,2.4741404455758484
240.0,0.24,0.001,0.499,57.301708202727674,-1.4439741761966973,1.0001034751546403,-0.0252021036884051,4.932249323704771,1.064017382290315,4.932249323704771,1.064017382290315,4.932249323704771,1.064017382290315,-0.7066105986451061,1.4574175301738002,-6.139828662690235,1.0680752651900605,-6.139828662690235,1.0680752651900605,0.0,0.0,0.0,0.0,0.0,0.0,3.1315277491697935,3.1315277491697935,3.131527749169793,3.1370785805416856,3.1370785805416856,2.487027906254923,2.487027906254923
241.0,0.241,0.001,0.499,57.585431868595535,-1.3843176390762302,1.0050553872898627,-0.024160900695314732,4.951912135222407,1.041202993090367,4.951912135222407,1.041202993090367,4.951912135222407,1.041202993090367,-0.7127655517878719,1.4584393761047056,-6.154953142765777,1.0218459309053975,-6.154953142765777,1.0218459309053975,0.0,0.0,0.0,0.0,0.0,0.0,3.1370854938685153,3.1370854938685153,3.1370854938685158,3.142572318693568,3.142572318693568,2.4999779039773617,2.4999779039773617
242.0,0.242,0.001,0.499,57.87027573363716,-1.3259679539766933,1.0100268505889454,-0.023142506572825936,4.971463299082792,1.0183941224887967,4.971463299082792,1.0183941224887967,4.971463299082792,1.0183941224887967,-0.7189353948009974,1.4594144016885249,-6.169843013125521,0.975025583819193,-6.169843013125521,0.975025583819193,0.0,0.0,0.0,0.0,0.0,0.0,3.1425785691996677,3.1425785691996677,3.1425785691996677,3.1480014919799353,3.1480014919799353,2.512991706140182,2.512991706140182
243.0,0.243,0.001,0.499,58.156233288996674,-1.2689245344747955,1.0150177514509229,-0.022146911085921477,4.990900861977525,0.9955954869044582,4.990900861977525,0.9955954869044582,4.990900861977525,0.9955954869044582,-0.7251198893845591,1.4603420150502922,-6.184494583561579,0.9276133617671657,-6.184494583561579,0.9276133617671657,0.0,0.0,0.0,0.0,0.0,0.0,3.148007105370097,3.148007105370097,3.1480071053700973,3.153366241502352,3.153366241502352,2.5260705830837447,2.5260705830837447
244.0,0.244,0.001,0.499,58.443297913122755,-1.2131865197623715,1.020027974307923,-0.021174099210664637,5.010222857000159,0.972811875256838,5.010222857000159,0.972811875256838,5.010222857000159,0.972811875256838,-0.7313187935148601,1.4612216234906563,-6.198904130300975,0.8796084403641561,-6.198904130300975,0.8796084403641561,0.0,0.0,0.0,0.0,0.0,0.0,3.1533712431006866,3.1533712431006866,3.1533712431006866,3.158666718768549,3.1586667187685493,2.5392158070581963,2.5392158070581963
245.0,0.245,0.001,0.499,58.73146287102195,-1.1587527705844487,1.0250574016121348,-0.02022405106330513,5.029427304211636,0.9500481473595078,5.029427304211636,0.9500481473595078,5.029427304211636,0.9500481473595078,-0.7375318614114212,1.4620526335240103,-6.213067896561208,0.8310100333539526,-6.213067896561208,0.8310100333539526,0.0,0.0,0.0,0.0,0.0,0.0,3.158671133501778,3.158671133501778,3.158671133501778,3.163903085559849,3.163903085559849,2.5524286511584284,2.5524286511584284
246.0,0.246,0.001,0.499,59.02072131354504,-1.105621865272908,1.0301059138233535,-0.0192967418310534,5.048512211218718,0.9273092322517285,5.048512211218718,0.9273092322517285,5.048512211218718,0.9273092322517285,-0.7437588435045571,1.462834450916963,-6.226982093135881,0.7818173929527482,-6.226982093135881,0.7818173929527482,0.0,0.0,0.0,0.0,0.0,0.0,3.163906937939774,3.163906937939774,3.1639069379397737,3.1690755137912903,3.1690755137912903,2.5657103882278913,2.5657103882278913
247.0,0.247,0.001,0.499,59.31106627670742,-1.0537920958792693,1.0351733893971187,-0.01839214170458502,5.0674755737652175,0.9046001264683792,5.0674755737652175,0.9046001264683792,5.0674755737652175,0.9046001264683792,-0.749999486403568,1.463566480727149,-6.2406428990108695,0.7320298101858997,-6.2406428990108695,0.7320298101858997,0.0,0.0,0.0,0.0,0.0,0.0,3.1690788278999102,3.1690788278999102,3.1690788278999102,3.1741841853645383,3.174184185364538,2.5790622897316102,2.5790622897316102
248.0,0.248,0.001,0.499,59.60249068104396,-1.0032614644101243,1.0402597047734545,-0.01751021581233658,5.086315376335882,0.8819258922484398,5.086315376335882,0.8819258922484398,5.086315376335882,0.8819258922484398,-0.7562535328655795,1.4642481273423666,-6.254046462011528,0.6816466152176603,-6.254046462011528,0.6816466152176603,0.0,0.0,0.0,0.0,0.0,0.0,3.174186984838179,3.174186984838179,3.1741869848381796,3.1792292920135248,3.1792292920135248,2.5924856245988397,2.5924856245988397
249.0,0.249,0.001,0.499,59.894987330999236,-0.9540276791687211,1.0453647343662273,-0.0166509241566543,5.105029592772713,0.8592916556822775,5.105029592772713,0.8592916556822775,5.105029592772713,0.8592916556822775,-0.7625207217650609,1.46487879452004,-6.267188899481407,0.6306671776735528,-6.267188899481407,0.6306671776735528,0.0,0.0,0.0,0.0,0.0,0.0,3.1792316000280674,3.1792316000280674,3.1792316000280674,3.1842110351428845,3.1842110351428845,2.605981658035822,2.605981658035822
250.0,0.25,0.001,0.499,60.18854891435372,-0.9060881512061904,1.0504883505531308,-0.01581422155185625,5.123616186903527,0.8367026047980501,5.123616186903527,0.8367026047980501,5.123616186903527,0.8367026047980501,-0.7688007880640538,1.465457885426995,-6.280066298992958,0.5790909069550507,-6.280066298992958,0.5790909069550507,0.0,0.0,0.0,0.0,0.0,0.0,3.1842128744005307,3.1842128744005307,3.1842128744005307,3.1891296256591706,3.1891296256591706,2.6195516503091825,2.6195516503091825
251.0,0.251,0.001,0.499,60.48316800168677,-0.8594399908858812,1.0556304236663134,-0.015000057564268685,5.142073113182578,0.8141639875875667,5.142073113182578,0.8141639875875667,5.142073113182578,0.8141639875875667,-0.7750934627831445,1.4659848026795412,-6.292674719090718,0.5269172525462317,-6.292674719090718,0.5269172525462317,0.0,0.0,0.0,0.0,0.0,0.0,3.1891310183743653,3.1891310183743653,3.1891310183743653,3.1939852837949063,3.1939852837949063,2.6331968555005405,2.6331968555005405
252.0,0.252,0.001,0.499,60.778837045876934,-0.8140800045642532,1.0607908219836564,-0.014208376454296685,5.160398317343007,0.7916811099719998,5.160398317343007,0.7916811099719998,5.160398317343007,0.7916811099719998,-0.781398472973212,1.4664589483838533,-6.305010190067423,0.4741457043120691,-6.305010190067423,0.4741457043120691,0.0,0.0,0.0,0.0,0.0,0.0,3.1939862516823867,3.1939862516823867,3.1939862516823867,3.198778238925474,3.198778238925474,2.6469185202329775,2.6469185202329775
253.0,0.253,0.001,0.499,61.07554838164029,-0.7700046913917453,1.0659694117207172,-0.013439117120588795,5.178589737060915,0.7692593337078905,5.178589737060915,0.7692593337078905,5.178589737060915,0.7692593337078905,-0.7877155416879855,1.4668797241766414,-6.317068714773539,0.4207757927880254,-6.317068714773539,0.4207757927880254,0.0,0.0,0.0,0.0,0.0,0.0,3.1987788031882456,3.1987788031882456,3.1987788031882456,3.203508729378909,3.203508729378909,2.6607178823700512,2.6607178823700512
254.0,0.254,0.001,0.499,61.37329422510752,-0.7272102402370152,1.071166057023348,-0.012692213046354863,5.1966453026308335,0.7469040742339313,5.1966453026308335,0.7469040742339313,5.1966453026308335,0.7469040742339313,-0.7940443879574461,1.467246531266102,-6.3288462694606675,0.36680708946061213,-6.3288462694606675,0.36680708946061213,0.0,0.0,0.0,0.0,0.0,0.0,3.2035089106971224,3.2035089106971224,3.203508910697123,3.2081770022386085,3.2081770022386085,2.6745961696881144,2.6745961696881144
255.0,0.255,0.001,0.499,61.67206667344034,-0.6856925267379108,1.0763806199610004,-0.011967592247895797,5.214562937652361,0.7246207984590674,5.214562937652361,0.7246207984590674,5.214562937652361,0.7246207984590674,-0.8003847267621055,1.4675587704731405,-6.340338804659291,0.312239207038583,-6.340338804659291,0.312239207038583,0.0,0.0,0.0,0.0,0.0,0.0,3.2081768207597317,3.2081768207597317,3.2081768207597317,3.2127833131390378,3.2127833131390378,2.688554598522725,2.688554598522725
256.0,0.256,0.001,0.499,61.97185770448785,-0.6454471104825037,1.081612960520728,-0.011265177225403294,5.232340559727731,0.7024150224925025,5.232340559727731,0.7024150224925025,5.232340559727731,0.7024150224925025,-0.8067362690081968,1.4678158422728549,-6.351542246091306,0.2570717997144272,-6.351542246091306,0.2570717997144272,0.0,0.0,0.0,0.0,0.0,0.0,3.212782788467878,3.212782788467878,3.212782788467878,3.217327926054439,3.217327926054439,2.702594372390031,2.702594372390031
257.0,0.257,0.001,0.499,62.27265917648352,-0.6064692323234738,1.086862936601898,-0.010584884916087039,5.249976081170058,0.680292309316256,5.249976081170058,0.680292309316256,5.249976081170058,0.680292309316256,-0.8130987215038147,1.4680171468362708,-6.362452495617797,0.20130456341583342,-6.362452495617797,0.20130456341583342,0.0,0.0,0.0,0.0,0.0,0.0,3.21732707724504,3.21732707724504,3.2173270772450406,3.2218111130806655,3.2218111130806655,2.716716680584023,2.716716680584023
258.0,0.258,0.001,0.499,62.57446282778329,-0.5687538118291005,1.09213040401162,-0.009926626649686075,5.267467409722021,0.6582582664009645,5.267467409722021,0.6582582664009645,5.267467409722021,0.6582582664009645,-0.8194717869360372,1.4681620840723175,-6.373065432222507,0.1449372360467982,-6.373065432222507,0.1449372360467982,0.0,0.0,0.0,0.0,0.0,0.0,3.221809958628002,3.221809958628002,3.2218099586280013,3.2262331542101363,3.226233154210136,2.7309226967506395,2.7309226967506395
259.0,0.259,0.001,0.499,62.87726027664551,-0.5322954448740639,1.0974152164609048,-0.009290308106420389,5.284812449284697,0.6363185432656854,5.284812449284697,0.6363185432656854,5.284812449284697,0.6363185432656854,-0.8258551638490685,1.4682500536700356,-6.383376913031422,0.08796959771805574,-6.383376913031422,0.08796959771805574,0.0,0.0,0.0,0.0,0.0,0.0,3.2262317120436332,3.2262317120436332,3.2262317120436337,3.2305943371000505,3.2305943371000505,2.745213577439749,2.745213577439749
260.0,0.26,0.001,0.499,63.18104302105307,-0.49708840137322496,1.1027172255615612,-0.008675829277437878,5.302009100656312,0.6144788289825103,5.302009100656312,0.6144788289825103,5.302009100656312,0.6144788289825103,-0.8322485466234375,1.468280455141002,-6.393382774368918,0.030401470966512814,-6.393382774368918,0.030401470966512814,0.0,0.0,0.0,0.0,0.0,0.0,3.2305926245772874,3.2305926245772874,3.2305926245772874,3.2348949568338803,3.2348949568338807,2.7595904606360726,2.7595904606360726
261.0,0.261,0.001,0.499,63.4858024385786,-0.46312662316148917,1.1080362808238418,-0.008083084427811017,5.319055262280592,0.5927448496268616,5.319055262280592,0.5927448496268616,5.319055262280592,0.5927448496268616,-0.8386516254562884,1.4682526878619655,-6.403078832850879,-0.027767279036621746,-6.403078832850879,-0.027767279036621746,0.0,0.0,0.0,0.0,0.0,0.0,3.2348929907350246,3.2348929907350246,3.2348929907350246,3.2391353156762768,3.2391353156762768,2.774054464270203,2.774054464270203
262.0,0.262,0.001,0.499,63.79152978629293,-0.4304037220228186,1.1133722296548463,-0.007511962062136613,5.3359488310044485,0.5711223656744036,5.3359488310044485,0.5711223656744036,5.3359488310044485,0.5711223656744036,-0.8450640863428036,1.4681661511176762,-6.412460886515214,-0.08653674428931672,-6.412460886515214,-0.08653674428931672,0.0,0.0,0.0,0.0,0.0,0.0,3.2391331121999447,3.2391331121999447,3.2391331121999447,3.2433157228214373,3.2433157228214373,2.7886066847108886,2.7886066847108886
263.0,0.263,0.001,0.499,64.0982162007175,-0.3989129778713909,1.118724917357691,-0.0069623448927910525,5.3526877028447,0.5496171693455606,5.3526877028447,0.5496171693455606,5.3526877028447,0.5496171693455606,-0.8514856110587938,1.468020244143902,-6.421524715990173,-0.14590697377410095,-6.421524715990173,-0.14590697377410095,0.0,0.0,0.0,0.0,0.0,0.0,3.2433132975815204,3.2433132975815204,3.2433132975815204,3.2474364941350777,3.2474364941350777,2.8032481952398136,2.8032481952398136
264.0,0.264,0.001,0.499,64.40585269782132,-0.36864733708784797,1.1240941871314545,-0.006434109810892351,5.369269773763512,0.5282350818987016,5.369269773763512,0.5282350818987016,5.369269773763512,0.5282350818987016,-0.8579158771444947,1.4678143661706164,-6.4302660857008505,-0.20587797328563298,-6.4302660857008505,-0.20587797328563298,0.0,0.0,0.0,0.0,0.0,0.0,3.247433862157334,3.247433862157334,3.2474338621573344,3.2514979518900735,3.2514979518900735,2.817980044510185,2.817980044510185
265.0,0.265,0.001,0.499,64.71443017306264,-0.3395994110135097,1.1294798800719068,-0.005927127860019238,5.385692940452248,0.5069819508731128,5.385692940452248,0.5069819508731128,5.385692940452248,0.5069819508731128,-0.864354557889609,1.4675479164653458,-6.438680745114283,-0.2664497052707302,-6.438680745114283,-0.2664497052707302,0.0,0.0,0.0,0.0,0.0,0.0,3.2514951276112036,3.2514951276112036,3.251495127611204,3.2555004244959123,3.2555004244959123,2.8328032549904276,2.8328032549904276
266.0,0.266,0.001,0.499,65.02393940147618,-0.3117614746053639,1.1348818351730303,-0.00544126421273629,5.401955101123406,0.48586364728294773,5.401955101123406,0.48586364728294773,5.401955101123406,0.48586364728294773,-0.8708013223196325,1.4672202943766646,-6.446764430023491,-0.3276220886811165,-6.446764430023491,-0.3276220886811165,0.0,0.0,0.0,0.0,0.0,0.0,3.2554974217620356,3.2554974217620356,3.2554974217620356,3.2594442462220634,3.2594442462220634,2.8477188213944005,2.8477188213944005
267.0,0.267,0.001,0.499,65.33437103780606,-0.28512546525456656,1.1402998893293406,-0.004976378149972879,5.418054156310297,0.46488606276341066,5.418054156310297,0.46488606276341066,5.418054156310297,0.46488606276341066,-0.8772558351835034,1.4668308993778254,-6.454512863870853,-0.38939499883913203,-6.454512863870853,-0.38939499883913203,0.0,0.0,0.0,0.0,0.0,0.0,3.2594410782885364,3.2594410782885364,3.2594410782885364,3.2633297569154074,3.2633297569154074,2.8627277090995364,2.8627277090995364
268.0,0.268,0.001,0.499,65.6457156166851,-0.2596829817711154,1.1457338773390147,-0.004532323043302379,5.433988009674132,0.44405510667050024,5.433988009674132,0.44405510667050024,5.433988009674132,0.44405510667050024,-0.8837177569426146,1.4663791311105088,-6.461921759111148,-0.45176826731663294,-6.461921759111148,-0.45176826731663294,0.0,0.0,0.0,0.0,0.0,0.0,3.26332643644854,3.26332643644854,3.26332643644854,3.2671573017118543,3.2671573017118543,2.877830852554404,2.877830852554404
269.0,0.269,0.001,0.499,65.9579635528605,-0.2354252835372762,1.1511836319078328,-0.004108946340166672,5.449754568818144,0.4233767031357065,5.449754568818144,0.4233767031357065,5.449754568818144,0.4233767031357065,-0.8901867437612292,1.4658643894286816,-6.468986818614613,-0.514741681827288,-6.468986818614613,-0.514741681827288,0.0,0.0,0.0,0.0,0.0,0.0,3.267153840789813,3.267153840789813,3.267153840789813,3.270927230742279,3.270927230742279,2.893029153677181,2.893029153677181
270.0,0.27,0.001,0.499,66.27110514146698,-0.21234328983226058,1.156648983653941,-0.0037060895520895447,5.465351746108391,0.4028567880771273,5.465351746108391,0.4028567880771273,5.465351746108391,0.4028567880771273,-0.8966624474983396,1.465286074442549,-6.475703737110336,-0.5783149861324595,-6.475703737110336,-0.5783149861324595,0.0,0.0,0.0,0.0,0.0,0.0,3.270923640858397,3.270923640858397,3.2709236408583964,3.2746398988329726,3.2746398988329726,2.9083234802466094,2.9083234802466094
271.0,0.271,0.001,0.499,66.5851305583468,-0.1904275793305618,1.162129761113442,-0.003323588245921003,5.480777459500855,0.38250130616854167,5.480777459500855,0.38250130616854167,5.480777459500855,0.38250130616854167,-0.9031445157010098,1.4646435865625882,-6.482068202670306,-0.6424878799608318,-6.482068202670306,-0.6424878799608318,0.0,0.0,0.0,0.0,0.0,0.0,3.2746361908981956,3.2746361908981956,3.2746361908981956,3.278295665200724,3.278295665200724,2.9237146642870258,2.9237146642870258
272.0,0.272,0.001,0.499,66.90002986041799,-0.1696683897762675,1.1676257907468164,-0.002961272038152953,5.496029633374449,0.36231620776804974,5.496029633374449,0.36231620776804974,5.496029633374449,0.36231620776804974,-0.9096325915992443,1.4639363265436462,-6.488075898234408,-0.7072600189419241,-6.488075898234408,-0.7072600189419241,0.0,0.0,0.0,0.0,0.0,0.0,3.278291849548964,3.278291849548964,3.278291849548964,3.281894893142717,3.281894893142717,2.9392035004490884,2.9392035004490884
273.0,0.273,0.001,0.499,67.21579298609025,-0.15005561783556826,1.173136896946186,-0.002618964592344993,5.511106199369532,0.3423074458079599,5.511106199369532,0.3423074458079599,5.511106199369532,0.3423074458079599,-0.9161263141024208,1.4631636955290928,-6.493722503176638,-0.7726310145535974,-6.493722503176638,-0.7726310145535974,0.0,0.0,0.0,0.0,0.0,0.0,3.2818909795352007,3.2818909795352007,3.2818909795352007,3.285437949721451,3.285437949721451,2.954790744387872,2.954790744387872
274.0,0.274,0.001,0.499,67.53240975572939,-0.1315788191295824,1.1786629020434174,-0.002296483619697312,5.526005097231518,0.3224809726476813,5.526005097231518,0.3224809726476813,5.526005097231518,0.3224809726476813,-0.9226253177973337,1.462325095095009,-6.499003694912827,-0.8386004340836304,-6.499003694912827,-0.8386004340836304,0.0,0.0,0.0,0.0,0.0,0.0,3.285433947353268,3.285433947353268,3.2854339473532685,3.2889252054448224,3.288925205444823,2.970477111140024,2.970477111140024
275.0,0.275,0.001,0.499,67.84986987217034,-0.1142272084495116,1.1842036263190765,-0.0019936408828058645,5.540724275659151,0.3028427368914472,5.540724275659151,0.3028427368914472,5.540724275659151,0.3028427368914472,-0.9291292329478837,1.4614199272944037,-6.503915150550091,-0.9051678006054096,-6.503915150550091,-0.9051678006054096,0.0,0.0,0.0,0.0,0.0,0.0,3.2889211229510047,3.2889211229510047,3.2889211229510047,3.292357033941598,3.292357033941598,2.986263273501708,2.986263273501708
276.0,0.276,0.001,0.499,68.16816292127893,-0.0979896601560337,1.1897588880122336,-0.0017102422026330885,5.555261693157024,0.2833986801727761,5.555261693157024,0.2833986801727761,5.555261693157024,0.2833986801727761,-0.935637685496462,1.460447594701436,-6.508452548578259,-0.9723325929677356,-6.508452548578259,-0.9723325929677356,0.0,0.0,0.0,0.0,0.0,0.0,3.2923528794053847,3.2923528794053847,3.292352879405385,3.295733811632479,3.295733811632479,3.002149860409077,3.002149860409077
277.0,0.277,0.001,0.499,68.48727837256286,-0.08285470876472437,1.1953285033311254,-0.001446087468725444,5.569615318891881,0.2641547339076445,5.569615318891881,0.2641547339076445,5.569615318891881,0.2641547339076445,-0.9421502970670654,1.4594075004556373,-6.512611570603488,-1.0400942457987103,-6.512611570603488,-1.0400942457987103,0.0,0.0,0.0,0.0,0.0,0.0,3.295729592593536,3.295729592593536,3.295729592593536,3.29905591739697,3.2990559173969705,3.0181374553230618,3.0181374553230618
278.0,0.278,0.001,0.499,68.80720557983173,-0.06881054971918402,1.2009122864646777,-0.0012009706527070206,5.5837831335522425,0.24511681601842347,5.5837831335522425,0.24511681601842347,5.5837831335522425,0.24511681601842347,-0.9486666849701897,1.4582990483061136,-6.516387903124238,-1.108452149523624,-6.516387903124238,-1.108452149523624,0.0,0.0,0.0,0.0,0.0,0.0,3.2990516408595094,3.2990516408595094,3.2990516408595094,3.3023237322362595,3.3023237322362595,3.034226594620267,3.034226594620267
279.0,0.279,0.001,0.499,69.12793378190676,-0.05584504035342237,1.2065100495948886,-0.0009746798250763181,5.5977631302109,0.22629082763070246,5.5977631302109,0.22629082763070246,5.5977631302109,0.22629082763070246,-0.9551864622095395,1.4571216426557168,-6.519777239349817,-1.1774056503967085,-6.519777239349817,-1.1774056503967085,0.0,0.0,0.0,0.0,0.0,0.0,3.302319404680506,3.302319404680506,3.302319404680506,3.3055376389323734,3.3055376389323734,3.050417765991784,3.050417765991784
280.0,0.28,0.001,0.499,69.44945210337977,-0.043945701044928835,1.2121216029100783,-0.0007669971753311207,5.611553315189776,0.20768264974519743,5.611553315189776,0.20768264974519743,5.611553315189776,0.20768264974519743,-0.9617092374906011,1.45587468860517,-6.522775281061605,-1.2469540505465782,-6.522775281061605,-1.2469540505465782,0.0,0.0,0.0,0.0,0.0,0.0,3.305533266323793,3.305533266323793,3.3055332663237924,3.3086980217038167,3.3086980217038167,3.0667114068517547,3.0667114068517547
281.0,0.281,0.001,0.499,69.77174955542208,-0.03309971655972595,1.217746754619005,-0.0005776990354441081,5.625151708926669,0.18929813988701255,5.625151708926669,0.18929813988701255,5.625151708926669,0.18929813988701255,-0.9682346152311182,1.454557591997135,-6.525377740517134,-1.3170966080351114,-6.525377740517134,-1.3170966080351114,0.0,0.0,0.0,0.0,0.0,0.0,3.308693609504916,3.308693609504916,3.308693609504916,3.3118052658579695,3.31180526585797,3.083107902757527,3.083107902757527
282.0,0.28200000000000003,0.001,0.499,70.0948150366429,-0.023293937590569438,1.2233853109658483,-0.0004065559067095115,5.638556346843372,0.1711431287345966,5.638556346843372,0.1711431287345966,5.638556346843372,0.1711431287345966,-0.9747621955735153,1.4531697594602055,-6.5275803423970915,-1.3878325369294757,-6.5275803423970915,-1.3878325369294757,0.0,0.0,0.0,0.0,0.0,0.0,3.311800819040026,3.311800819040026,3.311800819040026,3.314859757440493,3.314859757440493,3.099607585843252,3.099607585843252
283.0,0.28300000000000003,0.001,0.499,70.41862553792816,-0.01446568627351186,1.2290368703658094,-0.00025247385403333095,5.651559399961183,0.15408205267618055,5.651559399961183,0.15408205267618055,5.651559399961183,0.15408205267618055,-0.9812915743993107,1.4517105984528187,-6.529378825795379,-1.4591610073869214,-6.529378825795379,-1.4591610073869214,0.0,0.0,0.0,0.0,0.0,0.0,3.3148552804965723,3.3148552804965723,3.3148552804965723,3.3179657176777453,3.3179657176777453,3.11621073326878,3.11621073326878
284.0,0.28400000000000003,0.001,0.499,70.7431554654497,-0.006541636011084673,1.234700986122319,-0.00011417308686045582,5.664115756509509,0.13830076717287512,5.664115756509509,0.13830076717287512,5.664115756509509,0.13830076717287512,-0.987822343345563,1.4501795173070668,-6.530768946252259,-1.531081145751906,-6.530768946252259,-1.531081145751906,0.0,0.0,0.0,0.0,0.0,0.0,3.3179612143004613,3.3179612143004613,3.3179612143004613,3.321145311999528,3.321145311999528,3.132917565685717,3.132917565685717
285.0,0.28500000000000003,0.001,0.499,71.06838033901255,0.0005467669946141296,1.240377230975373,9.542884297250664e-06,5.676244853053807,0.12371597115770648,5.676244853053807,0.12371597115770648,5.676244853053807,0.12371597115770648,-0.9943540898233936,1.4485759252724018,-6.531746477830658,-1.6035920346650259,-6.531746477830658,-1.6035920346650259,0.0,0.0,0.0,0.0,0.0,0.0,3.321140785153016,3.321140785153016,3.321140785153016,3.324388161901952,3.324388161901952,3.149728245722504,3.149728245722504
286.0,0.28600000000000003,0.001,0.499,71.39432776590978,0.00665071682620433,1.246066086763133,0.00011607690623505304,5.688855787760061,0.10653402193780237,5.688855787760061,0.10653402193780237,5.688855787760061,0.10653402193780237,-1.0008863970386292,1.4468992325592187,-6.53230721523564,-1.6766927131831544,-6.53230721523564,-1.6766927131831544,0.0,0.0,0.0,0.0,0.0,0.0,3.324383613979921,3.324383613979921,3.324383613979921,3.327235202567126,3.327235202567126,3.1666428764903687,3.1666428764903687
287.0,0.28700000000000003,0.001,0.499,71.7209861188709,0.011784912710097815,1.2517673505514464,0.00020568552885133487,5.701263788313383,0.08960862261628182,5.701263788313383,0.08960862261628182,5.701263788313383,0.08960862261628182,-1.0074188440146064,1.4451488503823087,-6.532446975977057,-1.7503821769100945,-6.532446975977057,-1.7503821769100945,0.0,0.0,0.0,0.0,0.0,0.0,3.3272306375180087,3.3272306375180087,3.3272306375180087,3.3300312335448496,3.3300312335448496,3.183661500112016,3.183661500112016
288.0,0.28800000000000003,0.001,0.499,72.0483436643216,0.01596437424341832,1.257480817550808,0.00027863089356822834,5.71346699936177,0.07294536471689346,5.71346699936177,0.07294536471689346,5.71346699936177,0.07294536471689346,-1.0139510056171817,1.4433241910041716,-6.532161602575343,-1.8246593781369556,-6.532161602575343,-1.8246593781369556,0.0,0.0,0.0,0.0,0.0,0.0,3.3300266537962964,3.3300266537962964,3.330026653796296,3.332776636997848,3.332776636997848,3.200784096274889,3.200784096274889
289.0,0.289,0.001,0.499,72.37638856358198,0.019204438518408654,1.2632062811372748,0.0003351806831430527,5.725463586466655,0.05654978957482436,5.725463586466655,0.05654978957482436,5.725463586466655,0.05654978957482436,-1.020482452581992,1.4414246677781803,-6.531446964810427,-1.8995232259913646,-6.531446964810427,-1.8995232259913646,0.0,0.0,0.0,0.0,0.0,0.0,3.3327720445833413,3.3327720445833413,3.3327720445833413,3.3354717933859583,3.335471793385959,3.218010580810824,3.218010580810824
290.0,0.29,0.001,0.499,72.70510887411395,0.021520757050216197,1.2689435328742358,0.0003756080680480553,5.7372517369609355,0.040427384905002625,5.7372517369609355,0.040427384905002625,5.7372517369609355,0.040427384905002625,-1.0270127515440057,1.4394496951915858,-6.530298962013686,-1.974972586594512,-6.530298962013686,-1.974972586594512,0.0,0.0,0.0,0.0,0.0,0.0,3.335467189962346,3.335467189962346,3.3354671899623454,3.338117081103126,3.338117081103126,3.2353408043039398,3.2353408043039398
291.0,0.291,0.001,0.499,73.03449255081759,0.02292929250825339,1.274692362535039,0.00040019164942189077,5.748829660803365,0.024583581373835466,5.748829660803365,0.024583581373835466,5.748829660803365,0.024583581373835466,-1.0335414650694086,1.437398688908361,-6.5287135254028525,-2.051006283224914,-6.5287135254028525,-2.051006283224914,0.0,0.0,0.0,0.0,0.0,0.0,3.338112467965543,3.338112467965543,3.3381124679655434,3.340712876114083,3.340712876114083,3.252774550728523,3.252774550728523
292.0,0.292,0.001,0.499,73.36452744737633,0.023446315251498904,1.2804525581264679,0.00040921539859921824,5.760195591428728,0.009023749177327454,5.760195591428728,0.009023749177327454,5.760195591428728,0.009023749177327454,-1.0400681516898684,1.4352710658118732,-6.526686620459778,-2.1276230964876475,-6.526686620459778,-2.1276230964876475,0.0,0.0,0.0,0.0,0.0,0.0,3.340708254213974,3.340708254213974,3.340708254213974,3.3432595515910504,3.343259551591051,3.2703115361187183,3.2703115361187183
293.0,0.293,0.001,0.499,73.69520131765029,0.023088399668276496,1.2862239059130611,0.0004029685932277914,5.7713477865931635,-0.006246805371426828,5.7713477865931635,-0.006246805371426828,5.7713477865931635,-0.006246805371426828,-1.0465923659392193,1.4330662440473856,-6.524214249350911,-2.2048217644876886,-6.524214249350911,-2.2048217644876886,0.0,0.0,0.0,0.0,0.0,0.0,3.34325492155303,3.34325492155303,3.34325492155303,3.3457574775508006,3.3457574775508006,3.2879514072717466,3.2879514072717466
294.0,0.294,0.001,0.499,74.02650181711805,0.02187242032122264,1.292006190442275,0.0003817457499854508,5.782284529214024,-0.02122284324234061,5.782284529214024,-0.02122284324234061,5.782284529214024,-0.02122284324234061,-1.0531136583926097,1.4307836430643797,-6.52129245339035,-2.282600983005829,-6.52129245339035,-2.282600983005829,0.0,0.0,0.0,0.0,0.0,0.0,3.3457528396898764,3.3457528396898764,3.3457528396898764,3.3482070204924406,3.348207020492441,3.3056937404863875,3.3056937404863875
295.0,0.295,0.001,0.499,74.35841650436598,0.019815547898330444,1.2977991945704788,0.0003458465539125088,5.793004128203635,-0.03589919607294199,5.793004128203635,-0.03589919607294199,5.793004128203635,-0.03589919607294199,-1.0596315757081551,1.4284226836587042,-6.51791731554531,-2.3609594056755108,-6.51791731554531,-2.3609594056755108,0.0,0.0,0.0,0.0,0.0,0.0,3.3482023748321366,3.3482023748321366,3.348202374832137,3.350608543036263,3.350608543036263,3.3235380403384083,3.3235380403384083
296.0,0.296,0.001,0.499,74.69093284262507,0.01693524497113588,1.3036026994897751,0.00029557578437813315,5.803504919296318,-0.05027076953437564,5.803504919296318,-0.05027076953437564,5.803504919296318,-0.05027076953437564,-1.066145660671139,1.4259827880145455,-6.514084962983804,-2.4398956441587503,-6.514084962983804,-2.4398956441587503,0.0,0.0,0.0,0.0,0.0,0.0,3.3506038893263934,3.3506038893263934,3.3506038893263934,3.352962403564035,3.352962403564035,3.3414837384946185,3.3414837384946185
297.0,0.297,0.001,0.499,75.02403820135464,0.013249261561292856,1.309416484755643,0.00023124323770248482,5.813785265868042,-0.06433254667564832,5.813785265868042,-0.06433254667564832,5.813785265868042,-0.06433254667564832,-1.0726554522408034,1.4234633797462264,-6.509791569664365,-2.5194082683191557,-6.509791569664365,-2.5194082683191557,0.0,0.0,0.0,0.0,0.0,0.0,3.3529577412986957,3.3529577412986957,3.3529577412986957,3.3552689558610753,3.3552689558610758,3.359530192567138,3.359530192567138
298.0,0.298,0.001,0.499,75.35771985787265,0.008775630516965718,1.315240328315391,0.00015316364645954388,5.82384355974804,-0.07807959124294095,5.82384355974804,-0.07807959124294095,5.82384355974804,-0.07807959124294095,-1.079160485599771,1.4208638839398364,-6.505033358967567,-2.5994958063898608,-6.505033358967567,-2.5994958063898608,0.0,0.0,0.0,0.0,0.0,0.0,3.3552642842977085,3.3552642842977085,3.3552642842977085,3.35752854876052,3.35752854876052,3.3776766850094964,3.3776766850094964
299.0,0.299,0.001,0.499,75.69196499903188,0.0035326627006513865,1.321074006537413,6.165659548876153e-05,5.833678222021765,-0.09150705097078235,5.833678222021765,-0.09150705097078235,5.833678222021765,-0.09150705097078235,-1.08566029220614,1.4181837271947024,-6.499806606369145,-2.6801567451340116,-6.499806606369145,-2.6801567451340116,0.0,0.0,0.0,0.0,0.0,0.0,3.3575238669371945,3.3575238669371945,3.3575238669371945,3.3597415257901173,3.3597415257901178,3.3959224220560773,3.3959224220560773
300.0,0.3,0.001,0.499,76.02676072294173,-0.0024610580097719948,1.3269172942412375,-4.295356535310009e-05,5.843287703824504,-0.10461016084186162,5.843287703824504,-0.10461016084186162,5.843287703824504,-0.10461016084186162,-1.0921543998482945,1.4154223376647073,-6.494107642154468,-2.7613895299952373,-6.494107642154468,-2.7613895299952373,0.0,0.0,0.0,0.0,0.0,0.0,3.3597368325452366,3.3597368325452366,3.3597368325452366,3.3619082248219505,3.3619082248219505,3.4142665327064265,3.4142665327064265
301.0,0.301,0.001,0.499,76.36179856170432,-0.00795436691916377,1.3327648076464107,-0.00013882989265112542,5.847513405173098,-0.09587632729802532,5.847513405173098,-0.09587632729802532,5.847513405173098,-0.09587632729802532,-1.0986423327024686,1.412579145099472,-6.487932854174127,-2.8431925652353263,-6.487932854174127,-2.8431925652353263,0.0,0.0,0.0,0.0,0.0,0.0,3.3619035188122104,3.3619035188122104,3.3619035188122104,3.3666299291361517,3.3666299291361517,3.43270806775586,3.43270806775586
302.0,0.302,0.001,0.499,76.69707743351566,-0.012978158312991175,1.3386165278718904,-0.00022651159340676875,5.851720225479768,-0.08768170075564333,5.851720225479768,-0.08768170075564333,5.851720225479768,-0.08768170075564333,-1.1051236113931089,1.4096535808854158,-6.481278690640389,-2.9255642140561,-6.481278690640389,-2.9255642140561,0.0,0.0,0.0,0.0,0.0,0.0,3.3666251992413336,3.3666251992413336,3.366625199241334,3.3712004805597515,3.3712004805597515,3.451245998873779,3.451245998873779
303.0,0.303,0.001,0.499,77.03259537369127,-0.017559729895432207,1.3444724206274643,-0.0003064751024361716,5.855892755573808,-0.07996350902940286,5.855892755573808,-0.07996350902940286,5.855892755573808,-0.07996350902940286,-1.1115977530560732,1.4066450780867135,-6.4741416629642705,-3.0085027987022466,-6.4741416629642705,-3.0085027987022466,0.0,0.0,0.0,0.0,0.0,0.0,3.371195728344812,3.371195728344812,3.371195728344812,3.375627264498912,3.375627264498912,3.46987921773104,3.46987921773104
304.0,0.304,0.001,0.499,77.36834976514348,-0.02172374207277668,1.3503324402363353,-0.0003791508250239707,5.860019608870928,-0.07267572258779911,5.860019608870928,-0.07267572258779911,5.860019608870928,-0.07267572258779911,-1.1180642714047062,1.403553071486172,-6.466518348632988,-3.092006600541617,-6.466518348632988,-3.092006600541617,0.0,0.0,0.0,0.0,0.0,0.0,3.3756224913493313,3.3756224913493313,3.3756224913493313,3.3799156460659785,3.3799156460659785,3.488606535177685,3.488606535177685
305.0,0.305,0.001,0.499,77.70433751275667,-0.025492943250273053,1.356196532678545,-0.0004449357957413296,5.864092442209863,-0.06578497071735884,5.864092442209863,-0.06578497071735884,5.864092442209863,-0.06578497071735884,-1.1245226767988337,1.4003769976260527,-6.458405394127536,-3.1760738601192298,-6.458405394127536,-3.1760738601192298,0.0,0.0,0.0,0.0,0.0,0.0,3.379910853218775,3.379910853218775,3.379910853218775,3.384069464008264,3.384069464008264,3.507426680472257,3.507426680472257
306.0,0.306,0.001,0.499,78.04055517309233,-0.028888708818697772,1.3620646378547543,-0.0005042030855361978,5.868105176209188,-0.05926728979486821,5.868105176209188,-0.05926728979486821,5.868105176209188,-0.05926728979486821,-1.130972476316714,1.3971162948488718,-6.449799517880173,-3.26070277718095,-6.449799517880173,-3.26070277718095,0.0,0.0,0.0,0.0,0.0,0.0,3.3840646525765727,3.3840646525765727,3.3840646525765727,3.388091423999412,3.388091423999412,3.526338300563898,3.526338300563898
307.0,0.307,0.001,0.499,78.37699904935631,-0.03193143525509458,1.3679366912437334,-0.0005573086800887959,5.872053388979182,-0.05310559455259809,5.872053388979182,-0.05310559455259809,5.872053388979182,-0.05310559455259809,-1.1374131738299855,1.3937704033382092,-6.440697513271584,-3.3458915106625136,-6.440697513271584,-3.3458915106625136,0.0,0.0,0.0,0.0,0.0,0.0,3.3880865949909946,3.3880865949909946,3.3880865949909946,3.3919834044910315,3.3919834044910315,3.5453399594283574,3.5453399594283574
308.0,0.308,0.001,0.499,78.71366542522843,-0.03464151334739904,1.3738126279834586,-0.0006046084657856755,5.875936739725109,-0.04729978569687966,5.875936739725109,-0.04729978569687966,5.875936739725109,-0.04729978569687966,-1.1438442700816531,1.39033876515957,-6.431096251667531,-3.431638178639263,-6.431096251667531,-3.431638178639263,0.0,0.0,0.0,0.0,0.0,0.0,3.391978558822601,3.391978558822601,3.3919785588226015,3.3957452344445143,3.3957452344445143,3.564430137458955,3.564430137458955
309.0,0.309,0.001,0.499,79.05055062998838,-0.03703959782358247,1.3796923840077748,-0.0006464629356360398,5.8797560243162925,-0.04185446985036423,5.8797560243162925,-0.04185446985036423,5.8797560243162925,-0.04185446985036423,-1.150265262767148,1.3868208243013385,-6.420992685494812,-3.5179408582316363,-6.420992685494812,-3.5179408582316363,0.0,0.0,0.0,0.0,0.0,0.0,3.3957403729576328,3.3957403729576328,3.3957403729576328,3.399376178389251,3.399376178389251,3.583607230913525,3.583607230913525
310.0,0.31,0.001,0.499,79.38765094468562,-0.039146214039609356,1.3855758944087508,-0.0006832303246816131,5.883510400976043,-0.03676738904557338,5.883510400976043,-0.03676738904557338,5.883510400976043,-0.03676738904557338,-1.1566756466185042,1.3832160267158773,-6.4103838513563725,-3.6047975854611134,-6.4103838513563725,-3.6047975854611134,0.0,0.0,0.0,0.0,0.0,0.0,3.399371301859743,3.399371301859743,3.3993713018597433,3.402876335668466,3.402876335668466,3.602869551418262,3.602869551418262
311.0,0.311,0.001,0.499,79.72496253222917,-0.040981464422890475,1.3914630922165148,-0.0007152614864683566,5.887197807763899,-0.03203116178674351,5.887197807763899,-0.03203116178674351,5.887197807763899,-0.03203116178674351,-1.1630749134916896,1.3795238203608264,-6.399266873185469,-3.6922063550509616,-6.399266873185469,-3.6922063550509616,0.0,0.0,0.0,0.0,0.0,0.0,3.4028714448121837,3.4028714448121837,3.4028714448121837,3.40624642992184,3.4062464299218402,3.622215325529351,3.622215325529351
312.0,0.312,0.001,0.499,80.06248138703499,-0.04256481647619683,1.397353907520437,-0.0007428961930167653,5.890815303922254,-0.027634706548408612,5.890815303922254,-0.027634706548408612,5.890815303922254,-0.027634706548408612,-1.1694625524571283,1.3757436552406608,-6.387638965438805,-3.7801651201657567,-6.387638965438805,-3.7801651201657567,0.0,0.0,0.0,0.0,0.0,0.0,3.4062415254010734,3.4062415254010734,3.4062415254010734,3.4094876369754075,3.409487636975408,3.641642694353188,3.641642694353188
313.0,0.313,0.001,0.499,80.40020330037605,-0.04391495626177588,1.4032482668643735,-0.0007664605776372898,5.894359343936479,-0.023564384620524535,5.894359343936479,-0.023564384620524535,5.894359343936479,-0.023564384620524535,-1.1758380498934569,1.3718749834485775,-6.375497436328614,-3.868671792083258,-6.375497436328614,-3.868671792083258,0.0,0.0,0.0,0.0,0.0,0.0,3.4094827194059523,3.4094827194059523,3.4094827194059523,3.4126014466740293,3.4126014466740293,3.6611497132259307,3.6611497132259307
314.0,0.314,0.001,0.499,80.7381238381228,-0.04504969355145595,1.409146092858164,-0.0007862654794873638,5.897825993790543,-0.019804901850073966,5.897825993790543,-0.019804901850073966,5.897825993790543,-0.019804901850073966,-1.1822008895845506,1.3679172592087856,-6.362839691093716,-3.957724239791806,-6.362839691093716,-3.957724239791806,0.0,0.0,0.0,0.0,0.0,0.0,3.412596516631245,3.412596516631245,3.412596516631245,3.415589553872565,3.415589553872565,3.6807343514530584,3.6807343514530584
315.0,0.315,0.001,0.499,81.07623832809253,-0.045985907040347246,1.4150473039568372,-0.0008026054873701003,5.9012110986731825,-0.016340007882736433,5.9012110986731825,-0.016340007882736433,5.9012110986731825,-0.016340007882736433,-1.1885505528198603,1.3638699389192797,-6.349663235309643,-4.047320289505989,-6.349663235309643,-4.047320289505989,0.0,0.0,0.0,0.0,0.0,0.0,3.415584611897301,3.415584611897301,3.415584611897301,3.418453773916616,3.418453773916616,3.700394492109543,3.700394492109543
316.0,0.316,0.001,0.499,81.41454185471476,-0.04673952006067553,1.4209518143675033,-0.0008157585158607278,5.904510410666114,-0.013153028490627525,5.904510410666114,-0.013153028490627525,5.904510410666114,-0.013153028490627525,-1.1948865184980983,1.3597324811951867,-6.335965678237992,-4.137457724092861,-6.335965678237992,-4.137457724092861,0.0,0.0,0.0,0.0,0.0,0.0,3.4184488205206014,3.4184488205206014,3.4184488205206014,3.421195978308685,3.421195978308685,3.7201279319011795,3.7201279319011795
317.0,0.317,0.001,0.499,81.75302925915304,-0.04732549903988563,1.4268595340514811,-0.0008259857783954194,5.907719683977846,-0.010227262534691556,5.907719683977846,-0.010227262534691556,5.907719683977846,-0.010227262534691556,-1.2012082632343135,1.3555043469127863,-6.321744736215233,-4.228134282400541,-6.321744736215233,-4.228134282400541,0.0,0.0,0.0,0.0,0.0,0.0,3.421191013980089,3.421191013980089,3.421191013980089,3.423818046744065,3.423818046744065,3.7399323810875313,3.7399323810875313
318.0,0.318,0.001,0.499,82.09169514339726,-0.04775786850454292,1.4327703687957207,-0.0008335320491387744,5.910834744239617,-0.007546270743355056,5.910834744239617,-0.007546270743355056,5.910834744239617,-0.007546270743355056,-1.2075152614703948,1.3511849992543057,-6.306998236081311,-4.319347658480527,-6.306998236081311,-4.319347658480527,0.0,0.0,0.0,0.0,0.0,0.0,3.423813071950696,3.423813071950696,3.423813071950696,3.4263218322289344,3.4263218322289344,3.759805463466925,3.759805463466925
319.0,0.319,0.001,0.499,82.4305338771547,-0.048049737744189414,1.4386842203330765,-0.0008386261283558982,5.913851537355809,-0.005094079217123716,5.913851537355809,-0.005094079217123716,5.913851537355809,-0.005094079217123716,-1.2138069855890432,1.346773903753611,-6.291724118648447,-4.411095500694527,-6.291724118648447,-4.411095500694527,0.0,0.0,0.0,0.0,0.0,0.0,3.426316847422621,3.426316847422621,3.426316847422621,3.4287091365098785,3.4287091365098785,3.779744716423797,3.779744716423797
320.0,0.32,0.001,0.499,82.76953960662931,-0.04821333533628051,1.4446009864955336,-0.0008414814449862224,5.916766162456971,-0.0028553166303242374,5.916766162456971,-0.0028553166303242374,5.916766162456971,-0.0028553166303242374,-1.220082906031254,1.3422705283429148,-6.275920442210666,-4.503375410696123,-6.275920442210666,-4.503375410696123,0.0,0.0,0.0,0.0,0.0,0.0,3.4287041421293023,3.4287041421293023,3.4287041421293023,3.43098169352038,3.43098169352038,3.7997475910386918,3.7997475910386918
321.0,0.321,0.001,0.499,83.1087062644907,-0.048260048620266775,1.4505205613882002,-0.0008422967455962018,5.919574892666578,-0.0008153006099794017,5.919574892666578,-0.0008153006099794017,5.919574892666578,-0.0008153006099794017,-1.2263424914173486,1.337674343400638,-6.259585386094686,-4.596184942276959,-6.259585386094686,-4.596184942276959,0.0,0.0,0.0,0.0,0.0,0.0,3.430976689994082,3.430976689994082,3.430976689994082,3.4331411589721306,3.4331411589721306,3.8198114522611095,3.8198114522611095
322.0,0.322,0.001,0.499,83.44802758050623,-0.048200465923400576,1.4564428355748713,-0.0008412568313586689,5.92227418667118,0.0010399142375328357,5.92227418667118,0.0010399142375328357,5.92227418667118,0.0010399142375328357,-1.2325852086716016,1.3329848218005713,-6.242717254252942,-4.689521600066642,-6.242717254252942,-4.689521600066642,0.0,0.0,0.0,0.0,0.0,0.0,3.4331361467201176,3.4331361467201176,3.433136146720117,3.4351891045829053,3.4351891045829057,3.8399335791453426,3.8399335791453426
323.0,0.323,0.001,0.499,83.78749709244529,-0.048044419909824325,1.462367696268346,-0.0008385333146371516,5.924860693474657,0.002723516721517311,5.924860693474657,0.002723516721517311,5.924860693474657,0.002723516721517311,-1.238810523150501,1.3282014389624965,-6.225314478899618,-4.7833828380748695,-6.225314478899618,-4.7833828380748695,0.0,0.0,0.0,0.0,0.0,0.0,3.435184084019724,3.435184084019724,3.435184084019724,3.437127015740069,3.437127015740069,3.860111165149387,3.860111165149387
324.0,0.324,0.001,0.499,84.12710815697302,-0.04780103087262015,1.4682950275205577,-0.0008342853745746798,5.927331252211583,0.004247940062471861,5.927331252211583,0.004247940062471861,5.927331252211583,0.004247940062471861,-1.2450178987746918,1.3233236729044329,-6.207375624190757,-4.877766058063721,-6.207375624190757,-4.877766058063721,0.0,0.0,0.0,0.0,0.0,0.0,3.437121987275093,3.437121987275093,3.437121987275093,3.4389562916537812,3.4389562916537812,3.8803413184969564,3.8803413184969564
325.0,0.325,0.001,0.499,84.46685396033388,-0.047478749137586936,1.474224710409038,-0.0008286604971793103,5.929682888480326,0.005624877395369546,5.929682888480326,0.005624877395369546,5.929682888480326,0.005624877395369546,-1.2512067981646415,1.3183510042966955,-6.188899389949631,-4.972668607737372,-6.188899389949631,-4.972668607737372,0.0,0.0,0.0,0.0,0.0,0.0,3.4389512556931834,3.4389512556931834,3.4389512556931834,3.4406782472631114,3.4406782472631114,3.9006210626025473,3.9006210626025473
326.0,0.326,0.001,0.499,84.80672752869025,-0.047085396016331556,1.4801566232173586,-0.0008217951900904073,5.931912808320677,0.006865307088902951,5.931912808320677,0.006865307088902951,5.931912808320677,0.006865307088902951,-1.2573766827800803,1.3132829165179596,-6.169884615438749,-5.068087778735821,-6.169884615438749,-5.068087778735821,0.0,0.0,0.0,0.0,0.0,0.0,3.4406732042105244,3.4406732042105244,3.4406732042105244,3.4422941163276257,3.4422941163276257,3.9209473365594696,3.9209473365594696
327.0,0.327,0.001,0.499,85.14672173802987,-0.04662820295065557,1.48609064160805,-0.0008138156657770747,5.934018390691204,0.007979524313332619,5.934018390691204,0.007979524313332619,5.934018390691204,0.007979524313332619,-1.2635270130632603,1.308118895713541,-6.150330283180047,-5.164020804418521,-6.150330283180047,-5.164020804418521,0.0,0.0,0.0,0.0,0.0,0.0,3.442289066585648,3.442289066585648,3.442289066585648,3.443805055273077,3.4438050552730775,3.941316995690711,3.941316995690711
328.0,0.328,0.001,0.499,85.48682932359313,-0.04611384864335305,1.492026638787137,-0.0008048384895928311,5.935997179087084,0.008977176184243568,5.935997179087084,0.008977176184243568,5.935997179087084,0.008977176184243568,-1.2696572485860853,1.302858430856118,-6.130235522825006,-5.260464857423066,-6.130235522825006,-5.260464857423066,0.0,0.0,0.0,0.0,0.0,0.0,3.443799999243008,3.443799999243008,3.443799999243008,3.445212147467969,3.445212147467969,3.9617268121624156,3.9617268121624156
329.0,0.329,0.001,0.499,85.8270428887978,-0.04554849408322637,1.497964485659907,-0.0007949711910774563,5.937846872769902,0.009867298515374899,5.937846872769902,0.009867298515374899,5.937846872769902,0.009867298515374899,-1.275766848201162,1.2975010138091345,-6.109599615076653,-5.357417046983349,-6.109599615076653,-5.357417046983349,0.0,0.0,0.0,0.0,0.0,0.0,3.445207085551078,3.445207085551078,3.445207085551078,3.4465164076931454,3.4465164076931454,3.98217347565976,3.98217347565976
330.0,0.33,0.001,0.499,86.16735491365853,-0.04493781545318039,1.5039040509778556,-0.0007843128383115855,5.939565317948567,0.010658352765870715,5.939565317948567,0.010658352765870715,5.939565317948567,0.010658352765870715,-1.2818552701968275,1.2920461393931437,-6.088421995665589,-5.454874415990814,-6.088421995665589,-5.454874415990814,0.0,0.0,0.0,0.0,0.0,0.0,3.446511340290101,3.446511340290101,3.4465113402901006,3.447718786633379,3.447718786633379,4.002653594124932,4.002653594124932
331.0,0.331,0.001,0.499,86.50775776271175,-0.044287034966782886,1.5098452014770034,-0.0007729545761162189,5.9411504991478585,0.011358262195366649,5.9411504991478585,0.011358262195366649,5.9411504991478585,0.011358262195366649,-1.28792197245621,1.286493305455362,-6.066702259382464,-5.552833937781619,-6.066702259382464,-5.552833937781619,0.0,0.0,0.0,0.0,0.0,0.0,3.44771371414593,3.44771371414593,3.44771371414593,3.448820175271625,3.448820175271625,4.023163694556892,4.023163694556892
332.0,0.332,0.001,0.499,86.8482436924658,-0.04360094971638459,1.5157878020079258,-0.0007609801295473989,5.9426005309223635,0.011974446568820003,5.9426005309223635,0.011974446568820003,5.9426005309223635,0.011974446568820003,-1.2939664126203796,1.2808420129427303,-6.044440164169514,-5.651292512631714,-6.044440164169514,-5.651292512631714,0.0,0.0,0.0,0.0,0.0,0.0,3.4488150981014063,3.4488150981014063,3.4488150981014063,3.4498214091064154,3.4498214091064154,4.043700223872577,4.043700223872577
333.0,0.333,0.001,0.499,87.1888048584018,-0.04288395863932611,1.5217317156579397,-0.0007484662745453081,5.943913650013851,0.012513855002090802,5.943913650013851,0.012513855002090802,5.943913650013851,0.012513855002090802,-1.2999880482556536,1.2750917659787893,-6.021635635274064,-5.750246963940957,-6.021635635274064,-5.750246963940957,0.0,0.0,0.0,0.0,0.0,0.0,3.449816327656229,3.449816327656229,3.449816327656229,3.4507232721429095,3.4507232721429095,4.064259549829154,4.064259549829154
334.0,0.334,0.001,0.499,87.5294333215535,-0.042140087721525867,1.5276768038659452,-0.0007354832778198617,5.945088208005502,0.012982996725446352,5.945088208005502,0.012982996725446352,5.945088208005502,0.012982996725446352,-1.3059863370251208,1.2692420719447026,-5.998288769467147,-5.8496940340865375,-5.998288769467147,-5.8496940340865375,0.0,0.0,0.0,0.0,0.0,0.0,3.4507181868155246,3.4507181868155246,3.4507181868155246,3.451526500630705,3.4515265006307048,4.08483796200693,4.08483796200693
335.0,0.335,0.001,0.499,87.87012105469607,-0.04137301356268486,1.5336229265304389,-0.0007220953081411201,5.946122664493675,0.013387969678741578,5.946122664493675,0.013387969678741578,5.946122664493675,0.013387969678741578,-1.3119607368644515,1.2632924415647775,-5.974399839330679,-5.949630379925049,-5.974399839330679,-5.949630379925049,0.0,0.0,0.0,0.0,0.0,0.0,3.451521411829974,3.451521411829974,3.451521411829974,3.452231786537996,3.4522317865379963,4.105431672852498,4.105431672852498
336.0,0.336,0.001,0.499,88.210859948173,-0.04058608542668412,1.5395699421112132,-0.0007083608211913256,5.947015580774437,0.013734486949794608,5.947015580774437,0.013734486949794608,5.947015580774437,0.013734486949794608,-1.3179107061620683,1.2572423889968558,-5.949969297616909,-6.050052567921639,-5.949969297616909,-6.050052567921639,0.0,0.0,0.0,0.0,0.0,0.0,3.4522266946684783,3.4522266946684783,3.4522266946684783,3.4528397807634588,3.4528397807634588,4.126036818781693,4.126036818781693
337.0,0.337,0.001,0.499,88.55164181538971,-0.03978234589621643,1.545517707725239,-0.000694332920056231,5.947765614025888,0.014027901135094466,5.947765614025888,0.014027901135094466,5.947765614025888,0.014027901135094466,-1.3238357039437525,1.251091431927972,-5.924997781684185,-6.1509570688837165,-5.924997781684185,-6.1509570688837165,0.0,0.0,0.0,0.0,0.0,0.0,3.4528346862299735,3.4528346862299735,3.4528346862299735,3.45335109609548,3.45335109609548,4.146649461341928,4.146649461341928
338.0,0.338,0.001,0.499,88.89245839800067,-0.038964550243615295,1.5514660792371957,-0.0006800596933098455,5.948371511956676,0.014273226746385577,5.948371511956676,0.014273226746385577,5.948371511956676,0.014273226746385577,-1.3297351900617658,1.2448390916756964,-5.899486118013356,-6.252340252275719,-5.899486118013356,-6.252340252275719,0.0,0.0,0.0,0.0,0.0,0.0,3.4533459993036715,3.4533459993036715,3.4533459993036715,3.453766309933675,3.453766309933675,4.167265588433499,4.167265588433499
339.0,0.339,0.001,0.499,89.23330137081437,-0.03813518462123343,1.5574149113450804,-0.00066558453249643,5.9488321078846536,0.0144751608134156,5.9488321078846536,0.0144751608134156,5.9488321078846536,0.0144751608134156,-1.3356086253885753,1.2384848932956058,-5.873435326809485,-6.3541983800904465,-5.873435326809485,-6.3541983800904465,0.0,0.0,0.0,0.0,0.0,0.0,3.45376121128957,3.45376121128957,3.45376121128957,3.4540859667908705,3.4540859667908705,4.187881115589423,4.187881115589423
340.0,0.34,0.001,0.499,89.57416234643881,-0.03729648316533941,1.5633640576612868,-0.0006509464306498093,5.949146316206439,0.014638101846620597,5.949146316206439,0.014638101846620597,5.949146316206439,0.014638101846620597,-1.3414554720152692,1.2320283656953543,-5.846846626693856,-6.4565276002515,-5.846846626693856,-6.4565276002515,0.0,0.0,0.0,0.0,0.0,0.0,3.454080866700504,3.454080866700504,3.454080866700504,3.454310580595402,3.454310580595402,4.208491887313453,4.208491887313453
341.0,0.341,0.001,0.499,89.91503287968746,-0.03645044409790388,1.5693133707895046,-0.000636180263322557,5.94931312821771,0.014766167327252302,5.94931312821771,0.014766167327252302,5.94931312821771,0.014766167327252302,-1.3472751934547609,1.225469041755834,-5.819721439491612,-6.55932393952029,-5.819721439491612,-6.55932393952029,0.0,0.0,0.0,0.0,0.0,0.0,3.4543054794653156,3.4543054794653156,3.4543054794653156,3.4544406368139478,3.4544406368139478,4.229093678475884,4.229093678475884
342.0,0.342,0.001,0.499,90.25590436112267,-0.035598383466272206,1.5752627004666997,-0.0006213089998739617,5.949329677195064,0.014871263448595249,5.949329677195064,0.014871263448595249,5.949329677195064,0.014871263448595249,-1.3530672548498817,1.218806458459954,-5.792061395120688,-6.6625832958800935,-5.792061395120688,-6.6625832958800935,0.0,0.0,0.0,0.0,0.0,0.0,3.4544355350507177,3.4544355350507177,3.4544355350507177,3.4544775683313014,3.4544775683313014,4.2496821957668445,4.2496821957668445
343.0,0.343,0.001,0.499,90.5967635967515,-0.034722497719294594,1.581211816414254,-0.0006060219097179124,5.9491159475541675,0.015287090156049246,5.9491159475541675,0.015287090156049246,5.9491159475541675,0.015287090156049246,-1.3588311231864698,1.2120401570295856,-5.763868336588072,-6.766301430368591,-5.763868336588072,-6.766301430368591,0.0,0.0,0.0,0.0,0.0,0.0,3.454472466339153,3.454472466339153,3.4544724663391526,3.4544617280737717,3.4544617280737717,4.270253079206821,4.270253079206821
344.0,0.34400000000000003,0.001,0.499,90.93759739503317,-0.033804991769486634,1.5871604883963473,-0.0005900084099871257,5.948671982093305,0.016013499730786782,5.948671982093305,0.016013499730786782,5.948671982093305,0.016013499730786782,-1.3645662675115695,1.2051696830712564,-5.735144325099774,-6.870473958329249,-5.735144325099774,-6.870473958329249,0.0,0.0,0.0,0.0,0.0,0.0,3.4544566261650163,3.4544566261650163,3.454456626165016,3.4543931026141954,3.4543931026141954,4.290801903714167,4.290801903714167
345.0,0.34500000000000003,0.001,0.499,91.27839256900329,-0.03282808543015719,1.5931084862570328,-0.0005729581778822219,5.947997860685522,0.017050232104903813,5.947997860685522,0.017050232104903813,5.947997860685522,0.017050232104903813,-1.3702721591568607,1.1981945867312054,-5.70589164529123,-6.975096340050919,-5.70589164529123,-6.975096340050919,0.0,0.0,0.0,0.0,0.0,0.0,3.454388001093075,3.454388001093075,3.454388001093075,3.4542716708013854,3.454271670801385,4.3113241807295095,4.3113241807295095
346.0,0.34600000000000003,0.001,0.499,91.61913593839576,-0.0317740198428245,1.5990555799572705,-0.0005545612628512986,5.947093700237714,0.018396915030923253,5.947093700237714,0.018396915030923253,5.947093700237714,0.018396915030923253,-1.375948271967446,1.1911144228604413,-5.67611281058523,-7.08016387076394,-5.67611281058523,-7.08016387076394,0.0,0.0,0.0,0.0,0.0,0.0,3.4542665699632735,3.4542665699632735,3.454266569963273,3.4540974037789085,3.4540974037789085,4.331815359896952,4.331815359896952
347.0,0.34700000000000003,0.001,0.499,91.95981433176112,-0.03062506389036479,1.6050015396119006,-0.0005345081985204893,5.945959654630103,0.020053064330809382,5.945959654630103,0.020053064330809382,5.945959654630103,0.020053064330809382,-1.3815940825361308,1.1839287511904812,-5.645810568684826,-7.185671669960071,-5.645810568684826,-7.185671669960071,0.0,0.0,0.0,0.0,0.0,0.0,3.4540923039084586,3.4540923039084586,3.4540923039084586,3.4538702650123434,3.453870265012343,4.352270830802155,4.352270830802155
348.0,0.34800000000000003,0.001,0.499,92.30041458858048,-0.029363520591353075,1.6109461355265366,-0.0005124901142962635,5.944595914636139,0.02201808422422571,5.944595914636139,0.02201808422422571,5.944595914636139,0.02201808422422571,-1.3872090704433397,1.1766371365204786,-5.614987907208982,-7.291614670002524,-5.614987907208982,-7.291614670002524,0.0,0.0,0.0,0.0,0.0,0.0,3.4538651663829465,3.4538651663829465,3.4538651663829465,3.453590210324964,3.453590210324964,4.372685924767406,4.372685924767406
349.0,0.34900000000000003,0.001,0.499,92.64092356137355,-0.02797173347107618,1.6168891382343595,-0.0004881988465605814,5.9430027078229015,0.024291267735682118,5.9430027078229015,0.024291267735682118,5.9430027078229015,0.024291267735682118,-1.3927927185028188,1.1692391489164873,-5.583648059479107,-7.397987603991436,-5.583648059479107,-7.397987603991436,0.0,0.0,0.0,0.0,0.0,0.0,3.4535851131957096,3.4535851131957096,3.453585113195709,3.4532571879418748,3.4532571879418748,4.393055916703959,4.393055916703959
350.0,0.35000000000000003,0.001,0.499,92.98132811779999,-0.026432092904723148,1.6228303185327917,-0.0004613270493804508,5.941180298432108,0.02687179718013064,5.941180298432108,0.02687179718013064,5.941180298432108,0.02687179718013064,-1.3983445130132837,1.1617343639236382,-5.551794510464916,-7.504784992849179,-5.551794510464916,-7.504784992849179,0.0,0.0,0.0,0.0,0.0,0.0,3.4532520925563945,3.4532520925563945,3.4532520925563945,3.452871138542452,3.452871138542452,4.413376027022033,4.413376027022033
351.0,0.35100000000000003,0.001,0.499,93.32161514275276,-0.02472704242828838,1.6287694475200336,-0.00043156830465396613,5.939128987241814,0.02975874472648462,5.939128987241814,0.02975874472648462,5.939128987241814,0.02975874472648462,-1.403863944016182,1.1541223627920492,-5.519431002898358,-7.612001131589004,-5.519431002898358,-7.612001131589004,0.0,0.0,0.0,0.0,0.0,0.0,3.4528660451249946,3.4528660451249946,3.4528660451249946,3.4524319953211204,3.4524319953211204,4.433641423599007,4.433641423599007
352.0,0.352,0.001,0.499,93.66177154044247,-0.022839085012757887,1.6347062966314425,-0.00039861723161551624,5.936849111408951,0.032951073038449866,5.936849111408951,0.032951073038449866,5.936849111408951,0.032951073038449866,-1.4093505055597466,1.1464027327173194,-5.486561543564672,-7.719630074729728,-5.486561543564672,-7.719630074729728,0.0,0.0,0.0,0.0,0.0,0.0,3.4524269040742697,3.4524269040742697,3.4524269040742697,3.451939684056305,3.451939684056305,4.453847223806504,4.453847223806504
353.0,0.353,0.001,0.499,94.00178423647172,-0.02075078929718868,1.6406406376757354,-0.00036216959562354253,5.934341044292829,0.03644763599197373,5.934341044292829,0.03644763599197373,5.934341044292829,0.03644763599197373,-1.4148036959695265,1.1385750670965011,-5.45319040977985,-7.827665620818376,-5.45319040977985,-7.827665620818376,0.0,0.0,0.0,0.0,0.0,0.0,3.451934595156263,3.451934595156263,3.451934595156263,3.4513941231875593,3.4513941231875593,4.473988496597225,4.473988496597225
354.0,0.354,0.001,0.499,94.34164017989798,-0.018444795776335947,1.6465722428709952,-0.0003219224161550059,5.931605195259776,0.04024717946853664,5.931605195259776,0.04024717946853664,5.931605195259776,0.04024717946853664,-1.4202230181255906,1.130638965800479,-5.419322156064047,-7.936101296022068,-5.419322156064047,-7.936101296022068,0.0,0.0,0.0,0.0,0.0,0.0,3.451389036781921,3.451389036781921,3.451389036781921,3.450795223900704,3.450795223900704,4.494060264652579,4.494060264652579
355.0,0.355,0.001,0.499,94.68132634528452,-0.015903822938531646,1.6525008848804643,-0.00027757407393157695,5.928642009469085,0.04434834222342895,5.928642009469085,0.04434834222342895,5.928642009469085,0.04434834222342895,-1.4256079797466112,1.1225940354637292,-5.384961621020647,-8.044930336749848,-5.384961621020647,-8.044930336749848,0.0,0.0,0.0,0.0,0.0,0.0,3.4507901401032597,3.4507901401032597,3.4507901401032597,3.4501428902209303,3.4501428902209303,4.51405750659235,4.51405750659235
356.0,0.356,0.001,0.499,95.0208297347378,-0.01311067334957173,1.6584263368481047,-0.00022882441710350018,5.925451967640462,0.048749656828076755,5.925451967640462,0.048749656828076755,5.925451967640462,0.048749656828076755,-1.430958093681042,1.1144398897924643,-5.350113934430853,-8.154145671264745,-5.350113934430853,-8.154145671264745,0.0,0.0,0.0,0.0,0.0,0.0,3.4501378091065793,3.4501378091065793,3.4501378091065793,3.449437019113708,3.4494370191137085,4.533975159247838,4.533975159247838
357.0,0.357,0.001,0.499,95.3601373799306,-0.01004823967842751,1.6643483724339079,-0.0001753748664180963,5.922035585803184,0.053449550685403885,5.922035585803184,0.053449550685403885,5.922035585803184,0.053449550685403885,-1.4362728782056158,1.1061761498922182,-5.314784524573755,-8.263739900246021,-5.314784524573755,-8.263739900246021,0.0,0.0,0.0,0.0,0.0,0.0,3.4494319407146463,3.4494319407146463,3.4494319407146463,3.4486775005934285,3.4486775005934285,4.5538081200001574,4.5538081200001574
358.0,0.358,0.001,0.499,95.69923634410968,-0.006699510660658738,1.670266765848935,-0.00011692851930095552,5.918393415027199,0.058446347117140765,5.918393415027199,0.058446347117140765,5.918393415027199,0.058446347117140765,-1.4415518573313977,1.0978024446159567,-5.278979125781863,-8.373705276261472,-5.278979125781863,-8.373705276261472,0.0,0.0,0.0,0.0,0.0,0.0,3.44867242489316,3.44867242489316,3.4486724248931595,3.4478642178396006,3.4478642178396006,4.573551249185566,4.573551249185566
359.0,0.359,0.001,0.499,96.03811372408701,-0.0030475769954728888,1.6761812918900714,-5.319025277903823e-05,5.914526041136395,0.06373826652191729,5.914526041136395,0.06373826652191729,5.914526041136395,0.06373826652191729,-1.4467945611176398,1.089318410933847,-5.242703786242069,-8.48403368210967,-5.242703786242069,-8.48403368210967,0.0,0.0,0.0,0.0,0.0,0.0,3.4478591447674223,3.4478591447674223,3.4478591447674223,3.4469970473205116,3.446997047320512,4.593199372569979,4.593199372569979
360.0,0.36,0.001,0.499,96.37675665221364,0.0009243628275543559,1.6820917259744756,1.6133174823868072e-05,5.910434084404306,0.0693234276029063,5.910434084404306,0.0693234276029063,5.910434084404306,0.0693234276029063,-1.4520005259936917,1.0807236943258547,-5.20596487605188,-8.59471660799232,-5.20596487605188,-8.59471660799232,0.0,0.0,0.0,0.0,0.0,0.0,3.4469919767458936,3.4469919767458936,3.4469919767458936,3.446075858924174,3.446075858924174,4.61274728389505,4.61274728389505
361.0,0.361,0.001,0.499,96.71515229833508,0.005232996776007644,1.6879978441737082,9.133302348758159e-05,5.906118199232518,0.07519984866371351,5.906118199232518,0.07519984866371351,5.906118199232518,0.07519984866371351,-1.4571692950892323,1.0720179491983772,-5.168769095540548,-8.705745127477424,-5.168769095540548,-8.705745127477424,0.0,0.0,0.0,0.0,0.0,0.0,3.446070790650096,3.446070790650096,3.4460707906500954,3.4451005160963986,3.4451005160963986,4.632189747498475,4.632189747498475
362.0,0.362,0.001,0.499,97.05328787172724,0.00989489360024125,1.6938994232475204,0.00017269847245872537,5.901579073812063,0.08136544897114377,5.901579073812063,0.08136544897114377,5.901579073812063,0.08136544897114377,-1.4623004185730968,1.0632008393261625,-5.1311234838644735,-8.817109872214733,-5.1311234838644735,-8.817109872214733,0.0,0.0,0.0,0.0,0.0,0.0,3.4450954498534503,3.4450954498534503,3.4450954498534503,3.4440708759858696,3.4440708759858696,4.651521501011398,4.651521501011398
363.0,0.363,0.001,0.499,97.39115062301212,0.014926497240818624,1.6997962406772884,0.0002605165226421339,5.896817429768095,0.08781805018340852,5.896817429768095,0.08781805018340852,5.896817429768095,0.08781805018340852,-1.4673934540009825,1.0542720383207964,-5.09303542788577,-8.928801005366061,-5.09303542788577,-8.928801005366061,0.0,0.0,0.0,0.0,0.0,0.0,3.444065811425294,3.444065811425294,3.444065811425294,3.4429867895960165,3.4429867895960165,4.670737258136162,4.670737258136162
364.0,0.364,0.001,0.499,97.72872784605218,0.020344121321445932,1.7056880746990766,0.0003550719004844112,5.891834021788162,0.09455537784227729,5.891834021788162,0.09455537784227729,5.891834021788162,0.09455537784227729,-1.472447966672325,1.0452312301270819,-5.054512671342406,-9.04080819371454,-5.054512671342406,-9.04080819371454,0.0,0.0,0.0,0.0,0.0,0.0,3.4429817262822517,3.4429817262822517,3.4429817262822517,3.4418481019435156,3.4418481019435156,4.689831711507802,4.689831711507802
365.0,0.365,0.001,0.499,98.06600687982234,0.02616394373097409,1.711574704336311,0.00045664696341202735,5.886629637234392,0.10157506292761616,5.886629637234392,0.10157506292761616,5.886629637234392,0.10157506292761616,-1.4774635299966425,1.0360781095486633,-5.015563324317622,-9.15312057841865,-5.015563324317622,-9.15312057841865,0.0,0.0,0.0,0.0,0.0,0.0,3.441843039347877,3.441843039347877,3.441843039347877,3.440654652223247,3.440654652223247,4.708799535643053,4.708799535643053
366.0,0.366,0.001,0.499,98.40297511025908,0.03240200129795137,1.717455909432051,0.0005655216068847276,5.881205095739941,0.10887464347270022,5.881205095739941,0.10887464347270022,5.881205095739941,0.10887464347270022,-1.482439725869658,1.026812382804284,-4.976195873015512,-9.26572674437925,-4.976195873015512,-9.26572674437925,0.0,0.0,0.0,0.0,0.0,0.0,3.440649589716086,3.440649589716086,3.4406495897160854,3.4394062739795137,3.4394062739795137,4.727635389980856,4.727635389980856
367.0,0.367,0.001,0.499,98.73961997208535,0.03907418456111312,1.723331470680841,0.0006819731731233594,5.875561248790036,0.11645156623863182,5.875561248790036,0.11645156623863182,5.875561248790036,0.11645156623863182,-1.4873761450595067,1.0174337681160937,-4.936419189848623,-9.378614688190526,-4.936419189848623,-9.378614688190526,0.0,0.0,0.0,0.0,0.0,0.0,3.4394012108224756,3.4394012108224756,3.4394012108224756,3.4381027952833025,3.4381027952833025,4.746333922018636,4.746333922018636
368.0,0.368,0.001,0.499,99.0759289506108,0.04619623263909661,1.7292011696601288,0.0008062763615695052,5.869698979287982,0.12430318844614585,5.869698979287982,0.12430318844614585,5.869698979287982,0.12430318844614585,-1.492272387603349,1.0079419963314447,-4.896242543842271,-9.491771784649089,-4.896242543842271,-9.491771784649089,0.0,0.0,0.0,0.0,0.0,0.0,3.438097730621357,3.438097730621357,3.4380977306213567,3.436744038915437,3.436744038915437,4.764889770548881,4.764889770548881
369.0,0.369,0.001,0.499,99.41188958350608,0.053783728202567806,1.7350647888612354,0.0009387031411325399,5.863619201106494,0.1324267795630347,5.863619201106494,0.1324267795630347,5.863619201106494,0.1324267795630347,-1.497128063214708,0.9983368115796453,-4.855675611358845,-9.605184751799404,-4.855675611358845,-9.605184751799404,0.0,0.0,0.0,0.0,0.0,0.0,3.436738971769759,3.436738971769759,3.436738971769759,3.43532982255535,3.43532982255535,4.7832975690007835,4.7832975690007835
370.0,0.37,0.001,0.499,99.74748946255077,0.06185209255184284,1.74092211171986,0.001079522664277919,5.857322858624743,0.14081952314537896,5.857322858624743,0.14081952314537896,5.857322858624743,0.14081952314537896,-1.5019427917018517,0.9886179719651471,-4.814728487143756,-9.718839614498188,-4.814728487143756,-9.718839614498188,0.0,0.0,0.0,0.0,0.0,0.0,3.43532475181447,3.43532475181447,3.43532475181447,3.433859958975329,3.433859958975329,4.801551948891932,4.801551948891932
371.0,0.371,0.001,0.499,100.08271623535401,0.07041658080298087,1.7467729226461115,0.0012290011830086486,5.850810926251495,0.14947851873072968,5.850810926251495,0.14947851873072968,5.850810926251495,0.14947851873072968,-1.5067162033975445,0.9787852502986614,-4.773411695692813,-9.832721666485751,-4.773411695692813,-9.832721666485751,0.0,0.0,0.0,0.0,0.0,0.0,3.4338548833866063,3.4338548833866063,3.4338548833866063,3.432334256239969,3.4323342562399692,4.81964754339526,4.81964754339526
372.0,0.372,0.001,0.499,100.41755760704689,0.07949227718521626,1.7526170070540463,0.0013874019667899941,5.844084407934748,0.1584007837813455,5.844084407934748,0.1584007837813455,5.844084407934748,0.1584007837813455,-1.5114479396004832,0.9688384348677032,-4.731736202938661,-9.946815430958246,-4.731736202938661,-9.946815430958246,0.0,0.0,0.0,0.0,0.0,0.0,3.4323291744024487,3.4323291744024487,3.4323291744024487,3.4307525179106135,3.4307525179106135,4.837578991026581,4.837578991026581
373.0,0.373,0.001,0.499,100.7520013419461,0.0890940904524873,1.7584541513907046,0.001554985222465548,5.837144336658267,0.16758325567555382,5.837144336658267,0.16758325567555382,5.837144336658267,0.16758325567555382,-1.5161376530287347,0.9587773302480614,-4.689713428251507,-10.06110461964168,-4.689713428251507,-10.06110461964168,0.0,0.0,0.0,0.0,0.0,0.0,3.430747428265769,3.430747428265769,3.430747428265769,3.429114543254612,3.429114543254612,4.8553409394582365,4.8553409394582365
374.0,0.374,0.001,0.499,101.08603526518802,0.09923674941170608,1.7642841431646301,0.001732008016210817,5.829991773925439,0.17702279374526889,5.829991773925439,0.17702279374526889,5.829991773925439,0.17702279374526889,-1.5207850082854812,0.9486017581576851,-4.64735525674658,-10.175572090376354,-4.64735525674658,-10.175572090376354,0.0,0.0,0.0,0.0,0.0,0.0,3.429109444077609,3.429109444077609,3.429109444077609,3.4274201274590888,3.4274201274590888,4.8729280494644,4.8729280494644
375.0,0.375,0.001,0.499,101.41964726433244,0.10993479857029997,1.770106770973861,0.0019187241975684895,5.822627809230859,0.1867161813576726,5.822627809230859,0.1867161813576726,5.822627809230859,0.1867161813576726,-1.525389682337369,0.9383115583544559,-4.604674051887721,-10.290199803229168,-4.604674051887721,-10.290199803229168,0.0,0.0,0.0,0.0,0.0,0.0,3.4274150168510813,3.4274150168510813,3.4274150168510813,3.425669061849038,3.425669061849038,4.890334999003682,4.890334999003682
376.0,0.376,0.001,0.499,101.75282529093548,0.12120259390543892,1.775921824533381,0.002115384325607522,5.815053559520083,0.1966601280390323,5.815053559520083,0.1966601280390323,5.815053559520083,0.1966601280390323,-1.529951365005742,0.9279065895792948,-4.561682668373056,-10.404968775161096,-4.561682668373056,-10.404968775161096,0.0,0.0,0.0,0.0,0.0,0.0,3.4256639377277764,3.4256639377277764,3.4256639377277764,3.4238611341095173,3.4238611341095173,4.907556487444616,4.907556487444616
377.0,0.377,0.001,0.499,102.08555736209065,0.13305429875724534,1.781729094702019,0.0023222355972461303,5.80727016863798,0.20685127163860859,5.80727016863798,0.20685127163860859,5.80727016863798,0.20685127163860859,-1.5344697594710268,0.9173867305460067,-4.518394465284843,-10.51985903328815,-4.518394465284843,-10.51985903328815,0.0,0.0,0.0,0.0,0.0,0.0,3.4238559942015714,3.4238559942015714,3.423855994201572,3.4219961285116565,3.4219961285116565,4.924587239939499,4.924587239939499
378.0,0.378,0.001,0.499,102.41783156193803,0.14550387984816537,1.7875283735087852,0.0025395217777767127,5.799278806766118,0.2172861805305823,5.799278806766118,0.2172861805305823,5.799278806766118,0.2172861805305823,-1.5389445827905082,0.9067518809792203,-4.474823319481407,-10.634849566786343,-4.474823319481407,-10.634849566786343,0.0,0.0,0.0,0.0,0.0,0.0,3.4219909703432485,3.4219909703432485,3.4219909703432485,3.420073826142294,3.420073826142294,4.941422011951959,4.941422011951959
379.0,0.379,0.001,0.499,102.7496360431402,0.15856510343055985,1.7933194541786348,0.0027674831336286254,5.791080669849638,0.22796135585191277,5.791080669849638,0.22796135585191277,5.791080669849638,0.22796135585191277,-1.5433755664297124,0.8960019627017156,-4.430983639204352,-10.749918277504754,-4.430983639204352,-10.749918277504754,0.0,0.0,0.0,0.0,0.0,0.0,3.4200686470309916,3.4200686470309916,3.4200686470309916,3.418094005136966,3.4180940051369664,4.958055593943232,4.958055593943232
380.0,0.38,0.001,0.499,103.08095902832517,0.17225153156445325,1.799102131157649,0.003006356367402648,5.782676979014053,0.23887323377402264,5.782676979014053,0.23887323377402264,5.782676979014053,0.23887323377402264,-1.5477624568075816,0.88513692077235,-4.386890377869161,-10.865041929365612,-4.386890377869161,-10.865041929365612,0.0,0.0,0.0,0.0,0.0,0.0,3.4180888021831968,3.4180888021831968,3.4180888021831968,3.4160564409160137,3.4160564409160132,4.974482816221896,4.974482816221896
381.0,0.381,0.001,0.499,103.41178881149499,0.1865765185272573,1.8048762001376213,0.0032563745552088414,5.774068979972439,0.2500181878061932,5.774068979972439,0.2500181878061932,5.774068979972439,0.2500181878061932,-1.5521050158555834,0.8741567246757032,-4.342559048001672,-10.980196096646758,-4.342559048001672,-10.980196096646758,0.0,0.0,0.0,0.0,0.0,0.0,3.416051210994726,3.416051210994726,3.416051210994726,3.413960906423574,3.413960906423574,4.990698553961212,4.990698553961212
382.0,0.382,0.001,0.499,103.74211375940013,0.20155320735716478,1.8106414580800447,0.003517767086337384,5.7652579424234585,0.26139253112854266,5.7652579424234585,0.26139253112854266,5.7652579424234585,0.26139253112854266,-1.5564030215908602,0.8630613695644435,-4.298005735276834,-11.095355111259657,-4.298005735276834,-11.095355111259657,0.0,0.0,0.0,0.0,0.0,0.0,3.413955646175912,3.413955646175912,3.413955646175912,3.411807172369192,3.411807172369192,5.0066977323876785,5.0066977323876785
383.0,0.383,0.001,0.499,104.07192231287868,0.21719452653178556,1.8163977032394854,0.0037907596052898385,5.7562451594406925,0.27299251895245447,5.7562451594406925,0.27299251895245447,5.7562451594406925,0.27299251895245447,-1.5606562687034697,0.8518508775552879,-4.253247112609551,-11.21049200915561,-4.253247112609551,-11.21049200915561,0.0,0.0,0.0,0.0,0.0,0.0,3.4118018781944044,3.4118018781944044,3.4118018781944044,3.409595007471836,3.409595007471836,5.022475332143629,5.022475332143629
384.0,0.384,0.001,0.499,104.40120298816026,0.23351318678347557,1.8221447351863391,0.004075573956196156,5.747031946853731,0.28481435090631735,5.747031946853731,0.28481435090631735,5.747031946853731,0.28481435090631735,-1.56486456915771,0.840525299079274,-4.208300454240266,-11.325578476013868,-4.208300454240266,-11.325578476013868,0.0,0.0,0.0,0.0,0.0,0.0,3.4095896755189647,3.4095896755189647,3.4095896755189643,3.407324178706039,3.407324178706039,5.038026394825777,5.038026394825777
385.0,0.385,0.001,0.499,104.72994437813384,0.2505216780526865,1.8278823548289607,0.004372428129640595,5.737619642621489,0.296854173444439,5.737619642621489,0.296854173444439,5.737619642621489,0.296854173444439,-1.5690277528074603,0.8290847142868858,-4.163183649750311,-11.440584792388153,-4.163183649750311,-11.440584792388153,0.0,0.0,0.0,0.0,0.0,0.0,3.407318804866322,3.407318804866322,3.4073188048663225,3.4049944515499506,3.4049944515499506,5.053346028700575,5.053346028700575
386.0,0.386,0.001,0.499,105.05813515357939,0.2682322665805408,1.833610364435159,0.0046815362119175885,5.728009606198214,0.3091080822769933,5.728009606198214,0.3091080822769933,5.728009606198214,0.3091080822769933,-1.5731456680253941,0.8175292345083733,-4.117915217933817,-11.555479778512472,-4.117915217933817,-11.555479778512472,0.0,0.0,0.0,0.0,0.0,0.0,3.4049890314488342,3.4049890314488342,3.404989031448834,3.402605590235037,3.402605590235037,5.068429414595953,5.068429414595953
387.0,0.387,0.001,0.499,105.38576406436276,0.28665699214171614,1.8393285676530515,0.005003108336736458,5.718203217892653,0.3215721248188698,5.718203217892653,0.3215721248188698,5.718203217892653,0.3215721248188698,-1.5772181823458384,0.80585900376938,-4.072514320444249,-11.670230738993368,-4.072514320444249,-11.670230738993368,0.0,0.0,0.0,0.0,0.0,0.0,3.4026001192248536,3.4026001192248536,3.4026001192248536,3.4001573579971915,3.400157357997192,5.083271811967585,5.083271811967585
388.0,0.388,0.001,0.499,105.71281994059346,0.30580766541859883,1.8450367695312724,0.0053373506393917525,5.708201878220837,0.33424230265529464,5.708201878220837,0.33424230265529464,5.708201878220837,0.33424230265529464,-1.5812451831209628,0.7940742003617365,-4.027000775124386,-11.784803407643503,-4.027000775124386,-11.784803407643503,0.0,0.0,0.0,0.0,0.0,0.0,3.4001518311498566,3.4001518311498566,3.4001518311498566,3.3976495173290178,3.3976495173290178,5.0978685651361415,5.0978685651361415
389.0,0.389,0.001,0.499,106.03929169374503,0.3256958655175469,1.8507347765385254,0.005684465213413859,5.698007007252964,0.34711457402210655,5.698007007252964,0.34711457402210655,5.698007007252964,0.34711457402210655,-1.5852265781898816,0.7821750384689954,-3.9813950689187596,-11.8991618927411,-3.9813950689187596,-11.8991618927411,0.0,0.0,0.0,0.0,0.0,0.0,3.397643929428822,3.397643929428822,3.3976439294288214,3.3950818302330443,3.3950818302330448,5.112215109690125,5.112215109690125
390.0,0.39,0.001,0.499,106.36516831773766,0.34633293762798156,1.8564223965824802,0.0060446500697124384,5.68762004395483,0.3601848562985794,5.68762004395483,0.3601848562985794,5.68762004395483,0.3601848562985794,-1.5891622965601389,0.7701617698459646,-3.9357183702573413,-12.013268623030807,-3.9357183702573413,-12.013268623030807,0.0,0.0,0.0,0.0,0.0,0.0,3.3950761757698182,3.3950761757698182,3.3950761757698182,3.3924540584756264,3.3924540584756264,5.126306979046772,5.126306979046772
391.0,0.391,0.001,0.499,106.69043888998283,0.3677299908249052,1.8620994390280046,0.0064180990982231345,5.677042445524286,0.373449028510696,5.677042445524286,0.373449028510696,5.677042445524286,0.373449028510696,-1.5930522891009273,0.7580346855511504,-3.889992540788564,-12.127084294814233,-3.889992540788564,-12.127084294814233,0.0,0.0,0.0,0.0,0.0,0.0,3.3924483316384326,3.3924483316384326,3.3924483316384326,3.389765963841304,3.389765963841304,5.140139811161139,5.140139811161139
392.0,0.392,0.001,0.499,107.01509257238966,0.38989789601532676,1.8677657147147277,0.006805002032065932,5.666275686723179,0.38690293384279734,5.666275686723179,0.38690293384279734,5.666275686723179,0.38690293384279734,-1.5968965292472561,0.7457941177306381,-3.844240146328682,-12.240567820512354,-3.844240146328682,-12.240567820512354,0.0,0.0,0.0,0.0,0.0,0.0,3.389760158511775,3.389760158511775,3.3897601585117756,3.3870173083873802,3.3870173083873807,5.153709355370923,5.153709355370923
393.0,0.393,0.001,0.499,107.33911861233273,0.4128472840289556,1.873421035973933,0.007205544414221476,5.655321259205241,0.40054238215554483,5.655321259205241,0.40054238215554483,5.655321259205241,0.40054238215554483,-1.6006950137141391,0.7334404414515209,-3.798484466883065,-12.353676279117183,-3.798484466883065,-12.353676279117183,0.0,0.0,0.0,0.0,0.0,0.0,3.3870114181336364,3.3870114181336364,3.3870114181336364,3.3842078546984946,3.3842078546984946,5.167011479361704,5.167011479361704
394.0,0.394,0.001,0.499,107.66250634358121,0.4365885438534086,1.8790652166447734,0.0076199075667296315,5.644180670840385,0.41436315250815553,5.644180670840385,0.41436315250815553,5.644180670840385,0.41436315250815553,-1.6044477632197225,0.7209740765825347,-3.7527495055833824,-12.46636486898624,-3.7527495055833824,-12.46636486898624,0.0,0.0,0.0,0.0,0.0,0.0,3.3842018727703174,3.3842018727703174,3.3842018727703174,3.3813373661409476,3.3813373661409476,5.180042176234217,5.180042176234217
395.0,0.395,0.001,0.499,107.98524518718904,0.46113182101406,1.8846980720898092,0.008048268562412524,5.63285544503587,0.4283609956828929,5.63285544503587,0.4283609956828929,5.63285544503587,0.4283609956828929,-1.6081548232160954,0.7083954897190645,-3.7070599963728506,-12.578586863470157,-3.7070599963728506,-12.578586863470157,0.0,0.0,0.0,0.0,0.0,0.0,3.3813312854637094,3.3813312854637094,3.3813312854637094,3.378405607116573,3.378405607116573,5.192797571651916,5.192797571651916
396.0,0.396,0.001,0.499,108.3073246523462,0.48648701609854916,1.890319419209864,0.008490800199122342,5.62134712005478,0.44253163670981743,5.62134712005478,0.44253163670981743,5.62134712005478,0.44253163670981743,-1.6118162646263552,0.6957051961491636,-3.6614414102598967,-12.690293569900929,-3.6614414102598967,-12.690293569900929,0.0,0.0,0.0,0.0,0.0,0.0,3.3783994202858536,3.3783994202858536,3.3783994202858536,3.3754123433159062,3.3754123433159062,5.2052739310435285,5.2052739310435285
397.0,0.397,0.001,0.499,108.62873433719062,0.5126637834258474,1.8959290764581964,0.008947670976512171,5.609657248332291,0.4568707773898288,5.609657248332291,0.4568707773898288,5.609657248332291,0.4568707773898288,-1.6154321845863042,0.6829037618566581,-3.6159199599489233,-12.80143429250543,-3.6159199599489233,-12.80143429250543,0.0,0.0,0.0,0.0,0.0,0.0,3.375406042594407,3.375406042594407,3.3754060425944066,3.372357341970464,3.372357341970464,5.217467666831536,5.217467666831536
398.0,0.398,0.001,0.499,108.94946392958093,0.5396715298596755,1.9015268638539866,0.009419045075326229,5.597787395790144,0.47137409881405706,5.597787395790144,0.47137409881405706,5.597787395790144,0.47137409881405706,-1.6190027071889497,0.6699918055568127,-3.570522602645437,-12.911956299845402,-3.570522602645437,-12.911956299845402,0.0,0.0,0.0,0.0,0.0,0.0,3.3723509192820913,3.3723509192820913,3.3723509192820913,3.3692403721038917,3.3692403721038917,5.229375345653451,5.229375345653451
399.0,0.399,0.001,0.499,109.26950320782984,0.5675194137659535,1.9071126029951364,0.009905082339203921,5.585739141149799,0.48603726387769147,5.585739141149799,0.48603726387769147,5.585739141149799,0.48603726387769147,-1.6225279842297715,0.656970000759392,-3.5252770408218663,-13.021804797420627,-3.5252770408218663,-13.021804797420627,0.0,0.0,0.0,0.0,0.0,0.0,3.3692338190306184,3.3692338190306184,3.3692338190306184,3.3660612047817815,3.3660612047817815,5.240993695538705,5.240993695538705
400.0,0.4,0.001,0.499,109.58884204139811,0.596216344113855,1.912686117070381,0.010405938258990284,5.57351407524469,0.5008559197863633,5.57351407524469,0.5008559197863633,5.57351407524469,0.5008559197863633,-1.6260081959504917,0.6438390778532862,-3.4802117207201237,-13.130922906105889,-3.4802117207201237,-13.130922906105889,0.0,0.0,0.0,0.0,0.0,0.0,3.366054512560104,3.366054512560104,3.366054512560104,3.3628196133599446,3.3628196133599446,5.2523196129995835,5.2523196129995835
401.0,0.401,0.001,0.499,109.9074703915491,0.6257709797199343,1.918247230870713,0.010921763959543517,5.561113800332034,0.5158257005532321,5.561113800332034,0.5158257005532321,5.561113800332034,0.5158257005532321,-1.6294435517788493,0.6305998262061624,-3.4353558283576016,-13.239251647123789,-3.4353558283576016,-13.239251647123789,0.0,0.0,0.0,0.0,0.0,0.0,3.3628127728779944,3.3628127728779944,3.3628127728779944,3.3595153737309538,3.359515373730954,5.2633501699903045,5.2633501699903045
402.0,0.402,0.001,0.499,110.2253783119638,0.6561917286346889,1.9237957708001177,0.011452706189028477,5.5485399294046145,0.5309422294849596,5.5485399294046145,0.5309422294849596,5.5485399294046145,0.5309422294849596,-1.6328342910616442,0.6172530962718785,-3.3907392827950806,-13.346729934283896,-3.3907392827950806,-13.346729934283896,0.0,0.0,0.0,0.0,0.0,0.0,3.3595083755255386,3.3595083755255386,3.3595083755255386,3.3561482645687146,3.356148264568715,5.274082620683914,5.274082620683914
403.0,0.403,0.001,0.499,110.54255594931661,0.6874867476708199,1.9293315648856206,0.011998907310683263,5.535794085502974,0.5462011216547866,5.535794085502974,0.5462011216547866,5.535794085502974,0.5462011216547866,-1.6361806837880626,0.6037998016976354,-3.3463927264182702,-13.453294574243126,-3.3463927264182702,-13.453294574243126,0.0,0.0,0.0,0.0,0.0,0.0,3.356141098823645,3.356141098823645,3.356141098823645,3.3527180675709287,3.3527180675709287,5.2845144080122815,5.2845144080122815
404.0,0.404,0.001,0.499,110.8589935438116,0.7196639420723487,1.934854442786649,0.012560505297044229,5.522877901028438,0.5615979863609664,5.522877901028438,0.5615979863609664,5.522877901028438,0.5615979863609664,-1.6394830313000424,0.5902409214220735,-3.3023475119796655,-13.558880275561801,-3.3023475119796655,-13.558880275561801,0.0,0.0,0.0,0.0,0.0,0.0,3.352710724114256,3.352710724114256,3.352710724114256,3.349224567699204,3.349224567699204,5.2946431699102,5.2946431699102
405.0,0.405,0.001,0.499,111.17468142967964,0.7527309653236567,1.9403642358037063,0.013137633726613073,5.50979301705739,0.5771284295688431,5.50979301705739,0.5771284295688431,5.50979301705739,0.5771284295688431,-1.6427416669861867,0.5765775017547299,-3.2586356861444457,-13.663419667343632,-3.2586356861444457,-13.663419667343632,0.0,0.0,0.0,0.0,0.0,0.0,3.3492170360027753,3.3492170360027753,3.3492170360027753,3.3456675534166633,3.3456675534166633,5.304466745200514,5.304466745200514
406.0,0.406,0.001,0.499,111.48961003563616,0.7866952190974099,1.9458607768863636,0.013730421782947977,5.496541082657206,0.5927880563349034,5.496541082657206,0.5927880563349034,5.496541082657206,0.5927880563349034,-1.6459569569554704,0.5628106584264752,-3.215289969283568,-13.766843328254689,-3.215289969283568,-13.766843328254689,0.0,0.0,0.0,0.0,0.0,0.0,3.345659822594908,3.345659822594908,3.345659822594908,3.342046816922849,3.3420468169228497,5.313983179053381,5.313983179053381
407.0,0.40700000000000003,0.001,0.499,111.8037698853,0.8215638533402481,1.951343900640568,0.014338994256159142,5.483123754204259,0.6085724732111643,5.483123754204259,0.6085724732111643,5.483123754204259,0.6085724732111643,-1.6491293006867298,0.5489415785997597,-3.172343731259386,-13.86907982671545,-3.172343731259386,-13.86907982671545,0.0,0.0,0.0,0.0,0.0,0.0,3.3420388757326878,3.3420388757326878,3.3420388757326878,3.338362154385759,3.338362154385759,5.323190727949362,5.323190727949362
408.0,0.40800000000000003,0.001,0.499,112.11715159757318,0.8573437664950144,1.9568134433352724,0.014963471546787446,5.469542694704397,0.6244772906283039,5.469542694704397,0.6244772906283039,5.469542694704397,0.6244772906283039,-1.6522591316496842,0.5349715228267098,-3.1298309629544114,-13.970055773049928,-3.1298309629544114,-13.970055773049928,0.0,0.0,0.0,0.0,0.0,0.0,3.338353991225713,3.338353991225713,3.3383539912257136,3.3346133661708324,3.3346133661708324,5.332087864073166,5.332087864073166
409.0,0.40900000000000003,0.001,0.499,112.42974588698202,0.8940416058582236,1.9622692429083888,0.015603969672043425,5.455799573116284,0.6404981252559797,5.455799573116284,0.6404981252559797,5.455799573116284,0.6404981252559797,-1.6553469178929867,0.5209018269423541,-3.087786243302568,-14.06969588435573,-3.087786243302568,-14.06969588435573,0.0,0.0,0.0,0.0,0.0,0.0,3.3346049690827257,3.3346049690827257,3.3346049690827257,3.3308002570667288,3.3308002570667283,5.340673279062531,5.340673279062531
410.0,0.41000000000000003,0.001,0.499,112.74154356397962,0.9316637680713707,1.9677111389720667,0.01626060027438224,5.441896063678005,0.6566306023388155,5.441896063678005,0.6566306023388155,5.441896063678005,0.6566306023388155,-1.6583931625945816,0.5067339038795267,-3.0462447015948477,-14.167923062827429,-3.0462447015948477,-14.167923062827429,0.0,0.0,0.0,0.0,0.0,0.0,3.330791613735632,3.330791613735632,3.330791613735632,3.3269226365077365,3.326922636507736,5.34894588703526,5.34894588703526
411.0,0.41100000000000003,0.001,0.499,113.05253553521,0.9702163997446049,1.973138972817304,0.016933470632388828,5.427833845237304,0.67287035800659,5.427833845237304,0.67287035800659,5.427833845237304,0.67287035800659,-1.6613984045694297,0.4924692453913046,-3.005241974847978,-14.264658488222082,-3.005241974847978,-14.264658488222082,0.0,0.0,0.0,0.0,0.0,0.0,3.3269137342642403,3.3269137342642403,3.3269137342642403,3.322980318792638,3.3229803187926374,5.35690482681681,5.35690482681681
412.0,0.41200000000000003,0.001,0.499,113.36271280373396,1.0097053982112065,1.97855258741789,0.017622683673946017,5.413614600585845,0.6892130415571895,5.413614600585845,0.6892130415571895,5.413614600585845,0.6892130415571895,-1.6643632187294755,0.47810942366620596,-2.964814160045845,-14.359821725098659,-2.964814160045845,-14.359821725098659,0.0,0.0,0.0,0.0,0.0,0.0,3.322971144614293,3.322971144614293,3.322971144614293,3.318973123299912,3.318973123299912,5.364549463291169,5.364549463291169
413.0,0.41300000000000003,0.001,0.499,113.67206646921733,1.050136412411227,1.9839518274336878,0.018328337991656955,5.399240015797865,0.7056543177109373,5.399240015797865,0.7056543177109373,5.399240015797865,0.7056543177109373,-1.6672882164905647,0.46365609282081377,-2.924997761089306,-14.453330845392195,-2.924997761089306,-14.453330845392195,0.0,0.0,0.0,0.0,0.0,0.0,3.3189636638138724,3.3189636638138724,3.3189636638138724,3.3149008746990924,3.3149008746990924,5.371879387799389,5.371879387799389
414.0,0.41400000000000003,0.001,0.499,113.98058772808128,1.0915148439025764,1.9893365392132614,0.019050527860491908,5.384711779573577,0.7221898688349524,5.384711779573577,0.7221898688349524,5.384711779573577,0.7221898688349524,-1.6701740461208856,0.44911099025401624,-2.8858296303208437,-14.545102566797507,-2.8858296303208437,-14.545102566797507,0.0,0.0,0.0,0.0,0.0,0.0,3.314891116184444,3.314891116184444,3.3148911161844445,3.310763403158169,3.310763403158169,5.378894417512929,5.378894417512929
415.0,0.41500000000000004,0.001,0.499,114.28826787361551,1.1338458479977642,1.9947065707958491,0.019789343257628142,5.370031582587684,0.7388153971362335,5.370031582587684,0.7388153971362335,5.370031582587684,0.7388153971362335,-1.673021393025412,0.43447593784668026,-2.8473469045264244,-14.63505240733598,-2.8473469045264244,-14.63505240733598,0.0,0.0,0.0,0.0,0.0,0.0,3.3107533315502575,3.3107533315502575,3.3107533315502575,3.3065605445468735,3.3065605445468735,5.385594593713277,5.385594593713277
416.0,0.41600000000000004,0.001,0.499,114.59509829605437,1.177134335024432,2.0000617719126925,0.020544869884450347,5.355201116843366,0.755526626822204,5.355201116843366,0.755526626822204,5.355201116843366,0.755526626822204,-1.6758309799607702,0.41975284299031845,-2.809586935358057,-14.723094856361834,-2.809586935358057,-14.723094856361834,0.0,0.0,0.0,0.0,0.0,0.0,3.3065501454404247,3.3065501454404247,3.3065501454404247,3.302292140635736,3.3022921406357355,5.391980178914988,5.391980178914988
417.0,0.417,0.001,0.499,114.9010704826163,1.2213849717077399,2.0054019939877246,0.02131718919067785,5.340222075032068,0.7723193062275038,5.340222075032068,0.7723193062275038,5.340222075032068,0.7723193062275038,-1.678603567174937,0.4049436994281871,-2.77258721416683,-14.809143562131387,-2.77258721416683,-14.809143562131387,0.0,0.0,0.0,0.0,0.0,0.0,3.3022813992887943,3.3022813992887943,3.3022813992887943,3.297958039290781,3.2979580392907804,5.398051652776707,5.398051652776707
418.0,0.418,0.001,0.499,115.20617601750692,1.266602182672609,2.010727090137624,0.022106378400583698,5.3250961498994345,0.78918920990585,5.3250961498994345,0.78918920990585,5.3250961498994345,0.78918920990585,-1.6813399524662247,0.39005058789227676,-2.7363852912875766,-14.89311153591035,-2.7363852912875766,-14.89311153591035,0.0,0.0,0.0,0.0,0.0,0.0,3.29794694063037,3.29794694063037,3.2979469406303696,3.293558094663732,3.293558094663732,5.4038097067536786,5.4038097067536786
419.0,0.419,0.001,0.499,115.51040658188613,1.3127901520637537,2.016036915171242,0.022912510541269533,5.309825033617724,0.8061321406858359,5.309825033617724,0.8061321406858359,5.309825033617724,0.8061321406858359,-1.6840409711560973,0.375075676519846,-2.7010186898725417,-14.97491137243075,-2.7010186898725417,-14.97491137243075,0.0,0.0,0.0,0.0,0.0,0.0,3.2935466232908035,3.2935466232908035,3.293546623290803,3.289092167377628,3.289092167377628,5.4092552374559615,5.4092552374559615
420.0,0.42,0.001,0.499,115.81375395379978,1.3599528252813715,2.021331325588407,0.02373565447295911,5.2944104171650235,0.8231439316895788,5.2944104171650235,0.8231439316895788,5.2944104171650235,0.8231439316895788,-1.6867074959705295,0.3600212210335144,-2.6665248144321296,-15.054455486331616,-2.6665248144321296,-15.054455486331616,0.0,0.0,0.0,0.0,0.0,0.0,3.289080307571953,3.289080307571953,3.2890803075719535,3.28456012470773,3.2845601247077294,5.414389338688824,5.414389338688824
421.0,0.421,0.001,0.499,116.11621000807604,1.4080939108303063,2.0266101795781184,0.024575874921272285,5.278853989711581,0.8402204483131739,5.278853989711581,0.8402204483131739,5.278853989711581,0.8402204483131739,-1.689340436824835,0.34488956466948695,-2.6329408543055473,-15.131656364027492,-2.6329408543055473,-15.131656364027492,0.0,0.0,0.0,0.0,0.0,0.0,3.2845478604347265,3.2845478604347265,3.284547860434727,3.279961840757605,3.279961840757605,5.4192132921658605,5.4192132921658605
422.0,0.422,0.001,0.499,116.4177667161871,1.4572168822804366,2.031873337016132,0.025433232511440234,5.263157438013561,0.8573575901679503,5.263157438013561,0.8573575901679503,5.263157438013561,0.8573575901679503,-1.6919407405071873,0.32968313783923897,-2.600303682352259,-15.206426830247988,-2.600303682352259,-15.206426830247988,0.0,0.0,0.0,0.0,0.0,0.0,3.2799491556751725,3.2799491556751725,3.279949155675172,3.2752971966303233,3.2752971966303233,5.423728556900693,5.423728556900693
423.0,0.423,0.001,0.499,116.71841614607655,1.5073249803359898,2.0371206594619466,0.026307783804421805,5.247322445814535,0.8745512929815724,5.247322445814535,0.8745512929815724,5.247322445814535,0.8745512929815724,-1.6945093902564132,0.31440445751095686,-2.568649749225885,-15.278680328282132,-2.568649749225885,-15.278680328282132,0.0,0.0,0.0,0.0,0.0,0.0,3.2752840740951195,3.2752840740951195,3.27528407409512,3.2705660805946106,3.2705660805946106,5.4279367573001345,5.4279367573001345
424.0,0.424,0.001,0.499,117.01815046195291,1.5584212150114267,2.0423520101552017,0.027199581334879874,5.231350693254989,0.8917975304580699,5.231350693254989,0.8917975304580699,5.231350693254989,0.8917975304580699,-1.697047405230078,0.29905612629821077,-2.538014973664586,-15.34833121274607,-2.538014973664586,-15.34833121274607,0.0,0.0,0.0,0.0,0.0,0.0,3.270552503669425,3.270552503669425,3.270552503669425,3.265768388245943,3.265768388245943,5.431839669999539,5.431839669999539
425.0,0.425,0.001,0.499,117.31696192404986,1.610508367911496,2.0475672540114918,0.028108673650975798,5.215243856290146,0.9090923160959232,5.215243856290146,0.9090923160959232,5.215243856290146,0.9090923160959232,-1.6995558398593829,0.28364083124473605,-2.5084346293049946,-15.415295053474706,-2.5084346293049946,-15.415295053474706,0.0,0.0,0.0,0.0,0.0,0.0,3.26575433970804,3.26575433970804,3.26575433970804,3.260904022662438,3.260904022662438,5.43543920950017,5.43543920950017
426.0,0.426,0.001,0.499,117.61484288835362,1.6635889946130067,2.0527662576176082,0.029035105355939176,5.199003606116379,0.9264317049633772,5.199003606116379,0.9264317049633772,5.199003606116379,0.9264317049633772,-1.7020357830879822,0.2681613422958153,-2.4799432285992498,-15.479488948920764,-2.4799432285992498,-15.479488948920764,0.0,0.0,0.0,0.0,0.0,0.0,3.260889485011176,3.260889485011176,3.2608894850111763,3.2559728945554904,3.2559728945554904,5.4387374126879555,5.4387374126879555
427.0,0.427,0.001,0.499,117.91178580629787,1.7176654271458212,2.0579488892262146,0.029978917151369366,5.182631608606481,0.9438117954301906,5.182631608606481,0.9438117954301906,5.182631608606481,0.9438117954301906,-1.7044883574924674,0.2526205104485829,-2.452574404485283,-15.540831847232369,-2.452574404485283,-15.540831847232369,0.0,0.0,0.0,0.0,0.0,0.0,3.2559578500217894,3.2559578500217894,3.2559578500217894,3.2509749224150766,3.250974922415076,5.441736422332854,5.441736422332854
428.0,0.428,0.001,0.499,118.20778322442689,1.7727397765705337,2.0631150187499685,0.030940145882224445,5.166129523754076,0.9612287308550796,5.166129523754076,0.9612287308550796,5.166129523754076,0.9612287308550796,-1.7069147182829953,0.23702126557560613,-2.4263607905278985,-15.59924487297678,-2.4263607905278985,-15.59924487297678,0.0,0.0,0.0,0.0,0.0,0.0,3.2509593529692538,3.2509593529692538,3.2509593529692533,3.2459100326496557,3.245910032649656,5.444438469687881,5.444438469687881
429.0,0.429,0.001,0.499,118.5028277840275,1.8288139356502517,2.068264517755096,0.0319188245834526,5.149499005127397,0.9786787012281494,5.149499005127397,0.9786787012281494,5.149499005127397,0.9786787012281494,-1.7093160521833062,0.2213666139183184,-2.4013339003108243,-15.654651657287705,-2.4013339003108243,-15.654651657287705,0.0,0.0,0.0,0.0,0.0,0.0,3.245893920011667,3.245893920011667,3.245893920011667,3.2407781597206085,3.2407781597206085,5.446845856326108,5.446845856326108
430.0,0.43,0.001,0.499,118.79691222073008,1.8858895816138643,2.0733972594544285,0.03291498252822025,5.132741699332712,0.9961579447676489,5.132741699332712,0.9961579447676489,5.132741699332712,0.9961579447676489,-1.7116935761902226,0.20565963524927716,-2.377524006916388,-15.706978669041257,-2.377524006916388,-15.706978669041257,0.0,0.0,0.0,0.0,0.0,0.0,3.2407614853689224,3.2407614853689224,3.2407614853689224,3.2355792462711377,3.2355792462711377,5.448960935372158,5.448960935372158
431.0,0.431,0.001,0.499,119.0900293640795,1.9439681790081471,2.078513118699916,0.03392864527769068,5.115859245487619,1.0136627494704344,5.115859245487619,1.0136627494704344,5.115859245487619,1.0136627494704344,-1.7140485362136009,0.18990347970476168,-2.354960023378238,-15.756155544515483,-2.354960023378238,-15.756155544515483,0.0,0.0,0.0,0.0,0.0,0.0,3.2355619914540945,3.2355619914540945,3.235561991454095,3.230313243249593,3.230313243249593,5.450786092301568,5.450786092301568
432.0,0.432,0.001,0.499,119.38217213707652,2.003050982636015,2.0836119719746207,0.03495983473230623,5.098853274704452,1.0311894546155513,5.098853274704452,1.0311894546155513,5.098853274704452,1.0311894546155513,-1.716382205598633,0.17410136429189665,-2.3336693850321826,-15.802115412865021,-2.3336693850321826,-15.802115412865021,0.0,0.0,0.0,0.0,0.0,0.0,3.230295388993883,3.230295388993883,3.2302953889938832,3.2249801100271775,3.224980110027178,5.452323725496322,5.452323725496322
433.0,0.433,0.001,0.499,119.67333355569009,2.0631390405782084,2.0886936973842047,0.036008569184526634,5.0817254095840205,1.048734452220401,5.0817254095840205,1.048734452220401,5.0817254095840205,1.048734452220401,-1.7186958835333526,0.15825656907724686,-2.313677934719385,-15.844795214649787,-2.313677934719385,-15.844795214649787,0.0,0.0,0.0,0.0,0.0,0.0,3.224961637150136,3.224961637150136,3.224961637150136,3.219579814509962,3.219579814509962,5.453576226757256,5.453576226757256
434.0,0.434,0.001,0.499,119.96350672834122,2.1242331972956627,2.093758174647925,0.03707486337297562,5.064477263719903,1.0662941884489874,5.064477263719903,1.0662941884489874,5.064477263719903,1.0662941884489874,-1.720990893345166,0.14237243306664832,-2.295009811813613,-15.884136010598557,-2.295009811813613,-15.884136010598557,0.0,0.0,0.0,0.0,0.0,0.0,3.219560703629841,3.219560703629841,3.219560703629841,3.2141123332451857,3.2141123332451857,5.454545961983807,5.454545961983807
435.0,0.435,0.001,0.499,120.25268485535915,2.186334096809797,2.098805285089138,0.03815872853794741,5.0471104412135,1.0838651649717863,5.0471104412135,1.0838651649717863,5.0471104412135,1.0838651649717863,-1.7232685806912151,0.12645234978888034,-2.2776873460489426,-15.920083277767988,-2.2776873460489426,-15.920083277767988,0.0,0.0,0.0,0.0,0.0,0.0,3.214092564792,3.214092564792,3.2140925647919993,3.20857765152183,3.20857765152183,5.455235252238008,5.455235252238008
436.0,0.436,0.001,0.499,120.5122649184454,2.3270435096810433,2.103335811862528,0.04061457108109875,4.530526773389634,2.4558425431513395,4.530526773389634,2.4558425431513395,4.530526773389634,2.4558425431513395,-1.7255303116483305,0.11049976259860267,-2.2617309571154554,-15.952587190277667,-2.2617309571154554,-15.952587190277667,0.0,0.0,0.0,0.0,0.0,0.0,3.208557205749344,3.208557205749344,3.208557205749344,3.265637612026426,3.265637612026426,5.455646355412548,5.455646355412548
437.0,0.437,0.001,0.499,120.74455792113925,2.5400814552631377,2.1073900895888795,0.0443327846631908,4.054277726351604,3.7182135820920545,4.054277726351604,3.7182135820920545,4.054277726351604,3.7182135820920545,-1.7277774707092979,0.0945181597167388,-2.247159060967422,-15.981602881863864,-2.247159060967422,-15.981602881863864,0.0,0.0,0.0,0.0,0.0,0.0,3.2655942952251955,3.2655942952251955,3.2655942952251955,3.3175649706900447,3.3175649706900447,5.4557814487218455,5.4557814487218455
438.0,0.438,0.001,0.499,120.95171244435107,2.81960160605506,2.111005618079325,0.04921133162018088,3.6155284904456977,4.878546956990083,3.6155284904456977,4.878546956990083,3.6155284904456977,4.878546956990083,-1.7300114586930488,0.0785110690291389,-2.2339879837510157,-16.007090687599902,-2.2339879837510157,-16.007090687599902,0.0,0.0,0.0,0.0,0.0,0.0,3.317497976598,3.317497976598,3.317497976598,3.3646826833936223,3.3646826833936223,5.455642612230282,5.455642612230282
439.0,0.439,0.001,0.499,121.13572550320994,3.160163581058948,2.1142172518230784,0.05515525939109335,3.211633743753257,5.943927770912465,3.211633743753257,5.943927770912465,3.211633743753257,5.943927770912465,-1.7322336905772555,0.06248205266685973,-2.222231884206716,-16.02901636227917,-2.222231884206716,-16.02901636227917,0.0,0.0,0.0,0.0,0.0,0.0,3.364591063499528,3.364591063499528,3.364591063499528,3.4072996689065698,3.4072996689065698,5.455231813622798,5.455231813622798
440.0,0.44,0.001,0.499,121.29845270618853,3.556706523035835,2.117057377297616,0.06207623935413486,2.84012547453732,6.9209799630415105,2.84012547453732,6.9209799630415105,2.84012547453732,6.9209799630415105,-1.734445593262591,0.046434701393712745,-2.2119026853356614,-16.047351273146987,-2.2119026853356614,-16.047351273146987,0.0,0.0,0.0,0.0,0.0,0.0,3.4071827777057284,3.4071827777057284,3.4071827777057284,3.4457097929343985,3.4457097929343985,5.454550894410222,5.454550894410222
441.0,0.441,0.001,0.499,121.44161775308147,4.004524091227365,2.1195560787396697,0.0698921303673513,2.498701442053924,7.815891013216442,2.498701442053924,7.815891013216442,2.498701442053924,7.815891013216442,-1.736648603278631,0.0303726288288152,-2.203010016039946,-16.062072564897544,-2.203010016039946,-16.062072564897544,0.0,0.0,0.0,0.0,0.0,0.0,3.4455677110946077,3.4455677110946077,3.4455677110946077,3.4801919284233414,3.480191928423342,5.453601557744969,5.453601557744969
442.0,0.442,0.001,0.499,121.56682130957722,4.49924092366098,2.1217412930357273,0.07852656795835494,2.1852142960577554,8.63443759100365,2.1852142960577554,8.63443759100365,2.1852142960577554,8.63443759100365,-1.7388441644419863,0.014299465533696137,-2.195561163355302,-16.073163295119063,-2.195561163355302,-16.073163295119063,0.0,0.0,0.0,0.0,0.0,0.0,3.4800257586702883,3.4800257586702883,3.4800257586702883,3.5110104508237674,3.511010450823768,5.452385358002375,5.452385358002375
443.0,0.443,0.001,0.499,121.67554929617067,5.036790569292596,2.1236389543908474,0.0879085791675554,1.8976613551199475,9.382011209200458,1.8976613551199475,9.382011209200458,1.8976613551199475,9.382011209200458,-1.7410337254777783,-0.0017811470049738862,-2.1895610357920745,-16.08061253867002,-2.1895610357920745,-16.08061253867002,0.0,0.0,0.0,0.0,0.0,0.0,3.5108224611270242,3.5108224611270242,3.5108224611270242,3.5384158475656795,3.53841584756568,5.450903692259411,5.450903692259411
444.0,0.444,0.001,0.499,121.7691806283696,5.613394853974951,2.125273129420747,0.0979722224163692,1.6341750298996542,10.063643248813806,1.6341750298996542,10.063643248813806,1.6341750298996542,10.063643248813806,-1.743218737615967,-0.017865562464770807,-2.185012138188578,-16.08441545979692,-2.185012138188578,-16.08441545979692,0.0,0.0,0.0,0.0,0.0,0.0,3.538209475398696,3.538209475398696,3.538209475398696,3.562645299001741,3.562645299001741,5.449157793776124,5.449157793776124
445.0,0.445,0.001,0.499,121.84899444382128,6.225544620956833,2.126666143288958,0.10865625136551911,1.3930138682112865,10.684028949149903,1.3930138682112865,10.684028949149903,1.3930138682112865,10.684028949149903,-1.7454006521743286,-0.03395013581592474,-2.1819145583616195,-16.08457335115393,-2.1819145583616195,-16.08457335115393,0.0,0.0,0.0,0.0,0.0,0.0,3.5624250466850533,3.5624250466850533,3.5624250466850533,3.5839231827218474,3.5839231827218474,5.4471487275566215,5.4471487275566215
446.0,0.446,0.001,0.499,121.91617685032432,6.8699817727894095,2.1278386974818493,0.11990380148717218,1.1725541928909962,11.247550121653065,1.1725541928909962,11.247550121653065,1.1725541928909962,11.247550121653065,-1.747580918140043,-0.05003122945517538,-2.180265965714409,-16.08109363925064,-2.180265965714409,-16.08109363925064,0.0,0.0,0.0,0.0,0.0,0.0,3.5836944376557223,3.5836944376557223,3.5836944376557223,3.602461499861858,3.602461499861858,5.444877388036208,5.444877388036208
447.0,0.447,0.001,0.499,121.97182722683895,7.543682534461458,2.1288099797820044,0.13166209795154304,0.9712823001549378,11.75829646437087,0.9712823001549378,11.75829646437087,0.9712823001549378,11.75829646437087,-1.7497609797618774,-0.06610521931140438,-2.180061621834357,-16.073989856229005,-2.180061621834357,-16.073989856229005,0.0,0.0,0.0,0.0,0.0,0.0,3.6022303109496283,3.6022303109496283,3.6022303109496283,3.618460241912903,3.618460241912903,5.442344498910119,5.442344498910119
448.0,0.448,0.001,0.499,122.01696410767376,8.243841855286245,2.129597766966652,0.14388218338846287,0.787787184647422,12.220085436919812,0.787787184647422,12.220085436919812,0.787787184647422,12.220085436919812,-1.7519422741648623,-0.0821685008896525,-2.181294402984829,-16.06328157824812,-2.181294402984829,-16.06328157824812,0.0,0.0,0.0,0.0,0.0,0.0,3.6182330782631427,3.6182330782631427,3.6182330782631427,3.632107722034907,3.6321077220349074,5.439550615087944,5.439550615087944
449.0,0.449,0.001,0.499,122.05253067807614,8.96785886800964,2.130218520723816,0.1565186641009398,0.6207537571637796,12.636480712476954,0.6207537571637796,12.636480712476954,0.6207537571637796,12.636480712476954,-1.7541262289991304,-0.09821749522078005,-2.183954834268065,-16.048994331127545,-2.183954834268065,-16.048994331127545,0.0,0.0,0.0,0.0,0.0,0.0,3.63189123404242,3.63189123404242,3.6318912340424205,3.643580893222336,3.643580893222336,5.4364961267268885,5.4364961267268885
450.0,0.45,0.001,0.499,122.0793999075447,9.713323326683833,2.130687477245516,0.16952947336140167,0.4689565217003394,13.010809260461858,0.4689565217003394,13.010809260461858,0.4689565217003394,13.010809260461858,-1.7563142601342439,-0.11424865468504075,-2.1880311351135573,-16.031159464260707,-2.1880311351135573,-16.031159464260707,0.0,0.0,0.0,0.0,0.0,0.0,3.6433816904005885,3.6433816904005885,3.6433816904005885,3.653045670965084,3.653045670965084,5.433181265267192,5.433181265267192
451.0,0.451,0.001,0.499,122.09837934534171,10.478002949234739,2.1310187309252515,0.18287565049782245,0.3312536797357342,13.34617713642078,0.3312536797357342,13.34617713642078,0.3312536797357342,13.34617713642078,-1.7585077694098732,-0.13025846867919263,-2.1935092756293475,-16.009813994151884,-2.1935092756293475,-16.009813994151884,0.0,0.0,0.0,0.0,0.0,0.0,3.6528701259266696,3.6528701259266696,3.6528701259266696,3.660657272530847,3.660657272530847,5.429606111365032,5.429606111365032
452.0,0.452,0.001,0.499,122.11021560093818,11.259831595752889,2.1312253125565173,0.19652113456597506,0.20658163126576257,13.6454840681526,0.20658163126576257,13.6454840681526,0.20658163126576257,13.6454840681526,-1.7607081424531184,-0.1462434690984407,-2.200373043245073,-15.98500041924804,-2.200373043245073,-15.98500041924804,0.0,0.0,0.0,0.0,0.0,0.0,3.660511356424639,3.660511356424639,3.660511356424639,3.6665605798093486,3.6665605798093486,5.425770604592624,5.425770604592624
453.0,0.453,0.001,0.499,122.11559853048182,12.056898218937569,2.131319262400457,0.21043257149830072,0.0939498439397122,13.911436932325666,0.0939498439397122,13.911436932325666,0.0939498439397122,13.911436932325666,-1.7629167465720952,-0.16220023560646493,-2.208604118976939,-15.956766508024243,-2.208604118976939,-15.956766508024243,0.0,0.0,0.0,0.0,0.0,0.0,3.666449731355082,3.666449731355082,3.666449731355082,3.670890528313144,3.670890528313144,5.421674554752458,5.421674554752458
454.0,0.454,0.001,0.499,122.11516514884762,12.867436528532672,2.1313116984640224,0.2245791337142844,-0.007563936434543318,14.146562215983685,-0.007563936434543318,14.146562215983685,-0.007563936434543318,14.146562215983685,-1.765134928734653,-0.1781254006689994,-2.2181821625576728,-15.925165062534477,-2.2181821625576728,-15.925165062534477,0.0,0.0,0.0,0.0,0.0,0.0,3.670819556219175,3.670819556219175,3.670819556219175,3.673772521582327,3.6737725215823267,5.417317654633223,5.417317654633223
455.0,0.455,0.001,0.499,122.10950328540818,13.689815316816288,2.1312128803052057,0.23893235126839488,-0.0988181588166656,14.353217554110481,-0.0988181588166656,14.353217554110481,-0.0988181588166656,14.353217554110481,-1.767364013640253,-0.19401565432885368,-2.229084905600234,-15.890253659854269,-2.229084905600234,-15.890253659854269,0.0,0.0,0.0,0.0,0.0,0.0,3.673745538477403,3.673745538477403,3.673745538477403,3.675322867862458,3.675322867862458,5.412699494019216,5.412699494019216
456.0,0.456,0.001,0.499,122.09915500034997,14.522529397122616,2.131032268659005,0.2534659536974568,-0.1806116462006851,14.53360242906189,-0.1806116462006851,14.53360242906189,-0.1806116462006851,14.53360242906189,-1.7696053018921565,-0.20986774870286873,-2.2412882519034927,-15.852094374015044,-2.2412882519034927,-15.852094374015044,0.0,0.0,0.0,0.0,0.0,0.0,3.675343252793456,3.675343252793456,3.675343252793456,3.675649234399182,3.675649234399182,5.407819574753091,5.407819574753091
457.0,0.457,0.001,0.499,122.08461977715177,15.364191111913764,2.1307785811566844,0.26815572180854375,-0.2536875023207348,14.689768111086972,-0.2536875023207348,14.689768111086972,-0.2536875023207348,14.689768111086972,-1.7718600682761183,-0.22567850218402963,-2.254766383961864,-15.81075348116089,-2.254766383961864,-15.81075348116089,0.0,0.0,0.0,0.0,0.0,0.0,3.6757196203236897,3.6757196203236897,3.6757196203236897,3.674851113867419,3.674851113867419,5.402677326643909,5.402677326643909
458.0,0.458,0.001,0.499,122.06635750573103,16.213522371048057,2.1304598443914995,0.2829793487205463,-0.3187367651849906,14.823626912002576,-0.3187367651849906,14.823626912002576,-0.3187367651849906,14.823626912002576,-1.7741295601508276,-0.24144480333477522,-2.26949187470929,-15.766301150745596,-2.26949187470929,-15.766301150745596,0.0,0.0,0.0,0.0,0.0,0.0,3.674973396286077,3.674973396286077,3.674973396286077,3.6730202971738652,3.6730202971738652,5.39727212400848,5.39727212400848
459.0,0.459,0.001,0.499,122.04479126974412,17.0693471846038,2.130083442566266,0.29791630953736065,-0.3764018252338854,14.93696081681432,-0.3764018252338854,14.93696081681432,-0.3764018252338854,14.93696081681432,-1.7764149959543385,-0.2571636144604071,-2.285435803510838,-15.718811125631866,-2.285435803510838,-15.718811125631866,0.0,0.0,0.0,0.0,0.0,0.0,3.673195660031891,3.673195660031891,3.673195660031891,3.6702413469963733,3.6702413469963733,5.391603302633873,5.391603302633873
460.0,0.46,0.001,0.499,122.02030995059138,17.930584657924662,2.129656162941819,0.31294773908836654,-0.42727962444695916,15.031429551005889,-0.42727962444695916,15.031429551005889,-0.42727962444695916,15.031429551005889,-1.7787175638297508,-0.2728319748543638,-2.3025678754122487,-15.668360393956709,-2.3025678754122487,-15.668360393956709,0.0,0.0,0.0,0.0,0.0,0.0,3.670470302139901,3.670470302139901,3.670470302139901,3.6665920668301397,3.66659206683014,5.3856701769525746,5.3856701769525746
461.0,0.461,0.001,0.499,121.9932706598195,18.796242419478055,2.1291842382904456,0.3280563172229172,-0.4719246513731945,15.1085781345507,-0.4719246513731945,15.1085781345507,-0.4719246513731945,15.1085781345507,-1.781038420372419,-0.28844700370995296,-2.320856542668266,-15.615028855589209,-2.320856542668266,-15.615028855589209,0.0,0.0,0.0,0.0,0.0,0.0,3.6668745035826595,3.6668745035826595,3.6668745035826595,3.6621439608971937,3.6621439608971937,5.3794720572286705,5.3794720572286705
462.0,0.462,0.001,0.499,121.96400101082659,19.665410454691116,2.1286733865446164,0.34322616119047517,-0.5108517458293673,15.169843967557927,-0.5108517458293673,15.169843967557927,-0.5108517458293673,15.169843967557927,-1.7833786895000125,-0.3040059026958851,-2.340269127593645,-15.558898985932183,-2.340269127593645,-15.558898985932183,0.0,0.0,0.0,0.0,0.0,0.0,3.6624792026821016,3.6624792026821016,3.6624792026821016,3.6569626809621507,3.6569626809621507,5.373008266563518,5.373008266563518
463.0,0.463,0.001,0.499,121.93280124005143,20.53725532118403,2.128128847818722,0.35844272467738686,-0.5445387258943155,15.216563486911673,-0.5445387258943155,15.216563486911673,-0.5445387258943155,15.216563486911673,-1.7857394614458277,-0.319505958195596,-2.3607719458152268,-15.5000554997109,-2.3607719458152268,-15.5000554997109,0.0,0.0,0.0,0.0,0.0,0.0,3.6573495462775725,3.6573495462775725,3.6573495462775725,3.651108456821526,3.651108456821526,5.3662781575418945,5.3662781575418945
464.0,0.464,0.001,0.499,121.89994618716317,21.411014722792228,2.127555418969905,0.37369270310570535,-0.5734288488170174,15.249978428318482,-0.5734288488170174,15.249978428318482,-0.5734288488170174,15.249978428318482,-1.7881217918748757,-0.3349445432128502,-2.3823304290480727,-15.438585017254207,-2.3823304290480727,-15.438585017254207,0.0,0.0,0.0,0.0,0.0,0.0,3.65154532228668,3.65154532228668,3.65154532228668,3.644636507951248,3.6446365079512484,5.359281128354531,5.359281128354531
465.0,0.465,0.001,0.499,121.86568714315403,22.285992421492082,2.12695748585336,0.3889639448295407,-0.5979331165449988,15.271241723835384,-0.5979331165449988,15.271241723835384,-0.5979331165449988,15.271241723835384,-1.7905267011214479,-0.35031911894846046,-2.4049092465720063,-15.374575735610255,-2.4049092465720063,-15.374575735610255,0.0,0.0,0.0,0.0,0.0,0.0,3.6451213715279676,3.6451213715279676,3.6451213715279676,3.6375974344749356,3.6375974344749356,5.352016638249455,5.352016638249455
466.0,0.466,0.001,0.499,121.83025357467108,23.16155346785153,2.1263390534176017,0.4042453678907198,-0.6184324357583837,15.281423061179057,-0.6184324357583837,15.281423061179057,-0.6184324357583837,15.281423061179057,-1.7929551735460934,-0.3656272360551156,-2.4284724246454577,-15.308117106655118,-2.4284724246454577,-15.308117106655118,0.0,0.0,0.0,0.0,0.0,0.0,3.6381279773408166,3.6381279773408166,3.6381279773408166,3.630037586233704,3.630037586233704,5.344484222182453,5.344484222182453
467.0,0.467,0.001,0.499,121.79385473239935,24.03711973194831,2.125703773776046,0.4195268820185948,-0.6352796415554287,15.281514127874981,-0.6352796415554287,15.281514127874981,-0.6352796415554287,15.281514127874981,-1.795408157009253,-0.38086653557926814,-2.452983463159797,-15.239299524152514,-2.452983463159797,-15.239299524152514,0.0,0.0,0.0,0.0,0.0,0.0,3.630611232114356,3.630611232114356,3.630611232114356,3.62199940928442,3.62199940928442,5.336683504555593,5.336683504555593
468.0,0.468,0.001,0.499,121.75668115082281,24.912165717861473,2.1250549723827765,0.4347993155791394,-0.6488013932693645,15.272433560544643,-0.6488013932693645,15.272433560544643,-0.6488013932693645,15.272433560544643,-1.7978865624581608,-0.3960347496007793,-2.478405448907823,-15.168214021511162,-2.478405448907823,-15.168214021511162,0.0,0.0,0.0,0.0,0.0,0.0,3.6226133803629286,3.6226133803629286,3.6226133803629286,3.6135217696220896,3.6135217696220896,5.328614211951826,5.328614211951826
469.0,0.46900000000000003,0.001,0.499,121.71890604623766,25.78621464587121,2.1243956724324806,0.4500543471964362,-0.6592999502958893,15.255031617296792,-0.6592999502958893,15.255031617296792,-0.6592999502958893,15.255031617296792,-1.8003912636230741,-0.4111297015825466,-2.504701164913278,-15.094951981767329,-2.504701164913278,-15.094951981767329,0.0,0.0,0.0,0.0,0.0,0.0,3.6141731383960143,3.6141731383960143,3.6141731383960143,3.6046402543130958,3.604640254313096,5.320276184792704,5.320276184792704
470.0,0.47000000000000003,0.001,0.499,121.680686619473,26.658834787419313,2.1237286175972123,0.4652844417856696,-0.6670548352684049,15.230094589233342,-0.6670548352684049,15.230094589233342,-0.6670548352684049,15.230094589233342,-1.802923096818417,-0.4261493064436448,-2.531833195342824,-15.019604861098207,-2.531833195342824,-15.019604861098207,0.0,0.0,0.0,0.0,0.0,0.0,3.605325990996763,3.605325990996763,3.605325990996763,3.595387450542302,3.595387450542302,5.311669387864889,5.311669387864889
471.0,0.47100000000000003,0.001,0.499,121.64216526938051,27.52963603870667,2.123056293205785,0.4804827907511205,-0.6723243914272361,15.198348965450911,-0.6723243914272361,15.198348965450911,-0.6723243914272361,15.198348965450911,-1.8054828608440134,-0.4410915703705952,-2.559764025596523,-14.942263926950439,-2.559764025596523,-14.942263926950439,0.0,0.0,0.0,0.0,0.0,0.0,3.5961044658044337,3.5961044658044337,3.596104465804433,3.5857932033241786,3.5857932033241786,5.302793919679044,5.302793919679044
472.0,0.47200000000000003,0.001,0.499,121.60347072278927,28.398266719550666,2.1223809459652014,0.49564325611568827,-0.6753472405834811,15.160465364567793,-0.6753472405834811,15.160465364567793,-0.6753472405834811,15.160465364567793,-1.80807131698126,-0.45595459038224634,-2.5884561372463626,-14.863020011651153,-2.5884561372463626,-14.863020011651153,0.0,0.0,0.0,0.0,0.0,0.0,3.586538386291599,3.586538386291599,3.586538386291599,3.57588485281292,3.57588485281292,5.293650020641665,5.293650020641665
473.0,0.47300000000000003,0.001,0.499,121.56471908627715,29.264410584807948,2.121704602317529,0.5107603183603779,-0.6763436476722745,15.117062244689725,-0.6763436476722745,15.117062244689725,-0.6763436476722745,15.117062244689725,-1.8106891890788237,-0.4707365536644054,-2.6178720975637195,-14.781963282159076,-2.6178720975637195,-14.781963282159076,0.0,0.0,0.0,0.0,0.0,0.0,3.5766551044062416,3.5766551044062416,3.5766551044062416,3.5656874522767317,3.5656874522767317,5.284238080036112,5.284238080036112
474.0,0.47400000000000003,0.001,0.499,121.52601482478912,30.127784036297875,2.12102908552001,0.5258290277631847,-0.6755167975191757,15.068709402806814,-0.6755167975191757,15.068709402806814,-0.6755167975191757,15.068709402806814,-1.8133371637222686,-0.48543573669081874,-2.6479746434449782,-14.699183026413339,-2.6479746434449782,-14.699183026413339,0.0,0.0,0.0,0.0,0.0,0.0,3.566479714028052,3.566479714028052,3.566479714028052,3.555223967884761,3.555223967884761,5.2745586418235195,5.2745586418235195
475.0,0.47500000000000003,0.001,0.499,121.48745167182908,30.988133523748196,2.120356031530907,0.5408449590370384,-0.6730539891028143,15.01593127385366,-0.6730539891028143,15.01593127385366,-0.6730539891028143,15.01593127385366,-1.8160158904818777,-0.5000505041473684,-2.6787267596090794,-14.614767456549632,-2.6787267596090794,-14.614767456549632,0.0,0.0,0.0,0.0,0.0,0.0,3.556035246461027,3.556035246461027,3.556035246461027,3.5445154614994356,3.5445154614994356,5.264612409287069,5.264612409287069
476.0,0.47600000000000003,0.001,0.499,121.44911347566817,31.84523312383462,2.1196869037786237,0.5558041690760732,-0.6691277522830341,14.959210039034772,-0.6691277522830341,14.959210039034772,-0.6691277522830341,14.959210039034772,-1.8187259822328787,-0.5145793076764473,-2.7100917510009657,-14.52880352907897,-2.7100917510009657,-14.52880352907897,0.0,0.0,0.0,0.0,0.0,0.0,3.545342849205207,3.545342849205207,3.545342849205207,3.533581257679034,3.5335812576790335,5.254400248554422,5.254400248554422
477.0,0.47700000000000004,0.001,0.499,121.41107498574344,32.69888228690612,2.1190230068869504,0.5707031576285648,-0.6638968916733163,14.898988552491584,-0.6638968916733163,14.898988552491584,-0.6638968916733163,14.898988552491584,-1.8214680155422691,-0.5290206844584122,-2.742033309390304,-14.441376781964884,-2.742033309390304,-14.441376781964884,0.0,0.0,0.0,0.0,0.0,0.0,3.534421949244339,3.534421949244339,3.534421949244339,3.522439096082118,3.5224390960821177,5.243923191042839,5.243923191042839
478.0,0.47800000000000004,0.001,0.499,121.37340258316867,33.548903741482185,2.118365499424884,0.5855388307235087,-0.6575074620664102,14.835673094943804,-0.6575074620664102,14.835673094943804,-0.6575074620664102,14.835673094943804,-1.8242425311164743,-0.5433732556468033,-2.7745155742051484,-14.352571188391034,-2.7745155742051484,-14.352571188391034,0.0,0.0,0.0,0.0,0.0,0.0,3.523290402057676,3.523290402057676,3.523290402057676,3.511105270432533,3.511105270432533,5.233182434879523,5.233182434879523
479.0,0.47900000000000004,0.001,0.499,121.33615495904114,34.395141547081394,2.1177154057453134,0.6003084666860665,-0.6500936795704427,14.769635962557826,-0.6500936795704427,14.769635962557826,-0.6500936795704427,14.769635962557826,-1.8270500343041596,-0.5576357246736868,-2.8075031876852137,-14.262469026883597,-2.8075031876852137,-14.262469026883597,0.0,0.0,0.0,0.0,0.0,0.0,3.5119646275218908,3.5119646275218908,3.5119646275218908,3.4995947551562105,3.4995947551562105,5.222179345356323,5.222179345356323
480.0,0.48,0.001,0.499,121.29938374400285,35.23745928639417,2.117073626972936,0.6150096845850298,-0.6417787723773011,14.701217898963332,-0.6417787723773011,14.701217898963332,-0.6417787723773011,14.701217898963332,-1.8298909956486387,-0.5718068754410282,-2.8409613444790924,-14.171150767341372,-2.8409613444790924,-14.171150767341372,0.0,0.0,0.0,0.0,0.0,0.0,3.500459733813453,3.500459733813453,3.500459733813453,3.487921320743336,3.487921320743336,5.210915454482934,5.210915454482934
481.0,0.481,0.001,0.499,121.26313409230296,36.07573838824991,2.116440951198072,0.6296404149630733,-0.6326757748640085,14.630730378043538,-0.6326757748640085,14.630730378043538,-0.6326757748640085,14.630730378043538,-1.8327658514844827,-0.5858855704134593,-2.874855835844058,-14.078694972431187,-2.874855835844058,-14.078694972431187,0.0,0.0,0.0,0.0,0.0,0.0,3.4887896303549963,3.4887896303549963,3.4887896303549963,3.4760976388251152,3.4760976388251152,5.199392459706362,5.199392459706362
482.0,0.482,0.001,0.499,121.2274452234086,36.90987657324965,2.1158180629295527,0.6441988727079283,-0.622888268519727,14.558457744855025,-0.622888268519727,14.558457744855025,-0.622888268519727,14.558457744855025,-1.835675004573119,-0.5998707486271858,-2.9091530886362453,-13.985178213726451,-2.9091530886362453,-13.985178213726451,0.0,0.0,0.0,0.0,0.0,0.0,3.4769671307771826,3.4769671307771826,3.4769671307771826,3.4641353778863704,3.4641353778863704,5.1876122218667815,5.1876122218667815
483.0,0.483,0.001,0.499,121.19235092402096,37.739786414342994,2.115205551856558,0.6586835319297102,-0.6125110729946908,14.484659221781886,-0.6125110729946908,14.484659221781886,-0.6125110729946908,14.484659221781886,-1.838618824772422,-0.6137614236290877,-2.943820199303108,-13.890675001901865,-2.943820199303108,-13.890675001901865,0.0,0.0,0.0,0.0,0.0,0.0,3.4650040468050043,3.4650040468050043,3.4650040468050043,3.4520452904659487,3.4520452904659487,5.175576762460995,5.175576762460995
484.0,0.484,0.001,0.499,121.15788001317738,38.56539400502107,2.114603920966176,0.6730931027165002,-0.6016308903817368,14.409570786790047,-0.6016308903817368,14.409570786790047,-0.6016308903817368,14.409570786790047,-1.8415976497355315,-0.6275566813593343,-2.9788249631094357,-13.795257730246602,-2.9788249631094357,-13.795257730246602,0.0,0.0,0.0,0.0,0.0,0.0,3.4529112738970675,3.4529112738970675,3.4529112738970675,3.4398372926280003,3.4398372926280003,5.163288260284887,5.163288260284887
485.0,0.485,0.001,0.499,121.12405677294973,39.38663772817752,2.1140135940605105,0.6874265096469171,-0.5903269056653597,14.333406930416823,-0.5903269056653597,14.333406930416823,-0.5903269056653597,14.333406930416823,-1.8446117856343747,-0.641255677990055,-3.0141358988431217,-13.698996630720721,-3.0141358988431217,-13.698996630720721,0.0,0.0,0.0,0.0,0.0,0.0,3.4406988693984935,3.4406988693984935,3.4406988693984935,3.4275205364204546,3.427520536420455,5.1507490475253235,5.1507490475253235
486.0,0.486,0.001,0.499,121.09090134709265,40.20346711905688,2.113434922714404,0.7016828719448217,-0.5786713461065716,14.256362297904639,-0.5786713461065716,14.256362297904639,-0.5786713461065716,14.256362297904639,-1.8476615079036323,-0.654857637731809,-3.0497222692576713,-13.601959741754092,-3.0497222692576713,-13.601959741754092,0.0,0.0,0.0,0.0,0.0,0.0,3.428376123901593,3.428376123901593,3.428376123901593,3.4151034759728804,3.4151034759728804,5.1379616053704105,5.1379616053704105
487.0,0.487,0.001,0.499,121.05843010984465,41.01584181606393,2.11286819271223,0.715861485167486,-0.5667300021737566,14.178613222664373,-0.5667300021737566,14.178613222664373,-0.5667300021737566,14.178613222664373,-1.8507470620011477,-0.6683618506187817,-3.0855540975154714,-13.504212886972633,-3.0855540975154714,-13.504212886972633,0.0,0.0,0.0,0.0,0.0,0.0,3.415951626450348,3.415951626450348,3.415951626450348,3.402593927825619,3.402593927825619,5.124928559204629,5.124928559204629
488.0,0.488,0.001,0.499,121.02665600694425,41.82373059354931,2.1123136299997505,0.7299618043245176,-0.5545627124795954,14.100319157031537,-0.5545627124795954,14.100319157031537,-0.5545627124795954,14.100319157031537,-1.8538686641810471,-0.6817676702828137,-3.1216021798994715,-13.405819664032004,-3.1216021798994715,-13.405819664032004,0.0,0.0,0.0,0.0,0.0,0.0,3.4034333241480894,3.4034333241480894,3.4034333241480894,3.3899991260256734,3.3899991260256734,5.111652673452567,5.111652673452567
489.0,0.489,0.001,0.499,120.9955888707909,42.627110471015676,2.111771406184709,0.7439834283305744,-0.5422238150415809,14.021624006056742,-0.5422238150415809,14.021624006056742,-0.5422238150415809,14.021624006056742,-1.8570265022761085,-0.6950745117255567,-3.1578380950615297,-13.306841442742948,-3.1578380950615297,-13.306841442742948,0.0,0.0,0.0,0.0,0.0,0.0,3.3908285766940796,3.3908285766940796,3.3908285766940796,3.377325772472714,3.377325772472714,5.09813684613162,5.09813684613162
490.0,0.49,0.001,0.499,120.96523571155501,43.42596589350507,2.1112416436176606,0.7579260857004247,-0.5297625670482452,13.942657369850325,-0.5297625670482452,13.942657369850325,-0.5297625670482452,13.942657369850325,-1.8602207364861822,-0.7082818490972408,-3.194234210073622,-13.20733737168408,-3.194234210073622,-13.20733737168408,0.0,0.0,0.0,0.0,0.0,0.0,3.3781442063057496,3.3781442063057496,3.3781442063057496,3.3645800829507406,3.3645800829507406,5.0843841031704455,5.0843841031704455
491.0,0.491,0.001,0.499,120.93560098592411,44.220287978231404,2.110724420082476,0.7717896214002046,-0.5172235351846471,13.863535699779874,-0.5172235351846471,13.863535699779874,-0.5172235351846471,13.863535699779874,-1.863451500169726,-0.7213892134897568,-3.230763683543752,-13.107364392516017,-3.230763683543752,-13.107364392516017,0.0,0.0,0.0,0.0,0.0,0.0,3.3653865434502426,3.3653865434502426,3.365386543450243,3.3517678292374264,3.3517678292374264,5.0703975925460565,5.0703975925460565
492.0,0.492,0.001,0.499,120.9066868450609,45.010073822813325,2.1102197731240278,0.7855739847738034,-0.5046469584485943,13.784363373598753,-0.5046469584485943,13.784363373598753,-0.5046469584485943,13.784363373598753,-1.866718900635778,-0.7343961907509912,-3.267400466052078,-13.006977261234304,-3.267400466052078,-13.006977261234304,0.0,0.0,0.0,0.0,0.0,0.0,3.3525614687536125,3.3525614687536125,3.3525614687536125,3.338894377643684,3.338894377643684,5.056180578288436,5.056180578288436
493.0,0.493,0.001,0.499,120.87849336324587,45.795325870740896,2.1097277040387543,0.7992792184681677,-0.4920690852732263,13.70523369436442,-0.4920690852732263,13.70523369436442,-0.4920690852732263,13.70523369436442,-1.870023019933933,-0.7473024193266178,-3.304119298154817,-12.906228575626587,-3.304119298154817,-12.906228575626587,0.0,0.0,0.0,0.0,0.0,0.0,3.339674451431045,3.339674451431045,3.339674451431045,3.3259647243004427,3.325964724300442,5.041736434397491,5.041736434397491
494.0,0.494,0.001,0.499,120.85101874857853,46.57605132997545,2.1092481815520925,0.8129054482859555,-0.4795224866617293,13.626229817787763,-0.4795224866617293,13.626229817787763,-0.4795224866617293,13.626229817787763,-1.8733639156401272,-0.7601075881348489,-3.340895706194192,-12.805168808231098,-3.340895706194192,-12.805168808231098,0.0,0.0,0.0,0.0,0.0,0.0,3.326730584539312,3.326730584539312,3.3267305845393116,3.3129835274777784,3.3129835274777784,5.027068638713038,5.027068638713038
495.0,0.495,0.001,0.499,120.8242595370199,47.35226164083567,2.108781145205157,0.8264528738983951,-0.46703634693580226,13.547425612439582,-0.46703634693580226,13.547425612439582,-0.46703634693580226,13.547425612439582,-1.8767416216362696,-0.7728114344789767,-3.3777059961423452,-12.703846344127847,-3.3777059961423452,-12.703846344127847,0.0,0.0,0.0,0.0,0.0,0.0,3.3137346173246027,3.3137346173246027,3.3137346173246027,3.2999551371929297,3.2999551371929297,5.0121807667745095,5.0121807667745095
496.0,0.496,0.001,0.499,120.79821077097296,48.12397198956431,2.108326508471556,0.8399217603554234,-0.4546367336008462,13.46888645702839,-0.4546367336008462,13.46888645702839,-0.4546367336008462,13.46888645702839,-1.8801561488819656,-0.785413742001907,-3.4145272456959717,-12.602307522930264,-3.4145272456959717,-12.602307522930264,0.0,0.0,0.0,0.0,0.0,0.0,3.3006909849096298,3.3006909849096298,3.3006909849096298,3.2868836223383617,3.2868836223383617,4.99707648570312,4.99707648570312
497.0,0.497,0.001,0.499,120.77286616351667,48.89120086419954,2.107884161623818,0.853312430334179,-0.44234684773748995,13.390669978755621,-0.44234684773748995,13.390669978755621,-0.44234684773748995,13.390669978755621,-1.8836074861767924,-0.7979143386862897,-3.451337294826723,-12.500596684382712,-3.451337294826723,-12.500596684382712,0.0,0.0,0.0,0.0,0.0,0.0,3.2876038355438784,3.2876038355438784,3.2876038355438784,3.2737727955383624,3.2737727955383624,4.9817595481354235,4.9817595481354235
498.0,0.498,0.001,0.499,120.74821824933376,49.65396964959281,2.1074539743675773,0.8666252570707296,-0.4301872562407616,13.312826736550596,-0.4301872562407616,13.312826736550596,-0.4301872562407616,13.312826736550596,-1.8870956009117728,-0.8103130949032974,-3.4881147349803157,-12.398756217007676,-3.4881147349803157,-12.398756217007676,0.0,0.0,0.0,0.0,0.0,0.0,3.274477055616111,3.274477055616111,3.2744770556161114,3.2606262359225173,3.2606262359225173,4.966233786233591,4.966233786233591
499.0,0.499,0.001,0.499,120.72425852330116,50.41230225862146,2.1070357982604326,0.8798606579235184,-0.4181761071447637,13.235400852788862,-0.4181761071447637,13.235400852788862,-0.4181761071447637,13.235400852788862,-1.8906204398088777,-0.8226099215125825,-3.5248388971049938,-12.296826609285104,-3.5248388971049938,-12.296826609285104,0.0,0.0,0.0,0.0,0.0,0.0,3.2613142926134944,3.2613142926134944,3.2613142926134944,3.2474473099866277,3.2474473099866277,4.950503105794289,4.950503105794289
