episode,step,time_s,q1,q2,qd1,qd2,tau1,tau2,hand_x,hand_y,hand_z,reward,dist
0,1,0.02,0.046785505595280046,0.5257848434621013,-1.4202982361078322,6.58706758593208,-2.8669776916503906,3.9788818359375,0.5388860683944154,0.0,1.2448445976089288,-0.2806804158680752,0.11628914624452591
0,2,0.04,0.030972611685013144,0.6014685542211181,-1.6968913261400118,8.315927231972623,-2.873699188232422,1.3131866455078125,0.5305545208227147,0.0,1.2372490325832564,-0.2390892117023468,0.11100031435489655
0,3,0.06,0.015704573208427174,0.6798404053390216,-1.3925983989481143,7.463263742622396,-3.0508155822753906,-0.3695068359375,0.5205641681930704,0.0,1.2291349399125753,-0.22464364767074585,0.10616840422153473
0,4,0.08,0.004541935017168981,0.744236628837598,-0.9025699892835501,5.644161578808028,-3.273540496826172,-1.2495002746582031,0.5112877786280414,0.0,1.2221692346077764,-0.2191973063349724,0.10304799675941467
0,5,0.1,-0.001880012914711884,0.790185582515646,-0.4399706471072534,3.772846174102139,-3.5528907775878906,-1.54437255859375,0.503925636253679,0.0,1.2166912884793448,-0.2180919184535742,0.10145940631628036
0,6,0.12,-0.0042132387442609925,0.8190652987710026,-0.0714338279516092,2.1886330508305987,-3.799396514892578,-1.5309295654296875,0.4987511636689082,0.0,1.2125211359226458,-0.21841727702319622,0.10078858584165573
0,7,0.14,-0.003434262635913162,0.8341917347018862,0.19587759711363512,0.9746187272851095,-3.9936981201171875,-1.3821258544921875,0.49554481791016497,0.0,1.2093719746130525,-0.21899373783916234,0.10053697228431702
0,8,0.16,-0.0004341904025169886,0.8389411459123983,0.38282816631834493,0.0753106240350071,-4.131114959716797,-1.2225151062011719,0.49391766048540636,0.0,1.2069932120477116,-0.21946217514202,0.10042858123779297
0,9,0.18,0.004038703769069527,0.8363375094093669,0.4987719605177022,-0.5295891519670946,-4.238834381103516,-1.0465965270996094,0.49345951135393573,0.0,1.205189392847801,-0.21980150296166537,0.10034793615341187
0,10,0.2,0.009350740225706517,0.8290549863916743,0.5571013225511098,-0.8876827314783375,-4.3181304931640625,-0.8872833251953125,0.49377248355378683,0.0,1.2037983166819104,-0.21999658503755928,0.10026569664478302
0,11,0.22,0.015000345289457153,0.8192570228755292,0.5710951136866607,-1.0534892337277622,-4.377815246582031,-0.7586288452148438,0.4945230370988542,0.0,1.2026911267378404,-0.22013295310921968,0.10018602758646011
0,12,0.24,0.020615271030425892,0.8085599340781044,0.5535402554446557,-1.0822523775002881,-4.4212799072265625,-0.6652870178222656,0.49546010347824493,0.0,1.201770481655286,-0.22023824285995217,0.10011865943670273
0,13,0.26,0.025944094754994398,0.7980559075077068,0.516011830962357,-1.0242550247029598,-4.4496002197265625,-0.6050910949707031,0.4964152577911314,0.0,1.200968247721546,-0.2203073415197432,0.10006891936063766
0,14,0.28,0.030838656106711236,0.7883895352255286,0.46784244059736585,-0.9198244495457245,-4.465309143066406,-0.571533203125,0.4972907327350516,0.0,1.2002416576679693,-0.22034098169091157,0.10003698617219925
0,15,0.3,0.03523027335883995,0.7798644980612075,0.4158572105574972,-0.7979946560160605,-4.470817565917969,-0.5568885803222656,0.4980416193525348,0.0,1.1995679579187493,-0.22033880014368332,0.10002011060714722
0,16,0.32,0.03910548972743419,0.7725523470720124,0.36451942701907186,-0.6772548573132066,-4.468326568603516,-0.5539817810058594,0.4986580490802156,0.0,1.1989384271704817,-0.22030213700905732,0.10001464188098907
0,17,0.34,0.04248481681881114,0.7663866882444874,0.31636086821395026,-0.567599400254372,-4.459739685058594,-0.5571327209472656,0.4991502573795539,0.0,1.1983527653395418,-0.22023412332726003,0.10001718252897263
0,18,0.36,0.045406311272523855,0.7612348175371163,0.2725081618399582,-0.4729469484677113,-4.446601867675781,-0.5623512268066406,0.4995376022461084,0.0,1.1978145698830265,-0.22013861350272781,0.10002495348453522
0,19,0.38,0.04791440825480155,0.7569454765852248,0.23320610307122633,-0.3934961051945749,-4.430110931396484,-0.5672531127929688,0.4998414493672307,0.0,1.1973281933232773,-0.2200195873803459,0.10003581643104553
0,20,0.4,0.05005330279493054,0.7533762527787111,0.19821556990938816,-0.3274972657936804,-4.4112091064453125,-0.5706405639648438,0.5000812283858115,0.0,1.196896917874001,-0.21988110295904337,0.10004816949367523
0,21,0.42,0.051863712135275665,0.7504060107219388,0.16710248492616722,-0.2725245340723,-4.390636444091797,-0.5721626281738281,0.5002727284022318,0.0,1.1965221527426286,-0.21972715518251063,0.10006083548069
0,22,0.44,0.053381821791349246,0.7479377797404803,0.1393990625258719,-0.2261734695929511,-4.368991851806641,-0.5719261169433594,0.5004278048072532,0.0,1.196203317843602,-0.2195615864318097,0.1000729650259018
0,23,0.46,0.05463944286255954,0.745896433097482,0.11469261425594536,-0.18643941035009412,-4.346778869628906,-0.5702896118164062,0.5005548277990988,0.0,1.1959381076722264,-0.21938821179198567,0.10008399933576584
0,24,0.48,0.05566473191705924,0.7442240503527513,0.09265574440931083,-0.15183161987734464,-4.324420928955078,-0.5676841735839844,0.5006594568929332,0.0,1.1957229309947934,-0.21921059539564886,0.10009360313415527
0,25,0.5,0.056482989109411706,0.7428751120823874,0.07303631748908493,-0.12131228846531893,-4.3022918701171875,-0.5644950866699219,0.5007454323869083,0.0,1.1955533672633434,-0.21903205122658984,0.10010159015655518
0,26,0.52,0.0571173453126998,0.741812375698098,0.0556455773467866,-0.09422296553084376,-4.28070068359375,-0.5610504150390625,0.5008152486513021,0.0,1.195424565427184,-0.21885552956257015,0.10010793805122375
0,27,0.54,0.05758926096150679,0.7410037681106183,0.040333800433683585,-0.07016059459314815,-4.259914398193359,-0.557586669921875,0.5008706728759181,0.0,1.1953315608917046,-0.2186836171275936,0.10011269897222519
0,28,0.56,0.057918839153515575,0.7404202906228228,0.026976387045644472,-0.04889464742862521,-4.240135192871094,-0.5542716979980469,0.5009131010715482,0.0,1.1952695026892117,-0.2185183495221427,0.10011599212884903
0,29,0.58,0.0581249708363565,0.7400348355250079,0.015454774622715429,-0.030269442307059052,-4.221530914306641,-0.5511970520019531,0.5009437760782717,0.0,1.195233801019108,-0.2183614297818276,0.10011796653270721
0,30,0.6,0.058225368771526446,0.7398216456149557,0.005651707023715242,-0.01416662975966658,-4.204216003417969,-0.5484161376953125,0.500963897500866,0.0,1.195220210883032,-0.21821411691058892,0.10011880844831467
0,31,0.62,0.058236543371356676,0.7397561677477923,-0.0025554454685986347,-0.0004643263974178051,-4.188270568847656,-0.5459442138671875,0.5009746683059316,0.0,1.195224873342754,-0.21807730521191843,0.10011868923902512
0,32,0.64,0.05817375597361726,0.7398151246875146,-0.009293400085811114,0.010969474702689287,-4.173732757568359,-0.5437812805175781,0.5009772989375674,0.0,1.1952443264628037,-0.21795155038349912,0.10011779516935349
0,33,0.66,0.0580504634714548,0.7399784806544156,-0.014785663156072599,0.020612181279195587,-4.160945892333984,-0.5417327880859375,0.5009728035166434,0.0,1.1952754401126113,-0.217839663239909,0.10011627525091171
0,34,0.68,0.05787852217845436,0.7402286530719234,-0.01914136578581367,0.02852347635263883,-4.149559020996094,-0.5400238037109375,0.5009620095048182,0.0,1.1953154233892522,-0.21773918499636058,0.10011429339647293
0,35,0.7,0.05766893189367598,0.7405479391307103,-0.02242727217093764,0.03463407763601838,-4.1393585205078125,-0.5387077331542969,0.5009459258479299,0.0,1.1953619347195452,-0.21764855401108799,0.10011197626590729
0,36,0.72,0.05743185895950251,0.7409187530928457,-0.024739943101815237,0.03902042717942389,-4.130321502685547,-0.5376739501953125,0.5009257322743175,0.0,1.1954130403766334,-0.21756758714237365,0.10010942816734314
0,37,0.74,0.05717640149149609,0.7413248017864005,-0.026194353796251433,0.04185391820809222,-4.1224212646484375,-0.5368423461914062,0.5009026025708904,0.0,1.1954671147828977,-0.21749612645695743,0.10010675340890884
0,38,0.76,0.05691049554302566,0.7417516574982596,-0.02690763362929461,0.04333310572804683,-4.115608215332031,-0.5361747741699219,0.5008776083428148,0.0,1.1955227791505265,-0.21743381358597252,0.10010402649641037
0,39,0.78,0.0566409066826959,0.7421870069598836,-0.026996691264501688,0.043679629162981896,-4.109809875488281,-0.5356292724609375,0.5008516740937625,0.0,1.1955788609129334,-0.21738009971707653,0.10010131448507309
0,40,0.8,0.056373280358732014,0.7426206408655056,-0.026569564613993735,0.043094799521824774,-4.1049652099609375,-0.5351982116699219,0.5008255622066302,0.0,1.1956343669274052,-0.21733450942586935,0.10009865462779999
0,41,0.82,0.056112204439880096,0.7430443952386522,-0.025730118642052137,0.04178563545536696,-4.1009979248046875,-0.53485107421875,0.5007998744152031,0.0,1.1956884653026825,-0.21729646397139005,0.10009609907865524
0,42,0.84,0.05586130798027894,0.7434519510681735,-0.024567790093534145,0.03991856114320854,-4.097827911376953,-0.5345916748046875,0.5007750617845194,0.0,1.195740469188509,-0.2172653622462094,0.10009368509054184
0,43,0.86,0.05562339041466221,0.7438384962513204,-0.023160305049839555,0.03763164270792417,-4.095375061035156,-0.5344161987304688,0.5007514624207401,0.0,1.1957898343972486,-0.2172405286703288,0.10009141266345978
0,44,0.88,0.055400515950601886,0.7442005391457793,-0.021577768489372755,0.035052074279226186,-4.093563079833984,-0.5343093872070312,0.5007293188236513,0.0,1.195836147199944,-0.21722137208435743,0.10008931159973145
0,45,0.9,0.05519410348912763,0.7445357420748013,-0.019880198380794405,0.032285791807174655,-4.092311859130859,-0.5342636108398438,0.5007087886658781,0.0,1.1958791089494079,-0.21720722081069835,0.10008738189935684
0,46,0.92,0.055005026330534834,0.7448427004142815,-0.018117742375442395,0.0294159839040124,-4.091548919677734,-0.5342750549316406,0.500689964929388,0.0,1.1959185259061464,-0.21719749973820582,0.10008563846349716
0,47,0.94,0.05483369177380734,0.7451207896201368,-0.016334119724117763,0.026516501618256784,-4.091209411621094,-0.534332275390625,0.5006728897008338,0.0,1.1959542978748707,-0.2171916539662343,0.10008407384157181
0,48,0.96,0.054680115831676576,0.7453700357547837,-0.014564741609851637,0.023645369240026796,-4.091220855712891,-0.5344276428222656,0.5006575620432709,0.0,1.1959864040651016,-0.21718904698817643,0.10008267313241959
0,49,0.98,0.05454400611452242,0.7455909320477888,-0.012836758159753455,0.020840261044928768,-4.091526031494141,-0.5345611572265625,0.5006439543146405,0.0,1.1960148940100672,-0.2171892281688197,0.1000814437866211
0,50,1.0,0.054424768153136655,0.7457845360017471,-0.011182796417020207,0.018172575679771312,-4.092098236083984,-0.534698486328125,0.5006319999737266,0.0,1.1960398697452215,-0.21719192694482625,0.10008037835359573
0,51,1.02,0.05432140263374391,0.7459529207830053,-0.009649629156201094,0.015767935770956695,-4.092975616455078,-0.5348014831542969,0.500621532337757,0.0,1.1960614548951873,-0.21719738632994995,0.10007946193218231
0,52,1.04,0.05423274317660125,0.746098367196244,-0.008229825212437224,0.013563314702118667,-4.093955993652344,-0.5349655151367188,0.5006123554263997,0.0,1.1960798122183316,-0.21720403841594818,0.10007868707180023
0,53,1.06,0.05415766967071168,0.7462227109831813,-0.006920979922396368,0.01152904835227903,-4.095005035400391,-0.5351600646972656,0.5006043516175139,0.0,1.1960951655371783,-0.21721154076445964,0.1000780388712883
0,54,1.08,0.05409508756072911,0.7463275345114821,-0.005720400537590655,0.009643281232950919,-4.096092224121094,-0.5353736877441406,0.5005974465108781,0.0,1.1961077733950551,-0.21721960226273224,0.10007750242948532
0,55,1.1,0.05404390493942183,0.7464143576928338,-0.00462974432459003,0.007912254344030046,-4.097190856933594,-0.5355796813964844,0.5005915808810026,0.0,1.1961179072867156,-0.21722797494899715,0.1000770777463913
0,56,1.12,0.054003036635065775,0.7464846807484262,-0.0036464669415756526,0.006327438779688245,-4.098285675048828,-0.5357856750488281,0.5005866956595879,0.0,1.1961258383779807,-0.21723649780878623,0.10007674247026443
0,57,1.14,0.05397141210096636,0.7465399999862834,-0.002769957293412389,0.004894949846340523,-4.099357604980469,-0.5359764099121094,0.5005827316644063,0.0,1.1961318329470496,-0.21724498426246283,0.10007648915052414
0,58,1.16,0.053947975042360555,0.7465818668716829,-0.0019981269775861156,0.003619820577617315,-4.1003875732421875,-0.5361480712890625,0.5005796164525269,0.0,1.1961361407302273,-0.2172532404835365,0.10007630288600922
0,59,1.18,0.053931704599067654,0.7466118347656118,-0.001326263014689294,0.0024983669940688924,-4.1013641357421875,-0.5363044738769531,0.5005772687842266,0.0,1.1961389931479245,-0.2172611638552189,0.10007617622613907
0,60,1.2,0.053921638175412255,0.7466313809285926,-0.0007476455180146033,0.00151984309495191,-4.1022796630859375,-0.5364494323730469,0.5005756087378015,0.0,1.19614060598179,-0.2172686971673393,0.1000761091709137
0,61,1.22,0.0539168678378373,0.7466419323087327,-0.00025780966244355705,0.0006837856517515097,-4.1031341552734375,-0.5365753173828125,0.5005745560265151,0.0,1.1961411775101973,-0.21727578237747366,0.10007607936859131
0,62,1.24,0.053916533120543786,0.7466449039808616,0.00014821905857733601,-1.1574034172919007e-05,-4.103923797607422,-0.53668212890625,0.5005740227148856,0.0,1.1961408844317365,-0.21728239087179826,0.1000760868191719
0,63,1.26,0.0539198431378374,0.746641620142337,0.00047898914118343563,-0.000581171082486253,-4.104637145996094,-0.5367774963378906,0.5005739218828437,0.0,1.1961398844816926,-0.2172884238177503,0.10007612407207489
0,64,1.28,0.053926097885509935,0.7466332171421418,0.0007440128285027735,-0.0010468603518386478,-4.105281829833984,-0.5368690490722656,0.5005741820264948,0.0,1.1961383231453786,-0.21729393500766309,0.10007618367671967
0,65,1.3,0.053934663838112976,0.7466207503503421,0.000947652494476596,-0.0014057401034085325,-4.105854034423828,-0.5369377136230469,0.5005747367639143,0.0,1.196136329197742,-0.21729887101484927,0.10007626563310623
0,66,1.32,0.05394496978755166,0.7466052046601659,0.0010976271310439466,-0.0016728119446066268,-4.106361389160156,-0.5369987487792969,0.5005755175033424,0.0,1.1961340114183305,-0.21730329706556223,0.10007636249065399
0,67,1.34,0.05395652645124898,0.7465873922719986,0.00120250565250754,-0.001867149789111499,-4.106803894042969,-0.5370559692382812,0.5005764705946902,0.0,1.1961314685290834,-0.21730720206141996,0.10007646679878235
0,68,1.36,0.05396891153561882,0.7465680074469656,0.0012674875968627895,-0.001994724098462496,-4.107189178466797,-0.5371017456054688,0.5005775525036349,0.0,1.1961287877554896,-0.21731063941273895,0.1000765785574913
0,69,1.38,0.05398175693327218,0.7465476804131832,0.0012981684547247161,-0.002062282486754712,-4.107513427734375,-0.5371360778808594,0.5005787205401819,0.0,1.1961260408476362,-0.21731356178424904,0.10007669031620026
0,70,1.4,0.053994747895784394,0.7465269663189181,0.00129966875514639,-0.002077940227793704,-4.1077880859375,-0.5371627807617188,0.5005799348010208,0.0,1.1961232859511794,-0.21731607027516292,0.10007680207490921
0,71,1.42,0.054007626133412985,0.7465063143763049,0.0012780527931763137,-0.002054267558251818,-4.108013153076172,-0.5371856689453125,0.5005811630079673,0.0,1.1961205717933798,-0.21731816869131582,0.10007691383361816
0,72,1.44,0.054020187623851475,0.7464860642690538,0.0012382321505146861,-0.0020009202924715593,-4.108196258544922,-0.5372047424316406,0.500582382571434,0.0,1.196117939715464,-0.2173199180703523,0.10007702559232712
0,73,1.46,0.05403226806285946,0.7464664956978635,0.0011834251632463256,-0.0019209713375815598,-4.108341217041016,-0.5372161865234375,0.5005835748841958,0.0,1.1961154223796495,-0.21732131340233898,0.10007712244987488
0,74,1.48,0.05404373831321471,0.7464478372117903,0.0011173838559047275,-0.0018211673993351832,-4.108451843261719,-0.5372238159179688,0.5005847231402355,0.0,1.196113043706429,-0.21732243944444052,0.10007722675800323
0,75,1.5,0.05405450616427731,0.7464302522753179,0.001043752835041072,-0.0017078237755131169,-4.108528137207031,-0.5372276306152344,0.5005858152101781,0.0,1.196110820938872,-0.21732326448547246,0.100077323615551
0,76,1.52,0.05406450731864359,0.746413861247089,0.0009646342568302203,-0.001583648545113019,-4.10858154296875,-0.5372276306152344,0.500586841676726,0.0,1.1961087650321627,-0.21732386708544799,0.10007740557193756
0,77,1.54,0.05407370416203672,0.7463987310753338,0.0008831479821508704,-0.0014560850977031344,-4.108612060546875,-0.5372276306152344,0.5005877969727742,0.0,1.1961068829063841,-0.2173242678651586,0.10007748007774353
0,78,1.56,0.054082072478767326,0.7463849234824627,0.0007992075597155876,-0.0013201250512747992,-4.1086273193359375,-0.5372200012207031,0.5005886754440799,0.0,1.1961051763700035,-0.21732453322439688,0.1000775545835495
0,79,1.58,0.054089607992682885,0.7463724605774201,0.0007164702727778037,-0.0011868979580177833,-4.108623504638672,-0.5372161865234375,0.5005894725142088,0.0,1.196103643374475,-0.21732461619380047,0.10007761418819427
0,80,1.6,0.05409633344491502,0.746361290633739,0.0006368715372567157,-0.0010607890299334315,-4.108604431152344,-0.5372123718261719,0.5005901927820686,0.0,1.196102282074428,-0.21732459008731528,0.10007768124341965
0,81,1.62,0.05410228193909357,0.7463513530955289,0.0005607270827084193,-0.0009398820165259979,-4.108573913574219,-0.5372047424316406,0.5005908412257117,0.0,1.196101087366175,-0.2173244200954796,0.10007772594690323
0,82,1.64,0.054107484553304046,0.7463426178055381,0.0004874159574540956,-0.0008202423550893725,-4.108539581298828,-0.5371932983398438,0.5005914177485487,0.0,1.1961000495528276,-0.21732421577107744,0.10007777065038681
0,83,1.66,0.054111978305622435,0.7463350379247338,0.00041850215105200913,-0.0007080161915678625,-4.108501434326172,-0.5371856689453125,0.5005919227191639,0.0,1.1960991582531069,-0.21732396793516817,0.1000778079032898
0,84,1.68,0.054115806137688495,0.7463285561938573,0.00035380449998211245,-0.0006001642431621227,-4.108455657958984,-0.5371742248535156,0.5005923585999253,0.0,1.196098402796812,-0.21732364034875354,0.10007783770561218
0,85,1.7,0.0541190185819775,0.7463230960390409,0.0002948302358994333,-0.0005025911495626428,-4.108406066894531,-0.5371665954589844,0.5005927285839722,0.0,1.1960977714369323,-0.21732328224433878,0.10007786750793457
0,86,1.72,0.05412167214340142,0.7463185573915286,0.00024144722096336015,-0.0004148033454184043,-4.108356475830078,-0.5371589660644531,0.5005930398894718,0.0,1.1960972540286967,-0.21732291305316903,0.10007788985967636
0,87,1.74,0.05412382202061451,0.746314845080484,0.00019352610164727877,-0.00033631437299588477,-4.108306884765625,-0.5371513366699219,0.5005932990856076,0.0,1.196096840194691,-0.21732252705348948,0.10007790476083755
0,88,1.76,0.054125522135086854,0.7463118687531267,0.00015094052802263212,-0.00026664645895710376,-4.108257293701172,-0.5371437072753906,0.5005935121014348,0.0,1.1960965193245512,-0.21732213914646129,0.10007791966199875
0,89,1.78,0.0541268165980641,0.7463095759657731,0.00011202497861276412,-0.00019936315262478424,-4.108211517333984,-0.5371322631835938,0.5005936805904062,0.0,1.1960962791634377,-0.21732176685555896,0.10007792711257935
0,90,1.8,0.05412775380623936,0.746307888467049,7.88823156565585e-05,-0.00014425130237059191,-4.108165740966797,-0.5371284484863281,0.5005938078886055,0.0,1.1960961089331144,-0.21732141709538702,0.10007794201374054
0,91,1.82,0.05412838458750194,0.7463067158040637,5.0270463728988563e-05,-9.56818567854754e-05,-4.108119964599609,-0.5371208190917969,0.5005939013072667,0.0,1.1960959999643883,-0.21732103181100684,0.10007794201374054
0,92,1.84,0.05412874841469175,0.7463060063496211,2.513454051301995e-05,-5.117194380575649e-05,-4.108081817626953,-0.5371131896972656,0.5005939626793529,0.0,1.1960959417665618,-0.21732071137579623,0.10007794201374054
0,93,1.86,0.054128882996442564,0.7463056991852268,4.001929327132488e-06,-1.4376817251896842e-05,-4.1080474853515625,-0.537109375,0.5005939951084177,0.0,1.1960959260951127,-0.21732044017434238,0.10007794946432114
0,94,1.88,0.054128830387673875,0.746305713753005,-1.2762111655276097e-05,1.4094082851030606e-05,-4.108009338378906,-0.5371055603027344,0.5005940050115046,0.0,1.196095946556105,-0.21732010674623597,0.10007794201374054
0,95,1.9,0.05412862559966436,0.7463059874263587,-2.6725714184402246e-05,3.795136289807322e-05,-4.107982635498047,-0.5371017456054688,0.5005939973078675,0.0,1.1960959968492921,-0.21731988358570378,0.10007794201374054
0,96,1.92,0.054128304813441816,0.7463064423917843,-3.6416641132279304e-05,5.1499352767641016e-05,-4.107952117919922,-0.5371017456054688,0.5005939783767772,0.0,1.1960960726575132,-0.2173196337232366,0.10007794201374054
0,97,1.94,0.05412789862736354,0.7463070184934297,-4.402174738505948e-05,6.24658797313463e-05,-4.107929229736328,-0.5370979309082031,0.5005939541996701,0.0,1.1960961698598926,-0.2173194410806318,0.10007794201374054
0,98,1.96,0.05412742174273039,0.7463077181461073,-5.0648249383811304e-05,7.592923154668022e-05,-4.107906341552734,-0.5370903015136719,0.5005939220500752,0.0,1.1960962810250437,-0.2173192297226051,0.10007793456315994
0,99,1.98,0.05412689331349622,0.7463085166462068,-5.4613981802733535e-05,8.29514593183049e-05,-4.107887268066406,-0.5370903015136719,0.5005938813071317,0.0,1.1960964002612742,-0.21731905841863772,0.10007792711257935
0,100,2.0,0.05412633081440826,0.7463093851530763,-5.756427099693362e-05,8.993374325287276e-05,-4.107872009277344,-0.5370864868164062,0.500593834647981,0.0,1.1960965243781752,-0.2173189138176531,0.10007791966199875
1,1,0.02,0.00801774938351293,0.9493020349785836,0.5957430626702416,-2.8956684162888404,-3.833972930908203,-3.0314559936523438,0.46918736980086406,0.0,1.1846918944847646,-0.2592847239971161,0.10575328767299652
1,2,0.04,0.01535824230736354,0.9138149560993742,0.8479042315645642,-4.079137083151861,-3.9630470275878906,-1.6078033447265625,0.4749015647591817,0.0,1.1865625357713279,-0.2282812957763672,0.10397353768348694
1,3,0.06,0.024072634467137845,0.8722199338581786,0.8903396313063234,-4.222192861130186,-4.008445739746094,-0.74468994140625,0.4816090893761752,0.0,1.1889780484125803,-0.2219146789908409,0.10227272659540176
1,4,0.08,0.032434724895034225,0.8328243025019029,0.7907956752998205,-3.7055350120507033,-4.067237854003906,-0.22622299194335938,0.487857340915149,0.0,1.1914566170502643,-0.2190582001209259,0.10109616816043854
1,5,0.1,0.039401435338839524,0.8003393968832794,0.6188365204729682,-2.8739233731592115,-4.095088958740234,0.011631011962890625,0.4929129407508105,0.0,1.1936394814207385,-0.21773202662914992,0.10045239329338074
1,6,0.12,0.04456506410909864,0.7764522058048233,0.43248994813112734,-1.9938484769327787,-4.097267150878906,0.053020477294921875,0.4965751539456379,0.0,1.1953274862452625,-0.21712748053332323,0.10016767680644989
1,7,0.14,0.047991684603693366,0.7607316611637615,0.2697586994804572,-1.2307638365830396,-4.0848541259765625,-0.018825531005859375,0.4989647129832938,0.0,1.1964767097030038,-0.2168265177332796,0.10006740689277649
1,8,0.16,0.050011662848664984,0.7516086818953506,0.14736585869937538,-0.6557724097382367,-4.074760437011719,-0.13930892944335938,0.5003485461196624,0.0,1.1971522659490208,-0.21671999952569604,0.10004115104675293
1,9,0.18,0.05103559932584387,0.7471906733017567,0.06631521621947571,-0.2700197355325812,-4.066612243652344,-0.2615852355957031,0.5010207811817469,0.0,1.1974689360544613,-0.21669525744672866,0.10003723949193954
1,10,0.2,0.05143886917951102,0.7457612958877543,0.019560149198774315,-0.04116601197917326,-4.063854217529297,-0.3649787902832031,0.5012382813049071,0.0,1.1975444651489675,-0.2167344450876117,0.10003781318664551
1,11,0.22,0.051512012148611334,0.7459855339727621,-0.0024309206216804684,0.07323545987187387,-4.0664215087890625,-0.4427986145019531,0.5011985850749533,0.0,1.1974768312558481,-0.21681594146136193,0.10003901273012161
1,12,0.24,0.05145285423988694,0.7469399628533718,-0.008659480929915446,0.11311581440543116,-4.073150634765625,-0.49587249755859375,0.5010390887031533,0.0,1.1973373253433102,-0.21692099811881782,0.10004084557294846
1,13,0.26,0.0513800679588884,0.7480536945581105,-0.006144302627485658,0.10989539461644741,-4.082038879394531,-0.5287857055664062,0.5008462711730571,0.0,1.1971724702448143,-0.21703091811086053,0.10004355013370514
1,14,0.28,0.05135579001692603,0.7490125622488244,0.0005624771349350947,0.0846158927951303,-4.090259552001953,-0.5474929809570312,0.5006690369040494,0.0,1.1970096784833142,-0.2171242699137656,0.10004694014787674
1,15,0.3,0.0514045420944849,0.749676945333919,0.008333063424994442,0.05185207351009626,-4.097877502441406,-0.55596923828125,0.5005306060445314,0.0,1.1968629641931532,-0.21720304328361817,0.10005060583353043
1,16,0.32,0.05152568449831679,0.7500243901892655,0.01513969601964624,0.02103127468374984,-4.105381011962891,-0.5575637817382812,0.5004367349272816,0.0,1.1967373100360155,-0.2172734227930923,0.10005416721105576
1,17,0.34,0.05170539035365039,0.7500960495547631,0.02023045132436706,-0.003939230578735466,-4.111652374267578,-0.5558319091796875,0.5003831815022509,0.0,1.1966324567569055,-0.21732952250057133,0.10005742311477661
1,18,0.36,0.0519256346594023,0.7499569116679683,0.02345080858697215,-0.021895221822239564,-4.116645812988281,-0.5526847839355469,0.5003616786176067,0.0,1.1965457738306216,-0.21737286642185064,0.10006029903888702
1,19,0.38,0.052168686678329655,0.7496749097221294,0.024977122405568403,-0.03323811697757447,-4.120452880859375,-0.549285888671875,0.5003631032455568,0.0,1.1964738573399771,-0.21740549391410605,0.10006280988454819
1,20,0.4,0.05241943055700178,0.7493097495912558,0.02513881813600726,-0.03912746774516414,-4.123199462890625,-0.5462570190429688,0.5003792210442641,0.0,1.1964134323419953,-0.21742921867832773,0.10006501525640488
1,21,0.42,0.05266621894055191,0.7489083941037674,0.02429650341466528,-0.04092886139762098,-4.125049591064453,-0.5438385009765625,0.5004034427935953,0.0,1.1963617724672475,-0.2174457698799233,0.10006698220968246
1,22,0.44,0.052900870943144114,0.7485044891594392,0.022785472643056068,-0.039946205324631646,-4.126152038574219,-0.5420722961425781,0.5004309727297335,0.0,1.1963168213990207,-0.21745645896953647,0.10006874054670334
1,23,0.46,0.05311820903462365,0.7481199632470984,0.020877921430138436,-0.03724486217692004,-4.126655578613281,-0.540863037109375,0.5004586283117651,0.0,1.1962771481165113,-0.21746247415467224,0.10007032752037048
1,24,0.48,0.05331542234321506,0.7477674835654216,0.018781943771002937,-0.03363903337779027,-4.126689910888672,-0.5400924682617188,0.5004845111826721,0.0,1.1962418239895105,-0.2174648015488201,0.10007176548242569
1,25,0.5,0.053491441010931576,0.7474529574845892,0.016644340952137886,-0.029693730866094566,-4.126354217529297,-0.5396270751953125,0.5005076657472227,0.0,1.1962102855024919,-0.21746414896991337,0.10007307678461075
1,26,0.52,0.05364638765553871,0.7471777605831306,0.014562240422738125,-0.025772409922612885,-4.125732421875,-0.5393562316894531,0.5005277670616685,0.0,1.196182203667128,-0.21746106599076304,0.10007424652576447
1,27,0.54,0.05378112479664607,0.7469405668974116,0.012591068932744134,-0.022070448193938143,-4.124900817871094,-0.5391845703125,0.5005448660125764,0.0,1.1961573777258645,-0.21745610666852735,0.10007528960704803
1,28,0.56,0.053896938485227495,0.7467385948972823,0.010762680764360292,-0.01869347842665039,-4.123920440673828,-0.5390663146972656,0.5005592099903513,0.0,1.1961356630926818,-0.21744972481488367,0.10007620602846146
1,29,0.58,0.05399532297622419,0.7465684448784234,0.009089050102878022,-0.015668253722955734,-4.122833251953125,-0.5389556884765625,0.500571129164928,0.0,1.1961169274856256,-0.21744221985552575,0.10007699579000473
1,30,0.6,0.054077838418896164,0.7464266351111599,0.007572441371809575,-0.012988149262867198,-4.121677398681641,-0.5388374328613281,0.5005809590959007,0.0,1.196101021930568,-0.217433904209669,0.10007766634225845
1,31,0.62,0.05414602849713532,0.7463098683290141,0.0062080633382082355,-0.010625288938050722,-4.120491027832031,-0.5387039184570312,0.500589006195658,0.0,1.1960877728226798,-0.2174251296468137,0.10007824003696442
1,32,0.64,0.05420138612473126,0.7462151026903108,0.004990599915430559,-0.00855601872752933,-4.119297027587891,-0.5385627746582031,0.5005955381862619,0.0,1.1960769848554684,-0.21741604985311277,0.10007869452238083
1,33,0.66,0.054245332919462576,0.746139586271973,0.003911465072350711,-0.006747102916808991,-4.118114471435547,-0.5384101867675781,0.5006007839748767,0.0,1.1960684461321727,-0.21740688811853762,0.10007906705141068
1,34,0.68,0.05427919340448355,0.7460809211247614,0.002960044607830093,-0.0051614429471552375,-4.116962432861328,-0.5382461547851562,0.5006049262415415,0.0,1.1960619290344705,-0.21739777485835657,0.10007934272289276
1,35,0.7,0.054304201550536516,0.7460369844337968,0.002128521903940404,-0.003779207980752335,-4.115856170654297,-0.5380859375,0.5006081119320603,0.0,1.1960571997870968,-0.21738891273515765,0.10007955133914948
1,36,0.72,0.054321518236359494,0.7460058103565341,0.001409987531570362,-0.0025880155401564004,-4.11480712890625,-0.5379371643066406,0.5006104722478811,0.0,1.1960540319278032,-0.21738038604464965,0.10007968544960022
1,37,0.74,0.054332218760428784,0.7459856212264294,0.000794564310991218,-0.001563914923650889,-4.113822937011719,-0.5377922058105469,0.500612122173319,0.0,1.1960522084004261,-0.21737230972072574,0.10007977485656738
1,38,0.76,0.0543372964605736,0.7459747960958693,0.0002753979477156574,-0.0006978607116703493,-4.112907409667969,-0.5376625061035156,0.5006131619241003,0.0,1.1960515236350773,-0.2173646997418837,0.10007980465888977
1,39,0.78,0.054337662150478035,0.7459718634835644,-0.00015688121776394952,2.9803816253010017e-05,-4.112064361572266,-0.5375404357910156,0.5006136820735452,0.0,1.1960517869848966,-0.21735761798465683,0.10007979720830917
1,40,0.8,0.05433414093447187,0.7459754999545524,-0.0005102096511514199,0.0006299969373897319,-4.111301422119141,-0.5374336242675781,0.5006137616826376,0.0,1.1960528230454894,-0.21735115563613364,0.10007975995540619
1,41,0.82,0.054327472806582,0.745984531277629,-0.0007935506817559708,0.0011208329307031426,-4.1106109619140625,-0.5373344421386719,0.5006134704478779,0.0,1.1960544727957476,-0.21734522343655407,0.10007968544960022
1,42,0.84,0.054318333201441166,0.7459978495727976,-0.0010113574643997938,0.0014997695006769122,-4.109992980957031,-0.5372581481933594,0.5006128759109496,0.0,1.1960565960388165,-0.21733989623218075,0.10007960349321365
1,43,0.86,0.05430732310577023,0.746014460135095,-0.0011734625200847653,0.0017891996416602386,-4.109447479248047,-0.5371856689453125,0.5006120432358527,0.0,1.1960590711765722,-0.21733512515309847,0.1000794991850853
1,44,0.88,0.05429496740376018,0.7460334969495277,-0.0012856978061614689,0.001994374119753704,-4.108970642089844,-0.5371284484863281,0.5006110267187311,0.0,1.1960617903032653,-0.21733092283425504,0.10007938742637634
1,45,0.9,0.054281721211861596,0.7460541999621972,-0.0013559532061446502,0.002130158373200392,-4.108562469482422,-0.537078857421875,0.5006098764951509,0.0,1.196064661961686,-0.2173272759220854,0.10007926821708679
1,46,0.92,0.05426797585455965,0.7460759078376443,-0.0013893932542795252,0.0022024304389585783,-4.108211517333984,-0.5370407104492188,0.500608636178357,0.0,1.1960676084888113,-0.2173240966851008,0.10007914155721664
1,47,0.94,0.054254062296953655,0.7460980651071321,-0.0013927461768718776,0.0022255372149703264,-4.107913970947266,-0.5370063781738281,0.5006073432074669,0.0,1.1960705640168163,-0.21732136377722783,0.1000790148973465
1,48,0.96,0.05424025725670245,0.7461202002738051,-0.001370395060363654,0.002203116691675674,-4.107669830322266,-0.5369834899902344,0.5006060289041863,0.0,1.1960734738623244,-0.21731909400277072,0.10007889568805695
1,49,0.98,0.05422678475542409,0.746141925911002,-0.0013283141238424338,0.0021473857037735246,-4.107475280761719,-0.5369644165039062,0.5006047209327089,0.0,1.1960762952542576,-0.21731723622328716,0.1000787764787674
1,50,1.0,0.05421382400420192,0.7461629274176664,-0.0012697840112254125,0.0020616812437151744,-4.107318878173828,-0.5369529724121094,0.5006034414045777,0.0,1.1960789944063037,-0.21731571569517838,0.10007866472005844
1,51,1.02,0.05420151578225682,0.7461829498589031,-0.0011990965346081416,0.0019540699490877378,-4.107200622558594,-0.5369453430175781,0.5006022098155616,0.0,1.1960815463166041,-0.21731452859852288,0.10007856041193008
1,52,1.04,0.05418995540161564,0.7462018374661585,-0.001120998458800614,0.0018359429627551552,-4.10711669921875,-0.5369377136230469,0.500601036960226,0.0,1.1960839311615743,-0.2173136218857253,0.10007845610380173
1,53,1.06,0.05417920885555985,0.74621947770839,-0.001036967124014662,0.001705974025453847,-4.107059478759766,-0.5369377136230469,0.5005999298392816,0.0,1.196086135299188,-0.21731295705169032,0.10007835924625397
1,54,1.08,0.05416932401981063,0.7462357667039677,-0.0009490788488488147,0.0015667809627609446,-4.107025146484375,-0.5369415283203125,0.5005988981482057,0.0,1.1960881530050669,-0.2173125146639359,0.1000782772898674
1,55,1.1,0.05416032233949675,0.7462506531076285,-0.0008604287073760384,0.0014257220694365276,-4.107013702392578,-0.5369453430175781,0.5005979478462196,0.0,1.1960899826215285,-0.2173122779132391,0.10007820278406143
1,56,1.12,0.05415220619540875,0.746264117241245,-0.0007719687559340105,0.0012826131626747844,-4.107017517089844,-0.5369529724121094,0.5005970819004228,0.0,1.1960916260077143,-0.21731218385703685,0.10007813572883606
1,57,1.14,0.05414496519856601,0.7462761590046314,-0.0006852327814111794,0.0011411242218958046,-4.107032775878906,-0.5369606018066406,0.5005963028284559,0.0,1.1960930882771528,-0.21731218135386007,0.10007806867361069
1,58,1.16,0.05413857130719561,0.7462868194848393,-0.000602172943377011,0.0010057300120412042,-4.107063293457031,-0.5369682312011719,0.50059560912627,0.0,1.196094375859185,-0.2173123383531929,0.10007801651954651
1,59,1.18,0.05413299125738703,0.7462961376814972,-0.0005221622896278071,0.0008724799831816578,-4.107097625732422,-0.5369796752929688,0.5005949996968222,0.0,1.196095497941103,-0.21731252777707413,0.10007796436548233
1,60,1.2,0.054128174689159994,0.7463042082016447,-0.00044878051953991567,0.0007545337759032797,-4.107143402099609,-0.5369834899902344,0.5005944688869579,0.0,1.1960964631923752,-0.21731283283444647,0.10007792711257935
1,61,1.22,0.05412405967245798,0.7463111583734695,-0.0003812448003963368,0.0006472585111365016,-4.1071929931640625,-0.5369911193847656,0.5005940048657059,0.0,1.1960972791123774,-0.21731317222370128,0.10007788985967636
1,62,1.24,0.05412059440549056,0.7463170648187065,-0.00031835680231622653,0.0005452376807604947,-4.107242584228516,-0.5370025634765625,0.5005936031357334,0.0,1.196097957377775,-0.21731354904433828,0.10007786750793457
1,63,1.26,0.05411773005630918,0.746321985157956,-0.00026054197952398735,0.0004493830649679499,-4.107295989990234,-0.5370140075683594,0.5005932629885195,0.0,1.1960985119520677,-0.21731393957436376,0.10007783770561218
1,64,1.28,0.05411541628838423,0.7463259798130241,-0.0002077287071147953,0.0003594702522428191,-4.107349395751953,-0.5370254516601562,0.5005929833883473,0.0,1.1960989570879879,-0.21731436181366734,0.10007782280445099
1,65,1.3,0.05411359756172884,0.7463291342772511,-0.00016090973561896484,0.00028018830135987505,-4.107402801513672,-0.5370330810546875,0.5005927603815561,0.0,1.1960993054605389,-0.21731477833085228,0.1000778079032898
1,66,1.32,0.05411221474505692,0.7463315517621479,-0.00011993802820380656,0.00021097571016051873,-4.107456207275391,-0.5370407104492188,0.5005925866928669,0.0,1.1960995679544508,-0.21731519484811,0.1000777930021286
1,67,1.34,0.05411120955174293,0.7463333453785895,-8.477403346773375e-05,0.00015406282893763742,-4.107501983642578,-0.5370445251464844,0.5005924535262429,0.0,1.1960997536910332,-0.21731557440968755,0.1000777930021286
1,68,1.36,0.054110530815223504,0.7463346068119118,-5.4173944568094285e-05,0.00010381152941360172,-4.107547760009766,-0.5370521545410156,0.500592353408764,0.0,1.1960998712849256,-0.21731592989183265,0.10007777810096741
1,69,1.38,0.05411013343505957,0.7463354006540475,-2.804028920659257e-05,5.9855629668299545e-05,-4.107593536376953,-0.5370597839355469,0.5005922834358338,0.0,1.1960999316004137,-0.21731631326890785,0.10007777810096741
1,70,1.4,0.054109978574474804,0.7463357760803788,-5.319606471903796e-06,1.9715706650732846e-05,-4.107631683349609,-0.5370674133300781,0.5005922421027921,0.0,1.1960999452535417,-0.2173166356101865,0.10007777810096741
1,71,1.42,0.054110029146232495,0.7463357915960431,1.3459218950943262e-05,-1.2948826844163554e-05,-4.107666015625,-0.5370712280273438,0.5005922266301083,0.0,1.196099920614712,-0.2173169236195099,0.10007777810096741
1,72,1.44,0.05411024370109561,0.7463355253917582,2.7929302278203597e-05,-3.752354516612313e-05,-4.107704162597656,-0.5370750427246094,0.5005922309192629,0.0,1.1960998642034153,-0.21731724023965945,0.10007777810096741
1,73,1.46,0.054110587816518056,0.746335037781492,3.965702764260023e-05,-5.771323479144805e-05,-4.107730865478516,-0.537078857421875,0.500592250362902,0.0,1.1960997824441617,-0.21731747829986853,0.100077785551548
1,74,1.48,0.05411103179370192,0.7463343770521259,4.823119520133466e-05,-7.272192802116549e-05,-4.107761383056641,-0.5370826721191406,0.5005922820712431,0.0,1.1960996813993692,-0.21731774687861619,0.1000777930021286
1,75,1.5,0.05411155252306723,0.7463335754192594,5.5174921088473516e-05,-8.60747799504362e-05,-4.107780456542969,-0.5370864868164062,0.5005923243978704,0.0,1.1960995669287429,-0.21731790709533377,0.1000777930021286
1,76,1.52,0.054112125281251595,0.746332682128499,5.897207924974443e-05,-9.189284093032392e-05,-4.1078033447265625,-0.5370864868164062,0.5005923739827833,0.0,1.1960994427976595,-0.21731811082415514,0.1000778004527092
1,77,1.54,0.0541127278415534,0.7463317364996234,6.1287171191567e-05,-9.666015317772102e-05,-4.107822418212891,-0.5370903015136719,0.5005924271507008,0.0,1.196099312672607,-0.21731827104129478,0.1000778004527092
1,78,1.56,0.054113350807457675,0.7463307368090926,6.310059195345403e-05,-0.00010257561166700318,-4.1078338623046875,-0.5370941162109375,0.5005924859287634,0.0,1.1960991816621251,-0.21731838321700345,0.1000778079032898
1,79,1.58,0.05411398315887707,0.7463296993467962,6.333277327228854e-05,-0.00010464253151530196,-4.107845306396484,-0.5370941162109375,0.5005925502366011,0.0,1.1960990526976125,-0.21731849348558172,0.10007781535387039
1,80,1.6,0.05411460942576732,0.7463286611680002,6.204568615191124e-05,-0.00010312021712129782,-4.107856750488281,-0.5370941162109375,0.5005926162785623,0.0,1.1960989267980737,-0.21731860184682592,0.10007782280445099
1,81,1.62,0.05411521148941125,0.7463276781260911,5.87161591431817e-05,-9.441967659893314e-05,-4.1078643798828125,-0.5370903015136719,0.5005926778902415,0.0,1.1960988033086624,-0.2173186758757365,0.10007783025503159
1,82,1.64,0.05411578140076259,0.7463267645771623,5.55880488644778e-05,-8.887487100219267e-05,-4.107872009277344,-0.5370941162109375,0.5005927325430182,0.0,1.1960986828614546,-0.21731874263293866,0.10007783025503159
1,83,1.66,0.05411632094015892,0.7463258900100543,5.261890364080552e-05,-8.629507164334158e-05,-4.107879638671875,-0.5370979309082031,0.500592785593996,0.0,1.1960985701028886,-0.21731882619865062,0.10007783770561218
1,84,1.68,0.05411682229687073,0.7463250744753669,4.8120716370052254e-05,-7.773763202083608e-05,-4.107883453369141,-0.5370941162109375,0.5005928362189633,0.0,1.1960984660867315,-0.21731885099413922,0.10007783770561218
1,85,1.7,0.05411728519387464,0.7463243149150476,4.479610385353087e-05,-7.450824737594537e-05,-4.107883453369141,-0.5370979309082031,0.5005928834865455,0.0,1.1960983708112374,-0.21731887161733174,0.10007784515619278
1,86,1.72,0.05411770909816333,0.746323614567223,4.043853537942247e-05,-6.643710089170313e-05,-4.107883453369141,-0.5370941162109375,0.5005929283489308,0.0,1.1960982846937087,-0.21731886589528585,0.10007784515619278
1,87,1.74,0.05411809002298832,0.7463229926531851,3.618900670019617e-05,-5.8779159517234485e-05,-4.107883453369141,-0.5370941162109375,0.5005929672846082,0.0,1.196098205869348,-0.2173188807964325,0.10007785260677338
1,88,1.76,0.05411842903504008,0.7463224450771352,3.204499822160669e-05,-5.152763373954183e-05,-4.107883453369141,-0.5370941162109375,0.500593000841096,0.0,1.1960981345457309,-0.2173188807964325,0.10007785260677338
1,89,1.78,0.05411872717485826,0.7463219678182144,2.8003820380699523e-05,-4.467447046314613e-05,-4.107883453369141,-0.5370941162109375,0.5005930295574602,0.0,1.1960980709301006,-0.2173188807964325,0.10007785260677338
1,90,1.8,0.05411898810822133,0.7463215510314022,2.454217945230955e-05,-3.927327574517175e-05,-4.107879638671875,-0.5370941162109375,0.5005930544238679,0.0,1.1960980150178133,-0.2173188651800301,0.10007786005735397
1,91,1.82,0.054119214859414906,0.746321186597499,2.1159135963599393e-05,-3.417242308903516e-05,-4.107879638671875,-0.5370941162109375,0.5005930764513954,0.0,1.1960979667227536,-0.21731886518001556,0.10007786005735397
1,92,1.84,0.05411941085420868,0.7463208656510079,1.8331828527790054e-05,-3.0425705600243118e-05,-4.107875823974609,-0.5370941162109375,0.5005930964964239,0.0,1.1960979259832547,-0.21731884765626455,0.10007786750793457
1,93,1.86,0.05411958153451187,0.7463205751370158,1.603935494718457e-05,-2.794489866999692e-05,-4.107872009277344,-0.5370941162109375,0.5005931158974894,0.0,1.1960978924443877,-0.21731881713868642,0.10007786750793457
1,94,1.88,0.05411972948358829,0.7463203087853916,1.3781882906440333e-05,-2.5580570371135155e-05,-4.107872009277344,-0.5370941162109375,0.5005931354103803,0.0,1.1960978659061736,-0.21731881713867188,0.10007786750793457
1,95,1.9,0.05411985178666163,0.7463200868286662,1.0974941257821202e-05,-1.9483418296294134e-05,-4.107868194580078,-0.5370903015136719,0.5005931524532702,0.0,1.1960978445687718,-0.21731878089907697,0.10007786750793457
1,96,1.92,0.054119952443719144,0.7463198964839768,9.323566226939812e-06,-1.8670268242346964e-05,-4.107868194580078,-0.5370941162109375,0.5005931672609311,0.0,1.1960978279652297,-0.21731878471375965,0.10007786750793457
1,97,1.94,0.05412003339282216,0.7463197355301123,7.100449805258808e-06,-1.4032115029781367e-05,-4.1078643798828125,-0.5370903015136719,0.5005931812001192,0.0,1.1960978163121556,-0.21731875038149884,0.10007786750793457
1,98,1.96,0.054120092503068394,0.746319619375065,4.948361126129315e-06,-9.680888382804943e-06,-4.1078643798828125,-0.5370903015136719,0.5005931911941286,0.0,1.1960978074637203,-0.21731875038146972,0.10007786750793457
1,99,1.98,0.054120133126449796,0.7463195392708974,3.344781797984987e-06,-6.673372566362914e-06,-4.107860565185547,-0.5370903015136719,0.5005931980919516,0.0,1.1960978013735353,-0.21731871986390613,0.10007786750793457
1,100,2.0,0.054120160634307746,0.7463194822513212,2.269112693185104e-06,-4.924156284057117e-06,-4.107856750488281,-0.5370903015136719,0.5005932032295063,0.0,1.1960977977055949,-0.2173186874389794,0.10007786750793457
2,1,0.02,0.006585284600246146,0.7340207064668459,-0.35144060791055226,2.0336632588947783,-2.7538795471191406,1.2912712097167969,0.5121826945499455,0.0,1.222672148631736,-0.22502070093154908,0.1032591164112091
2,2,0.04,0.0027793374084742408,0.7577662045311285,-0.4015849733590293,2.6425538144094776,-2.9678916931152344,0.2831840515136719,0.5087591570153494,0.0,1.220182303792281,-0.21473390614986418,0.10239164531230927
2,3,0.06,-0.0006298335562823182,0.7830941975491638,-0.2918328380617896,2.444669113706427,-3.2094573974609375,-0.35552215576171875,0.5047805289674687,0.0,1.2171979380988474,-0.2140545526444912,0.10158061981201172
2,4,0.08,-0.002586796047063518,0.8043466295679588,-0.11911738340915307,1.8711157108827385,-3.4409446716308594,-0.7180252075195312,0.5011413087529509,0.0,1.2142756534465158,-0.2145812232494354,0.10102028399705887
2,5,0.1,-0.002773759730850658,0.8192265982574195,0.06119969975609739,1.1826685985372327,-3.6416168212890625,-0.8911056518554688,0.49828495351113034,0.0,1.2116612695188063,-0.2155101537257433,0.10069224238395691
2,6,0.12,-0.0012771589889568405,0.8274127641919051,0.22018218247260912,0.5277104416674978,-3.809345245361328,-0.9398918151855469,0.4963503927911692,0.0,1.2094283378492918,-0.21644456170499327,0.10050977021455765
2,7,0.14,0.0015957258630153635,0.8297364241620122,0.3409138152475972,-0.00418725014078726,-3.963531494140625,-0.90606689453125,0.49527637469729446,0.0,1.2075617341826903,-0.2173488136958331,0.10039667785167694
2,8,0.16,0.005454546404754687,0.8275432902503477,0.4218627418251237,-0.39185049132258143,-4.0891571044921875,-0.83984375,0.49489346005028984,0.0,1.206007479945341,-0.21806742233783008,0.10031035542488098
2,9,0.18,0.00993017484608116,0.8222181163159098,0.4681030510918532,-0.6453402796655271,-4.180137634277344,-0.7670326232910156,0.4950067178354953,0.0,1.2047024897762701,-0.2185453945659101,0.10023496299982071
2,10,0.2,0.014707325882875778,0.8149923567944568,0.48531146120196395,-0.784390321979907,-4.253025054931641,-0.7009849548339844,0.495435573266772,0.0,1.203587169625159,-0.2189260174864903,0.1001683697104454
2,11,0.22,0.019532638882369047,0.8068666906385419,0.48013625448769537,-0.8348899147666857,-4.309906005859375,-0.6484947204589844,0.49603146286453337,0.0,1.2026119747954405,-0.21922741858474912,0.10011279582977295
2,12,0.24,0.024219214094376183,0.7985787368046585,0.4592456926081192,-0.8235432339886927,-4.351909637451172,-0.6113815307617188,0.4966851696621887,0.0,1.2017396493808192,-0.21945614974945785,0.1000700518488884
2,13,0.26,0.028641906864307242,0.790618043524822,0.4284266886258902,-0.7736463416876592,-4.3811798095703125,-0.5880393981933594,0.4973252047929436,0.0,1.2009450170958507,-0.21962239819252863,0.10004023462533951
2,14,0.28,0.03272677244668871,0.7832692008387959,0.39226167919989186,-0.7034327356805367,-4.399738311767578,-0.5754013061523438,0.4979110382799594,0.0,1.2002131680045343,-0.21973338330117984,0.10002204775810242
2,15,0.3,0.03643875242024892,0.7766640666311482,0.3540772869995083,-0.6257786037593261,-4.409423828125,-0.5700721740722656,0.4984247873951313,0.0,1.1995368688392027,-0.21979509593991678,0.10001348704099655
2,16,0.32,0.03976988617539851,0.7708318929919715,0.3160836057671924,-0.5488283696089731,-4.411888122558594,-0.5690536499023438,0.49886335296568995,0.0,1.1989138538202222,-0.21981330915023864,0.10001236200332642
2,17,0.34,0.04272938988452613,0.7657410725847394,0.2796001442332255,-0.4770060223020532,-4.4085540771484375,-0.5700187683105469,0.49923201910486903,0.0,1.1983444589695353,-0.2197935882878519,0.10001665353775024
2,18,0.36,0.0453361867682089,0.7613299393925592,0.2453161790370491,-0.4121752933010483,-4.400627136230469,-0.5714187622070312,0.4995398331104206,0.0,1.1978298379656551,-0.21974130899326702,0.10002460330724716
2,19,0.38,0.047613829917954036,0.7575269779085383,0.2135125241154686,-0.3546154413424629,-4.389118194580078,-0.5723495483398438,0.49979666025901115,0.0,1.1973708151565545,-0.2196616069539596,0.10003476589918137
2,20,0.4,0.04958738669276985,0.754262449915939,0.1842366402838957,-0.3037832005760439,-4.374874114990234,-0.5724067687988281,0.5000115514362535,0.0,1.1969672806321099,-0.21955933547306633,0.10004597902297974
2,21,0.42,0.05128176363881955,0.751473804572507,0.15742145846197353,-0.2588206494172099,-4.358608245849609,-0.5715141296386719,0.5001920448521948,0.0,1.196617992642533,-0.21943908526055747,0.10005736351013184
2,22,0.44,0.05272094743879177,0.7491072014913301,0.1329549901012916,-0.218847695616493,-4.3409423828125,-0.5697822570800781,0.5003440424342394,0.0,1.1963206392721608,-0.21930527473689287,0.10006826370954514
2,23,0.46,0.05392779767573461,0.7471167989581432,0.11072389399996856,-0.1831299547445495,-4.322391510009766,-0.5674209594726562,0.5004720038549975,0.0,1.196072042921772,-0.21916185028373728,0.10007823258638382
2,24,0.48,0.05492404985567257,0.7454633055398863,0.09061642075530653,-0.1510769049459872,-4.3034210205078125,-0.5646286010742188,0.5005792506305237,0.0,1.1958684089631406,-0.2190125943775056,0.1000869944691658
2,25,0.5,0.055730434271644494,0.7441122064841273,0.07254093010056864,-0.12230190672758644,-4.284412384033203,-0.5616340637207031,0.5006682915763383,0.0,1.195705576483091,-0.21886080911918543,0.10009440779685974
2,26,0.52,0.05636677048708491,0.7430323101857825,0.056406697393287,-0.09651662319675747,-4.265689849853516,-0.5585784912109375,0.5007411108620498,0.0,1.195579237662559,-0.21870930538256653,0.10010041296482086
2,27,0.54,0.056851997414948806,0.7421947687181394,0.04212768785369955,-0.07353023342011232,-4.247516632080078,-0.5555915832519531,0.5007993616372675,0.0,1.1954850981279446,-0.2185605569256004,0.10010506957769394
2,28,0.56,0.05720418771908368,0.7415723267694037,0.029616718325314186,-0.05320898889783312,-4.230110168457031,-0.552764892578125,0.500844522577004,0.0,1.1954190073715556,-0.21841656633000822,0.10010843724012375
2,29,0.58,0.05744048242849293,0.7411390739195461,0.0187757810281899,-0.03541802966504509,-4.213642120361328,-0.5501365661621094,0.500877977044012,0.0,1.195377039915545,-0.21827900849713477,0.10011065006256104
2,30,0.6,0.05757701575978778,0.7408703912857882,0.009502022020286285,-0.02003295466813957,-4.198230743408203,-0.5477409362792969,0.5009010463502737,0.0,1.19535554174487,-0.21814911872451193,0.10011185705661774
2,31,0.62,0.057628855464972976,0.7407429545753633,0.0016857473398815177,-0.006920427650694086,-4.1839599609375,-0.5455894470214844,0.5009150118324338,0.0,1.1953511606530043,-0.2180277682797896,0.100112184882164
2,32,0.64,0.05760993989102917,0.7407348483772851,-0.004788576394504241,0.004066323143644054,-4.1708831787109375,-0.5436820983886719,0.5009211132623427,0.0,1.1953608570991732,-0.21791561102727428,0.10011179000139236
2,33,0.66,0.057533042553128154,0.7408256575171375,-0.010038168095057727,0.013079782391278607,-4.159015655517578,-0.5420150756835938,0.5009205429777398,0.0,1.1953819050284888,-0.21781296381322318,0.10011081397533417
2,34,0.68,0.05740929710013876,0.7409981925927033,-0.014264485000705502,0.020578198854684048,-4.148639678955078,-0.5404090881347656,0.5009142640720068,0.0,1.1954118290101783,-0.2177221142960625,0.10010937601327896
2,35,0.7,0.05724845890041413,0.7412375085237244,-0.01755429334920026,0.026599015049669654,-4.139408111572266,-0.539093017578125,0.5009030472710265,0.0,1.1954484185432628,-0.21764062707686388,0.10010761022567749
2,36,0.72,0.05705952640324042,0.7415287797143836,-0.019974342353346095,0.031133833945657184,-4.131172180175781,-0.5380706787109375,0.5008877914491651,0.0,1.195489822556656,-0.21756736991067008,0.10010559856891632
2,37,0.74,0.056850717121383135,0.7418576335675944,-0.021611770666020078,0.03427085859046301,-4.123928070068359,-0.5372695922851562,0.500869485795828,0.0,1.1955345061639329,-0.21750235469262408,0.10010343044996262
2,38,0.76,0.05662931297457525,0.7422109737523598,-0.022565209574098823,0.03616916349115002,-4.117622375488281,-0.53662109375,0.5008490857963003,0.0,1.1955811782971197,-0.2174451927034679,0.10010118782520294
2,39,0.78,0.05640161264213826,0.7425773545004005,-0.02293269097358183,0.03699850250579674,-4.112216949462891,-0.536102294921875,0.5008274447250352,0.0,1.1956287426928434,-0.21739559320943955,0.10009891539812088
2,40,0.8,0.056172943136596834,0.7429470992612763,-0.022810629188250685,0.036941443519876764,-4.1076507568359375,-0.5356826782226562,0.5008052896630916,0.0,1.1956762714690927,-0.21735311846500555,0.1000966727733612
2,41,0.82,0.05594769867870996,0.7433123173827719,-0.022289742687857786,0.03617331641085252,-4.1038665771484375,-0.5353469848632812,0.5007832072163687,0.0,1.195722981112923,-0.21731731081847103,0.10009448975324631
2,42,0.84,0.055729429168841056,0.7436667044985059,-0.0214493831213798,0.03483933839428831,-4.100795745849609,-0.53509521484375,0.5007616591015975,0.0,1.1957682231754072,-0.21728765554861457,0.10009239614009857
2,43,0.86,0.05552091065299427,0.744005426634167,-0.02036531129727664,0.03308794820888553,-4.098377227783203,-0.5349044799804688,0.500740993524116,0.0,1.1958114722675113,-0.21726368324423673,0.10009042918682098
2,44,0.88,0.05532423390470213,0.744324934188097,-0.019100217500208908,0.031031554287310525,-4.096534729003906,-0.5347785949707031,0.5007214559493057,0.0,1.1958523131723293,-0.21724475128776977,0.10008858144283295
2,45,0.9,0.0551409070070031,0.7446226983209113,-0.017708794450662518,0.028763944414702963,-4.095211029052734,-0.5347137451171875,0.5007032191354055,0.0,1.1958904379702762,-0.2172304402272275,0.10008688271045685
2,46,0.92,0.054971932594689216,0.7448970618108364,-0.01623822054371006,0.026366963457296316,-4.094333648681641,-0.534698486328125,0.5006863960183692,0.0,1.1959256354337564,-0.2172201227497426,0.10008532553911209
2,47,0.94,0.05481787198474516,0.7451471317054225,-0.014730156306878734,0.02391268771481696,-4.093852996826172,-0.5347251892089844,0.5006710463997421,0.0,1.1959577778211425,-0.2172133977346384,0.10008391737937927
2,48,0.96,0.05467892141058651,0.7453726218866129,-0.013216944513559982,0.021452684858281827,-4.093696594238281,-0.5347900390625,0.5006571893439485,0.0,1.1959868112303291,-0.21720966997629146,0.10008265823125839
2,49,0.98,0.054554972962707234,0.7455737515540231,-0.01172742580943979,0.01903664843814748,-4.093818664550781,-0.534881591796875,0.5006448118453225,0.0,1.1960127439698112,-0.21720853152219208,0.10008154064416885
2,50,1.0,0.05444551008190669,0.745751692617091,-0.010312095828643512,0.016796224593812612,-4.094280242919922,-0.5349464416503906,0.5006338171109912,0.0,1.1960356204572826,-0.21721042678624508,0.10008056461811066
2,51,1.02,0.0543497331790566,0.7459081727276002,-0.008981432356207205,0.01472618151500771,-4.0949249267578125,-0.5350494384765625,0.5006240446713554,0.0,1.1960555214949606,-0.21721411843007082,0.10007971525192261
2,52,1.04,0.054266806503935706,0.7460446712089964,-0.0077335295237585455,0.012786052943103771,-4.095680236816406,-0.5352020263671875,0.5006153833476353,0.0,1.196072590872421,-0.21721902465593304,0.1000789925456047
2,53,1.06,0.054195878491796017,0.7461624738627534,-0.006572736049633918,0.010973385958011764,-4.096515655517578,-0.535369873046875,0.5006077667952595,0.0,1.1960870191634754,-0.2172248108495405,0.10007837414741516
2,54,1.08,0.05413607557064442,0.7462627937734401,-0.005499518912985447,0.009277069194172611,-4.097400665283203,-0.535552978515625,0.5006011456349209,0.0,1.1960990215555927,-0.21723124585766346,0.10007786750793457
2,55,1.1,0.05408649669181962,0.7463468698581448,-0.00451843431181854,0.007710635542534923,-4.098316192626953,-0.5357284545898438,0.5005954748056758,0.0,1.196108824773873,-0.21723811677569754,0.10007745772600174
2,56,1.12,0.05404623569134208,0.74641594074886,-0.0036267444934474508,0.006263220566766509,-4.099231719970703,-0.5359077453613281,0.5005907070822283,0.0,1.1961166574286382,-0.2172451442838792,0.10007712244987488
2,57,1.14,0.0540143829356388,0.7464712912335877,-0.0028272539763947004,0.00495181156685063,-4.100139617919922,-0.5360679626464844,0.5005867912370351,0.0,1.196122743812636,-0.21725223876594102,0.10007686167955399
2,58,1.16,0.05399002490000516,0.7465142900143169,-0.002118412267768248,0.003777923650158066,-4.101024627685547,-0.5362167358398438,0.5005836590430112,0.0,1.1961272943819998,-0.21725926897001044,0.10007666796445847
2,59,1.18,0.05397227456484479,0.7465462952642355,-0.0014966806033150145,0.002738451805449098,-4.101871490478516,-0.5363540649414062,0.5005812382680972,0.0,1.1961305084155525,-0.2172660792081733,0.10007652640342712
2,60,1.2,0.05396027965639433,0.7465686492984934,-0.0009586307163219936,0.0018330240852822944,-4.102672576904297,-0.5364761352539062,0.5005794529590026,0.0,1.1961325711302382,-0.21727260464528808,0.10007643699645996
2,61,1.22,0.05395323093400077,0.7465826562041866,-0.0004992583430894572,0.0010550591647787294,-4.103424072265625,-0.5365867614746094,0.5005782246229177,0.0,1.1961336528033302,-0.21727879987240886,0.10007639229297638
2,62,1.24,0.05395038271004322,0.7465895103016054,-0.00011112301183285295,0.0003900723787865913,-4.104114532470703,-0.5366897583007812,0.5005774812715695,0.0,1.1961339115719973,-0.21728454733945546,0.10007637739181519
2,63,1.26,0.05395103692476472,0.7465903648604376,0.00020839222140543924,-0.00015774586835639402,-4.104755401611328,-0.536773681640625,0.5005771513393897,0.0,1.1961334901385967,-0.21728992718510562,0.10007639229297638
2,64,1.28,0.05395455648014049,0.7465862794006749,0.00046817075780357826,-0.0006086097428039687,-4.1053314208984375,-0.5368537902832031,0.5005771650325395,0.0,1.1961325163861287,-0.2172948176666687,0.10007642954587936
2,65,1.3,0.05396036846416214,0.7465782114804707,0.0006726570942900445,-0.0009647044760109201,-4.1058502197265625,-0.5369186401367188,0.5005774609486714,0.0,1.1961311055721422,-0.21729925159133562,0.10007648169994354
2,66,1.32,0.053967959418324676,0.7465670206707125,0.0008289916529598412,-0.001241912155126819,-4.106315612792969,-0.5369796752929688,0.5005779818402033,0.0,1.196129359804316,-0.2173032728252583,0.10007654875516891
2,67,1.34,0.053976885420589794,0.7465534282737772,0.0009439824457915845,-0.00145240928397623,-4.106719970703125,-0.5370330810546875,0.5005786827095262,0.0,1.1961273719194023,-0.21730682949966285,0.10007663816213608
2,68,1.36,0.05398674128860955,0.746538143224296,0.0010191507082195493,-0.0015886914092018464,-4.107078552246094,-0.5370674133300781,0.5005795155666417,0.0,1.1961252185173685,-0.2173099894629122,0.10007672756910324
2,69,1.38,0.05399718385888363,0.7465217585370149,0.001064444662005179,-0.0016776094906978797,-4.1073760986328125,-0.5371055603027344,0.5005804367204547,0.0,1.1961229641372009,-0.21731265541969333,0.1000768169760704
2,70,1.4,0.05400793086306451,0.7465047315511709,0.0010828538439816135,-0.0017221090003137242,-4.107639312744141,-0.5371360778808594,0.5005814184296461,0.0,1.1961206682421586,-0.21731504447328917,0.10007691383361816
2,71,1.42,0.05401874032636929,0.7464874671703837,0.0010792473269227584,-0.0017292671649659312,-4.107852935791016,-0.5371589660644531,0.5005824341391112,0.0,1.196118379810568,-0.2173170028194436,0.10007700324058533
2,72,1.44,0.05402940774117511,0.7464703255180017,0.0010564653612577062,-0.0017014854373892819,-4.1080322265625,-0.5371742248535156,0.5005834584739144,0.0,1.1961161370028182,-0.21731868616004069,0.10007710009813309
2,73,1.46,0.05403977129161615,0.7464535827805681,0.0010199197703114242,-0.001651943439650821,-4.108173370361328,-0.5371894836425781,0.5005844715342687,0.0,1.1961139711403475,-0.2173200398885092,0.10007718950510025
2,74,1.48,0.05404970500836375,0.7464374545126713,0.000971730630562483,-0.0015810140240497142,-4.108283996582031,-0.5371971130371094,0.5005854591470181,0.0,1.1961119072481243,-0.21732111932076803,0.10007727146148682
2,75,1.5,0.054059104686227905,0.7464221370548351,0.0009141142886738652,-0.0014918576928388554,-4.108371734619141,-0.537200927734375,0.5005864057881887,0.0,1.1961099624780678,-0.21732202482994764,0.10007736086845398
2,76,1.52,0.054067899233523495,0.7464077570420726,0.0008512606869003578,-0.0013944863570789369,-4.108428955078125,-0.5372047424316406,0.5005873013145584,0.0,1.196108149773458,-0.21732264876694535,0.10007743537425995
2,77,1.54,0.05407604469417414,0.7463943897595388,0.0007846965437759264,-0.0012901356240612478,-4.108467102050781,-0.5372047424316406,0.5005881407272625,0.0,1.1961064780465962,-0.21732309568073835,0.10007750242948532
2,78,1.56,0.054083515509046276,0.7463820772209669,0.0007165086860086497,-0.0011838037775891554,-4.108489990234375,-0.5372047424316406,0.5005889208969849,0.0,1.1961049526235634,-0.21732341861777238,0.1000775694847107
2,79,1.58,0.05409029471253729,0.7463708679212834,0.000646576420971957,-0.0010703300734232295,-4.108497619628906,-0.5371971130371094,0.5005896371782202,0.0,1.1961035740894612,-0.21732357633125501,0.10007762163877487
2,80,1.6,0.054096382292917376,0.7463607781380259,0.0005780450091333133,-0.0009596359348640442,-4.108489990234375,-0.5371932983398438,0.5005902853315811,0.0,1.1961023392798442,-0.21732361388213756,0.10007767379283905
2,81,1.62,0.05410180024649203,0.7463517619234187,0.000512357926987125,-0.0008549838456910806,-4.108470916748047,-0.5371894836425781,0.5005908691362568,0.0,1.19610124563352,-0.21732354307212517,0.10007771849632263
2,82,1.64,0.05410657346725179,0.7463437811775019,0.0004488788743809354,-0.000752355550622074,-4.108448028564453,-0.5371818542480469,0.500591391249983,0.0,1.1961002879951346,-0.2173234360223869,0.10007776319980621
2,83,1.66,0.054110729378896154,0.7463368033287652,0.00038857348329841785,-0.0006539686447639708,-4.108417510986328,-0.5371742248535156,0.5005918519454818,0.0,1.1960994586150087,-0.2173232381353737,0.1000777930021286
2,84,1.68,0.054114304847815015,0.746330774533906,0.00033236874135605764,-0.0005618769382297038,-4.108379364013672,-0.5371665954589844,0.500592253561342,0.0,1.1960987488784416,-0.21732298839243594,0.10007783025503159
2,85,1.7,0.05411733193406045,0.7463256663001628,0.0002786529071407056,-0.00046988039429306895,-4.108345031738281,-0.5371551513671875,0.5005925957077867,0.0,1.1960981482104711,-0.21732273936402635,0.10007785260677338
2,86,1.72,0.05411986137730261,0.746321377006404,0.00023208158502361335,-0.00039608727200045617,-4.108299255371094,-0.5371551513671875,0.5005928845730974,0.0,1.1960976486621717,-0.21732240832061506,0.10007787495851517
2,87,1.74,0.05412194603626114,0.7463177970136347,0.00018930587106383984,-0.000327466479527716,-4.1082611083984375,-0.5371475219726562,0.5005931315872418,0.0,1.1960972443068458,-0.21732211578043642,0.10007788985967636
2,88,1.76,0.054123620257700136,0.7463148971670821,0.00014967886973580523,-0.0002599566454483413,-4.108219146728516,-0.5371360778808594,0.5005933358139072,0.0,1.196096923640803,-0.21732178890894283,0.10007790476083755
2,89,1.78,0.054124927339997776,0.7463126114727601,0.0001153242236722067,-0.0002034314837434238,-4.108177185058594,-0.5371322631835938,0.5005934993298751,0.0,1.1960966762132683,-0.2173214547651878,0.10007791221141815
2,90,1.8,0.05412591056419783,0.7463108667868434,8.454047573458057e-05,-0.00015128427913077395,-4.1081390380859375,-0.5371246337890625,0.500593627844461,0.0,1.1960964939459333,-0.21732114923151677,0.10007791966199875
2,91,1.82,0.05412661123082359,0.7463095931367785,5.8332580098766335e-05,-0.00010822546762867023,-4.108100891113281,-0.5371208190917969,0.500593725319026,0.0,1.1960963684834887,-0.21732084560541262,0.10007792711257935
2,92,1.84,0.05412706578986821,0.7463087358051147,3.5023386310018086e-05,-6.774590578006824e-05,-4.108066558837891,-0.5371131896972656,0.500593795403929,0.0,1.196096291825485,-0.2173205556881876,0.10007792711257935
2,93,1.86,0.05412730629884496,0.746308248180358,1.5162225778139785e-05,-3.3590852519501596e-05,-4.108036041259766,-0.537109375,0.5005938396731606,0.0,1.1960962559605415,-0.21732031500434096,0.10007793456315994
2,94,1.88,0.0541273693780626,0.7463080631175251,-8.642424282693334e-07,-6.4586238598101e-06,-4.108001708984375,-0.5371055603027344,0.5005938631370003,0.0,1.19609625478129,-0.21732002890229343,0.10007793456315994
2,95,1.9,0.054127287467960965,0.7463081246106013,-1.41237943355444e-05,1.621112173426368e-05,-4.107975006103516,-0.5371017456054688,0.5005938698910024,0.0,1.196096282117884,-0.21731979084087652,0.10007792711257935
2,96,1.92,0.054127093770914146,0.7463083622296885,-2.3622003156446494e-05,2.9778426266255375e-05,-4.107948303222656,-0.5371017456054688,0.5005938656436806,0.0,1.1960963337593138,-0.2173195714957692,0.10007792711257935
2,97,1.94,0.05412680797226819,0.7463087546882791,-3.258837170471862e-05,4.6791219553240456e-05,-4.107929229736328,-0.5370941162109375,0.5005938520358097,0.0,1.1960964043606968,-0.2173194055561471,0.10007792711257935
2,98,1.96,0.0541264501617697,0.7463092745311241,-3.8364021021795674e-05,5.6110633060280524e-05,-4.107906341552734,-0.5370941162109375,0.5005938285576454,0.0,1.1960964881505365,-0.21731921863608294,0.10007792711257935
2,99,1.98,0.05412604035056705,0.7463098867709776,-4.309375419837483e-05,6.528493067401146e-05,-4.107891082763672,-0.5370903015136719,0.5005937986282483,0.0,1.1960965817392908,-0.21731907403493825,0.10007791966199875
2,100,2.0,0.0541255863241963,0.7463105958524808,-4.726079375167994e-05,7.537347357703887e-05,-4.107879638671875,-0.5370864868164062,0.5005937599299017,0.0,1.1960966803747288,-0.2173189618588949,0.10007791221141815
3,1,0.02,0.030387572586430822,0.3765241739613144,-2.590007830190873,11.642987166995209,-2.0871505737304688,6.743583679199219,0.5595181189147104,0.0,1.288713323173671,-0.39232417631149297,0.14632996916770935
3,2,0.04,0.0018055099086662443,0.5096162363305655,-3.0363612820959536,14.537355770186382,-1.7991485595703125,2.626453399658203,0.5481775927326052,0.0,1.2738180498163296,-0.29377862787246706,0.13330486416816711
3,3,0.06,-0.024823716643687134,0.6447369908696395,-2.3704824355436473,12.72524813840048,-1.8576698303222656,-0.14864349365234375,0.5330935618075497,0.0,1.258332991708267,-0.25199226081371306,0.12040732055902481
3,4,0.08,-0.0433512969101747,0.7538187504755507,-1.459855062594988,9.525940857239316,-2.4146690368652344,-1.5989036560058594,0.5181754329758078,0.0,1.2454276921343408,-0.2334575127363205,0.11132844537496567
3,5,0.1,-0.053266970156524984,0.8308801030445496,-0.6347167923383513,6.302876427180953,-2.9954452514648438,-2.2179412841796875,0.5058612681700652,0.0,1.2354766842804403,-0.22714905321598053,0.10626829415559769
3,6,0.12,-0.05598501504234192,0.8786139313792678,0.00841965925800117,3.5757116821241794,-3.48004150390625,-2.2903213500976562,0.4970575060204899,0.0,1.2279801423133336,-0.225361079365015,0.10388237237930298
3,7,0.14,-0.05335949768339533,0.9028169564581124,0.4616160632943629,1.5042007704982991,-3.8693389892578125,-2.052032470703125,0.4916216803589041,0.0,1.2223125746747838,-0.22499297514557837,0.10280101001262665
3,8,0.16,-0.04710275364121701,0.9097835984621037,0.7557438375044253,0.0508320539017465,-4.148532867431641,-1.7080307006835938,0.48889774000483205,0.0,1.2179522143020045,-0.2247308520078659,0.10220343619585037
3,9,0.18,-0.038621904675988715,0.9051561072445363,0.9218715686476775,-0.8755534581857639,-4.376457214355469,-1.3678970336914062,0.488101652803305,0.0,1.2145152349738637,-0.22468430909514428,0.1017460748553276
3,10,0.2,-0.028950616773870758,0.8932803551646433,1.0033976156905045,-1.4387949929841275,-4.515922546386719,-1.1201858520507812,0.48854935333801264,0.0,1.2117386972082764,-0.22440050330758096,0.10133565962314606
3,11,0.22,-0.018794051070194905,0.8772093641621524,1.0253437069616949,-1.7423264841846506,-4.616634368896484,-0.9405937194824219,0.48974180216529356,0.0,1.2094499908284073,-0.2241763866096735,0.10096798092126846
3,12,0.24,-0.008677763222147939,0.8592546652135266,1.0002624958559871,-1.8374798816574294,-4.68878173828125,-0.7932319641113281,0.4913042362508717,0.0,1.2075215532470551,-0.2239583759829402,0.10065878182649612
3,13,0.26,0.001002442664379797,0.841178182319484,0.9416132439814903,-1.7825126471285626,-4.735584259033203,-0.6859512329101562,0.4929545539295536,0.0,1.2058498516158962,-0.22374683974217624,0.10041842609643936
3,14,0.28,0.009980716111964322,0.8241667539629379,0.8620705394440165,-1.6344406585154094,-4.766033172607422,-0.6194114685058594,0.4945083428395347,0.0,1.2043589698076322,-0.22359509435668587,0.10024549812078476
3,15,0.3,0.018109031634292398,0.8088858025124661,0.7726945269381222,-1.4414248846962887,-4.779457092285156,-0.5858421325683594,0.49586740526143935,0.0,1.2030009857864075,-0.22344841143675148,0.1001303419470787
3,16,0.32,0.025334862955388893,0.7955915435122118,0.6817904896557828,-1.2384430665796435,-4.777854919433594,-0.5750350952148438,0.496998153585126,0.0,1.2017510480043667,-0.22327943006229178,0.100060373544693
3,17,0.34,0.03167239534251684,0.7842644798646069,0.594687439373489,-1.0470102899960445,-4.764320373535156,-0.5773239135742188,0.49790824262208777,0.0,1.2006005314128911,-0.22307960028690288,0.10002367943525314
3,18,0.36,0.03717535097839389,0.7747304973146624,0.514217057270173,-0.8776664516758551,-4.741676330566406,-0.5852165222167969,0.4986267671928136,0.0,1.1995500687384888,-0.222847426156397,0.10001043975353241
3,19,0.38,0.0419158733166647,0.7667523730568443,0.44142013815128206,-0.7333056799763679,-4.712284088134766,-0.5937385559082031,0.4991901366245399,0.0,1.1986038327063855,-0.22258513416937786,0.10001302510499954
3,20,0.4,0.04597046275209508,0.7600887905151755,0.3762460222706713,-0.6123441455240494,-4.678016662597656,-0.6001472473144531,0.4996334448511856,0.0,1.1977656614456138,-0.22229649494984188,0.10002563148736954
3,21,0.42,0.04941210773310575,0.7545255694461298,0.3181040749775801,-0.5111716568080895,-4.640369415283203,-0.603363037109375,0.4999862073712447,0.0,1.197036980019491,-0.22198628712305798,0.1000438928604126
3,22,0.44,0.05230693091388499,0.749887046907843,0.26623278885732116,-0.4257538736346653,-4.600521087646484,-0.6033554077148438,0.5002710663035037,0.0,1.1964161039945713,-0.2216595577215776,0.10006456822156906
3,23,0.46,0.054713594442585826,0.7460355566210829,0.21990006056824854,-0.35248851474686577,-4.559459686279297,-0.6006431579589844,0.5005042060489377,0.0,1.1958984143391356,-0.22132185056526213,0.10008535534143448
3,24,0.48,0.05668415834827468,0.7428648539968435,0.17850427372686292,-0.28860885181482737,-4.5179901123046875,-0.5959892272949219,0.5006965865697836,0.0,1.195476987399999,-0.22097849986469376,0.10010465979576111
3,25,0.5,0.05826539935845285,0.7402918701341186,0.14157630829274293,-0.2321616561959205,-4.476825714111328,-0.5901222229003906,0.5008553824015064,0.0,1.1951433670461062,-0.22063498286134564,0.10012152045965195
3,26,0.52,0.05950004437621797,0.7382492123688932,0.10876275269557796,-0.18189102435561894,-4.436553955078125,-0.5836677551269531,0.5009852611944585,0.0,1.1948882804416356,-0.22029617288557346,0.10013541579246521
3,27,0.54,0.060427737003938775,0.7366792290383098,0.07979140559704624,-0.1370502994793647,-4.397663116455078,-0.5771026611328125,0.5010894000068389,0.0,1.1947022253776958,-0.21996636382339058,0.10014615952968597
3,28,0.56,0.0610856522636883,0.7355299318026509,0.05443564080669787,-0.09721864392423686,-4.360572814941406,-0.5707626342773438,0.5011702039529672,0.0,1.194575905158363,-0.21964946249919012,0.1001538410782814
3,29,0.58,0.06150880089154387,0.7347526031239117,0.03248713632158334,-0.06214479083029297,-4.325595855712891,-0.564849853515625,0.5012297570659683,0.0,1.194500517364177,-0.21934841630375013,0.10015866160392761
3,30,0.6,0.0617301107197154,0.7343006937511681,0.013737594965615217,-0.03164006148292426,-4.292964935302734,-0.5594711303710938,0.5012700620181525,0.0,1.1944679179007687,-0.21906557699246332,0.10016096383333206
3,31,0.62,0.06178039009351529,0.7341294744626604,-0.002027855113439343,-0.005528290987326501,-4.262844085693359,-0.5546798706054688,0.5012931486224976,0.0,1.194470703685749,-0.21880263546295464,0.1001610979437828
3,32,0.64,0.06168762977335429,0.7341982925646694,-0.01514456416507254,0.016782534508393447,-4.235713958740234,-0.5502662658691406,0.5013008768786056,0.0,1.194502168801972,-0.2185637542953482,0.10015946626663208
3,33,0.66,0.06147637522470629,0.7344726103818285,-0.02596434270171686,0.03591875055141671,-4.211734771728516,-0.5462188720703125,0.5012946551708576,0.0,1.1945562275578787,-0.21835052464943147,0.10015643388032913
3,34,0.68,0.06116920288245847,0.7349186314257298,-0.034559769110834526,0.05151311861155535,-4.1899566650390625,-0.5430717468261719,0.5012760174207526,0.0,1.1946276105895932,-0.21815583535225597,0.10015234351158142
3,35,0.7,0.06078753492123306,0.7355008180566163,-0.04108048976488668,0.06354590126460445,-4.17041015625,-0.5405921936035156,0.5012471021234763,0.0,1.194711970981157,-0.2179799204560113,0.10014748573303223
3,36,0.72,0.060351031398902265,0.7361847382115699,-0.04572384730752989,0.07223160879373139,-4.153057098388672,-0.5386009216308594,0.501210240566823,0.0,1.1948056630356527,-0.2178225360288634,0.10014212876558304
3,37,0.74,0.05987724271552581,0.7369388295139874,-0.048711582837022975,0.07791484183689985,-4.137851715087891,-0.5369834899902344,0.5011676904148314,0.0,1.194905586713595,-0.21768339376716175,0.10013649612665176
3,38,0.76,0.059381461246096834,0.7377353566379088,-0.05027260097913525,0.08100846689934292,-4.124691009521484,-0.5356521606445312,0.5011214823629762,0.0,1.1950090844251848,-0.21756167767169246,0.10013075172901154
3,39,0.78,0.058876714275169356,0.738550803185198,-0.05063136189833039,0.08194131775759504,-4.113468170166016,-0.5345535278320312,0.5010733415157531,0.0,1.1951138694405856,-0.21745661362266402,0.10012505948543549
3,40,0.8,0.058373881324476296,0.7393657324346398,-0.049994772020157,0.08110446685832698,-4.104053497314453,-0.5336685180664062,0.5010246807357618,0.0,1.1952179894671435,-0.21736717940610834,0.10011951625347137
3,41,0.82,0.057881864366559115,0.7401644381297691,-0.04855314927503101,0.0788563822294248,-4.0963134765625,-0.5329742431640625,0.500976629599872,0.0,1.195319805754956,-0.21729237265438134,0.10011423379182816
3,42,0.84,0.057407758519709876,0.7409346382619209,-0.04647934863776243,0.07552653330226716,-4.090087890625,-0.532440185546875,0.5009300551068634,0.0,1.1954179648758279,-0.21723083478421903,0.10010924190282822
3,43,0.86,0.056957062277746946,0.7416669810260965,-0.04392238474841088,0.0713787164729301,-4.085239410400391,-0.5320701599121094,0.5008856029273946,0.0,1.1955113802234667,-0.21718151752304402,0.10010460764169693
3,44,0.88,0.05653386825474416,0.7423546176991168,-0.041016002283538806,0.06665239212396568,-4.081623077392578,-0.5318374633789062,0.5008437419062715,0.0,1.1955992177046546,-0.21714320220462102,0.10010034590959549
3,45,0.9,0.056141046288583865,0.7429928238235297,-0.037873211396362905,0.061538337754535766,-4.079090118408203,-0.5317344665527344,0.5008047921035379,0.0,1.1956808714961302,-0.21711466823927184,0.10009647160768509
3,46,0.92,0.05578042013471659,0.7435786453119774,-0.03459180539182684,0.05620257960321386,-4.077495574951172,-0.53173828125,0.5007689566038831,0.0,1.1957559416432817,-0.21709467331513588,0.10009297728538513
3,47,0.94,0.055452921923688274,0.7441106073317582,-0.03125396440128845,0.05077855665739968,-4.076713562011719,-0.5318374633789062,0.500736341807791,0.0,1.195824208514125,-0.21708215453774027,0.10008985549211502
3,48,0.96,0.055158739429772036,0.7445884278552806,-0.027927851516473312,0.045374223860921735,-4.076618194580078,-0.5320167541503906,0.5007069810054688,0.0,1.1958856116362289,-0.21707606987308828,0.10008710622787476
3,49,0.98,0.054897425496848756,0.7450128780772209,-0.024673152081630526,0.04009278760498454,-4.077098846435547,-0.5322494506835938,0.5006808402968241,0.0,1.1959402212957673,-0.21707540779020928,0.10008469223976135
3,50,1.0,0.054668029059830245,0.7453855334864936,-0.02153275480723749,0.03499647165992712,-4.078037261962891,-0.5325355529785156,0.5006578329059665,0.0,1.195988215706453,-0.21707919550822408,0.10008260607719421
3,51,1.02,0.054469203221072786,0.7457085755721854,-0.018543547851669836,0.030144575832505866,-4.079353332519531,-0.5328559875488281,0.5006378388716596,0.0,1.1960298643369354,-0.21708669607529008,0.10008081793785095
3,52,1.04,0.05429928144042325,0.745984712707708,-0.015733498633771957,0.025584503351320096,-4.080951690673828,-0.5331954956054688,0.5006207031738361,0.0,1.1960655039313037,-0.2170970638272411,0.10007929801940918
3,53,1.06,0.05415636148160289,0.7462170466769258,-0.013122615666580519,0.021349149680173686,-4.082759857177734,-0.5335464477539062,0.500606242896773,0.0,1.1960955196852967,-0.21710968106501968,0.1000780388712883
3,54,1.08,0.0540382741252248,0.7464093181961546,-0.010742932439137818,0.017527153478089193,-4.08477783203125,-0.5338630676269531,0.5005942169520894,0.0,1.1961203191414242,-0.21712441468253382,0.10007699579000473
3,55,1.1,0.05394252912054052,0.7465661785535246,-0.008626591420232692,0.014211456848225059,-4.086994171142578,-0.5341339111328125,0.5005842793736618,0.0,1.1961403066918679,-0.2171411635662953,0.10007616877555847
3,56,1.12,0.05386665440934612,0.7466920353112243,-0.006744506911217364,0.011283964642383109,-4.08917236328125,-0.5344657897949219,0.5005760980312872,0.0,1.1961559144431475,-0.2171580307154509,0.10007552057504654
3,57,1.14,0.05380839924882543,0.746790458158511,-0.005080098844345206,0.008688365266522587,-4.091297149658203,-0.5348129272460938,0.5005694602055257,0.0,1.1961676205195024,-0.2171747987130948,0.10007502883672714
3,58,1.16,0.05376567473907138,0.7468645272183522,-0.003617481627080878,0.006381612447849689,-4.093334197998047,-0.5351600646972656,0.5005642132841318,0.0,1.1961759128403933,-0.2171911569619115,0.10007468611001968
3,59,1.18,0.0537365398465928,0.7469169794324155,-0.002342734482550748,0.004336383861583189,-4.0952606201171875,-0.535491943359375,0.5005602406500917,0.0,1.1961812693885057,-0.21720682502447744,0.10007445514202118
3,60,1.2,0.0537191578987068,0.7469504444960393,-0.00124820188794588,0.0025552228702100275,-4.097072601318359,-0.5357856750488281,0.5005574284001207,0.0,1.1961841376604898,-0.21722174385379187,0.10007433593273163
3,61,1.22,0.0537118061793141,0.7469674358403663,-0.00031948994012783523,0.0010151779655022232,-4.098751068115234,-0.5360565185546875,0.5005556574830333,0.0,1.1961849279676713,-0.217235718399068,0.10007429867982864
3,62,1.24,0.05371288645379137,0.7469703258572966,0.0004542948978980421,-0.0002907809929263614,-4.1002960205078125,-0.5362930297851562,0.5005548118961061,0.0,1.1961840150108638,-0.2172486830343987,0.10007432103157043
3,63,1.26,0.053720914349815095,0.7469614054665593,0.0010849369683263524,-0.0013716962275413297,-4.1016998291015625,-0.5364952087402344,0.5005547673392128,0.0,1.1961817313531797,-0.21726059161116426,0.1000744104385376
3,64,1.28,0.0537345313389781,0.7469428433289625,0.0015856612555361772,-0.002242338621569567,-4.102958679199219,-0.5366668701171875,0.5005553958486956,0.0,1.1961783683982494,-0.2172713727403461,0.10007454454898834
3,65,1.3,0.05375251658616306,0.7469166212038708,0.001970665312450606,-0.002924528280969352,-4.1040802001953125,-0.5368156433105469,0.5005565751383195,0.0,1.1961741816787863,-0.21728106340610248,0.10007470846176147
3,66,1.32,0.05377378423734931,0.7468845207888035,0.0022528820351300455,-0.003436816552679642,-4.105072021484375,-0.5369415283203125,0.5005581931005088,0.0,1.196169395338242,-0.21728972654162498,0.100074902176857
3,67,1.34,0.05379737633403456,0.7468481435209038,0.0024449849369371835,-0.0037968046696707745,-4.105934143066406,-0.5370445251464844,0.5005601453408886,0.0,1.1961642021724723,-0.21729733423278957,0.10007511079311371
3,68,1.36,0.053822464124541135,0.7468088830863961,0.002560082757200113,-0.004027799398078266,-4.106678009033203,-0.5371322631835938,0.5005623389481,0.0,1.1961587670900913,-0.21730398567990053,0.10007533431053162
3,69,1.38,0.053848339481725675,0.746767940727804,0.0026093981641444686,-0.004145791275606567,-4.107307434082031,-0.537200927734375,0.5005646933452814,0.0,1.1961532298317,-0.2173096758559841,0.10007555782794952
3,70,1.4,0.053874403145733454,0.7467263531316328,0.0026035407153845737,-0.004167603937193893,-4.1078338623046875,-0.5372543334960938,0.5005671362191858,0.0,1.1961477049685265,-0.2173145039497176,0.10007578134536743
3,71,1.42,0.05390015850870976,0.7466849845585902,0.002552491567426655,-0.004110809883824307,-4.108268737792969,-0.5372962951660156,0.500569606264988,0.0,1.1961422864462252,-0.21731856913580852,0.10007600486278534
3,72,1.44,0.05392520789980305,0.7466445139201062,0.0024660677924905035,-0.003994706436050866,-4.108619689941406,-0.5373306274414062,0.5005720562629333,0.0,1.1961370518408454,-0.21732192326105723,0.10007622092962265
3,73,1.46,0.05394922977612298,0.746605521610244,0.002350118628515373,-0.0038215922633399813,-4.108890533447266,-0.5373458862304688,0.5005744442371514,0.0,1.1961320595435145,-0.21732458157745713,0.10007642954587936
3,74,1.48,0.05397197981267106,0.7465684526647922,0.002213850010923237,-0.0036139831705903403,-4.109096527099609,-0.5373611450195312,0.5005767346520928,0.0,1.196127351814327,-0.21732667796110033,0.10007662326097488
3,75,1.5,0.05399328666516603,0.7465336014960862,0.0020630299971932152,-0.003380976791049044,-4.109245300292969,-0.5373687744140625,0.5005789070118811,0.0,1.1961229623563434,-0.2173282807095238,0.10007680952548981
3,76,1.52,0.054013033188612995,0.7465011807393812,0.001902797293042048,-0.003130013152802186,-4.109340667724609,-0.5373687744140625,0.5005809452155389,0.0,1.1961189125309446,-0.21732939244226146,0.10007697343826294
3,77,1.54,0.05403114496944468,0.7464713491021729,0.0017367260023427816,-0.002864848710116066,-4.109394073486328,-0.5373611450195312,0.5005828348827472,0.0,1.1961152119556002,-0.21733013642125298,0.10007712990045547
3,78,1.56,0.054047589484280054,0.7464441863388589,0.0015694904592141682,-0.0025966850540180644,-4.109413146972656,-0.537353515625,0.5005845666597389,0.0,1.1961118627753653,-0.21733056831402062,0.10007727146148682
3,79,1.58,0.054062374029790757,0.746419691727446,0.00140451898480931,-0.0023310446395531596,-4.109397888183594,-0.5373420715332031,0.5005861388944309,0.0,1.1961088621771674,-0.21733068430460115,0.10007739812135696
3,80,1.6,0.05407553758956077,0.7463978020204005,0.001244764933100239,-0.0020747623946528685,-4.1093597412109375,-0.5373306274414062,0.5005875547961828,0.0,1.196106202331695,-0.21733056676546403,0.10007750242948532
3,81,1.62,0.05408713620442717,0.7463784429623278,0.001090937709137433,-0.0018243554626736424,-4.1092987060546875,-0.5373115539550781,0.5005888176143612,0.0,1.1961038696096846,-0.21733025277069828,0.10007760673761368
3,82,1.64,0.05409724567032739,0.7463615039730612,0.000946018579286357,-0.001589143991254161,-4.109222412109375,-0.5372962951660156,0.5005899314187003,0.0,1.196101845889581,-0.21732977390894667,0.10007768869400024
3,83,1.66,0.05410595095329066,0.746346857304901,0.0008092686187859856,-0.001364767272795752,-4.109142303466797,-0.5372772216796875,0.5005909034029471,0.0,1.1961001121832735,-0.21732924390517291,0.10007776319980621
3,84,1.68,0.05411334974775146,0.7463343450457072,0.0006835742024524087,-0.0011601359748626258,-4.109046936035156,-0.537261962890625,0.5005917420532424,0.0,1.1960986480052032,-0.21732857693174448,0.10007783025503159
3,85,1.7,0.05411954798909064,0.7463237961420528,0.0005681051289058292,-0.000970492540776417,-4.10894775390625,-0.5372428894042969,0.5005924584167648,0.0,1.1960974317388837,-0.21732783092088356,0.10007787495851517
3,86,1.72,0.054124644273753214,0.746315070097164,0.0004621998544893713,-0.0007941449733984674,-4.108852386474609,-0.5372238159179688,0.5005930587949581,0.0,1.1960964394390903,-0.21732711542598554,0.10007791966199875
3,87,1.74,0.05412875048648009,0.7463079705460179,0.00036878331982815866,-0.0006424935287071211,-4.1087493896484375,-0.5372123718261719,0.5005935554903418,0.0,1.1960956500495792,-0.21732631672502614,0.10007794946432114
3,88,1.76,0.05413197245147789,0.7463023245449654,0.00028442030696727307,-0.0005022138747358244,-4.108654022216797,-0.5371932983398438,0.5005939609854713,0.0,1.1960950426005956,-0.2173255733346159,0.10007797926664352
3,89,1.78,0.054134399890022514,0.7462980211384266,0.00020896342697889026,-0.0003728064493800395,-4.108558654785156,-0.5371742248535156,0.5005942777557607,0.0,1.1960945922838606,-0.21732481504432508,0.10007800161838531
3,90,1.8,0.05413613024116243,0.7462949056278557,0.0001439154479165153,-0.0002625391849591843,-4.108467102050781,-0.5371627807617188,0.5005945135643451,0.0,1.1960942775867114,-0.2173240780915512,0.10007801651954651
3,91,1.82,0.05413726666397075,0.7462927771659147,8.910210840422403e-05,-0.00017310368392108665,-4.1083831787109375,-0.5371551513671875,0.5005946845031193,0.0,1.1960940828403983,-0.21732339680904988,0.1000780239701271
3,92,1.84,0.05413789530619816,0.7462914948465152,4.160619256990927e-05,-9.236500637997584e-05,-4.108303070068359,-0.537139892578125,0.5005948009680979,0.0,1.1960939911693567,-0.21732272160718277,0.1000780239701271
3,93,1.86,0.05413808924268307,0.7462909587421113,1.4039814160572975e-06,-2.2653304501148378e-05,-4.1082305908203125,-0.5371284484863281,0.5005948662652332,0.0,1.1960939836520201,-0.21732211316170288,0.1000780239701271
3,94,1.88,0.05413792110539712,0.7462910465824134,-3.156552950795644e-05,3.387574388251192e-05,-4.108165740966797,-0.5371208190917969,0.5005948879843759,0.0,1.1960940456469842,-0.21732157147357065,0.1000780239701271
3,95,1.9,0.05413746210960578,0.7462916309555705,-5.750356845174807e-05,7.8021880423507e-05,-4.108100891113281,-0.5371131896972656,0.5005948754862932,0.0,1.1960941646179697,-0.21732101679274637,0.10007801651954651
3,96,1.92,0.05413676762169653,0.7462926373446915,-7.910668962581271e-05,0.0001186588366374323,-4.1080474853515625,-0.5371017456054688,0.5005948324913712,0.0,1.1960943265979977,-0.21732056665718846,0.10007801651954651
3,97,1.94,0.0541358931153824,0.746293961592988,-9.420024784396882e-05,0.00014336246703890816,-4.108001708984375,-0.5371017456054688,0.5005947652478868,0.0,1.1960945215153118,-0.2173201591989491,0.10007800161838531
3,98,1.96,0.054134899040332175,0.7462954715446497,-0.00010361875355910735,0.00015703026897569003,-4.107952117919922,-0.5370979309082031,0.5005946868323339,0.0,1.1960947435067686,-0.21731973421821021,0.10007799416780472
3,99,1.98,0.054133824608755564,0.7462971119612356,-0.00011052685463035141,0.00016958006859985733,-4.107917785644531,-0.5370903015136719,0.5005946007612685,0.0,1.1960949831561818,-0.21731942749147126,0.10007798671722412
3,100,2.0,0.054132692133260205,0.7462988779780749,-0.00011542899550964944,0.0001821463843414926,-4.107887268066406,-0.5370826721191406,0.5005945035014784,0.0,1.196095230127713,-0.2173191550979973,0.10007797926664352
4,1,0.02,0.02968286974051876,0.7622028208815335,-0.06634755179431716,0.48654158009043685,-3.529224395751953,-0.033679962158203125,0.5025873282700533,0.0,1.205521816632278,-0.22528462219238282,0.10018575191497803
4,2,0.04,0.029024594529854918,0.7678596895621632,-0.06496375156427737,0.6284636258515148,-3.6355247497558594,-0.2995338439941406,0.5016933540499651,0.0,1.2048477982895358,-0.21365225395560264,0.10013175755739212
4,3,0.06,0.02859027238710448,0.77379132326969,-0.025940023955196737,0.5646217046763825,-3.7358245849609375,-0.4739418029785156,0.5006686972884259,0.0,1.2039979627079573,-0.21438574310392142,0.10008212924003601
4,4,0.08,0.028631933749332778,0.7785229905881501,0.02839879931586998,0.3998416674705917,-3.8265953063964844,-0.5755577087402344,0.499754147469206,0.0,1.2031212654111019,-0.21509067123942077,0.10004900395870209
4,5,0.1,0.029220444306433592,0.7814410428217369,0.0833000950038319,0.20525391107860766,-3.9077110290527344,-0.6244964599609375,0.49906352522882846,0.0,1.2022959252763217,-0.21573066100571303,0.10003074258565903
4,6,0.12,0.030310466876754417,0.7825039994785205,0.12961849162167366,0.027018440454497916,-3.9784622192382812,-0.636138916015625,0.4986227213983849,0.0,1.201553127008769,-0.21628107227850704,0.10002154856920242
4,7,0.14,0.031798865026204964,0.7819775958108953,0.16424298388336664,-0.11644726045740948,-4.038562774658203,-0.6300506591796875,0.4984060791483692,0.0,1.200896818305487,-0.21674405827955343,0.10001672804355621
4,8,0.16,0.033566651935004986,0.7802392845532973,0.18680385456843573,-0.2197671398660944,-4.0886383056640625,-0.6159400939941406,0.4983670945281178,0.0,1.2003189580581881,-0.21712674190616235,0.1000138446688652
4,9,0.18,0.035499845390826436,0.7776775496983171,0.19849942818695804,-0.28527084994771407,-4.129447937011719,-0.5999336242675781,0.49845457929767756,0.0,1.1998070885137082,-0.21743844375922344,0.10001213103532791
4,10,0.2,0.03750053674597549,0.774636084845349,0.20126745817501449,-0.31917096475017115,-4.161933898925781,-0.58544921875,0.49862200531243717,0.0,1.199348647013269,-0.21768894299597014,0.10001161694526672
4,11,0.22,0.03949125404346087,0.7713892612884707,0.19723837310087866,-0.32898285398285276,-4.187084197998047,-0.5739822387695312,0.49883186602423957,0.0,1.1989331142788335,-0.21788693072093884,0.10001251846551895
4,12,0.24,0.04141505314368447,0.7681378709929929,0.18840324215086443,-0.32193941189293485,-4.205890655517578,-0.5658035278320312,0.49905672452595784,0.0,1.1985527608502733,-0.21803991985699395,0.10001492500305176
4,13,0.26,0.043233210499262126,0.7650164795555586,0.17644822073754746,-0.3041720382332389,-4.219268798828125,-0.5605087280273438,0.49927833746571515,0.0,1.1982025556505047,-0.2181541308787564,0.10001876205205917
4,14,0.28,0.04492185339992168,0.7621061077239393,0.1626963622443173,-0.2804092871387656,-4.228076934814453,-0.5574111938476562,0.49948588537193195,0.0,1.1978796465878798,-0.21823502615712642,0.1000237986445427
4,15,0.3,0.04646842556570642,0.7594480369652236,0.14812501528220307,-0.25401728714128535,-4.233062744140625,-0.5557899475097656,0.4996739914832157,0.0,1.1975826970471717,-0.21828723807042116,0.10002974420785904
4,16,0.32,0.047868475137612734,0.7570564459401341,0.13341013265929103,-0.2271785591912848,-4.234897613525391,-0.5550041198730469,0.49984090575758333,0.0,1.197311244487519,-0.21831493358880108,0.10003627091646194
4,17,0.34,0.04912302888767126,0.7549286214714872,0.11899640589529367,-0.2011856669489305,-4.234157562255859,-0.5545806884765625,0.4999870394225327,0.0,1.1970651779460322,-0.21832178343513808,0.10004306584596634
4,18,0.36,0.05023664878343788,0.7530522872925204,0.10516393134509891,-0.17672486129700243,-4.231342315673828,-0.5542182922363281,0.5001139254918696,0.0,1.1968443810398532,-0.21831111605007028,0.10004984587430954
4,19,0.38,0.051216066168192916,0.7514104944482081,0.09207878690641189,-0.15408776968822094,-4.2268829345703125,-0.553741455078125,0.5002235434236448,0.0,1.1966485230333457,-0.21828597816513504,0.10005639493465424
4,20,0.4,0.05206923553786598,0.7499847663801535,0.07982804358718673,-0.13331596917735808,-4.221157073974609,-0.5530586242675781,0.5003179027108544,0.0,1.1964769553465975,-0.21824917208382977,0.1000625491142273
4,21,0.42,0.05280474160254639,0.7487567949759059,0.06845531368314574,-0.11434597502389925,-4.214481353759766,-0.5521659851074219,0.5003988297061657,0.0,1.1963286915318936,-0.21820311910205056,0.10006816685199738
4,22,0.44,0.05343146009774586,0.7477091041491539,0.05797794808625195,-0.09707896858641389,-4.207141876220703,-0.5511016845703125,0.5004679076413625,0.0,1.1962024509156386,-0.21815017275560242,0.1000731810927391
4,23,0.46,0.05395833712123696,0.7468252872024617,0.04839461593551476,-0.08140168238635913,-4.199378967285156,-0.5499076843261719,0.5005264795201559,0.0,1.1960967242230574,-0.21809232252594665,0.1000775396823883
4,24,0.48,0.054394251797319555,0.7460899935720233,0.03969423164993838,-0.06721477742765972,-4.1913909912109375,-0.5486373901367188,0.5005756794313887,0.0,1.1960098425050663,-0.21803129682475994,0.10008123517036438
4,25,0.5,0.054747923539767464,0.745488792994366,0.03185682609326545,-0.05443219881713648,-4.183361053466797,-0.5473403930664062,0.500616480961344,0.0,1.1959400474913295,-0.21796872186755353,0.10008428245782852
4,26,0.52,0.05502785565656626,0.7450079565704066,0.024859401676843838,-0.042996638538389836,-4.175434112548828,-0.5460700988769531,0.5006497511998629,0.0,1.1958855586693409,-0.21790594490124204,0.10008671879768372
4,27,0.54,0.05524225103150911,0.744634462743761,0.018666228385085477,-0.032826714245843554,-4.167728424072266,-0.5448341369628906,0.5006762775759915,0.0,1.1958446184039668,-0.21784404395939783,0.10008858889341354
4,28,0.56,0.05539896535185689,0.7443559113290363,0.013243348202704626,-0.02387574819716044,-4.160335540771484,-0.5436782836914062,0.5006967878988602,0.0,1.1958155269608826,-0.2177839080910926,0.10008993744850159
4,29,0.58,0.055505447513046896,0.7441605516223878,0.008544675053951659,-0.016064249826405093,-4.1533355712890625,-0.5425949096679688,0.5007119691126999,0.0,1.1957966720503856,-0.21772633336590663,0.10009083896875381
4,30,0.6,0.055568704820253514,0.744037269238741,0.00452757113856278,-0.009341320491086654,-4.1467742919921875,-0.5416145324707031,0.5007224703114987,0.0,1.1957865449188907,-0.21767180457060747,0.10009133815765381
4,31,0.62,0.05559526435158635,0.7439756369108671,0.0011396954556156817,-0.0036240605432657793,-4.140697479248047,-0.5407218933105469,0.5007289111743201,0.0,1.1957837545623544,-0.2176207974500285,0.10009150207042694
4,32,0.64,0.055591147756386815,0.7439659543836327,-0.0016680574723270014,0.0011520310356548332,-4.135120391845703,-0.5399322509765625,0.5007318740351382,0.0,1.1957870301992801,-0.21757354452002617,0.10009138286113739
4,33,0.66,0.055561860285689095,0.7439992764275637,-0.003949345119982378,0.005071206930605447,-4.1300506591796875,-0.5392303466796875,0.5007319072827912,0.0,1.1957952244918317,-0.21753019377450983,0.10009104013442993
4,34,0.68,0.05551237693414048,0.7440674645338844,-0.005756682489690097,0.008211232021242496,-4.125495910644531,-0.5386199951171875,0.5007295154619502,0.0,1.1958073090517802,-0.21749088611040499,0.10009051859378815
4,35,0.7,0.05544714586840279,0.7441631965944737,-0.00714286591636386,0.01065680440786143,-4.121440887451172,-0.5380897521972656,0.5007251594295958,0.0,1.1958223725703858,-0.21745554367234582,0.10008985549211502
4,36,0.72,0.05537010956411473,0.7442799382948392,-0.008156661603199816,0.012481937452371649,-4.117862701416016,-0.5376396179199219,0.5007192552648845,0.0,1.1958396143026873,-0.21742405368119944,0.10008909553289413
4,37,0.74,0.0552847245841761,0.7444119114778303,-0.008846504816564602,0.013763494838134993,-4.114749908447266,-0.537261962890625,0.5007121780749442,0.0,1.1958583404445242,-0.2173963649842335,0.10008826851844788
4,38,0.76,0.055193983946047714,0.7445540788779548,-0.009257055641592925,0.014573320615784566,-4.112064361572266,-0.5369491577148438,0.5007042595981399,0.0,1.1958779559672268,-0.21737220350751887,0.10008740425109863
4,39,0.78,0.05510044722795351,0.7447020971353912,-0.00943058717568378,0.014978817466709574,-4.1097869873046875,-0.5366973876953125,0.50069579066574,0.0,1.1958979574538242,-0.2173514329241152,0.1000865176320076
4,40,0.8,0.055006259730293904,0.744852325422715,-0.009407820029699214,0.015052492367386698,-4.107879638671875,-0.5364913940429688,0.5006870172692414,0.0,1.1959179232533976,-0.21733379398268882,0.10008564591407776
4,41,0.82,0.054913192857854815,0.7450017489249758,-0.009223457900444968,0.014849007201912984,-4.106311798095703,-0.5363349914550781,0.5006781431679269,0.0,1.1959375052121923,-0.21731903288667673,0.10008478909730911
4,42,0.84,0.05482269365894059,0.7451478551527602,-0.008908098333811785,0.014415040635781461,-4.105049133300781,-0.536224365234375,0.5006693442314816,0.0,1.1959564271207388,-0.21730689137897571,0.10008396208286285
4,43,0.86,0.05473590483672827,0.7452886444920851,-0.008492020789708964,0.013805548373194683,-4.104061126708984,-0.5361442565917969,0.5006607645838779,0.0,1.1959744738455138,-0.2172971283486404,0.10008317977190018
4,44,0.88,0.05465369504453417,0.7454225941058111,-0.008000308237449183,0.013062376306662501,-4.103313446044922,-0.5360946655273438,0.5006525140955942,0.0,1.1959914812837282,-0.21728944846511875,0.10008243471384048
4,45,0.9,0.054576699144052526,0.7455485550171024,-0.007454963577724615,0.01221933490127017,-4.102787017822266,-0.5360755920410156,0.5006446798209458,0.0,1.1960073347237408,-0.21728375104996667,0.10008175671100616
4,46,0.92,0.05450534918772312,0.7456657149136916,-0.006874860003835462,0.011309969680756472,-4.102436065673828,-0.5360755920410156,0.5006373280263121,0.0,1.1960219615145702,-0.2172796042005066,0.10008112341165543
4,47,0.94,0.05443990218984073,0.745773560826458,-0.006276395242414261,0.010361319086101668,-4.102245330810547,-0.5360946655273438,0.5006305041492112,0.0,1.196035322473836,-0.21727692858078806,0.10008055716753006
4,48,0.96,0.05438046049060426,0.7458718530454735,-0.0056742740114434,0.009400931898226291,-4.1021881103515625,-0.5361251831054688,0.5006242346284799,0.0,1.196047407304364,-0.2172754486841295,0.10008003562688828
4,49,0.98,0.05432700648311459,0.7459605479162533,-0.0050783081135763975,0.008442060997994263,-4.102237701416016,-0.5361709594726562,0.5006185320915928,0.0,1.1960582301173572,-0.217274980668808,0.10007957369089127
4,50,1.0,0.054279421936767824,0.7460397657366629,-0.0044987510986673656,0.007503609316464207,-4.102382659912109,-0.536224365234375,0.5006134000215957,0.0,1.196067826517721,-0.21727540853025856,0.10007916390895844
4,51,1.02,0.054237500610061246,0.7461097940032161,-0.003943225432136412,0.006600548354464987,-4.102596282958984,-0.5362815856933594,0.5006088284098019,0.0,1.1960762465077446,-0.21727650718811492,0.10007880628108978
4,52,1.04,0.05420096890064199,0.7461710612959676,-0.0034177457257025014,0.005746292633527789,-4.1028594970703125,-0.5363388061523438,0.5006047946466329,0.0,1.1960835487981831,-0.21727810151680024,0.10007849335670471
4,53,1.06,0.05416951216960797,0.7462240426073,-0.0029248894447359347,0.004938469476843744,-4.103172302246094,-0.536407470703125,0.5006012735348567,0.0,1.1960898031125342,-0.21728020678285975,0.10007822513580322
4,54,1.08,0.0541427790319204,0.7462692843192101,-0.0024691893335873384,0.004191822010277223,-4.103507995605469,-0.536468505859375,0.5005982367972226,0.0,1.1960950867741662,-0.21728257882315666,0.10007800161838531
4,55,1.1,0.05412039135978145,0.746307407448366,-0.0020518299847109792,0.0035079912368162452,-4.103858947753906,-0.536529541015625,0.5005956458786212,0.0,1.1960994762937116,-0.21728515315824187,0.10007781535387039
4,56,1.12,0.05410197663945685,0.74633898152005,-0.0016708515410000123,0.0028764050042912213,-4.104217529296875,-0.5365982055664062,0.5005934690115815,0.0,1.1961030540665119,-0.21728787065960933,0.10007766634225845
4,57,1.14,0.05408715694510922,0.7463645982012943,-0.0013287871661182213,0.0023094984513690564,-4.104576110839844,-0.5366554260253906,0.5005916747462753,0.0,1.1961059031121142,-0.21729062331987373,0.1000775396823883
4,58,1.16,0.05407555653227318,0.7463848530066993,-0.0010232192772215345,0.0017980232357251795,-4.104930877685547,-0.5367164611816406,0.5005902274077811,0.0,1.1961081032199747,-0.21729342378223374,0.10007745027542114
4,59,1.18,0.05406680483460528,0.7464003490238504,-0.0007551420208862611,0.0013507351968056272,-4.105274200439453,-0.5367660522460938,0.500589091495294,0.0,1.1961097317734177,-0.21729616212956898,0.10007738322019577
4,60,1.2,0.054060545263859096,0.746411679159844,-0.000521242719187986,0.0009588037771388521,-4.105598449707031,-0.5368156433105469,0.5005882281379115,0.0,1.1961108599776946,-0.21729877196581218,0.10007733106613159
4,61,1.22,0.05405645105395338,0.7464193565702242,-0.00031880637891070797,0.0006149415040582805,-4.105907440185547,-0.536865234375,0.5005876074195861,0.0,1.1961115585323032,-0.21730130443829693,0.1000773012638092
4,62,1.24,0.0540542069733834,0.7464238996388781,-0.00014792388010788254,0.00032591400621557933,-4.106197357177734,-0.5369033813476562,0.500587198138329,0.0,1.1961118925581453,-0.21730369504896224,0.10007728636264801
4,63,1.26,0.05405351468224726,0.746425824836181,-5.479681920646671e-06,8.596831878475237e-05,-4.1064605712890625,-0.5369377136230469,0.5005869643168533,0.0,1.196111918407075,-0.21730589229954056,0.10007728636264801
4,64,1.28,0.05405411309408336,0.7464255499462014,0.00011273249135814748,-0.00011804992298686425,-4.1067047119140625,-0.5369758605957031,0.5005868796344355,0.0,1.1961116908570366,-0.21730795377638423,0.10007729381322861
4,65,1.3,0.054055763777300425,0.7464234630347277,0.00020743301186839633,-0.00028097064568171167,-4.106922149658203,-0.5370025634765625,0.5005869214029733,0.0,1.1961112602992678,-0.21730979936153744,0.1000773087143898
4,66,1.32,0.05405824841549128,0.7464199314936574,0.00028165932575775207,-0.0004106479050234301,-4.107120513916016,-0.5370292663574219,0.5005870647318096,0.0,1.1961106696009154,-0.21731150154305215,0.10007733106613159
4,67,1.34,0.05406137518620009,0.7464152681018662,0.00033775284780020507,-0.0005106270718182759,-4.107295989990234,-0.5370521545410156,0.5005872901809535,0.0,1.196109958686376,-0.21731302789004986,0.10007736086845398
4,68,1.36,0.05406497805786533,0.7464097453051791,0.00037848453419198395,-0.0005853295504593341,-4.107444763183594,-0.5370712280273438,0.5005875805023122,0.0,1.19610916192838,-0.21731434597834595,0.10007739812135696
4,69,1.38,0.05406890772725874,0.7464036164118655,0.00040464032681575865,-0.0006346663001868836,-4.107582092285156,-0.5370864868164062,0.500587919045492,0.0,1.1961083086135111,-0.21731554808141665,0.10007742792367935
4,70,1.4,0.05407303932215219,0.746397084360377,0.00041999593655950193,-0.0006677675636268415,-4.107692718505859,-0.5371017456054688,0.5005882924676904,0.0,1.1961074247455346,-0.21731654955203702,0.10007746517658234
4,71,1.42,0.05407725924294164,0.7463903636674732,0.0004235565838389549,-0.0006752545559435208,-4.1077880859375,-0.5371055603027344,0.5005886854489963,0.0,1.1961065295519167,-0.21731740988211823,0.10007750242948532
4,72,1.44,0.05408147167911366,0.7463836283276484,0.00041931315122450296,-0.0006719149671961642,-4.107872009277344,-0.5371170043945312,0.500589083111632,0.0,1.196105638812004,-0.21731818629028565,0.1000775396823883
4,73,1.46,0.05408560705131304,0.7463769798842818,0.00040880067137610273,-0.000658958988777367,-4.107936859130859,-0.5371246337890625,0.5005894807819998,0.0,1.1961047695206524,-0.21731880248019297,0.10007757693529129
4,74,1.48,0.054089605701977315,0.7463705200299436,0.0003925729762771155,-0.0006353942062227785,-4.107990264892578,-0.5371284484863281,0.5005898719470161,0.0,1.1961039335864967,-0.21731930458832358,0.10007760673761368
4,75,1.5,0.0540934221630906,0.7463643267227938,0.00037274207762709005,-0.0006062833162212359,-4.108028411865234,-0.5371322631835938,0.5005902508173461,0.0,1.1961031397959268,-0.21731969761995423,0.10007764399051666
4,76,1.52,0.05409702307389706,0.7463584623664246,0.00034979640106777565,-0.0005703781842952844,-4.108055114746094,-0.5371322631835938,0.500590612884211,0.0,1.19610239402065,-0.2173199765689351,0.10007767379283905
4,77,1.54,0.054100386574086105,0.7463529585956309,0.00032540905342995363,-0.0005342125315368844,-4.1080780029296875,-0.5371360778808594,0.5005909558248646,0.0,1.1961017011303445,-0.21732022690826852,0.10007770359516144
4,78,1.56,0.05410349189027917,0.7463478600936343,0.0002984421343632564,-0.0004902158926521745,-4.10809326171875,-0.5371322631835938,0.5005912767188412,0.0,1.19610106423455,-0.21732039368177355,0.10007772594690323
4,79,1.58,0.05410632790560275,0.7463431965796522,0.00027154336050028534,-0.00044713180149483765,-4.108097076416016,-0.5371322631835938,0.5005915711967366,0.0,1.1961004832594433,-0.21732048380376362,0.10007775574922562
4,80,1.6,0.05410889534179283,0.7463389586731134,0.0002447198334430626,-0.00040500541756644914,-4.108100891113281,-0.5371322631835938,0.5005918408556721,0.0,1.1960999595373438,-0.21732056093217397,0.10007777810096741
4,81,1.62,0.05411119703140878,0.7463351461271218,0.00021835303894691542,-0.000362156424403061,-4.10809326171875,-0.5371284484863281,0.5005920855562905,0.0,1.19609949219002,-0.2173205239773524,0.1000777930021286
4,82,1.64,0.054113243605648176,0.7463317380852605,0.00019353335024145557,-0.00032363708084762915,-4.108085632324219,-0.5371284484863281,0.500592306302883,0.0,1.196099079302753,-0.21732050573831657,0.10007781535387039
4,83,1.66,0.05411504433568437,0.7463287196805192,0.0001691455413508384,-0.0002843311940374916,-4.1080780029296875,-0.5371246337890625,0.500592504706998,0.0,1.196098719294222,-0.21732046878345135,0.10007783025503159
4,84,1.68,0.05411660899478243,0.7463260861778159,0.00014617551317298435,-0.00024650539235808114,-4.108062744140625,-0.5371208190917969,0.5005926794379996,0.0,1.196098408212356,-0.2173203520777315,0.10007783770561218
4,85,1.7,0.054117949045326165,0.7463238287958037,0.0001241323593273928,-0.00020907720976506497,-4.108051300048828,-0.5371170043945312,0.5005928298995537,0.0,1.1960981418592689,-0.21732028460517178,0.10007785260677338
4,86,1.72,0.054119082359339564,0.7463219100453324,0.00010456545808399493,-0.00017807466061654095,-4.108036041259766,-0.5371170043945312,0.5005929586342204,0.0,1.1960979177602635,-0.2173201885225717,0.10007786750793457
4,87,1.74,0.05412002728786483,0.7463202950016219,8.63213209037655e-05,-0.00014821822356993363,-4.108020782470703,-0.5371131896972656,0.5005930691670867,0.0,1.1960977334308884,-0.21732006073022786,0.10007786750793457
4,88,1.76,0.05412079965631794,0.7463189663900615,6.986947928585343e-05,-0.00012055320036233925,-4.108001708984375,-0.537109375,0.5005931613955312,0.0,1.1960975841225459,-0.2173199135068862,0.10007787495851517
4,89,1.78,0.05412141192540249,0.746317914641515,5.422254130346161e-05,-9.285946076278678e-05,-4.107990264892578,-0.5371055603027344,0.5005932347774054,0.0,1.196097465237752,-0.21731983113303432,0.10007788240909576
4,90,1.8,0.05412188341307466,0.7463171005812628,4.1411759730629394e-05,-7.223489771673888e-05,-4.10797119140625,-0.5371055603027344,0.5005932917733119,0.0,1.1960973739307543,-0.21731968963182588,0.10007788985967636
4,91,1.82,0.054122233328043584,0.7463164891496613,2.9788149844959178e-05,-5.226685847513682e-05,-4.1079559326171875,-0.5371017456054688,0.5005933358687976,0.0,1.1960973072693588,-0.21731955993200244,0.10007788985967636
4,92,1.84,0.054122479415982847,0.7463160465418738,2.04078112368099e-05,-3.7855366326490256e-05,-4.107940673828125,-0.5371017456054688,0.5005933690542743,0.0,1.1960972621324228,-0.21731943595432676,0.10007788985967636
4,93,1.86,0.05412264098717751,0.7463157250641909,1.2706190146302937e-05,-2.7581931420701166e-05,-4.107929229736328,-0.5371017456054688,0.5005933964411828,0.0,1.1960972374630752,-0.21731934058679328,0.10007788985967636
4,94,1.88,0.0541227312161269,0.746315506194603,6.035834763921685e-06,-1.7332247626558103e-05,-4.107913970947266,-0.5370979309082031,0.5005934194349615,0.0,1.19609723044071,-0.21731921279455127,0.10007788985967636
4,95,1.9,0.05412275509726331,0.7463154014794516,-5.644958425568547e-07,-4.9883838223505475e-06,-4.107906341552734,-0.5370941162109375,0.5005934350619752,0.0,1.196097236376827,-0.21731914412982586,0.10007788985967636
4,96,1.92,0.05412272208936447,0.746315397743232,-5.517218734810078e-06,3.3114776966865324e-06,-4.1078948974609375,-0.5370941162109375,0.5005934430283385,0.0,1.196097252600341,-0.21731904876245245,0.10007788985967636
4,97,1.94,0.054122639758181504,0.7463154891752595,-1.0427379346735533e-05,1.3797948651617869e-05,-4.107887268066406,-0.5370903015136719,0.5005934437109092,0.0,1.196097276700632,-0.2173189839125407,0.10007788985967636
4,98,1.96,0.054122517292868585,0.746315663499712,-1.371648661696874e-05,2.0328362110428013e-05,-4.107875823974609,-0.5370903015136719,0.5005934367022462,0.0,1.1960973059783333,-0.2173188885451673,0.10007788985967636
4,99,1.98,0.05412236790972506,0.7463158884857891,-1.5925873458558402e-05,2.42228313876019e-05,-4.107868194580078,-0.5370903015136719,0.500593425457456,0.0,1.1960973396212613,-0.21731882560258964,0.10007788985967636
4,100,2.0,0.05412219952339305,0.7463161446450678,-1.757664907762043e-05,2.6718243411610547e-05,-4.1078643798828125,-0.5370903015136719,0.5005934121236385,0.0,1.1960973771591017,-0.21731879508496785,0.10007788985967636
5,1,0.02,-0.043038399624006546,0.5018589594005571,-2.206372757050503,10.527980904446855,-0.8782539367675781,6.844856262207031,0.5537930668682264,0.0,1.299854780637066,-0.39766817140579225,0.1512106955051422
5,2,0.04,-0.06681637942731528,0.6215216794512929,-2.4836788271766626,13.034688326614214,-0.8220176696777344,2.669647216796875,0.5417850450980308,0.0,1.2859716407970043,-0.301912175655365,0.13833695650100708
5,3,0.06,-0.0879900550487318,0.7430060658345905,-1.829596874787811,11.470956205143784,-1.0678977966308594,-0.00534820556640625,0.5265203171513708,0.0,1.2711478232014692,-0.2594767017364502,0.12556010484695435
5,4,0.08,-0.10136121420836079,0.8412749879902089,-0.9607599089230355,8.57077424702138,-1.7887992858886719,-1.5028076171875,0.5117339051217255,0.0,1.2582422086777505,-0.24085600912570954,0.11631784588098526
5,5,0.1,-0.10647795516274258,0.9098954480013259,-0.16732497289517004,5.5371300598687165,-2.566303253173828,-2.2074851989746094,0.4997009202486834,0.0,1.2477967776738672,-0.2342320145368576,0.11083601415157318
5,6,0.12,-0.10470472717891431,0.9507803605137346,0.444806386536415,2.94827694445878,-3.2391929626464844,-2.2974624633789062,0.4912529513332032,0.0,1.2395138362019802,-0.23198936799168587,0.10787889361381531
5,7,0.14,-0.09780130207640382,0.9690307901628012,0.8835663560668354,0.9305375392657291,-3.6927871704101562,-2.0874366760253906,0.48621412334126046,0.0,1.2329004502105083,-0.23058790259063242,0.10617198795080185
5,8,0.16,-0.08739117415993404,0.9703661301248272,1.1663803324477728,-0.5062860515644092,-4.08734130859375,-1.7559700012207031,0.4839410034067213,0.0,1.227526341944484,-0.22996571210026742,0.10495518893003464
5,9,0.18,-0.07484562437651655,0.9601010659439767,1.3253467979959601,-1.4459861258112756,-4.387672424316406,-1.4262771606445312,0.48365171060047457,0.0,1.2230713410748764,-0.2293266441524029,0.10392090678215027
5,10,0.2,-0.06124832927593866,0.9426939973818692,1.387397214459899,-1.9785118357247249,-4.611782073974609,-1.1382637023925781,0.48462328669064936,0.0,1.2193012245862138,-0.22869717678427695,0.10299991071224213
5,11,0.22,-0.04736744076900201,0.9214085049267547,1.3884738123731082,-2.2490695480842247,-4.751262664794922,-0.9535865783691406,0.4862985402619551,0.0,1.2160507917542842,-0.22794245360046625,0.10220253467559814
5,12,0.24,-0.033720101721815735,0.8984703291890734,1.3452203043802788,-2.3287742672953473,-4.855464935302734,-0.8218307495117188,0.48830446838837316,0.0,1.2132101388184071,-0.2273682519569993,0.10154454410076141
5,13,0.26,-0.02068863999026974,0.8755198719482475,1.2686790934849186,-2.2662739084549655,-4.936351776123047,-0.7262954711914062,0.4903770109990346,0.0,1.2106959949511311,-0.22697020718082786,0.10102973133325577
5,14,0.28,-0.008544297770277527,0.8537144338706745,1.170063946653237,-2.1097030033971715,-4.9914093017578125,-0.6648368835449219,0.4923391075918831,0.0,1.2084446634403097,-0.22665880772424862,0.10064791142940521
5,15,0.3,0.002545645912485961,0.8337722463754849,1.0591092794657846,-1.8995075412152405,-5.022045135498047,-0.6300010681152344,0.4940894551576802,0.0,1.2064110295245067,-0.2263789259225596,0.10037946701049805
5,16,0.32,0.01249687055798116,0.8160905265843323,0.9429277470179315,-1.6609573549199528,-5.022468566894531,-0.6072578430175781,0.4955795588662325,0.0,1.2045625855108657,-0.22599765521852533,0.10020159184932709
5,17,0.34,0.021297756260518285,0.8007860218823608,0.8288915429796152,-1.4242465793967356,-5.006187438964844,-0.6030960083007812,0.4968005467177948,0.0,1.2028779697582366,-0.22561104070057628,0.1000925600528717
5,18,0.36,0.02899546609389387,0.7877368091416157,0.7216467120258948,-1.208046863814041,-4.978797912597656,-0.609832763671875,0.49777765425236753,0.0,1.2013497465640053,-0.2252287162214634,0.10003379732370377
5,19,0.38,0.03566960940770172,0.776697893637605,0.623295415779031,-1.0194941559970214,-4.9420318603515625,-0.6193046569824219,0.4985519640724716,0.0,1.1999780819169572,-0.22482964191876817,0.10001049190759659
5,20,0.4,0.04141171736954357,0.7673921845522136,0.5342944383279801,-0.8586317672751697,-4.897808074951172,-0.6268768310546875,0.499166372794262,0.0,1.1987645536692224,-0.22440573202935046,0.10001111030578613
5,21,0.42,0.04631310753571556,0.7595606091919698,0.45423942081087465,-0.7221848740045894,-4.848278045654297,-0.6307640075683594,0.49965841122929744,0.0,1.197708722573884,-0.22395979403099045,0.10002683103084564
5,22,0.44,0.05045901247981763,0.7529832664910677,0.3823605036614815,-0.6057350660207695,-4.795192718505859,-0.6306304931640625,0.500057694902691,0.0,1.1968068286336706,-0.22349637373490258,0.10005099326372147
5,23,0.46,0.053926668438718656,0.7474834344718576,0.31783648964025435,-0.5050585131042257,-4.739971160888672,-0.6269912719726562,0.500385877283245,0.0,1.1960516984990874,-0.22302083712699822,0.10007866472005844
5,24,0.48,0.05678563859782478,0.7429222123795547,0.25994490680929955,-0.41673768091457297,-4.683807373046875,-0.6207237243652344,0.5006578998724802,0.0,1.1954333459350621,-0.2225393044122029,0.100106380879879
5,25,0.5,0.05909905020571545,0.7391896376407188,0.20810632117284025,-0.3383057982012708,-4.627723693847656,-0.6127586364746094,0.5008836727271411,0.0,1.194939847037521,-0.22205820257030429,0.10013184696435928
5,26,0.52,0.060924980724027536,0.736195686480771,0.16187586352356678,-0.2681526757734192,-4.57257080078125,-0.6039199829101562,0.5010696940723863,0.0,1.1945582239904806,-0.22158358218078503,0.10015366971492767
5,27,0.54,0.06231759831150451,0.7338628625720373,0.12090595348065186,-0.20531494412299287,-4.519073486328125,-0.5948562622070312,0.5012203789335099,0.0,1.1942751994333873,-0.22112116527743636,0.10017117112874985
5,28,0.56,0.06332789260071098,0.7321210363024192,0.08490254118485006,-0.14923946485375195,-4.46783447265625,-0.5860214233398438,0.5013390158692602,0.0,1.1940777660143531,-0.220675999346422,0.10018416494131088
5,29,0.58,0.06400406569452757,0.7309042147082847,0.053599075826686375,-0.09962560602684775,-4.419322967529297,-0.577728271484375,0.5014283968463223,0.0,1.1939535788382134,-0.22025223760656082,0.10019281506538391
5,30,0.6,0.06439161959876696,0.7301490422682133,0.026722756331085864,-0.05624022741423843,-4.3739013671875,-0.57012939453125,0.5014911734333325,0.0,1.1938911906263574,-0.2198532159451861,0.10019751638174057
5,31,0.62,0.064533267489094,0.7297944250490751,0.003989857907027379,-0.018863681541528645,-4.331817626953125,-0.5633087158203125,0.5015300092089744,0.0,1.1938801633490042,-0.21948132930067368,0.10019877552986145
5,32,0.64,0.06446819100488829,0.7297838008193478,-0.015008366853764644,0.013142795631567434,-4.293621063232422,-0.5570793151855469,0.5015474131443356,0.0,1.1939110408758165,-0.21914133492868862,0.10019715875387192
5,33,0.66,0.06423066265060239,0.7300697532709837,-0.03082857929132359,0.04091283566398775,-4.259960174560547,-0.5511894226074219,0.5015452120361046,0.0,1.1939751945939578,-0.2188387329299003,0.10019324719905853
5,34,0.68,0.06385207920680003,0.7306064615867052,-0.043542435359451376,0.06382733885238388,-4.229278564453125,-0.546600341796875,0.5015252708292912,0.0,1.194065081969132,-0.2185616867984645,0.10018757730722427
5,35,0.7,0.06336246713671678,0.7313448491668145,-0.05333917832571045,0.08179530934646027,-4.201625823974609,-0.5429649353027344,0.5014904000823578,0.0,1.1941744843968976,-0.21831050079059788,0.10018062591552734
5,36,0.72,0.06278957730843127,0.7322367320153212,-0.060476860688060304,0.09504972615654168,-4.176990509033203,-0.5400505065917969,0.5014437602454027,0.0,1.1942981881954768,-0.21808517066092462,0.10017282515764236
5,37,0.74,0.06215833780936077,0.7332375176099264,-0.06525693179972639,0.1040500789136274,-4.155300140380859,-0.5376663208007812,0.5013884709183483,0.0,1.1944317588184097,-0.21788514641398796,0.10016453266143799
5,38,0.76,0.06149059426309561,0.7343077291763369,-0.06799287307063785,0.10934906604913802,-4.136447906494141,-0.5357017517089844,0.5013273683629251,0.0,1.194571382849346,-0.21770961400790836,0.1001560389995575
5,39,0.78,0.06080508294957849,0.7354135588775509,-0.06899338892245656,0.11152448267615307,-4.120296478271484,-0.5340843200683594,0.5012629003685374,0.0,1.1947137760828352,-0.21755753234267466,0.10014759004116058
5,40,0.8,0.06011755188644183,0.7365268557502954,-0.06854921293332009,0.11113198463485136,-4.106662750244141,-0.5327644348144531,0.5011970959985559,0.0,1.1948561233038648,-0.21742743442964274,0.10013936460018158
5,41,0.82,0.05944098327992773,0.7376246923953832,-0.06692544715116625,0.10866704947976892,-4.095371246337891,-0.5317230224609375,0.5011315917529415,0.0,1.1949960433547442,-0.21731796307909826,0.10013151913881302
5,42,0.84,0.058785822913283166,0.7386889279298684,-0.06436639973765901,0.10459467809167476,-4.086219787597656,-0.530914306640625,0.5010676663623073,0.0,1.1951315576848303,-0.2172274167568103,0.10012413561344147
5,43,0.86,0.05816025259250003,0.7397055909933143,-0.06108400622373011,0.09929329000458838,-4.079013824462891,-0.5303382873535156,0.5010062875664564,0.0,1.1952610626711577,-0.2171542422019702,0.1001172885298729
5,44,0.88,0.05757046699939218,0.7406642451037813,-0.057266259447232404,0.09309635852030128,-4.07354736328125,-0.5299644470214844,0.5009481757332335,0.0,1.19538331052367,-0.217096696358014,0.10011100769042969
5,45,0.9,0.0570209245327542,0.7415574778266434,-0.05307516720460811,0.08628140315937703,-4.069618225097656,-0.5297737121582031,0.5008938427060066,0.0,1.1954973762265746,-0.21705309937114362,0.10010531544685364
5,46,0.92,0.05651457107157209,0.7423804733966748,-0.04865325815967416,0.07909378291548903,-4.067043304443359,-0.5297355651855469,0.5008436260103217,0.0,1.1956026247465248,-0.21702186305886426,0.10010019689798355
5,47,0.94,0.05605306685819971,0.7431305539774308,-0.044117811217331035,0.07172204734582138,-4.065631866455078,-0.5298385620117188,0.5007977223860147,0.0,1.1956986795477873,-0.21700138220791995,0.10009564459323883
5,48,0.96,0.055636990791670914,0.7438067998896756,-0.03956953833386759,0.06433182528298556,-4.065212249755859,-0.5300521850585938,0.500756219779698,0.0,1.1957853913097778,-0.21699018023727695,0.10009163618087769
5,49,0.98,0.05526601041432842,0.7444097864248931,-0.03509181496655489,0.05705971566750475,-4.065620422363281,-0.5303535461425781,0.5007191096185819,0.0,1.1958628000360652,-0.216986814041069,0.10008813440799713
5,50,1.0,0.05493904840154267,0.7449412857744961,-0.03075193322748193,0.05001189267857787,-4.066715240478516,-0.5307273864746094,0.5006863071854122,0.0,1.195931104981808,-0.21699005058135662,0.10008510202169418
5,51,1.02,0.05465443131951753,0.745404023391861,-0.026603272043318915,0.043275014821393745,-4.068351745605469,-0.5311508178710938,0.5006576679263701,0.0,1.1959906352803658,-0.21699862801670677,0.10008250921964645
5,52,1.04,0.05441001741228012,0.7458014833452192,-0.022687358080896867,0.036916313867895456,-4.070415496826172,-0.5316085815429688,0.5006329971769187,0.0,1.1960418202267398,-0.21701151817863865,0.10008031129837036
5,53,1.06,0.05420331059490605,0.7461377275568699,-0.019034683604835713,0.03098602682465997,-4.072795867919922,-0.5320854187011719,0.5006120609969263,0.0,1.196085164956183,-0.21702772884829027,0.10007847100496292
5,54,1.08,0.05403157299946116,0.7464171957168988,-0.015664319139078748,0.025511976044029005,-4.0753936767578125,-0.5325736999511719,0.5005945998255994,0.0,1.196121229497097,-0.21704640646117332,0.10007696598768234
5,55,1.1,0.05389190932260406,0.7466445799868252,-0.012589300555768174,0.020517352951775175,-4.078132629394531,-0.5330581665039062,0.5005803371732813,0.0,1.1961506096876393,-0.21706681345689866,0.10007574409246445
5,56,1.12,0.05378108526064811,0.7468256285625656,-0.009860229668851427,0.01617356033363066,-4.081096649169922,-0.5334396362304688,0.5005688866276428,0.0,1.1961738883592785,-0.21708949684120307,0.10007479041814804
5,57,1.14,0.05369569830659739,0.7469665769264762,-0.007466821615494086,0.01243126999900251,-4.084087371826172,-0.5338363647460938,0.500559774674025,0.0,1.1961916352464856,-0.21711287991423162,0.10007406026124954
5,58,1.16,0.053632577005661965,0.7470728014210187,-0.005375654474521078,0.009175390758642425,-4.086967468261719,-0.534271240234375,0.5005526321651532,0.0,1.1962044599455601,-0.21713581957454153,0.10007353127002716
5,59,1.18,0.053588848507549025,0.7471487516699172,-0.0035596958786449496,0.006331226263367697,-4.089698791503906,-0.5347099304199219,0.5005472073311213,0.0,1.196212994663141,-0.21715792074137427,0.1000731810927391
5,60,1.2,0.05356189143437635,0.7471982401117753,-0.001995299879991752,0.003843865462128037,-4.092266082763672,-0.5351371765136719,0.5005433183990549,0.0,1.1962178630977527,-0.21717896411662513,0.10007297247648239
5,61,1.22,0.053549279898683994,0.7472247424375941,-0.0006661815697504773,0.0016966220293758532,-4.094654083251953,-0.5355224609375,0.500540811765789,0.0,1.196219655383954,-0.21719877840061963,0.10007289797067642
5,62,1.24,0.053548766244014806,0.7472315203450585,0.00044671900776825803,-0.00013566718476937007,-4.0968475341796875,-0.5358695983886719,0.5005395361057705,0.0,1.1962189111043662,-0.2172171483481361,0.10007291287183762
5,63,1.26,0.053558282940030094,0.7472216241683393,0.0013605743759304955,-0.001670918386712949,-4.098850250244141,-0.5361747741699219,0.5005393435963472,0.0,1.1962161183557256,-0.21723409502826688,0.10007301717996597
5,64,1.28,0.05357593227499861,0.7471979449011831,0.002092218291574058,-0.0029234815598432225,-4.100654602050781,-0.5364341735839844,0.5005400820259505,0.0,1.196211709583391,-0.21724952565135028,0.1000731959939003
5,65,1.3,0.05359999301749076,0.7471631844177469,0.002659945370883673,-0.003915915530394931,-4.102264404296875,-0.5366554260253906,0.5005415972298186,0.0,1.1962060623919566,-0.21726339818828275,0.10007341206073761
5,66,1.32,0.053628931660115946,0.7471197824213358,0.0030829025134175756,-0.004677356724173031,-4.103687286376953,-0.5368461608886719,0.5005437446603521,0.0,1.196199507118831,-0.21727580193146423,0.1000736728310585
5,67,1.34,0.05366138081512537,0.7470699896574481,0.0033756711040007453,-0.005218513129178991,-4.104930877685547,-0.5369949340820312,0.5005463837172359,0.0,1.1961923262026217,-0.21728675093159838,0.10007396340370178
5,68,1.36,0.053696148296030935,0.7470157998847443,0.0035581108654575795,-0.005577061321360397,-4.1060028076171875,-0.5371246337890625,0.5005493821435899,0.0,1.1961847586555265,-0.2172963012194523,0.10007426887750626
5,69,1.38,0.053732214989250786,0.7469589205869549,0.0036454782939142386,-0.005774386357474775,-4.1069183349609375,-0.5372276306152344,0.5005526279922129,0.0,1.1961770093115267,-0.21730455614569655,0.10007458180189133
5,70,1.4,0.05376871055894062,0.7469008423013456,0.003652339400922584,-0.005832425480407099,-4.107688903808594,-0.5373077392578125,0.5005560192895097,0.0,1.1961692473472698,-0.21731159806666256,0.1000748947262764
5,71,1.42,0.05380491238095187,0.7468428062289412,0.0035936194072847876,-0.005778499838825314,-4.108325958251953,-0.5373725891113281,0.5005594696043205,0.0,1.1961616123299674,-0.21731752615448202,0.10007520765066147
5,72,1.44,0.05384022765433871,0.7467858558886925,0.0034807423328081476,-0.0056263339047062004,-4.108837127685547,-0.53741455078125,0.5005629048003553,0.0,1.196154215326314,-0.21732238271315873,0.10007551312446594
5,73,1.46,0.05387418702038568,0.7467308222489036,0.0033267728597925718,-0.005403197229126418,-4.109241485595703,-0.5374488830566406,0.5005662630846357,0.0,1.196147142450567,-0.21732630960720414,0.10007579624652863
5,74,1.48,0.0539064322964766,0.7466783395298405,0.0031412668598329277,-0.005122685931521736,-4.109546661376953,-0.5374679565429688,0.5005694985785394,0.0,1.1961404604958257,-0.21732940492442865,0.10007607936859131
5,75,1.5,0.0539366982038356,0.7466288856527477,0.0029332888849980094,-0.004802052326876038,-4.109771728515625,-0.5374794006347656,0.5005725748655783,0.0,1.196134217133617,-0.21733177309346502,0.1000763326883316
5,76,1.52,0.053964805932271855,0.7465827781098432,0.0027111481577989684,-0.004456365938708697,-4.109920501708984,-0.5374832153320312,0.5005754681020335,0.0,1.1961284458097026,-0.21733349313566577,0.1000765785574913
5,77,1.54,0.05399063861222918,0.7465402615589875,0.002479341682250228,-0.004086685868122873,-4.110004425048828,-0.5374717712402344,0.5005781572485508,0.0,1.196123162776768,-0.21733460045578248,0.10007679462432861
5,78,1.56,0.0540141431254574,0.7465014576108902,0.00224573327768012,-0.003714303511286847,-4.110038757324219,-0.5374641418457031,0.5005806281403263,0.0,1.196118372673906,-0.21733527743940065,0.10007699579000473
5,79,1.58,0.05403532536098727,0.7464663648799764,0.002014654760595584,-0.003344324151631849,-4.110023498535156,-0.5374488830566406,0.500582879830292,0.0,1.196114074033334,-0.21733549392269924,0.10007717460393906
5,80,1.6,0.05405422662622876,0.7464349353599744,0.0017890044346318228,-0.002981056975317445,-4.109977722167969,-0.5374298095703125,0.5005849126994809,0.0,1.1961102555259886,-0.21733541012056232,0.10007733106613159
5,81,1.62,0.05407091941884231,0.7464070738524576,0.0015720796040919866,-0.0026295468021578987,-4.109897613525391,-0.5374069213867188,0.5005867295124605,0.0,1.1961068988217187,-0.2173350253174576,0.10007748007774353
5,82,1.64,0.05408550397969555,0.7463826332479283,0.0013662266098411592,-0.002295101537921462,-4.109798431396484,-0.537384033203125,0.5005883368130604,0.0,1.1961039805791631,-0.21733442450605797,0.10007759928703308
5,83,1.66,0.05409809491616183,0.7463614488258173,0.0011721530758990039,-0.0019766470258283527,-4.109683990478516,-0.5373573303222656,0.5005897423511162,0.0,1.1961014737907185,-0.2173336622853094,0.10007770359516144
5,84,1.68,0.054108825755050056,0.7463433119061896,0.0009926962130521644,-0.001682949822263091,-4.109554290771484,-0.5373344421386719,0.5005909568122677,0.0,1.1960993492230108,-0.2173327520067105,0.1000777930021286
5,85,1.7,0.05411783777376246,0.746328002109846,0.0008269768977611414,-0.001409108156819773,-4.1094207763671875,-0.5373077392578125,0.5005919932709068,0.0,1.1960975764969943,-0.21733177377647372,0.10007786750793457
5,86,1.72,0.05412527829284139,0.7463152860480357,0.0006767863602940613,-0.0011613803910106941,-4.109279632568359,-0.5372848510742188,0.5005928644529845,0.0,1.196096123881473,-0.2173307085241686,0.10007792711257935
5,87,1.74,0.054131298060113985,0.7463049154887511,0.0005413031083749967,-0.0009374350139740852,-4.109142303466797,-0.537261962890625,0.5005935862203807,0.0,1.1960949608656897,-0.2173296588853118,0.10007797926664352
5,88,1.76,0.05413604240617293,0.7462966590426042,0.0004202114892606391,-0.0007361056728276862,-4.109004974365234,-0.5372390747070312,0.500594172278496,0.0,1.1960940566444347,-0.21732859625370476,0.1000780239701271
5,89,1.78,0.05413965089404683,0.7462903027583644,0.000312723993519707,-0.0005551885149632246,-4.1088714599609375,-0.5372161865234375,0.5005946343490817,0.0,1.1960933800947455,-0.2173275324289716,0.1000780537724495
5,90,1.8,0.05414226718038847,0.7462855995849218,0.00022020532353486335,-0.00040239886755576995,-4.108741760253906,-0.537200927734375,0.5005949880807685,0.0,1.1960929033196124,-0.21732648267067273,0.10007806867361069
5,91,1.82,0.05414402480552554,0.7462823222561633,0.00013974156983610024,-0.0002680108306907406,-4.108623504638672,-0.5371818542480469,0.5005952498732301,0.0,1.1960926009205055,-0.21732551874165074,0.10007808357477188
5,92,1.84,0.054145040191152856,0.7462802982305438,7.058628980809723e-05,-0.00014995449309597128,-4.108509063720703,-0.5371627807617188,0.5005954284177123,0.0,1.196092445858917,-0.2173245723382133,0.10007809102535248
5,93,1.86,0.05414543161034711,0.7462793264255093,1.3665697226949951e-05,-5.5018527366715226e-05,-4.108402252197266,-0.5371513366699219,0.500595536040583,0.0,1.196092414570907,-0.21732368351182957,0.10007809102535248
5,94,1.88,0.054145305588988904,0.7462792284568915,-3.387479910808747e-05,2.630683099587907e-05,-4.108306884765625,-0.5371360778808594,0.5005955854977954,0.0,1.196092486321856,-0.21732288242319192,0.10007809102535248
5,95,1.9,0.05414474681671941,0.7462798903324749,-7.368231605892936e-05,9.800229826055356e-05,-4.108222961425781,-0.5371208190917969,0.5005955811971694,0.0,1.1960926392526285,-0.21732216180098476,0.10007808357477188
5,96,1.92,0.05414384098514442,0.7462811700363933,-0.00010425681931442068,0.00015184643710236355,-4.108142852783203,-0.5371131896972656,0.5005955309358531,0.0,1.1960928554427412,-0.21732147932700172,0.10007807612419128
5,97,1.94,0.054142665008437944,0.7462829403076658,-0.0001283795413842935,0.0001970649155381577,-4.108074188232422,-0.5371017456054688,0.5005954439300501,0.0,1.1960931197099756,-0.21732087541111106,0.10007806122303009
5,98,1.96,0.05414129772756056,0.746285041820815,-0.00014347853628685794,0.00022051657737222252,-4.108009338378906,-0.5371017456054688,0.5005953319041339,0.0,1.1960934203432567,-0.21732032645169239,0.1000780537724495
5,99,1.98,0.05413979910332168,0.7462873704965292,-0.0001550099674137864,0.000242642800326926,-4.107959747314453,-0.5370903015136719,0.5005952047531623,0.0,1.196093747141461,-0.21731987703105551,0.1000780388712883
5,100,2.0,0.054138213818946276,0.7462898648376296,-0.0001613568086155746,0.0002547639476123054,-4.107913970947266,-0.5370864868164062,0.5005950635506793,0.0,1.1960940881092652,-0.21731946766587498,0.1000780239701271
6,1,0.02,-0.03466609140626561,0.5749341295402242,-1.6401307134744516,8.064918678775491,-1.2979812622070312,5.4581451416015625,0.5436485327625107,0.0,1.2782665347906166,-0.33151017141342165,0.13427898287773132
6,2,0.04,-0.05248937257677681,0.6676523231225981,-1.8753165478872138,10.18431695331107,-1.2714424133300781,2.1398086547851562,0.5331662215960695,0.0,1.2679152297863931,-0.2679062435626984,0.12534941732883453
6,3,0.06,-0.06850594939324724,0.7630607185693762,-1.3855211942880676,9.0442790448021,-1.5769920349121094,-0.1116180419921875,0.5203161524464566,0.0,1.2565859663194918,-0.24102589917182923,0.11668212711811066
6,4,0.08,-0.07850027594379116,0.8403381136594366,-0.7017862584113305,6.711323392216681,-2.230091094970703,-1.3885993957519531,0.5082350253441862,0.0,1.2465385785854468,-0.23017045080661774,0.11060585826635361
6,5,0.1,-0.08196458589322077,0.8937368686995095,-0.0713907959219867,4.268258733013367,-2.8518524169921875,-1.905609130859375,0.49865321042541066,0.0,1.2382970828545004,-0.226600283741951,0.10709099471569061
6,6,0.12,-0.07990032437587763,0.9246974877169172,0.4237312787212126,2.169142387325631,-3.376697540283203,-1.9535636901855469,0.49208138937100193,0.0,1.231686793186537,-0.22589357730746268,0.10519865900278091
6,7,0.14,-0.07368927628176906,0.9373762817399484,0.7772404427739109,0.5485232881573947,-3.7733993530273438,-1.7642555236816406,0.48828118038177815,0.0,1.2263682052269163,-0.22570403411984444,0.10407984256744385
6,8,0.16,-0.0646735894167182,0.936602058594145,1.0008122085127122,-0.5801607937206672,-4.104339599609375,-1.4816513061523438,0.48666521761923776,0.0,1.2220226138012296,-0.2257520743459463,0.10326089709997177
6,9,0.18,-0.05399903620156575,0.9268388348619305,1.120931908416968,-1.295499770612807,-4.360740661621094,-1.2151412963867188,0.48656911925669977,0.0,1.2183994662908335,-0.2257530601322651,0.1025618314743042
6,10,0.2,-0.042525929388451955,0.9115856385315132,1.1684489048828965,-1.710453122397779,-4.533115386962891,-1.0132408142089844,0.48742861550986927,0.0,1.215319019186583,-0.2255355795249343,0.10194465517997742
6,11,0.22,-0.030843211167236484,0.8933014620842968,1.1679171914009547,-1.922984455536762,-4.6461944580078125,-0.8773574829101562,0.4888357778551805,0.0,1.212658676366738,-0.22521695586293936,0.10141441226005554
6,12,0.24,-0.01937677735677979,0.873779618101826,1.1291423108357652,-1.9747657678878348,-4.738948822021484,-0.77032470703125,0.4905007849812266,0.0,1.2103306101228657,-0.2250310638360679,0.10097998380661011
6,13,0.26,-0.008452037548578003,0.8543877524384337,1.0624534972858337,-1.9092903125602703,-4.807140350341797,-0.693084716796875,0.4922087182159849,0.0,1.2082647959775947,-0.2248855537539348,0.10064298659563065
6,14,0.28,0.0017027149512870363,0.8361014342415837,0.9770947549020448,-1.762358728119195,-4.844032287597656,-0.6371994018554688,0.4938131775159238,0.0,1.2064055766106838,-0.22466667926963418,0.10039576143026352
6,15,0.3,0.010950529323833152,0.8195200425626067,0.8821071473101754,-1.5730183231338712,-4.864856719970703,-0.6077995300292969,0.49522851510386995,0.0,1.2047123295524327,-0.22448679226543755,0.10022462159395218
6,16,0.32,0.019236845398250987,0.8048967731346641,0.7850620716960968,-1.3722259185237737,-4.868316650390625,-0.5978012084960938,0.4964236564583119,0.0,1.203162609358876,-0.2242857817411714,0.1001138985157013
6,17,0.34,0.026569112083869233,0.792236743984863,0.6910325272759278,-1.179749978752976,-4.857646942138672,-0.5991172790527344,0.497404427832439,0.0,1.2017471971271645,-0.22405367940795257,0.10004894435405731
6,18,0.36,0.03299346859456062,0.7813997683590651,0.6029032660827249,-1.00585326660464,-4.835868835449219,-0.6052703857421875,0.4981964926671796,0.0,1.2004645248154446,-0.22378718485799617,0.10001734644174576
6,19,0.38,0.03857594064648948,0.7721807486472844,0.5219355148181486,-0.8539730021490887,-4.805583953857422,-0.6118812561035156,0.4988327939318843,0.0,1.199315927849805,-0.22348729913542045,0.10000915080308914
6,20,0.4,0.04338939225488767,0.7643633878081872,0.44834764041704656,-0.7233657425446697,-4.7689666748046875,-0.6164779663085938,0.49934565421531796,0.0,1.1983023447762353,-0.2231575492507545,0.10001654922962189
6,21,0.42,0.04750579557257777,0.7577500417875217,0.3818043796780849,-0.611272774142737,-4.727787017822266,-0.6180686950683594,0.4997627042998108,0.0,1.1974225018319269,-0.22280267707433088,0.10003349930047989
6,22,0.44,0.050992554228696314,0.7521738084629638,0.3217527646243735,-0.5143762276829773,-4.683502197265625,-0.6166191101074219,0.5001055135892443,0.0,1.1966722916146795,-0.22242819677665832,0.10005541145801544
6,23,0.46,0.05391143167383141,0.7474994587200243,0.2676211526328827,-0.42963802310268656,-4.637332916259766,-0.6126251220703125,0.5003898385318943,0.0,1.1960449373303033,-0.22204019343759865,0.10007894039154053
6,24,0.48,0.056318879281614484,0.7436186239427784,0.21891155996759284,-0.3546607861238204,-4.590309143066406,-0.6067886352539062,0.500626660471511,0.0,1.1955315729268374,-0.2216448693203274,0.10010174661874771
6,25,0.5,0.058266899659675124,0.7404430895733762,0.1752220902717014,-0.2877397389945294,-4.543304443359375,-0.5998115539550781,0.5008234450315605,0.0,1.1951219579378938,-0.22124823731137438,0.10012229532003403
6,26,0.52,0.05980394795601392,0.7378983675902662,0.13623591858059458,-0.227771315976034,-4.497062683105469,-0.5923042297363281,0.5009853090813573,0.0,1.1948051598212504,-0.22085597755247727,0.10013969242572784
6,27,0.54,0.060975624410661816,0.7359186007191744,0.10169264058488559,-0.17408703123295313,-4.452213287353516,-0.5847358703613281,0.5011159551820021,0.0,1.1945701218663787,-0.2204732428693678,0.10015352815389633
6,28,0.56,0.06182508900808033,0.7344431013816053,0.07136128191403136,-0.1262925740329685,-4.409259796142578,-0.5774345397949219,0.5012183327001296,0.0,1.1944060838357982,-0.22010440244595522,0.10016375035047531
6,29,0.58,0.062393213303425316,0.733414426979038,0.04501464352252675,-0.08412032713710993,-4.368602752685547,-0.5705986022949219,0.5012950478194608,0.0,1.1943028589187787,-0.2197530330810696,0.10017053037881851
6,30,0.6,0.06271856807373538,0.7327774928846917,0.022420307407374027,-0.04736076243105156,-4.330547332763672,-0.5643539428710938,0.5013485911158913,0.0,1.1942510010224547,-0.21942203016614076,0.1001742035150528
6,31,0.62,0.06283732409651076,0.7324793708421417,0.003332223184161066,-0.01579405851545673,-4.295295715332031,-0.5587501525878906,0.5013814464391629,0.0,1.1942418925539142,-0.21911338660109325,0.1001751720905304
6,32,0.64,0.06278286803699795,0.7324703809538011,-0.012553906100137636,0.010987835908180034,-4.2631378173828125,-0.5537147521972656,0.501396023323144,0.0,1.1942677422565249,-0.2188297843467444,0.10017389059066772
6,33,0.66,0.06258420170958393,0.7327096031292859,-0.025784076597144875,0.03423367757286246,-4.2350006103515625,-0.548797607421875,0.5013940717399903,0.0,1.1943214061720644,-0.2185788362149615,0.1001708060503006
6,34,0.68,0.062267577710530486,0.7331587191648107,-0.036415719629172616,0.05341340359235427,-4.209354400634766,-0.5449790954589844,0.5013771710034763,0.0,1.1943965738208329,-0.21834901067463217,0.10016633570194244
6,35,0.7,0.061858120711011,0.7337766031770454,-0.04460585040237739,0.0684455503620676,-4.186237335205078,-0.541961669921875,0.5013477064778796,0.0,1.1944880473741968,-0.2181405685232021,0.1001608595252037
6,36,0.72,0.061379050615942364,0.7345228789394329,-0.050571594765416394,0.07952987890785301,-4.165645599365234,-0.5395431518554688,0.50130835647081,0.0,1.1945914698532705,-0.21795355165016372,0.10015470534563065
6,37,0.74,0.060851217858940966,0.735360198441946,-0.05456559729161451,0.08705122388462123,-4.14752197265625,-0.537567138671875,0.5012617589460414,0.0,1.1947031357870668,-0.2177875174433575,0.10014813393354416
6,38,0.76,0.060292904631976604,0.7362554453966156,-0.056847863282309924,0.09146302790171974,-4.131767272949219,-0.5359458923339844,0.5012103166402462,0.0,1.1948198633486922,-0.21764177110075253,0.10014139115810394
6,39,0.78,0.059719785481119565,0.7371802955347079,-0.05767960151560647,0.0932647315007837,-4.118263244628906,-0.5345993041992188,0.5011560989763022,0.0,1.1949389106622368,-0.2175154153045878,0.10013467073440552
6,40,0.8,0.05914502734868061,0.7381111978992964,-0.057303070465146856,0.09291571520607957,-4.106868743896484,-0.5335044860839844,0.5011008120453908,0.0,1.1950579237122056,-0.21740732874712557,0.10012809932231903
6,41,0.82,0.05857947663348494,0.7390289953858319,-0.05594202623947121,0.09083916538412816,-4.097434997558594,-0.5326347351074219,0.5010458291778566,0.0,1.195174912638763,-0.21731636880572477,0.10012180358171463
6,42,0.84,0.05803185824765678,0.7399185335210616,-0.05379919553422924,0.08741686039053395,-4.089790344238281,-0.5319633483886719,0.5009922197137808,0.0,1.1952882241496061,-0.21724116063327528,0.10011586546897888
6,43,0.86,0.057509006854346484,0.7407681473284243,-0.05105252025910645,0.08297139768369627,-4.083763122558594,-0.5314788818359375,0.5009407917450419,0.0,1.195396518291628,-0.2171802887565136,0.10011032968759537
6,44,0.88,0.05701609004209848,0.7415691614610581,-0.04785960931968168,0.07778276883081327,-4.079193115234375,-0.5311622619628906,0.5008921390173557,0.0,1.195498748880388,-0.21713243735274593,0.10010523349046707
6,45,0.9,0.05655681940352393,0.7423154388781525,-0.04435634647063076,0.07208384368624546,-4.0759124755859375,-0.5309982299804688,0.5008466789463308,0.0,1.1955941401405508,-0.2170962306867732,0.10010059922933578
6,46,0.92,0.05613365507720643,0.7430029597216329,-0.040659182777825535,0.06606940312627982,-4.073757171630859,-0.5309677124023438,0.5008046885706533,0.0,1.1956821616125204,-0.21707025289245938,0.10009641200304031
6,47,0.94,0.055747974167848914,0.7436295327442443,-0.03686980766288073,0.059912755907044014,-4.072578430175781,-0.5310440063476562,0.500766324571848,0.0,1.1957624971657628,-0.217053262675312,0.10009267926216125
6,48,0.96,0.055400248697782054,0.7441944456581309,-0.0330696948416023,0.053741477557623554,-4.072223663330078,-0.531219482421875,0.5007316475834364,0.0,1.1958350178666772,-0.2170439575092896,0.10008937865495682
6,49,0.98,0.055090207185690486,0.7446981488489535,-0.029327418816577914,0.04766279230840984,-4.072566986083984,-0.5314750671386719,0.5007006506449652,0.0,1.1958997595005374,-0.21704122800072947,0.10008648037910461
6,50,1.0,0.05481694659686897,0.7451421356859833,-0.02570171724417491,0.04177865349910647,-4.073478698730469,-0.5317802429199219,0.5006732603902346,0.0,1.1959568895033503,-0.21704396042275767,0.10008396953344345
6,51,1.02,0.054579060916470745,0.7455287242918074,-0.022236070816303063,0.03615596598505136,-4.0748443603515625,-0.5321311950683594,0.5006493468060108,0.0,1.1960066795001052,-0.21705113955476554,0.10008180886507034
6,52,1.04,0.05437476272760968,0.7458608106953175,-0.018964292997820764,0.030845236825620938,-4.076572418212891,-0.5325164794921875,0.5006287467355192,0.0,1.1960494897432616,-0.21706198576631142,0.1000799834728241
6,53,1.06,0.05420197118618252,0.7461417694673678,-0.015912084427256223,0.02589220230216174,-4.078556060791016,-0.5329132080078125,0.5006112663873235,0.0,1.1960857443729458,-0.21707551673986017,0.10007844865322113
6,54,1.08,0.05405840742204395,0.7463752761315681,-0.01309449222967893,0.02131445808761467,-4.080726623535156,-0.5333251953125,0.5005966913179725,0.0,1.1961159128213048,-0.21709113466089183,0.10007718205451965
6,55,1.1,0.05394149890432546,0.7465658057860529,-0.0105523217221075,0.01724176158128293,-4.083106994628906,-0.5336685180664062,0.500584731839594,0.0,1.1961404745380115,-0.21710890728473894,0.10007616877555847
6,56,1.12,0.05384838591518127,0.746718664519944,-0.008304598799962575,0.013719878259519935,-4.085643768310547,-0.5339889526367188,0.5005749891087696,0.0,1.1961598983147255,-0.21712836537884142,0.100075364112854
6,57,1.14,0.053776286962593775,0.7468387509867215,-0.006321922667477746,0.010638971860071983,-4.088111877441406,-0.5343551635742188,0.5005671040285757,0.0,1.1961746839036616,-0.21714769139584678,0.10007474571466446
6,58,1.16,0.05372269244038244,0.7469300023131216,-0.004578866148887355,0.00791388587755239,-4.090488433837891,-0.5347480773925781,0.5005608444270147,0.0,1.1961853717093627,-0.217166669210681,0.10007430613040924
6,59,1.18,0.0536852938885113,0.7469957911586539,-0.003059544763015389,0.0055111558759745214,-4.092746734619141,-0.535125732421875,0.5005560495338828,0.0,1.1961925083500524,-0.21718495726319087,0.10007400810718536
6,60,1.2,0.05366193802625631,0.7470391963540592,-0.0017487258432977012,0.0034046742002265015,-4.094871520996094,-0.5354804992675781,0.5005525825584799,0.0,1.1961966170591842,-0.21720237552261099,0.10007382929325104
6,61,1.22,0.05365061486420312,0.747063101348939,-0.0006327932005363193,0.0015801599302853418,-4.0968475341796875,-0.5358009338378906,0.500550315511212,0.0,1.1961981861161917,-0.21721877176949053,0.10007376223802567
6,62,1.24,0.05364944635635792,0.7470702713441367,0.00030111264498579223,2.7750109595692127e-05,-4.098670959472656,-0.5360832214355469,0.5005491160181996,0.0,1.196197659635011,-0.21723404640669466,0.10007377713918686
6,63,1.26,0.05365670223036809,0.7470633021345597,0.0010693068423537821,-0.0012751509354058152,-4.100330352783203,-0.5363349914550781,0.5005488513830475,0.0,1.1961954378888415,-0.21724808569317974,0.10007385909557343
6,64,1.28,0.053670795915869304,0.7470446517517898,0.001684605727484617,-0.0023352700138299766,-4.101825714111328,-0.5365447998046875,0.5005493874953404,0.0,1.1961918753035738,-0.21726084269607962,0.10007399320602417
6,65,1.3,0.05369028696037535,0.747016614060774,0.0021630487750554928,-0.003176769819829096,-4.1031646728515625,-0.5367279052734375,0.5005505884672646,0.0,1.196187281353199,-0.21727238265519552,0.1000741720199585
6,66,1.32,0.05371388162211807,0.746981302811009,0.0025182129382858537,-0.0038127415381608593,-4.104347229003906,-0.5368766784667969,0.5005523236845963,0.0,1.196181925455632,-0.21728268109758211,0.1000743880867958
6,67,1.34,0.05374044521669788,0.7469405792217744,0.0027678564023607332,-0.004278153549839501,-4.105381011962891,-0.5370101928710938,0.5005544740314292,0.0,1.1961760412559261,-0.21729178644591593,0.10007462650537491
6,68,1.36,0.05376898028254553,0.7468961203394738,0.002922469621534705,-0.0045781887440297046,-4.1062774658203125,-0.537109375,0.5005569309024129,0.0,1.1961698287991156,-0.21729976198957593,0.1000748798251152
6,69,1.38,0.05379863530320922,0.7468493607770115,0.002999922133104402,-0.0047523192811270015,-4.107036590576172,-0.537200927734375,0.5005595963295463,0.0,1.1961634564413022,-0.21730661760621298,0.1000751405954361
6,70,1.4,0.053828691335434435,0.7468015199084236,0.0030097738016879494,-0.004807715387670901,-4.107677459716797,-0.5372657775878906,0.5005623898615368,0.0,1.1961570668210688,-0.21731247192389858,0.10007540136575699
6,71,1.42,0.05385853690013165,0.7467536769401713,0.0029637124351130136,-0.0047638648924765254,-4.108207702636719,-0.5373153686523438,0.5005652334675389,0.0,1.1961507729863379,-0.21731738822211627,0.10007565468549728
6,72,1.44,0.05388767637644532,0.7467067070468707,0.0028732354757246064,-0.004641895516419543,-4.108634948730469,-0.537353515625,0.5005680632598783,0.0,1.196144666526791,-0.21732144624512875,0.10007590800523758
6,73,1.46,0.05391572261436778,0.746661277681937,0.0027486587118287728,-0.004462287969043185,-4.108974456787109,-0.537384033203125,0.5005708319058,0.0,1.1961388218591888,-0.21732474589046616,0.10007614642381668
6,74,1.48,0.05394237272522274,0.7466179250561517,0.002596893112391439,-0.004232281902957926,-4.109233856201172,-0.5373992919921875,0.5005735011801246,0.0,1.1961332956696715,-0.21732735545234755,0.10007637739181519
6,75,1.5,0.05396740470290255,0.7465770452962079,0.002426960760026605,-0.003971292294371461,-4.1094207763671875,-0.5374107360839844,0.5005760406793379,0.0,1.196128128366897,-0.21732932141950004,0.1000765860080719
6,76,1.52,0.05399066791895639,0.7465389138509654,0.002244488591333561,-0.0036855095841477493,-4.1095428466796875,-0.5374107360839844,0.5005784297498541,0.0,1.1961233471700479,-0.21733072699606418,0.10007678717374802
6,77,1.54,0.054012065974059845,0.7465037214872601,0.0020547234931598693,-0.003385222540028513,-4.109619140625,-0.5374069213867188,0.5005806516445184,0.0,1.1961189665504457,-0.2173317232190311,0.10007697343826294
6,78,1.56,0.054031551356552944,0.7464715657966454,0.0018622648459399095,-0.0030789685770139523,-4.109653472900391,-0.5373992919921875,0.5005826972304123,0.0,1.196114993368982,-0.21733232379083345,0.10007713735103607
6,79,1.58,0.05404911849438378,0.7464424836284581,0.0016709847653223633,-0.0027708502536625186,-4.109642028808594,-0.537384033203125,0.5005845608352062,0.0,1.19611142492888,-0.21733251309431215,0.10007728636264801
6,80,1.6,0.05406481047666206,0.7464163929374388,0.0014865295468217883,-0.002478978369556717,-4.1096038818359375,-0.5373764038085938,0.5005862467947378,0.0,1.1961082540530885,-0.21733245706709567,0.10007742047309875
6,81,1.62,0.05407868118707062,0.746393234549218,0.0013063297426164238,-0.0021847625375707954,-4.1095428466796875,-0.5373497009277344,0.5005877581443536,0.0,1.196105466553432,-0.2173321652456798,0.1000775396823883
6,82,1.64,0.05409079907884111,0.7463729432335893,0.0011350551007150477,-0.001904155259975617,-4.109462738037109,-0.5373306274414062,0.5005890911040808,0.0,1.1961030394155294,-0.2173316967555147,0.10007764399051666
6,83,1.66,0.05410126931651724,0.746355333599595,0.0009755754919893961,-0.0016460187993584665,-4.109367370605469,-0.5373153686523438,0.5005902577813653,0.0,1.196100953387362,-0.21733105958440865,0.10007772594690323
6,84,1.68,0.05411020452981896,0.7463402230950525,0.0008269394943323024,-0.0014027590077551426,-4.109260559082031,-0.53729248046875,0.5005912705181526,0.0,1.196099186033873,-0.21733030642272205,0.1000778004527092
6,85,1.7,0.0541177175856239,0.7463274538744445,0.0006899473827848267,-0.0011760037288800328,-4.1091461181640625,-0.5372695922851562,0.5005921356297365,0.0,1.1960977095361418,-0.21732947541645264,0.10007786750793457
6,86,1.72,0.054123933024812484,0.7463168158252154,0.0005660517260082246,-0.0009738547204461318,-4.109035491943359,-0.5372543334960938,0.5005928657248748,0.0,1.19609649885007,-0.21732863975818328,0.10007791221141815
6,87,1.74,0.05412897082973864,0.7463081184695984,0.0004532779007796848,-0.0007863024025435635,-4.108921051025391,-0.5372314453125,0.5005934733553241,0.0,1.1960955292228976,-0.21732776404789184,0.10007795691490173
6,88,1.76,0.05413295303467396,0.7463011646867522,0.00035356922604101346,-0.0006225441215540956,-4.108806610107422,-0.5372161865234375,0.500593969106219,0.0,1.1960947745618342,-0.2173268661632319,0.10007798671722412
6,89,1.78,0.054135993965820924,0.7462957841718921,0.00026398543803112255,-0.0004704042781559569,-4.108695983886719,-0.5371932983398438,0.500594363120748,0.0,1.196094209203008,-0.21732599116647908,0.10007801651954651
6,90,1.8,0.05413820320945779,0.7462918148165615,0.00018602202002660027,-0.00033814172671935405,-4.108589172363281,-0.5371780395507812,0.5005946620690847,0.0,1.1960938068922837,-0.2173251283285208,0.1000780314207077
6,91,1.82,0.05413969008927176,0.7462890757148373,0.00011843485489196318,-0.00022253556599223252,-4.108489990234375,-0.5371627807617188,0.5005948777644418,0.0,1.1960935456179786,-0.21732432652526767,0.1000780463218689
6,92,1.84,0.05414056355774395,0.7462873626079161,6.215034742170613e-05,-0.00013036075520016908,-4.1083984375,-0.5371551513671875,0.500595025029577,0.0,1.1960934070595373,-0.21732358039269456,0.1000780537724495
6,93,1.86,0.0541409202133737,0.746286509555347,1.420974982410208e-05,-4.930800990336061e-05,-4.108310699462891,-0.537139892578125,0.5005951168244867,0.0,1.196093373653459,-0.21732284415561298,0.1000780537724495
6,94,1.88,0.054140843173373226,0.7462863933199244,-2.545091621628577e-05,1.8463375412945047e-05,-4.1082305908203125,-0.5371284484863281,0.500595158780206,0.0,1.1960934256823845,-0.2173221727675118,0.1000780537724495
6,95,1.9,0.05414040615236268,0.7462869031955834,-5.8473993700010705e-05,7.693355453325215e-05,-4.108161926269531,-0.5371170043945312,0.5005951569302842,0.0,1.196093546188495,-0.21732158184536093,0.1000780463218689
6,96,1.92,0.05413967800089756,0.7462879277435307,-8.441795558838047e-05,0.00012279042215657468,-4.108097076416016,-0.537109375,0.5005951175009034,0.0,1.196093720504428,-0.21732102525660593,0.1000780388712883
6,97,1.94,0.05413872311474943,0.7462893569889877,-0.00010443903933781397,0.00015894483349110258,-4.108039855957031,-0.5371017456054688,0.500595048188719,0.0,1.196093936254731,-0.21732053351735522,0.1000780314207077
6,98,1.96,0.05413760313009804,0.7462910758923209,-0.00011810789247621618,0.00018215963133441006,-4.1079864501953125,-0.5370979309082031,0.500594957374297,0.0,1.1960941830430123,-0.21732006120968436,0.10007801651954651
6,99,1.98,0.054136375108816935,0.7462929716302202,-0.00012659251296729204,0.00019542107266459332,-4.107940673828125,-0.5370941162109375,0.5005948547929661,0.0,1.1960944526886548,-0.2173196648380399,0.10007800906896591
6,100,2.0,0.054135078762560844,0.7462949875307854,-0.00013208006482571684,0.00020644240421785928,-4.107902526855469,-0.5370864868164062,0.5005947439148315,0.0,1.1960947358751666,-0.21731932759436312,0.10007800161838531
7,1,0.02,0.17298572924911298,0.8469923343028732,1.0757404611261263,-6.154387045965834,-7.0811309814453125,-6.260921478271484,0.45023625446463367,0.0,1.1230260187114476,-0.4499868187904358,0.1356518566608429
7,2,0.04,0.1865414522022854,0.768234852913136,1.595726998767995,-9.298019432651762,-6.7866058349609375,-3.733917236328125,0.4631296173733186,0.0,1.1277954312357032,-0.32394442200660706,0.12873588502407074
7,3,0.06,0.20291109732304097,0.6708669051962725,1.6714094611815689,-10.089481498618335,-6.4134368896484375,-1.8178939819335938,0.4787610741606897,0.0,1.1352816454015204,-0.29023538672924043,0.12099403887987137
7,4,0.08,0.21783081851449118,0.5762582890391232,1.3359044194365395,-8.918969225810956,-6.014507293701172,-0.4134941101074219,0.49336164744393174,0.0,1.144446314456773,-0.2676516269445419,0.11458743363618851
7,5,0.1,0.2278684901829665,0.5001419478281425,0.7229598719426265,-6.520103390862488,-5.629264831542969,0.374420166015625,0.5048639783951191,0.0,1.1538143171903807,-0.25311358338594436,0.11025777459144592
7,6,0.12,0.23117312258146153,0.45067838995084875,0.006899140007854302,-3.659833385532029,-5.226463317871094,0.7120170593261719,0.5127539029299415,0.0,1.162087346247242,-0.24350598603487014,0.10770343989133835
7,7,0.14,0.2275926473213701,0.4289041941639174,-0.652876987013193,-0.985246809390198,-4.817474365234375,0.7404251098632812,0.5173956894131366,0.0,1.1685669220281323,-0.23643930442631245,0.10625746846199036
7,8,0.16,0.21829281487583216,0.43051740442316466,-1.150435608082495,1.0723229675958863,-4.460018157958984,0.5528640747070312,0.5194825940953515,0.0,1.1732221238964498,-0.23104142521321774,0.10534052550792694
7,9,0.18,0.20499303306001881,0.4489643678545029,-1.4709837702117197,2.452749516969299,-4.162296295166016,0.3208274841308594,0.5197164714230575,0.0,1.1764362327859101,-0.226797190412879,0.1046135351061821
7,10,0.2,0.18934316879271618,0.47793213643286225,-1.63769060432081,3.2434619728121006,-3.9254188537597656,0.10199737548828125,0.5186728273646638,0.0,1.1786846320711222,-0.22339846225082874,0.10393757373094559
7,11,0.22,0.1728298208692792,0.5116936697441175,-1.6607561338650247,3.477916859326364,-3.7096405029296875,-0.14204025268554688,0.5168665533599702,0.0,1.1804132061148072,-0.22046094039082526,0.10328660905361176
7,12,0.24,0.1565802573190414,0.5459125737017638,-1.595649879327271,3.3759877208381037,-3.543407440185547,-0.3012123107910156,0.5147447786852138,0.0,1.1819562707040017,-0.2180575075894594,0.10267903655767441
7,13,0.26,0.1412131505739712,0.5782730626896554,-1.4892780298240627,3.1246483005639045,-3.4241905212402344,-0.3769416809082031,0.5125847775489771,0.0,1.1834705267589372,-0.2161575356349349,0.10213521122932434
7,14,0.28,0.12700786795949642,0.6077983822897427,-1.3653756766784866,2.8160397627228457,-3.3410873413085938,-0.41229248046875,0.5105293116364569,0.0,1.184998041582355,-0.2146725205136463,0.10166575759649277
7,15,0.3,0.11407147534028392,0.6341774897164174,-1.2360964427846017,2.4967533508592417,-3.2815895080566406,-0.4261627197265625,0.5086470149077271,0.0,1.18653095542479,-0.21349984925240278,0.1012728363275528
7,16,0.32,0.10242325499884579,0.6574299449776052,-1.1075952953356725,2.189302505058976,-3.240142822265625,-0.4293060302734375,0.5069638196134314,0.0,1.1880413613197012,-0.21259052241640167,0.10095298290252686
7,17,0.34,0.09207566741220945,0.6775708678478475,-0.9762601755653064,1.8751858308497953,-3.2076148986816406,-0.44734954833984375,0.5054989178055369,0.0,1.189505082502455,-0.2118892230708152,0.10069946199655533
7,18,0.36,0.08300609002941803,0.6947192865097922,-0.8512213436464938,1.5876110389858353,-3.203857421875,-0.44754791259765625,0.5042627842842625,0.0,1.1909018266280664,-0.21147196516582337,0.10050347447395325
7,19,0.38,0.07513751701104472,0.7091772474881666,-0.7350171720182884,1.3331603725000676,-3.2190780639648438,-0.4446678161621094,0.5032360299303758,0.0,1.1922057212310813,-0.21127140020784282,0.10035548359155655
7,20,0.4,0.06837721005306222,0.721273206363946,-0.628459030982019,1.1113645892186015,-3.2502899169921875,-0.442901611328125,0.5023918897003129,0.0,1.1933962650044438,-0.21125423385866451,0.1002463549375534
7,21,0.42,0.06262832605823068,0.7313201299951362,-0.5316345332241849,0.9198173993634676,-3.2923965454101562,-0.4427528381347656,0.5017030134576497,0.0,1.1944600394744127,-0.21137331460951825,0.10016781836748123
7,22,0.44,0.05779540382130097,0.739600657427124,-0.44422183158528256,0.7549824615804395,-3.34246826171875,-0.4447479248046875,0.5011440590613176,0.0,1.1953900409216383,-0.2115978934899904,0.10011274367570877
7,23,0.46,0.05378719555303082,0.746360809610024,-0.36571636404311963,0.6130915253553038,-3.3981399536132812,-0.4489097595214844,0.5006931858844483,0.0,1.1961849541100562,-0.2119022874145303,0.1000751480460167
7,24,0.48,0.050517727594012886,0.7518108512006021,-0.2955689960656532,0.4907165933535435,-3.4573631286621094,-0.4548759460449219,0.5003323910309134,0.0,1.196848124895729,-0.21226425143121744,0.10005021840333939
7,25,0.5,0.047906482609322974,0.7561295988200497,-0.23323405971320496,0.3849340608575614,-3.51837158203125,-0.4621696472167969,0.5000471760811884,0.0,1.1973864336988491,-0.21266463982104322,0.10003416240215302
7,26,0.52,0.04587817218775855,0.7594696779397412,-0.1782047650081008,0.2933641777618236,-3.579875946044922,-0.4703330993652344,0.49982597588310673,0.0,1.1978092741380237,-0.21308887211675756,0.10002414882183075
7,27,0.54,0.044362319892953826,0.7619619264350709,-0.1300191284548696,0.2139858246578721,-3.6413307189941406,-0.47916412353515625,0.49965965568011195,0.0,1.1981278159882678,-0.2135289552649483,0.10001810640096664
7,28,0.56,0.04329279727643653,0.7637215704795176,-0.0882620547999617,0.14560322233122253,-3.700714111328125,-0.48773956298828125,0.49954073882229155,0.0,1.1983541330045597,-0.21396598426857963,0.10001460462808609
7,29,0.58,0.042607645496364276,0.7648531136100873,-0.05251413692802855,0.08724099781777533,-3.7572288513183594,-0.495819091796875,0.49946257593258925,0.0,1.1985002812940682,-0.21439124394720419,0.10001268982887268
7,30,0.6,0.04224917669029327,0.7654519647302843,-0.02234139194783178,0.038040789179611505,-3.810260772705078,-0.5032615661621094,0.499419118771163,0.0,1.1985779109196808,-0.21479783363826574,0.10001180320978165
7,31,0.62,0.04216273963137286,0.7656117958505894,0.0024564093792430737,-0.0016253626857053193,-3.8593215942382812,-0.5090599060058594,0.4994040358670828,0.0,1.1985976138983145,-0.21517916489974598,0.10001160949468613
7,32,0.64,0.04229876363298855,0.7654185851588288,0.022634486570249992,-0.033440486138400186,-3.902690887451172,-0.5144577026367188,0.49941103055279024,0.0,1.198568761171795,-0.2155215367684141,0.10001198202371597
7,33,0.66,0.04261444314783792,0.7649424913032219,0.038805670378817665,-0.058906716209705556,-3.941905975341797,-0.5197410583496094,0.49943535986999477,0.0,1.1985001625715777,-0.2158360122863669,0.10001284629106522
7,34,0.68,0.04307246849263852,0.7642413891306188,0.051469057377589174,-0.07903396420837418,-3.9770545959472656,-0.5246238708496094,0.49947352421029567,0.0,1.1984001280856091,-0.21612182766199112,0.10001418739557266
7,35,0.7,0.0436401269621394,0.7633646429590845,0.06105284897205777,-0.09454659498126856,-4.0082550048828125,-0.528961181640625,0.4995227302474987,0.0,1.1982762189583003,-0.21637889716972133,0.10001599788665771
7,36,0.72,0.04428872421825849,0.7623553031374132,0.06793775712735446,-0.10600194565706447,-4.0356597900390625,-0.5326919555664062,0.499580590005413,0.0,1.1981351299638696,-0.21660761616105448,0.10001827031373978
7,37,0.74,0.04499318665407784,0.7612513426580094,0.07247086008763975,-0.11386831533760387,-4.059467315673828,-0.5358161926269531,0.4996449639397258,0.0,1.1979826571802963,-0.21680891579727177,0.10002098232507706
7,38,0.76,0.04573177914773761,0.7600862657347601,0.0749753089171178,-0.11857561585645018,-4.07989501953125,-0.5383720397949219,0.49971389909837244,0.0,1.197823724429452,-0.21698399082286052,0.10002408921718597
7,39,0.78,0.04648588366022859,0.7588893716426797,0.07575351546816504,-0.12053690411404351,-4.0971832275390625,-0.5404167175292969,0.4997856210769056,0.0,1.1976624437643888,-0.2171343560547102,0.10002754628658295
7,40,0.8,0.047239766720599416,0.7576860030073184,0.07508260739587619,-0.12013396808063784,-4.111595153808594,-0.5419998168945312,0.49985853440868244,0.0,1.1975021872983973,-0.21726177649114106,0.1000312939286232
7,41,0.82,0.04798037475431896,0.75649767609356,0.07322310079299614,-0.11775010243804382,-4.123371124267578,-0.5431900024414062,0.4999312320974072,0.0,1.1973456647831828,-0.21736788548949698,0.10003525018692017
7,42,0.84,0.048697146982347714,0.7553421143035538,0.07041509699591154,-0.11376131816316691,-4.132781982421875,-0.5440559387207031,0.5000025243442259,0.0,1.1971950113538408,-0.217454640534037,0.10003933310508728
7,43,0.86,0.049381763774957114,0.7542335691320747,0.06686974284761715,-0.1084916582448504,-4.140083312988281,-0.5446281433105469,0.5000714320620432,0.0,1.197051859991653,-0.2175239136145683,0.10004347562789917
7,44,0.88,0.05002791846065984,0.7531830847805835,0.06278027806429996,-0.10225909567153182,-4.145515441894531,-0.5449676513671875,0.5001371734314872,0.0,1.1969174059054195,-0.21757750958182442,0.10004759579896927
7,45,0.9,0.050631099897117275,0.7521987452902563,0.05831513581013847,-0.09534196829938656,-4.149314880371094,-0.5451087951660156,0.5001991632109185,0.0,1.1967924740232898,-0.21761722555909366,0.1000516265630722
7,46,0.92,0.05118833799986618,0.7512861098231107,0.05361679622558171,-0.08797198590193579,-4.151714324951172,-0.5450782775878906,0.5002569811195767,0.0,1.1966775690509455,-0.217644864476184,0.1000555083155632
7,47,0.94,0.05169800080138298,0.7504484774448431,0.048811991461472734,-0.08037050119904215,-4.152912139892578,-0.544921875,0.5003103565129265,0.0,1.196572928278474,-0.21766199841986236,0.10005918890237808
7,48,0.96,0.05215959557718697,0.7496871967783391,0.04400426675081274,-0.07271143056409182,-4.153099060058594,-0.5446548461914062,0.5003591545598649,0.0,1.1964785685579855,-0.21767014216080136,0.10006263107061386
7,49,0.98,0.05257354901608284,0.7490020934903667,0.03927615449242599,-0.06512971671071616,-4.152462005615234,-0.5442962646484375,0.500403338666338,0.0,1.1963943189198027,-0.21767079549825577,0.10006579756736755
7,50,1.0,0.05294105016323078,0.7483916804558202,0.034698748695685795,-0.05775365419654191,-4.151149749755859,-0.5438804626464844,0.500442958293492,0.0,1.1963198603278624,-0.21766521488376017,0.10006868094205856
7,51,1.02,0.053263898327492634,0.7478533934069312,0.030324922253054852,-0.050674457610797585,-4.149314880371094,-0.5434188842773438,0.5004781397721421,0.0,1.1962547614236465,-0.2176546386515547,0.1000712588429451
7,52,1.04,0.05354436480054089,0.7473838303479312,0.0261972596438172,-0.04396991707295663,-4.147068023681641,-0.5429306030273438,0.5005090667982669,0.0,1.19619850418445,-0.21764001445159376,0.10007353127002716
7,53,1.06,0.053785056765233985,0.7469790148030594,0.022342077462695606,-0.03768120089361937,-4.144535064697266,-0.54241943359375,0.5005359621876722,0.0,1.1961505056208395,-0.21762240779545391,0.10007550567388535
7,54,1.08,0.05398881379474934,0.7466345536272068,0.01878009592735372,-0.03185036561409863,-4.141803741455078,-0.5419082641601562,0.5005590748993398,0.0,1.1961101395431744,-0.2176025907721487,0.10007718950510025
7,55,1.1,0.05415861638915679,0.7463457925324493,0.01552005543034845,-0.026490778053840605,-4.1389617919921875,-0.5413970947265625,0.5005786741766742,0.0,1.196076756294721,-0.2175813327960932,0.10007860511541367
7,56,1.12,0.05429751151970378,0.7461079263812378,0.012566886086404818,-0.02161889975217853,-4.136077880859375,-0.5409049987792969,0.500595040227677,0.0,1.1960496983214763,-0.21755926070200804,0.10007976740598679
7,57,1.14,0.05440855275806951,0.7459160880386846,0.00991780077054493,-0.01723273131765807,-4.133209228515625,-0.5404319763183594,0.5006084634404676,0.0,1.196028315927072,-0.21753687547543085,0.1000806912779808
7,58,1.16,0.054494744567997064,0.7457654535505776,0.007566164422138091,-0.013326110492805123,-4.130401611328125,-0.5399856567382812,0.5006192345904432,0.0,1.1960119753883947,-0.21751462206793076,0.10008140653371811
7,59,1.18,0.05455898921070122,0.7456513578293049,0.005498869128255849,-0.009875391601629646,-4.127696990966797,-0.5395622253417969,0.5006276363614652,0.0,1.1960000656106633,-0.21749288855391205,0.10008193552494049
7,60,1.2,0.05460406120632913,0.7455693081273365,0.003703390232780999,-0.006868479561507615,-4.125125885009766,-0.5391769409179688,0.5006339423535633,0.0,1.1959920066796645,-0.21747198482738167,0.10008230060338974
7,61,1.22,0.05463257885538451,0.7455150457513353,0.0021616231831962573,-0.004272941320785057,-4.122707366943359,-0.538818359375,0.5006384163175425,0.0,1.1959872555737783,-0.2174520800287137,0.10008251667022705
7,62,1.24,0.05464698254489197,0.7454845988091672,0.0008560205529609896,-0.0020631134543879987,-4.120456695556641,-0.5384941101074219,0.5006413031405617,0.0,1.195985305585098,-0.21743337111170696,0.10008261352777481
7,63,1.26,0.05464952477402557,0.7454742924593072,-0.00023320148945194132,-0.00020607551178769968,-4.118385314941406,-0.5382003784179688,0.500642831179901,0.0,1.1959856905578987,-0.21741598864985281,0.10008261352777481
7,64,1.28,0.05464227159471332,0.7454807244385763,-0.0011237773388429197,0.0013208915649613943,-4.116497039794922,-0.5379447937011719,0.5006432142784997,0.0,1.1959879875516692,-0.21739996891716146,0.10008251667022705
7,65,1.3,0.054627098043309986,0.7455007911321239,-0.0018358943833717914,0.002553352583677761,-4.114788055419922,-0.5377159118652344,0.5006426513093863,0.0,1.1959918163022532,-0.21738534259074369,0.10008236020803452
7,66,1.32,0.054605674588372614,0.7455317465377138,-0.002390225417229564,0.003527208167001692,-4.1132659912109375,-0.5375137329101562,0.5006413160773765,0.0,1.1959968340282718,-0.21737218365390437,0.1000821515917778
7,67,1.34,0.05457949019022407,0.74557111477939,-0.00280289472081494,0.004262357748019557,-4.111915588378906,-0.5373458862304688,0.5006393669590736,0.0,1.196002739280853,-0.21736040372058052,0.1000819057226181
7,68,1.36,0.05454986216430958,0.7456166687308393,-0.0030918947937843694,0.004787644686222105,-4.110736846923828,-0.5372047424316406,0.5006369522511743,0.0,1.1960092721744295,-0.21735000810891505,0.10008163005113602
7,69,1.38,0.054517920385047006,0.7456665252441045,-0.0032765588009963037,0.005141892947076101,-4.109718322753906,-0.537078857421875,0.5006341959452942,0.0,1.1960162054943606,-0.21734090302410186,0.10008133202791214
7,70,1.4,0.054484638880293854,0.7457190436894542,-0.0033694659200579555,0.005337698640180164,-4.108844757080078,-0.5369834899902344,0.5006312051112219,0.0,1.1960233447480646,-0.21733302443954744,0.10008103400468826
7,71,1.42,0.05445084259134873,0.7457728308665066,-0.00338737741930191,0.005409505841337802,-4.1081085205078125,-0.5368995666503906,0.5006280743384648,0.0,1.1960305271227507,-0.2173262754209136,0.10008072853088379
7,72,1.44,0.05441722337747337,0.7458266993085898,-0.0033408348427926555,0.005366794099884897,-4.1074981689453125,-0.5368423461914062,0.5006248836339624,0.0,1.1960376177543721,-0.21732060374646972,0.10008043050765991
7,73,1.46,0.05438434419893267,0.7458796784536175,-0.0032445961296678322,0.0052410075422376,-4.107006072998047,-0.5367927551269531,0.5006217021035478,0.0,1.1960445088861056,-0.21731591058397315,0.10008013248443604
7,74,1.48,0.05435264559926878,0.7459310227906162,-0.003108881597129964,0.005047498019879,-4.106616973876953,-0.5367584228515625,0.5006185797868798,0.0,1.1960511126402285,-0.21731211129187433,0.10007984936237335
7,75,1.5,0.05432248380492641,0.7459800841003486,-0.0029406840897950636,0.0047915004679761905,-4.106315612792969,-0.5367431640625,0.5006155645604866,0.0,1.1960573655093805,-0.21730909869239257,0.10007958859205246
7,76,1.52,0.05429412132188357,0.7460263896795655,-0.002751268727616427,0.0045004057025403174,-4.1060943603515625,-0.5367279052734375,0.5006126939462219,0.0,1.196063220989446,-0.21730677204282253,0.10007934272289276
7,77,1.54,0.05426773346554726,0.7460696369340265,-0.002547314901198357,0.004182920445117794,-4.105945587158203,-0.5367240905761719,0.5006099889680277,0.0,1.196068644330563,-0.21730508556196582,0.10007911175489426
7,78,1.56,0.05424343163699539,0.7461096166518306,-0.0023349758726091815,0.0038488864557504393,-4.105857849121094,-0.5367279052734375,0.5006074665835338,0.0,1.1960736163370838,-0.21730395115193096,0.10007890313863754
7,79,1.58,0.05422127459075321,0.7461461965872024,-0.0021187986561441215,0.003504284754972549,-4.1058197021484375,-0.5367393493652344,0.5006051397332687,0.0,1.196078130336379,-0.2173032642618782,0.10007870942354202
7,80,1.6,0.054201275590355306,0.7461793174853419,-0.0019033284022682258,0.0031574665555675675,-4.105823516845703,-0.5367546081542969,0.5006030174555247,0.0,1.1960821896423264,-0.21730296731019916,0.1000785380601883
7,81,1.62,0.05418340263317743,0.7462090158169997,-0.001693071022426012,0.0028189772390617507,-4.105861663818359,-0.5367698669433594,0.500601100571204,0.0,1.1960858033135828,-0.217303001167078,0.10007838904857635
7,82,1.64,0.054167588214816355,0.7462353961080863,-0.0014908104057813234,0.002492630209377704,-4.105930328369141,-0.5367889404296875,0.5005993835314345,0.0,1.196088985502608,-0.21730330169708761,0.10007824748754501
7,83,1.66,0.054153745373126755,0.7462585815557915,-0.001297815576327149,0.0021787383222435946,-4.10601806640625,-0.5368118286132812,0.5005978609201867,0.0,1.1960917568476148,-0.2173038220487797,0.10007813572883606
7,84,1.68,0.054141768640544555,0.7462787254214981,-0.0011164011503884239,0.001882460122660288,-4.1061248779296875,-0.536834716796875,0.5005965261696079,0.0,1.1960941421623623,-0.21730451561213704,0.1000780314207077
7,85,1.7,0.05413153788459184,0.7462960125858739,-0.0009473486746883633,0.0016053615267888975,-4.106239318847656,-0.5368576049804688,0.500595369438332,0.0,1.1960961679949875,-0.21730530191829894,0.10007794201374054
7,86,1.72,0.054122920047840466,0.7463106545479168,-0.0007923633114157924,0.0013509780883115398,-4.1063690185546875,-0.5368804931640625,0.5005943787271409,0.0,1.1960978624397858,-0.2173062569076428,0.10007787495851517
7,87,1.74,0.05411578458853815,0.7463228396356414,-0.0006496189941929204,0.0011123185727824904,-4.106494903564453,-0.5369071960449219,0.500593544598082,0.0,1.1960992563900277,-0.21730720009075594,0.10007781535387039
7,88,1.76,0.05410999296432486,0.7463327882975371,-0.0005220198171880056,0.0009007478471380006,-4.10662841796875,-0.53692626953125,0.5005928557074324,0.0,1.1961003798849437,-0.21730821349055623,0.10007776319980621
7,89,1.78,0.05410540373089091,0.7463407458627275,-0.00040775611863133566,0.0007116585979471576,-4.10675048828125,-0.5369453430175781,0.5005922946378238,0.0,1.1961012593801672,-0.21730916322804114,0.10007772594690323
7,90,1.8,0.054101882571717025,0.7463469366849717,-0.00030700109957847513,0.0005449586698582812,-4.106876373291016,-0.5369644165039062,0.5005918468675781,0.0,1.1961019213867237,-0.21731017138194875,0.10007770359516144
7,91,1.82,0.0540993073667938,0.7463515388942435,-0.0002174160405056416,0.0003924088035056111,-4.10699462890625,-0.5369873046875,0.5005915030029223,0.0,1.1961023944623557,-0.2173111223127489,0.10007768124341965
7,92,1.84,0.05409755240012923,0.7463547662102867,-0.00014151723385703505,0.00026699631062076064,-4.107109069824219,-0.5369987487792969,0.5005912507115606,0.0,1.1961027039343761,-0.21731204618346237,0.10007766634225845
7,93,1.86,0.05409650282124768,0.7463568087874736,-7.533650123507927e-05,0.00015410083382016786,-4.107212066650391,-0.537017822265625,0.5005910760123389,0.0,1.1961028722054308,-0.2173128953089763,0.10007765889167786
7,94,1.88,0.05409605062229602,0.7463578427755646,-2.0819406935596892e-05,6.288909411455124e-05,-4.1073150634765625,-0.5370292663574219,0.5005909693739243,0.0,1.196102922135227,-0.2173137406218157,0.10007765144109726
7,95,1.9,0.05409609160875684,0.7463580540606046,2.428345698272599e-05,-1.2213910405436778e-05,-4.107402801513672,-0.5370407104492188,0.5005909167747264,0.0,1.1961028723427138,-0.21731447304078028,0.10007765144109726
7,96,1.92,0.05409654422190824,0.7463575592434166,6.224128297068408e-05,-7.921565779437026e-05,-4.10748291015625,-0.5370559692382812,0.5005909120558176,0.0,1.196102742229872,-0.21731517804334,0.10007766634225845
7,97,1.94,0.054097328528421515,0.7463564855437599,9.153207662315642e-05,-0.00012980565079564433,-4.1075592041015625,-0.5370635986328125,0.5005909490170545,0.0,1.1961025495191155,-0.2173158112823148,0.10007766634225845
7,98,1.96,0.05409837315363795,0.7463549463194217,0.00011491527940842692,-0.0001731201644588582,-4.107624053955078,-0.5370750427246094,0.5005910199171846,0.0,1.1961023091426886,-0.21731638849215235,0.10007768124341965
7,99,1.98,0.05409961049418594,0.7463530605993624,0.00013086084661151657,-0.00020083691673794153,-4.107685089111328,-0.537078857421875,0.5005911175708462,0.0,1.1961020341319077,-0.2173169088401046,0.10007768869400024
7,100,2.0,0.05410098142644296,0.746350933654041,0.00014212045272339783,-0.00022208299123972075,-4.107734680175781,-0.5370864868164062,0.5005912332480703,0.0,1.1961017347483216,-0.21731735253585793,0.10007770359516144
8,1,0.02,-0.015845451780028084,0.9259385133643415,0.4176589156544416,-1.7315847438877694,-3.0905075073242188,-1.8187446594238281,0.47924260607046365,0.0,1.1997086784889204,-0.22998224401474,0.10213205218315125
8,2,0.04,-0.010634880508603615,0.9048587486496423,0.6051901081858595,-2.41171560219915,-3.362518310546875,-1.0134010314941406,0.48240557206334916,0.0,1.20057491551513,-0.21613138324022294,0.10153765231370926
8,3,0.06,-0.004243170682981375,0.8801052248763859,0.6666759324076023,-2.5255475369779883,-3.5302276611328125,-0.5836219787597656,0.48611171830195155,0.0,1.2015571060311168,-0.21495960888266563,0.10097182542085648
8,4,0.08,0.0023174444603337083,0.856102039123706,0.6471401493576073,-2.2973115664767843,-3.6775970458984375,-0.3358497619628906,0.48961957016821844,0.0,1.2024146211557813,-0.21485326411575079,0.1005663201212883
8,5,0.1,0.008443040743773571,0.8352844143689282,0.5842294973403577,-1.9060252187589508,-3.8007774353027344,-0.2281341552734375,0.49255067360957944,0.0,1.2030042181346685,-0.2151688808053732,0.10032207518815994
8,6,0.12,0.013855572404816031,0.8185739379702467,0.506291488500216,-1.480307843017865,-3.90264892578125,-0.21618270874023438,0.49478516248910953,0.0,1.203270103908943,-0.21566644674632698,0.10018926113843918
8,7,0.14,0.01850762257012405,0.8058737288158698,0.43194132023549503,-1.09988596609664,-3.9843521118164062,-0.2603416442871094,0.49636312075514,0.0,1.2032249767795646,-0.21618760672584178,0.10011807084083557
8,8,0.16,0.022488436936287732,0.7965223890183595,0.37075868715789173,-0.8021723846577405,-4.048114776611328,-0.32904815673828125,0.49740524789826157,0.0,1.2029239679804693,-0.21665706223435702,0.10007638484239578
8,9,0.18,0.02594303091645307,0.7896549636021942,0.3250788712691997,-0.5937460837835082,-4.102027893066406,-0.40166473388671875,0.49805673647562315,0.0,1.2024400192945142,-0.21709342599660159,0.10004863888025284
8,10,0.2,0.029014159833632442,0.7844538295686982,0.2926381054368508,-0.46084900063424766,-4.1475982666015625,-0.4637451171875,0.49845168003201845,0.0,1.2018450975249952,-0.21748157498287035,0.10002900660037994
8,11,0.22,0.031813858290772525,0.7802721165340082,0.2697411532591742,-0.3838256516296238,-4.1859283447265625,-0.5111465454101562,0.49869566379945085,0.0,1.2011989434158952,-0.21781836698343976,0.10001569241285324
8,12,0.24,0.034417182050944475,0.7766576496378378,0.2527053136027491,-0.3434142141007924,-4.217494964599609,-0.5439491271972656,0.49886324679272,0.0,1.200546010738095,-0.21810113502293824,0.10000795871019363
8,13,0.26,0.03686619478742418,0.7733321281562604,0.23854780057813288,-0.3237640330913007,-4.242626190185547,-0.5643386840820312,0.4990015612500599,0.0,1.19991628582116,-0.21832944923569447,0.10000502318143845
8,14,0.28,0.03917819318362345,0.7701516293553433,0.22520134398217814,-0.3133891093980331,-4.26165771484375,-0.5752525329589844,0.4991364163998016,0.0,1.1993278942317525,-0.21850510627380573,0.10000599175691605
8,15,0.3,0.04135453633095241,0.7670643540101908,0.21145292371284405,-0.3049083211188106,-4.2750396728515625,-0.579559326171875,0.49927873887980934,0.0,1.198790161519866,-0.2186318886042718,0.10000991821289062
8,16,0.32,0.04338822214895569,0.7640738837452001,0.1967686748441258,-0.2942651250079374,-4.283321380615234,-0.5796737670898438,0.499430187089587,0.0,1.1983064158334626,-0.2187148680039245,0.10001596808433533
8,17,0.34,0.04526955636409747,0.7612110357139632,0.1810912533680639,-0.27980625239288287,-4.287105560302734,-0.577423095703125,0.4995874890786294,0.0,1.1978762408282497,-0.2187595191738219,0.10002340376377106
8,18,0.36,0.04698983768364004,0.7585147437021599,0.16464507915109666,-0.26139502640858214,-4.28704833984375,-0.5740470886230469,0.4997454377465514,0.0,1.1974971148793012,-0.21877161450815039,0.10003164410591125
8,19,0.38,0.04854341436648246,0.7560204576487835,0.1477991405361663,-0.23976813847975312,-4.283786773681641,-0.570343017578125,0.4998987427652346,0.0,1.1971655121426883,-0.21875658265702078,0.10004021972417831
8,20,0.4,0.049928517717755756,0.7537542814476148,0.13095667440648032,-0.21601790455190292,-4.277942657470703,-0.566741943359375,0.5000430213406315,0.0,1.1968775832453422,-0.218719521794701,0.1000487431883812
8,21,0.42,0.05114723524151889,0.7517312518431168,0.11448867325881656,-0.19126157533259772,-4.270069122314453,-0.5634231567382812,0.500175156873854,0.0,1.196629513276313,-0.21866488640621537,0.10005693882703781
8,22,0.44,0.05220503980878806,0.7499558300236603,0.09870719243833687,-0.16650794759532775,-4.260692596435547,-0.5604629516601562,0.500293306892557,0.0,1.1964176878959993,-0.21859686887596036,0.10006457567214966
8,23,0.46,0.05311008335832529,0.7484236746284066,0.08384439238156963,-0.1425335940899229,-4.250255584716797,-0.5578231811523438,0.500396723718307,0.0,1.1962387454473546,-0.2185189496560488,0.1000714972615242
8,24,0.48,0.05387244988270561,0.7471238265015723,0.07006196986259484,-0.119907856532294,-4.239143371582031,-0.5554656982421875,0.5004854905806113,0.0,1.196089560837307,-0.2184342216798832,0.10007760673761368
8,25,0.5,0.0545034640093801,0.7460408270497288,0.05745362380226238,-0.0989847901824266,-4.227680206298828,-0.5533256530761719,0.5005602684038271,0.0,1.1959672136400163,-0.21834530385924153,0.10008285939693451
8,26,0.52,0.05501508973420188,0.7451565949913374,0.04605929179651962,-0.0799530647541182,-4.2161407470703125,-0.5513572692871094,0.5006220642581007,0.0,1.1958689483213552,-0.2182544406082161,0.1000872328877449
8,27,0.54,0.055419480409879915,0.7444517746444606,0.035880976537398294,-0.0628910970983173,-4.204742431640625,-0.5495376586914062,0.5006720688591867,0.0,1.1957921530437068,-0.21816348393390944,0.10009074956178665
8,28,0.56,0.0557286407039609,0.7439067136241937,0.026890220946131423,-0.04778960696543417,-4.19366455078125,-0.5478477478027344,0.5007115454757918,0.0,1.1957343506217581,-0.21807402269857995,0.10009346902370453
8,29,0.58,0.05595415090925,0.7435022588549682,0.0190333420768644,-0.034566250924355786,-4.183055877685547,-0.5462684631347656,0.5007417410325634,0.0,1.1956931912346058,-0.21798738253228658,0.10009545087814331
8,30,0.6,0.056107011555681825,0.743220142987785,0.012248900797626184,-0.02312758609467659,-4.173004150390625,-0.5448112487792969,0.5007638422844536,0.0,1.195666456646647,-0.21790442542727398,0.10009676963090897
8,31,0.62,0.05619753799155691,0.7430432238513737,0.006462693354446408,-0.013345963532549266,-4.163597106933594,-0.5434684753417969,0.5007789598042254,0.0,1.1956520703201605,-0.2178260191027657,0.10009751468896866
8,32,0.64,0.05623528688649037,0.7429556404725393,0.0015975160254940435,-0.005093003359542914,-4.154884338378906,-0.5422477722167969,0.500788112777071,0.0,1.195648103966154,-0.21775269500003197,0.10009776055812836
8,33,0.66,0.05622901938069071,0.7429428895750125,-0.0024280531563147336,0.0017728626864715372,-4.146892547607422,-0.5411415100097656,0.5007922267864432,0.0,1.1956527831462078,-0.21768479502627452,0.10009758919477463
8,34,0.68,0.05618668660011841,0.7429918485467427,-0.005694666963026173,0.007386801544744432,-4.139636993408203,-0.5401535034179688,0.5007921317088955,0.0,1.195664488826095,-0.21762257871516338,0.10009708255529404
8,35,0.7,0.05611545611443062,0.7430906686406448,-0.008278819769740398,0.011869899555855963,-4.133106231689453,-0.5392875671386719,0.5007885768154929,0.0,1.1956817634389418,-0.21756604171650543,0.10009630024433136
8,36,0.72,0.05602172974570669,0.7432287304476427,-0.010257130345423918,0.015346494874205228,-4.127296447753906,-0.5385360717773438,0.5007822387199683,0.0,1.1957033107856099,-0.2175152810672589,0.10009532421827316
8,37,0.74,0.055911094253272633,0.7433968661369482,-0.011714997893118615,0.017978301775292686,-4.122222900390625,-0.5378684997558594,0.500773695231383,0.0,1.1957279821246618,-0.21747046383244742,0.10009420663118362
8,38,0.76,0.05578833061401432,0.7435873807424889,-0.012729106021425924,0.019901000842118217,-4.1178436279296875,-0.5372886657714844,0.5007634115813048,0.0,1.1957547648376936,-0.217431304537924,0.10009298473596573
8,39,0.78,0.05565762626708699,0.7437933467485867,-0.0133448842956285,0.021144218185984675,-4.114036560058594,-0.5368461608886719,0.5007518183918929,0.0,1.195782800746767,-0.21739693703950613,0.10009171068668365
8,40,0.8,0.055522686238902906,0.7440083369489102,-0.01361278601451038,0.02177428782200047,-4.110759735107422,-0.5365028381347656,0.5007393580495093,0.0,1.1958113865591014,-0.2173670214488666,0.10009041428565979
8,41,0.82,0.05538669984291306,0.7442266760133298,-0.013585254296214525,0.02187344712441223,-4.107994079589844,-0.5362396240234375,0.5007264413554444,0.0,1.195839942669588,-0.2173414431505662,0.10008913278579712
8,42,0.84,0.05525236137002471,0.744443463047135,-0.01330940287642059,0.02151528414206639,-4.105690002441406,-0.5360488891601562,0.5007134359366997,0.0,1.1958679979315057,-0.21731978986720787,0.10008787363767624
8,43,0.86,0.05512186534976429,0.7446547142616249,-0.012837466015963554,0.02080595736080249,-4.10382080078125,-0.5358963012695312,0.5007006460411882,0.0,1.195895168436645,-0.21730186730675632,0.10008666664361954
8,44,0.88,0.05499694539507497,0.7448573115205738,-0.012210590020206736,0.01981634003865497,-4.102336883544922,-0.5357933044433594,0.5006883047061033,0.0,1.1959211432483041,-0.21728728408346068,0.10008551925420761
8,45,0.9,0.054878927421636754,0.7450488826932135,-0.01146921666593589,0.01862398484855233,-4.101207733154297,-0.5357246398925781,0.5006765907599724,0.0,1.1959456818788317,-0.21727579900441926,0.10008444637060165
8,46,0.92,0.054768670052103764,0.7452280996894358,-0.010665094439035357,0.017354704741397893,-4.1004486083984375,-0.5356521606445312,0.5006655905622912,0.0,1.1959685916947584,-0.21726748286225483,0.10008344054222107
8,47,0.94,0.054666655314232544,0.7453943861708691,-0.009824572376567767,0.016043178296355546,-4.0999755859375,-0.5356216430664062,0.5006553153597525,0.0,1.1959897286269434,-0.21726173769054005,0.10008252412080765
8,48,0.96,0.05457314982369243,0.7455474131040132,-0.008965304287952116,0.014706191398762275,-4.0997161865234375,-0.5356292724609375,0.5006457726446532,0.0,1.1960090127784442,-0.21725796634732977,0.10008169710636139
8,49,0.98,0.05448825881031564,0.7456869824830372,-0.008102205983186233,0.013353907539880458,-4.099651336669922,-0.535675048828125,0.5006369776657548,0.0,1.1960264215003849,-0.2172559768024512,0.1000809445977211
8,50,1.0,0.05441193922996961,0.7458130647642085,-0.007250005866901283,0.012008518623589814,-4.099739074707031,-0.5357398986816406,0.5006289467023474,0.0,1.19604197814992,-0.21725544215439005,0.10008028149604797
8,51,1.02,0.054344018917595736,0.7459258077978077,-0.006420149531949772,0.010684203760341354,-4.099956512451172,-0.5358238220214844,0.5006216883634711,0.0,1.1960557388067476,-0.21725612121292215,0.10007968544960022
8,52,1.04,0.054284204442570615,0.746025584308589,-0.005625285379764956,0.009410086944195779,-4.100273132324219,-0.5359077453613281,0.5006151964813838,0.0,1.196067781657638,-0.21725779544115356,0.10007917881011963
8,53,1.06,0.054232115624262486,0.7461129076403129,-0.004870902220176012,0.00818818787055555,-4.100669860839844,-0.5360069274902344,0.5006094526440328,0.0,1.1960782015501508,-0.21726026027236367,0.10007873177528381
8,54,1.08,0.05418730420945623,0.7461884106184392,-0.004164844150224555,0.007038389882583738,-4.101123809814453,-0.536102294921875,0.5006044327790593,0.0,1.1960871078509272,-0.21726332459508557,0.10007835179567337
8,55,1.1,0.05414926997173728,0.7462528477047279,-0.003510176609387669,0.005966683348968988,-4.1016082763671875,-0.5361976623535156,0.5006000990036852,0.0,1.1960946138167279,-0.21726676178516935,0.1000780314207077
8,56,1.12,0.054117488701110966,0.7463070026737888,-0.002908765097717293,0.004973553539623583,-4.102123260498047,-0.5362968444824219,0.5005964119864459,0.0,1.1961008390265528,-0.21727057186451565,0.10007777065038681
8,57,1.14,0.05409141009430491,0.7463517365533057,-0.002363797277151022,0.004072512101990312,-4.1026458740234375,-0.5363845825195312,0.500593325386776,0.0,1.1961059038480963,-0.21727452091642774,0.1000775545835495
8,58,1.16,0.05407047048955273,0.7463879728448395,-0.0018751247084904795,0.003263996181608129,-4.103168487548828,-0.536468505859375,0.5005907821062586,0.0,1.196109923342979,-0.21727855555417774,0.10007738322019577
8,59,1.18,0.054054127757670885,0.7464165657491569,-0.0014389866820864784,0.0025351920864843886,-4.103679656982422,-0.5365562438964844,0.5005887317974688,0.0,1.1961130137637714,-0.21728257885652422,0.10007724910974503
8,60,1.2,0.05404186076781808,0.7464383365592258,-0.0010546025137538237,0.0018904243374901967,-4.104167938232422,-0.5366325378417969,0.5005871285201431,0.0,1.1961152884313615,-0.21728647447214464,0.10007715225219727
8,61,1.22,0.05403315732274549,0.7464541317718094,-0.0007209934437204887,0.0013307670214828724,-4.104640960693359,-0.5367012023925781,0.5005859192105873,0.0,1.1961168511502533,-0.21729029618698406,0.1000770851969719
8,62,1.24,0.05402753180790756,0.7464647562221393,-0.0004341506450962085,0.0008478684384472295,-4.105083465576172,-0.5367660522460938,0.5005850519933419,0.0,1.196117799777755,-0.2172939089152642,0.10007704049348831
8,63,1.26,0.05402453546165903,0.7464709393677882,-0.0001906504256639673,0.000434844375488818,-4.105499267578125,-0.5368270874023438,0.5005844816814469,0.0,1.196118227348011,-0.21729735809344855,0.10007702559232712
8,64,1.28,0.054023752685426224,0.746473359050549,1.2742201689297597e-05,8.79131584536636e-05,-4.1058807373046875,-0.5368804931640625,0.500584166486415,0.0,1.196118220109932,-0.21730054905946597,0.10007702559232712
8,65,1.3,0.05402480265288402,0.746472650072297,0.00017969998224967728,-0.00019764533467440593,-4.106224060058594,-0.53692626953125,0.5005840654679108,0.0,1.196117854749876,-0.21730343258456558,0.10007703304290771
8,66,1.32,0.05402734480013203,0.7464693643153635,0.00031452318859057093,-0.0004329762059670046,-4.106540679931641,-0.5369720458984375,0.5005841438742185,0.0,1.1961172019644073,-0.217306141478839,0.1000770628452301
8,67,1.34,0.05403106826075294,0.7464640158401632,0.0004191236953731041,-0.0006159736659440074,-4.106822967529297,-0.5370063781738281,0.5005843699399424,0.0,1.1961163256359586,-0.21730857153872785,0.10007710009813309
8,68,1.36,0.05403569925611646,0.7464570565920756,0.0004986445553563911,-0.0007594958438285938,-4.1070709228515625,-0.5370407104492188,0.5005847137948025,0.0,1.1961152812359699,-0.21731071931429324,0.10007713735103607
8,69,1.38,0.054040985423998704,0.7464489352824086,0.0005528258308709449,-0.0008538481820800996,-4.107292175292969,-0.5370597839355469,0.5005851449128349,0.0,1.1961141154792383,-0.21731264548464968,0.10007718205451965
8,70,1.4,0.05404671346994343,0.7464400178606306,0.000588905601504332,-0.0009216679310492037,-4.107479095458984,-0.5370864868164062,0.5005856357429881,0.0,1.1961128684074505,-0.21731431380499272,0.10007723420858383
8,71,1.42,0.05405270895140556,0.7464305789877539,0.000608083307881337,-0.0009612819243900779,-4.107643127441406,-0.5371055603027344,0.5005861711539251,0.0,1.1961115785199221,-0.2173158024822187,0.10007729381322861
8,72,1.44,0.054058820798472386,0.7464208700699008,0.0006136095506623,-0.0009782110149650035,-4.107776641845703,-0.5371208190917969,0.5005867346654447,0.0,1.1961102765503457,-0.21731701876538864,0.10007734596729279
8,73,1.46,0.05406492201139792,0.7464111069284601,0.0006072100014587259,-0.0009744453862265654,-4.107891082763672,-0.5371322631835938,0.5005873118790368,0.0,1.1961089875015527,-0.2173180767430022,0.10007739812135696
8,74,1.48,0.05407090269103703,0.7464014860181722,0.0005905820906672332,-0.0009518786041626829,-4.1079864501953125,-0.537139892578125,0.500587888536793,0.0,1.1961077313255264,-0.2173189725967386,0.10007745027542114
8,75,1.5,0.05407668097802802,0.7463921462736073,0.0005674177361977242,-0.0009193433832246063,-4.108055114746094,-0.5371475219726562,0.5005884545097089,0.0,1.1961065240940025,-0.21731964910507667,0.10007750242948532
8,76,1.52,0.05408219788478657,0.74638317114717,0.0005388694855630667,-0.0008797620005588363,-4.108116149902344,-0.5371551513671875,0.5005890059440199,0.0,1.196105380273531,-0.21732024777313927,0.1000775471329689
8,77,1.54,0.05408740183652313,0.746374652740191,0.0005053577469789121,-0.0008292417173651857,-4.108158111572266,-0.5371551513671875,0.5005895369834767,0.0,1.1961043099212674,-0.21732068240818628,0.10007759183645248
8,78,1.56,0.054092254950225016,0.7463666719050828,0.0004690067883213567,-0.0007729192651920675,-4.108184814453125,-0.5371551513671875,0.5005900397420185,0.0,1.196103317495088,-0.21732099115919845,0.10007763653993607
8,79,1.58,0.05409672891756961,0.7463592991076295,0.00042983734300014285,-0.000708558182681614,-4.108203887939453,-0.5371513366699219,0.5005905072665515,0.0,1.1961024048223299,-0.21732121825256034,0.10007767379283905
8,80,1.6,0.05410080765884423,0.746352571672401,0.00039003183805578947,-0.0006439079416386814,-4.10821533203125,-0.5371513366699219,0.5005909348721019,0.0,1.1961015728833346,-0.2173213732243894,0.10007770359516144
8,81,1.62,0.054104492987948644,0.746346473713997,0.0003510676284068465,-0.0005823444601668409,-4.10821533203125,-0.5371513366699219,0.500591324826168,0.0,1.1961008237741328,-0.2173214477300644,0.10007774084806442
8,82,1.64,0.05410779260540756,0.7463409901569739,0.00031282131880998684,-0.0005210242980216128,-4.108207702636719,-0.5371475219726562,0.500591678878731,0.0,1.1961001568221272,-0.21732142376906993,0.10007776319980621
8,83,1.66,0.05411071645980506,0.7463361119708595,0.00027579339740314976,-0.0004611340461117521,-4.108196258544922,-0.5371437072753906,0.5005919965684476,0.0,1.1960995687175433,-0.21732138609900722,0.1000777930021286
8,84,1.68,0.0541132820461534,0.7463318128181168,0.0002409437362960818,-0.0004048379456454769,-4.108177185058594,-0.537139892578125,0.5005922790356769,0.0,1.1960990555595385,-0.21732126867808982,0.10007781535387039
8,85,1.7,0.05411550237862918,0.7463280906190186,0.00020669286546748863,-0.00034604424245570644,-4.108161926269531,-0.5371322631835938,0.5005925248306056,0.0,1.196098611521912,-0.21732116687326924,0.10007783025503159
8,86,1.72,0.054117398253146314,0.7463249081926318,0.00017570611037247895,-0.00029593545790113746,-4.108142852783203,-0.5371322631835938,0.5005927351084254,0.0,1.1960982322356917,-0.21732105326688905,0.10007785260677338
8,87,1.74,0.05411900105580726,0.7463221967879519,0.0001477619251245433,-0.0002512504483419504,-4.108116149902344,-0.5371284484863281,0.5005929168619603,0.0,1.1960979149167388,-0.2173208599097852,0.10007786750793457
8,88,1.76,0.05412032958828169,0.7463199428236617,0.00012076468317727884,-0.00020467483254031695,-4.108097076416016,-0.5371208190917969,0.500593069729753,0.0,1.196097652887282,-0.21732070887130975,0.10007787495851517
8,89,1.78,0.05412141068893473,0.746318097555925,9.78426530972465e-05,-0.00016837846825632215,-4.108070373535156,-0.5371208190917969,0.5005931957021231,0.0,1.196097440900242,-0.2173205044276692,0.10007788240909576
8,90,1.8,0.05412226714266643,0.7463166280413935,7.575914050931687e-05,-0.00012979264208775007,-4.108051300048828,-0.5371131896972656,0.5005932979657239,0.0,1.1960972741697937,-0.21732035529655694,0.10007788985967636
8,91,1.82,0.05412291880577527,0.746315516759816,5.658204705351015e-05,-9.618862976194464e-05,-4.108024597167969,-0.537109375,0.5005933748060677,0.0,1.1960971456468208,-0.21732014703823369,0.10007789731025696
8,92,1.84,0.05412339760957733,0.7463146940204778,4.082382633899463e-05,-7.113940063767387e-05,-4.108001708984375,-0.537109375,0.5005934321539673,0.0,1.1960970515746103,-0.2173199582105153,0.10007789731025696
8,93,1.86,0.0541237284662347,0.746314110425088,2.681308876924211e-05,-4.813841300199171e-05,-4.107982635498047,-0.5371055603027344,0.5005934750204517,0.0,1.1960969887678252,-0.21731981289424582,0.10007790476083755
8,94,1.88,0.05412392869301771,0.7463137460361083,1.452132756487772e-05,-2.7087267497854203e-05,-4.107963562011719,-0.5371017456054688,0.5005935036072687,0.0,1.1960969521710152,-0.21731965267696068,0.10007790476083755
8,95,1.9,0.05412402123843631,0.7463135546006,4.983788899134713e-06,-1.2798040039680549e-05,-4.107944488525391,-0.5371017456054688,0.5005935211787991,0.0,1.1960969383179023,-0.21731949627435823,0.10007790476083755
8,96,1.92,0.05412403041056901,0.7463134768466375,-2.384294283598212e-06,-3.766077478992107e-06,-4.107929229736328,-0.5371017456054688,0.5005935339997425,0.0,1.1960969457516208,-0.21731937038921753,0.10007790476083755
8,97,1.94,0.054123971530298416,0.7463134894356883,-8.729455410060475e-06,5.269852627372218e-06,-4.107913970947266,-0.5370979309082031,0.5005935440488279,0.0,1.1960969714070215,-0.21731924259687366,0.10007790476083755
8,98,1.96,0.05412385481233505,0.7463135923870657,-1.405424115546548e-05,1.4305286112431272e-05,-4.107898712158203,-0.5370941162109375,0.5005935492382863,0.0,1.196097010165106,-0.21731911098981802,0.10007790476083755
8,99,1.98,0.05412368779615123,0.7463137915594007,-1.8840173076223986e-05,2.4393688542295796e-05,-4.107887268066406,-0.5370903015136719,0.5005935470360028,0.0,1.1960970571405827,-0.21731901371493587,0.10007790476083755
8,100,2.0,0.05412347922185602,0.7463140756123354,-2.2487028973450172e-05,3.159947453971361e-05,-4.107879638671875,-0.5370903015136719,0.5005935371638928,0.0,1.1960971095994022,-0.21731893587118248,0.10007789731025696
9,1,0.02,-0.18092858612271662,0.7365389572396371,-1.3209833379340767,7.912451884070339,1.9802017211914062,6.7036285400390625,0.536642036560787,0.0,1.3214847730290857,-0.420836929321289,0.1615586280822754
9,2,0.04,-0.19417587697320599,0.8261341726414551,-1.3068964575039788,9.757096827955303,1.0586280822753906,2.5878028869628906,0.5251438085823205,0.0,1.3095255956973528,-0.3264593040943146,0.15042628347873688
9,3,0.06,-0.2037419026051305,0.9169053281644296,-0.6781681350244031,8.553735060102591,0.1805572509765625,0.049289703369140625,0.5113955531921479,0.0,1.2959889482076892,-0.28541361072659494,0.13908176124095917
9,4,0.08,-0.206311624596389,0.9899663492282277,0.07123835481554917,6.338153663889925,-0.7599945068359375,-1.2532844543457031,0.4985496499414439,0.0,1.283231889050028,-0.2649576585292816,0.13011400401592255
9,5,0.1,-0.20171249649738587,1.039381700684917,0.7627125399963844,3.8438403229066593,-1.8066062927246094,-2.0057754516601562,0.48834225366668405,0.0,1.271951616393163,-0.25643951320648195,0.12374545633792877
9,6,0.12,-0.19108495004033194,1.0655594959529435,1.298544215189137,1.6423514825099728,-2.6969680786132812,-2.1279563903808594,0.48144634644628426,0.0,1.2622012526885673,-0.2510480390787124,0.11921926587820053
9,7,0.14,-0.17606548988012383,1.072502908782867,1.6634394803536852,-0.06678795916686153,-3.468738555908203,-1.9370346069335938,0.47762646932099295,0.0,1.2537458534874275,-0.2478396941423416,0.11571168154478073
9,8,0.16,-0.15816708075017805,1.0648894347682425,1.8911557207919794,-1.3222007871497525,-4.046485900878906,-1.6799583435058594,0.47627206901959473,0.0,1.2463445855572033,-0.2450808724462986,0.1127423420548439
9,9,0.18,-0.1385760880032131,1.0468231518793465,2.013999855659237,-2.1988255417835614,-4.474773406982422,-1.4358406066894531,0.4767383000545353,0.0,1.2398202789666037,-0.24257141521573067,0.11012157797813416
9,10,0.2,-0.1182322622310635,1.0218669638738034,2.0509588837714614,-2.7356515500072742,-4.787555694580078,-1.196868896484375,0.4784252785122857,0.0,1.2340366949379618,-0.24013712048530578,0.1078144982457161
9,11,0.22,-0.09790848341556864,0.9931572991730684,2.0172097548269177,-2.9793216017154496,-5.023365020751953,-0.986846923828125,0.4807928370041523,0.0,1.2288718824358718,-0.2379915136396885,0.10584186762571335
9,12,0.24,-0.07817285936792055,0.9630536559196196,1.937854052522603,-3.0335131662308523,-5.184757232666016,-0.8606681823730469,0.4834324243870809,0.0,1.2242294376250755,-0.23610195821151136,0.10421876609325409
9,13,0.26,-0.05939135822005892,0.93306969138079,1.8292597632900562,-2.9675422436019936,-5.2992706298828125,-0.7899131774902344,0.48609628976537567,0.0,1.2200476180332065,-0.23459053947031497,0.10293309390544891
9,14,0.28,-0.04181762309222754,0.9042576148077293,1.6985015301764477,-2.808731933336939,-5.3816680908203125,-0.7375640869140625,0.48863020501621557,0.0,1.216280704588458,-0.23342109113931656,0.10195260494947433
9,15,0.3,-0.02563160075226504,0.877385716992218,1.553201344501442,-2.586334917486333,-5.431781768798828,-0.7031021118164062,0.49093227561618247,0.0,1.2128876394230756,-0.2324702380336821,0.10123396664857864
9,16,0.32,-0.01093541293353172,0.8529222530682862,1.4012614765705655,-2.330890561943203,-5.452274322509766,-0.6863517761230469,0.4929505973415903,0.0,1.2098351235465865,-0.23165799038112164,0.10072945803403854
9,17,0.34,0.0022373506210550966,0.8310726966676524,1.2486578543242346,-2.0651164918652727,-5.450202941894531,-0.681182861328125,0.4946743292031883,0.0,1.207099028955413,-0.23095480729537668,0.10039302706718445
9,18,0.36,0.013907283731450584,0.811844333981906,1.1003351828474173,-1.806398613048345,-5.425994873046875,-0.6829643249511719,0.49611998973646604,0.0,1.2046624969834763,-0.23027604873216478,0.10018379986286163
9,19,0.38,0.024135149027280766,0.7951124112151645,0.9595428922673288,-1.5644989722882705,-5.381843566894531,-0.6861534118652344,0.49731961475652553,0.0,1.202512716529132,-0.229571954553714,0.10006747394800186
9,20,0.4,0.03299933323813222,0.7807383157246178,0.8268390698014082,-1.334028762046313,-5.309833526611328,-0.6773414611816406,0.4983030176847085,0.0,1.2006326408537544,-0.22869118738779798,0.10001640021800995
9,21,0.42,0.04059357360859822,0.768557322608711,0.7045394701736881,-1.1240392606477347,-5.230094909667969,-0.67242431640625,0.49909592890125953,0.0,1.1990012607829026,-0.22783058245992288,0.10000907629728317
9,22,0.44,0.04702702343247705,0.7583462602545121,0.5935559159083715,-0.9377762794963455,-5.1454620361328125,-0.6680221557617188,0.49972949428706964,0.0,1.197601409656946,-0.22698748193262147,0.10002913326025009
9,23,0.46,0.052414231436468256,0.7498564903135595,0.4941247042075983,-0.7772222793897299,-5.062347412109375,-0.6650123596191406,0.5002356200831993,0.0,1.1964184461113945,-0.22620531378220765,0.10006439685821533
9,24,0.48,0.05686662507564674,0.7428467898454421,0.4054949899876504,-0.6394562635823864,-4.9798431396484375,-0.6598281860351562,0.5006436371925304,0.0,1.1954389854139198,-0.22545310620358214,0.10010603070259094
9,25,0.5,0.06048621920273663,0.7371153479412423,0.32657634452637435,-0.5197338834709713,-4.897212982177734,-0.6510963439941406,0.500975720626146,0.0,1.1946478657816313,-0.22470928714843466,0.10014788061380386
9,26,0.52,0.0633650474240302,0.7325016068008093,0.25644685372054876,-0.4144399821037277,-4.81573486328125,-0.6399993896484375,0.501246744615,0.0,1.1940276485735324,-0.22397955373628065,0.10018594563007355
9,27,0.54,0.06558692652990791,0.7288750222964867,0.19436646426807164,-0.3210745210531978,-4.736454010009766,-0.6276321411132812,0.5014664247832947,0.0,1.193559664553796,-0.22327017465047538,0.10021790862083435
9,28,0.56,0.06722912299666439,0.726124877700225,0.13974892418181226,-0.23807536722613612,-4.660255432128906,-0.6149177551269531,0.5016411887203495,0.0,1.1932249775855794,-0.22258743705740197,0.10024268180131912
9,29,0.58,0.0683635571757846,0.7241527098094044,0.09210130515364785,-0.16449097974447965,-4.587848663330078,-0.6025009155273438,0.5017755966100692,0.0,1.1930051464288907,-0.2219369015255943,0.10026007145643234
9,30,0.6,0.06905751728568163,0.7228674423439926,0.050984357386043344,-0.0997559295674796,-4.519786834716797,-0.5908279418945312,0.5018732918302169,0.0,1.1928827475178596,-0.22132324844691903,0.10027046501636505
9,31,0.62,0.06937401281998604,0.7221825730252136,0.015979444533149572,-0.043501419079236076,-4.45648193359375,-0.5801734924316406,0.5019376033909702,0.0,1.1928417093128743,-0.22075016876310108,0.10027460753917694
9,32,0.64,0.06937134126021535,0.7220168596366067,-0.013426606374088525,0.004922218867570803,-4.398502349853516,-0.5704803466796875,0.5019716731874867,0.0,1.1928674178520338,-0.22022258610534481,0.10027343034744263
9,33,0.66,0.06910028226775827,0.7223037353681389,-0.038176654314761464,0.0476332310102156,-4.3475799560546875,-0.5610122680664062,0.5019775245135191,0.0,1.1929464395755105,-0.21975479250075297,0.10026796162128448
9,34,0.68,0.06860715752687914,0.7229796152876146,-0.05831773032436564,0.0834747353835539,-4.300983428955078,-0.5535888671875,0.5019570461014518,0.0,1.1930669098669704,-0.21932545660971664,0.10025915503501892
9,35,0.7,0.06793680089383493,0.7239738534889493,-0.07407991307723404,0.11210086927859136,-4.258819580078125,-0.5477027893066406,0.5019138097087942,0.0,1.1932190737172463,-0.21893515954201576,0.10024791210889816
9,36,0.72,0.06713106479086178,0.7252154836128742,-0.08581552328049681,0.13372968158574938,-4.221096038818359,-0.54296875,0.5018521346673346,0.0,1.1933947795167408,-0.218583957497729,0.10023502260446548
9,37,0.74,0.06622786046289462,0.7266377755950728,-0.09395177431289493,0.14894811365573626,-4.187751770019531,-0.5391006469726562,0.5017764423652853,0.0,1.193587108065201,-0.2182713519698009,0.1002211645245552
9,38,0.76,0.0652606995679111,0.728180742185531,-0.09893847540520981,0.158499287068428,-4.158638000488281,-0.5359306335449219,0.5016908730350995,0.0,1.1937901268215023,-0.217996142456308,0.1002068966627121
9,39,0.78,0.06425856241976738,0.7297923262941405,-0.10123109425171363,0.16321524314816319,-4.133571624755859,-0.5333213806152344,0.5015990894247434,0.0,1.1939987330551822,-0.21775684283592273,0.10019268095493317
9,40,0.8,0.06324600305944009,0.7314286668676441,-0.10126168322466837,0.16390499212214737,-4.112297058105469,-0.5311965942382812,0.5015041896138772,0.0,1.1942085467119163,-0.21755133457377088,0.10017886012792587
9,41,0.82,0.062243413205593734,0.7330537220925213,-0.09943356114115659,0.1613283221221892,-4.094562530517578,-0.5294990539550781,0.5014087129212023,0.0,1.1944158460409,-0.217377532899729,0.1001657024025917
9,42,0.84,0.06126737690687961,0.7346385267934248,-0.09610921921708528,0.1561509179703119,-4.080078125,-0.5281982421875,0.5013146908670776,0.0,1.1946175250926487,-0.21723300088735414,0.1001533791422844
9,43,0.86,0.06033104806096734,0.7361603880404654,-0.09161587414294502,0.14896904835866104,-4.068553924560547,-0.5272483825683594,0.5012237137060628,0.0,1.1948110549585895,-0.21711528916787937,0.10014201700687408
9,44,0.88,0.059444521109788706,0.7376021171439674,-0.08624225463800446,0.14029636851619998,-4.0596923828125,-0.5266151428222656,0.5011369868574426,0.0,1.194994439133174,-0.21702182508651457,0.10013166069984436
9,45,0.9,0.058615217369647046,0.7389511991664269,-0.08023835216968286,0.13056320254504125,-4.053192138671875,-0.5262680053710938,0.5010553984939432,0.0,1.195166172841859,-0.21695001679136475,0.10012232512235641
9,46,0.92,0.05784823088746667,0.7401991092083394,-0.07382290863169254,0.12014348818646947,-4.048774719238281,-0.5261650085449219,0.500979573048318,0.0,1.1953251967024294,-0.21689746603737878,0.10011401027441025
9,47,0.94,0.05714664153770306,0.741340742966892,-0.06718331431566325,0.10935379892399856,-4.046161651611328,-0.5262680053710938,0.5009099078931059,0.0,1.1954708443856488,-0.2168617021283426,0.10010665655136108
9,48,0.96,0.05651182152166939,0.7423738410825362,-0.060476886626208884,0.09845299779960935,-4.045093536376953,-0.5265464782714844,0.5008466136518073,0.0,1.1956027937834872,-0.21684045663128199,0.10010021179914474
9,49,0.98,0.055943722435028,0.7432984534248525,-0.05383333701071701,0.08764969394689405,-4.045322418212891,-0.5269699096679688,0.5007897534579772,0.0,1.1957210211633078,-0.21683159302991406,0.10009463131427765
9,50,1.0,0.05544110992338708,0.7441165808662343,-0.04736223404137043,0.07712820077037501,-4.046627044677734,-0.527496337890625,0.5007392633045966,0.0,1.1958257499775762,-0.21683308084041344,0.10008981823921204
9,51,1.02,0.05500179336368632,0.7448317750572246,-0.04114793535941555,0.06702024624456003,-4.048801422119141,-0.5281105041503906,0.5006949744915414,0.0,1.1959174060315152,-0.21684313974676478,0.10008572041988373
9,52,1.04,0.0546228240539621,0.7454488274237596,-0.03525929595592913,0.05744362255684676,-4.051658630371094,-0.5287742614746094,0.5006566359811164,0.0,1.1959965768288983,-0.21686007477967362,0.10008226335048676
9,53,1.06,0.05430068536467504,0.7459734411252132,-0.029743363553918926,0.04846824107588733,-4.055027008056641,-0.52947998046875,0.5006239317936566,0.0,1.1960639727801217,-0.21688236646112635,0.10007937997579575
9,54,1.08,0.05403144095350695,0.7464120156614785,-0.02463796311649341,0.040163517698630254,-4.058769226074219,-0.5301933288574219,0.5005964976068595,0.0,1.196120394198723,-0.21690874895386514,0.10007701069116592
9,55,1.1,0.05381087930606186,0.7467714123307067,-0.01996228564902355,0.03255706933149007,-4.062740325927734,-0.5309104919433594,0.5005739298368312,0.0,1.1961666985070756,-0.21693791861530917,0.10007508844137192
9,56,1.12,0.05363463801489794,0.7470587386535701,-0.015728081722289542,0.025671128154575458,-4.066844940185547,-0.5316123962402344,0.5005558057356065,0.0,1.1962037778812504,-0.21696900957380422,0.10007357597351074
9,57,1.14,0.053498309130561285,0.7472811699920222,-0.011934089717261185,0.01950013983894363,-4.070976257324219,-0.5322952270507812,0.5005416929013752,0.0,1.1962325373673237,-0.2170010308130004,0.10007241368293762
9,58,1.16,0.05339708532317818,0.747447346933981,-0.008653274799706104,0.014312058248119685,-4.0753631591796875,-0.5327949523925781,0.5005309997083869,0.0,1.1962538297773857,-0.21703558928165875,0.10007155686616898
9,59,1.18,0.0533261573190435,0.7475659949112774,-0.005827430506089199,0.009908016410728557,-4.079547882080078,-0.5333595275878906,0.5005230562452365,0.0,1.1962684752929529,-0.21706913752249965,0.10007096827030182
9,60,1.2,0.053281257674824375,0.7476441123167079,-0.0034055702109243796,0.006136318830378974,-4.0834808349609375,-0.5339508056640625,0.5005174101460572,0.0,1.196277340798571,-0.21710115607842453,0.10007061064243317
9,61,1.22,0.053258576782125575,0.7476874474580189,-0.001346064010616023,0.0028933517377985165,-4.0871429443359375,-0.5345344543457031,0.5005137550007097,0.0,1.1962812945346464,-0.2171313555666857,0.10007043927907944
9,62,1.24,0.05325466188133477,0.7477010022111125,0.0003820271122950378,0.0001276605036222401,-4.090522766113281,-0.5350723266601562,0.5005118578092334,0.0,1.1962811654705112,-0.2171595689358219,0.10007043927907944
9,63,1.26,0.05326635577945813,0.7476893439974325,0.0018071605001974212,-0.0021977878447082644,-4.093608856201172,-0.535552978515625,0.50051150814366,0.0,1.1962777147416466,-0.2171855923927651,0.10007056593894958
9,64,1.28,0.053290785594617106,0.7476566748970959,0.0029577465397382374,-0.0041191238873045065,-4.096397399902344,-0.5359764099121094,0.5005125057218096,0.0,1.196271627508977,-0.2172093450705579,0.10007079690694809
9,65,1.3,0.05332534255562839,0.7476069126921281,0.0038585933208388967,-0.005658622383856057,-4.098896026611328,-0.5363349914550781,0.5005146512402203,0.0,1.1962635089380202,-0.21723083000777116,0.10007110983133316
9,66,1.32,0.053367685241185805,0.7475436547062394,0.004537970040936202,-0.006856137874382628,-4.101108551025391,-0.5366439819335938,0.5005177481430367,0.0,1.1962538869445094,-0.2172500482637115,0.100071482360363
9,67,1.34,0.053415720123163264,0.7474702385983832,0.0050178781578557345,-0.007726535252315338,-4.103046417236328,-0.5368881225585938,0.5005216012729319,0.0,1.1962432137474106,-0.21726705551170744,0.10007190704345703
9,68,1.36,0.053467615143020605,0.7473896343476046,0.005327762330877081,-0.008324086305758401,-4.104724884033203,-0.5371017456054688,0.5005260250827946,0.0,1.1962318738173527,-0.21728195619769394,0.10007235407829285
9,69,1.38,0.05352178216294878,0.7473044742147228,0.005487967107136289,-0.008666167707746258,-4.106159210205078,-0.537261962890625,0.5005308525084571,0.0,1.1962201927593712,-0.21729484373010927,0.10007282346487045
9,70,1.4,0.05357685730836872,0.7472170867536169,0.005522566449742771,-0.008793533654270845,-4.107368469238281,-0.5373916625976562,0.5005359239893784,0.0,1.1962084365065486,-0.21730585270021402,0.10007329285144806
9,71,1.42,0.05363171527414513,0.747129375222372,0.00545523005049597,-0.008750118121706897,-4.108367919921875,-0.5374984741210938,0.500541110166026,0.0,1.196196827752378,-0.2173151165813324,0.10007376223802567
9,72,1.44,0.053685427444059616,0.7470429415593034,0.005302411843135551,-0.008555012572649892,-4.109184265136719,-0.5375709533691406,0.5005463010955256,0.0,1.1961855461409896,-0.21732281155996316,0.10007421672344208
9,73,1.46,0.05373723789922076,0.7469591384289733,0.00508202339471847,-0.008237803909992387,-4.109828948974609,-0.5376205444335938,0.5005513965777455,0.0,1.196174728804355,-0.21732904249514104,0.1000746563076973
9,74,1.48,0.0537865691088032,0.7468789862061183,0.004811827307913988,-0.007834621485694854,-4.110324859619141,-0.53765869140625,0.5005563208787193,0.0,1.1961644824560254,-0.21733399475517218,0.10007507354021072
9,75,1.5,0.05383299560070872,0.7468032349692151,0.004504975172780229,-0.007365210834947956,-4.110687255859375,-0.5376777648925781,0.5005610198734263,0.0,1.196154887271034,-0.2173377976542397,0.10007547587156296
9,76,1.52,0.05387621428711623,0.7467324465700076,0.0041729621099968525,-0.006847652835806355,-4.110935211181641,-0.5376815795898438,0.5005654496139185,0.0,1.1961459957025968,-0.2173405705113255,0.10007584095001221
9,77,1.54,0.05391603394644033,0.746666983540527,0.003826714096590353,-0.006303353497656526,-4.111087799072266,-0.5376777648925781,0.5005695798194353,0.0,1.1961378393995403,-0.21734250714724476,0.10007618367671967
9,78,1.56,0.0539523621148907,0.7466070354997454,0.0034752640715873654,-0.005746307893569151,-4.111148834228516,-0.5376625061035156,0.5005733933419647,0.0,1.1961304322716506,-0.21734360444941558,0.10007648915052414
9,79,1.58,0.05398517674598264,0.746552698878781,0.003124045622126397,-0.005182097534201367,-4.11114501953125,-0.5376358032226562,0.5005768768960941,0.0,1.196123769572647,-0.2173440966613416,0.10007676482200623
9,80,1.6,0.054014522575429685,0.7465039310212386,0.002780719593488861,-0.004631283639747369,-4.111091613769531,-0.5376129150390625,0.5005800271824181,0.0,1.196117836712388,-0.21734412300924305,0.10007701069116592
9,81,1.62,0.05404049747494727,0.7464606103408444,0.0024487318141647994,-0.004091627382034805,-4.1109771728515625,-0.5375747680664062,0.5005828481762976,0.0,1.1961126088129448,-0.21734358777070883,0.10007723420858383
9,82,1.64,0.05406324539745583,0.7464225267190229,0.002133595538315986,-0.003580850178537526,-4.110836029052734,-0.5375442504882812,0.5005853476575557,0.0,1.1961080513824933,-0.21734276821314416,0.10007742047309875
9,83,1.66,0.054082936896252,0.746389430397798,0.0018356944640632595,-0.0030919158733307044,-4.110664367675781,-0.5375022888183594,0.5005875389354545,0.0,1.1961041257087557,-0.21734165373587166,0.10007759183645248
9,84,1.68,0.05409976843691364,0.746361021095813,0.0015593747584463945,-0.0026395400048416077,-4.1104736328125,-0.5374679565429688,0.5005894361956984,0.0,1.1961007873047231,-0.21734031788290303,0.10007772594690323
9,85,1.7,0.05411396143673269,0.7463369238240538,0.0013056477512028146,-0.002225398247395269,-4.110271453857422,-0.5374336242675781,0.5005910642142762,0.0,1.1960979934143712,-0.21733887175950803,0.10007785260677338
9,86,1.72,0.05412573268137735,0.7463168085302184,0.0010728709695711099,-0.001840069053113659,-4.1100616455078125,-0.5373916625976562,0.5005924418422449,0.0,1.1960956961482,-0.2173372954587976,0.10007794946432114
9,87,1.74,0.05413530158474915,0.7463003389567062,0.0008628237205584462,-0.00149220159901066,-4.109851837158203,-0.5373573303222656,0.500593585866903,0.0,1.1960938458682995,-0.2173356839870394,0.1000780239701271
9,88,1.76,0.05414289270357117,0.7462871506321652,0.0006750097944440266,-0.0011799563684664863,-4.109642028808594,-0.537322998046875,0.5005945187748377,0.0,1.1960923962330274,-0.21733405570735342,0.10007809102535248
9,89,1.78,0.05414872304380063,0.746276903190214,0.0005084652358518042,-0.0009004684531007916,-4.10943603515625,-0.5372886657714844,0.5005952601825394,0.0,1.196091300269575,-0.21733241514752444,0.10007813572883606
9,90,1.8,0.05415300400558541,0.7462692474324565,0.00036294405932028265,-0.000657617813651033,-4.109245300292969,-0.537261962890625,0.500595831379198,0.0,1.1960905145502447,-0.2173308782948443,0.10007816553115845
9,91,1.82,0.054155934361788345,0.7462638613548613,0.0002363793243065004,-0.00044340907088091477,-4.109058380126953,-0.5372314453125,0.5005962529943795,0.0,1.196089998284438,-0.21732935515652935,0.10007818788290024
9,92,1.84,0.054157702605930544,0.7462604361846631,0.0001285655234734627,-0.0002618549875674438,-4.10888671875,-0.5372085571289062,0.500596543420375,0.0,1.1960897121901195,-0.21732794871945227,0.10007820278406143
9,93,1.86,0.05415848826707745,0.7462586676404427,3.805942649737665e-05,-0.000108938124882361,-4.108722686767578,-0.5371856689453125,0.5005967232828623,0.0,1.1960896214946604,-0.2173265903270367,0.10007821023464203
9,94,1.88,0.054158451417955174,0.7462583023079595,-3.749013401199447e-05,2.127908363056304e-05,-4.108573913574219,-0.5371627807617188,0.5005968078551201,0.0,1.1960896918485235,-0.2173253429162578,0.10007821023464203
9,95,1.9,0.05415773827141272,0.7462590955072352,-9.870084080996572e-05,0.00012562149941981664,-4.1084442138671875,-0.5371475219726562,0.5005968122590223,0.0,1.1960898934769721,-0.21732424654281932,0.10007820278406143
9,96,1.92,0.05415648470337862,0.7462608090968038,-0.00014693115387243353,0.0002078057969613476,-4.1083221435546875,-0.5371322631835938,0.5005967536385569,0.0,1.1960902014732138,-0.21732319821440615,0.10007818788290024
9,97,1.94,0.05415480205993824,0.7462632801020581,-0.00018551213130363169,0.000278380810796933,-4.10821533203125,-0.5371131896972656,0.5005966409866894,0.0,1.1960905898495378,-0.21732227004751623,0.10007817298173904
9,98,1.96,0.05415279232250404,0.7462663534804719,-0.0002134631256539148,0.00033034211713909765,-4.108116149902344,-0.5371017456054688,0.5005964813298364,0.0,1.1960910348500973,-0.21732139755292154,0.10007815062999725
9,99,1.98,0.05415055869500645,0.7462698247128678,-0.00023135535215743368,0.0003603887589411375,-4.108036041259766,-0.5370979309082031,0.5005962910516114,0.0,1.1960915209592853,-0.21732069099592627,0.10007812827825546
9,100,2.0,0.054148182679514614,0.7462735491554331,-0.00024262775348057706,0.0003819318047063958,-4.107963562011719,-0.5370864868164062,0.5005960823225388,0.0,1.1960920342743393,-0.2173200527483423,0.10007811337709427
