# WaveFront *.obj file (generated by Autodesk ATF)

mtllib Two_link_model.mtl

g Body1

v -0.101573 -1.496557 -64.600000
v -0.469389 -1.424666 -64.600000
v -0.807903 -1.263840 -64.600000
v -1.095984 -1.024119 -64.600000
v -1.315647 -0.720467 -64.600000
v -1.453181 -0.371840 -64.600000
v -1.500000 0.000000 -64.600000
v -1.453181 0.371840 -64.600000
v -1.315647 0.720467 -64.600000
v -1.095984 1.024119 -64.600000
v -0.807903 1.263840 -64.600000
v -0.469389 1.424666 -64.600000
v -0.101573 1.496557 -64.600000
v -0.101573 1.445563 -64.987337
v -0.101573 1.296056 -65.348278
v -0.101573 1.058226 -65.658226
v -0.101573 0.748278 -65.896056
v -0.101573 0.387337 -66.045563
v -0.101573 0.000000 -66.096557
v -0.101573 -0.387337 -66.045563
v -0.101573 -0.748278 -65.896056
v -0.101573 -1.058226 -65.658226
v -0.101573 -1.296056 -65.348278
v -0.101573 -1.445563 -64.987337
v -0.411700 0.225453 -66.024666
v -0.252814 -0.395489 -66.024666
v -0.454738 -1.380199 -64.971840
v -0.411700 -1.249572 -65.320467
v -0.342962 -1.040941 -65.624119
v -0.252814 -0.767328 -65.863840
v -0.146884 -0.445815 -66.024666
v -0.782686 -1.224393 -64.971840
v -0.708610 -1.108512 -65.320467
v -0.590299 -0.923432 -65.624119
v -0.435138 -0.680707 -65.863840
v -0.411700 -0.225453 -66.024666
v -1.061775 -0.992154 -64.971840
v -0.961285 -0.898253 -65.320467
v -0.800787 -0.748278 -65.624119
v -0.590299 -0.551593 -65.863840
v -0.342962 -0.320474 -66.024666
v -1.274582 -0.697979 -64.971840
v -1.153952 -0.631920 -65.320467
v -0.961285 -0.526413 -65.624119
v -0.708610 -0.388045 -65.863840
v -1.407824 -0.360233 -64.971840
v -1.274582 -0.326140 -65.320467
v -1.061775 -0.271687 -65.624119
v -0.782686 -0.200274 -65.863840
v -0.454738 -0.116358 -66.024666
v -1.453181 -0.000000 -64.971840
v -1.315647 -0.000000 -65.320467
v -1.095984 -0.000000 -65.624119
v -0.807903 -0.000000 -65.863840
v -0.469389 -0.000000 -66.024666
v -1.407824 0.360233 -64.971840
v -1.274582 0.326140 -65.320467
v -1.061775 0.271687 -65.624119
v -0.782686 0.200274 -65.863840
v -0.454738 0.116358 -66.024666
v -1.274582 0.697979 -64.971840
v -1.153952 0.631920 -65.320467
v -0.961285 0.526413 -65.624119
v -0.708610 0.388045 -65.863840
v -0.252814 0.395489 -66.024666
v -1.061775 0.992154 -64.971840
v -0.961285 0.898253 -65.320467
v -0.800787 0.748278 -65.624119
v -0.590299 0.551593 -65.863840
v -0.342962 0.320474 -66.024666
v -0.782686 1.224393 -64.971840
v -0.708610 1.108512 -65.320467
v -0.590299 0.923432 -65.624119
v -0.435138 0.680707 -65.863840
v -0.454738 1.380199 -64.971840
v -0.411700 1.249572 -65.320467
v -0.342962 1.040941 -65.624119
v -0.252814 0.767328 -65.863840
v -0.146884 0.445815 -66.024666
v -0.101573 1.445563 -64.212663
v -0.101573 1.296056 -63.851722
v -0.101573 1.058226 -63.541774
v -0.101573 0.748278 -63.303944
v -0.101573 0.387337 -63.154437
v -0.101573 -0.000000 -63.103443
v -0.101573 -0.387337 -63.154437
v -0.101573 -0.748278 -63.303944
v -0.101573 -1.058226 -63.541774
v -0.101573 -1.296056 -63.851722
v -0.101573 -1.445563 -64.212663
v 0.101573 1.496557 -64.600000
v 0.101573 1.445563 -64.987337
v 0.101573 1.296056 -65.348278
v 0.101573 1.058226 -65.658226
v 0.101573 0.748278 -65.896056
v 0.101573 0.387337 -66.045563
v 0.101573 0.000000 -66.096557
v 0.101573 -0.387337 -66.045563
v 0.101573 -0.748278 -65.896056
v 0.101573 -1.058226 -65.658226
v 0.101573 -1.296056 -65.348278
v 0.101573 -1.445563 -64.987337
v 0.101573 -1.496557 -64.600000
v 0.101573 -1.445563 -64.212663
v 0.101573 -1.296056 -63.851722
v 0.101573 -1.058226 -63.541774
v 0.101573 -0.748278 -63.303944
v 0.101573 -0.387337 -63.154437
v 0.101573 0.000000 -63.103443
v 0.101573 0.387337 -63.154437
v 0.101573 0.748278 -63.303944
v 0.101573 1.058226 -63.541774
v 0.101573 1.296056 -63.851722
v 0.101573 1.445563 -64.212663
v 0.469389 1.424666 -64.600000
v 0.807903 1.263840 -64.600000
v 1.095984 1.024119 -64.600000
v 1.315647 0.720467 -64.600000
v 1.453181 0.371840 -64.600000
v 1.500000 0.000000 -64.600000
v 1.453181 -0.371840 -64.600000
v 1.315647 -0.720467 -64.600000
v 1.095984 -1.024119 -64.600000
v 0.807903 -1.263840 -64.600000
v 0.469389 -1.424666 -64.600000
v 0.411700 -0.225453 -66.024666
v 0.252814 0.395489 -66.024666
v 0.454738 1.380199 -64.971840
v 0.411700 1.249572 -65.320467
v 0.342962 1.040941 -65.624119
v 0.252814 0.767328 -65.863840
v 0.146884 0.445815 -66.024666
v 0.782686 1.224393 -64.971840
v 0.708610 1.108512 -65.320467
v 0.590299 0.923432 -65.624119
v 0.435138 0.680707 -65.863840
v 0.411700 0.225453 -66.024666
v 1.061775 0.992154 -64.971840
v 0.961285 0.898253 -65.320467
v 0.800787 0.748278 -65.624119
v 0.590299 0.551593 -65.863840
v 0.342962 0.320474 -66.024666
v 1.274582 0.697979 -64.971840
v 1.153952 0.631920 -65.320467
v 0.961285 0.526413 -65.624119
v 0.708610 0.388045 -65.863840
v 1.407824 0.360233 -64.971840
v 1.274582 0.326140 -65.320467
v 1.061775 0.271687 -65.624119
v 0.782686 0.200274 -65.863840
v 0.454738 0.116358 -66.024666
v 1.453181 0.000000 -64.971840
v 1.315647 0.000000 -65.320467
v 1.095984 0.000000 -65.624119
v 0.807903 0.000000 -65.863840
v 0.469389 0.000000 -66.024666
v 1.407824 -0.360233 -64.971840
v 1.274582 -0.326140 -65.320467
v 1.061775 -0.271687 -65.624119
v 0.782686 -0.200274 -65.863840
v 0.454738 -0.116358 -66.024666
v 1.274582 -0.697979 -64.971840
v 1.153952 -0.631920 -65.320467
v 0.961285 -0.526413 -65.624119
v 0.708610 -0.388045 -65.863840
v 0.252814 -0.395489 -66.024666
v 1.061775 -0.992154 -64.971840
v 0.961285 -0.898253 -65.320467
v 0.800787 -0.748278 -65.624119
v 0.590299 -0.551593 -65.863840
v 0.342962 -0.320474 -66.024666
v 0.782686 -1.224393 -64.971840
v 0.708610 -1.108512 -65.320467
v 0.590299 -0.923432 -65.624119
v 0.435138 -0.680707 -65.863840
v 0.454738 -1.380199 -64.971840
v 0.411700 -1.249572 -65.320467
v 0.342962 -1.040941 -65.624119
v 0.252814 -0.767328 -65.863840
v 0.146884 -0.445815 -66.024666
v -0.033881 1.499617 -64.600000
v 0.033881 1.499617 -64.600000
v 0.033881 -1.499617 -64.600000
v -0.033881 -1.499617 -64.600000
v -0.000000 -0.000000 -63.100000
v 0.100481 -0.375000 -63.151111
v -0.100481 0.375000 -63.151111
v 0.000000 -0.388229 -63.151111
v 0.000000 -0.750000 -63.300962
v 0.000000 -1.060660 -63.539340
v 0.000000 -1.299038 -63.850000
v 0.000000 -1.448889 -64.211771
v -0.100481 -0.375000 -63.151111
v 0.000000 1.448889 -64.211771
v 0.000000 1.299038 -63.850000
v 0.000000 1.060660 -63.539340
v 0.000000 0.750000 -63.300962
v 0.000000 0.388229 -63.151111
v 0.100481 0.375000 -63.151111
v 1.500000 0.000000 -4.600000
v 1.448889 0.388229 -4.600000
v 1.299038 0.750000 -4.600000
v 1.060660 1.060660 -4.600000
v 0.750000 1.299038 -4.600000
v 0.388229 1.448889 -4.600000
v 0.000000 1.500000 -4.600000
v -0.388229 1.448889 -4.600000
v -0.750000 1.299038 -4.600000
v -1.060660 1.060660 -4.600000
v -1.299038 0.750000 -4.600000
v -1.448889 0.388229 -4.600000
v -1.500000 0.000000 -4.600000
v -1.448889 -0.388229 -4.600000
v -1.299038 -0.750000 -4.600000
v -1.060660 -1.060660 -4.600000
v -0.750000 -1.299038 -4.600000
v -0.388229 -1.448889 -4.600000
v -0.000000 -1.500000 -4.600000
v 0.388229 -1.448889 -4.600000
v 0.750000 -1.299038 -4.600000
v 1.060660 -1.060660 -4.600000
v 1.299038 -0.750000 -4.600000
v 1.448889 -0.388229 -4.600000
v -1.500000 0.000000 -57.100000
v -1.500000 0.000000 -49.600000
v -1.500000 0.000000 -42.100000
v -1.500000 0.000000 -34.600000
v -1.500000 0.000000 -27.100000
v -1.500000 0.000000 -19.600000
v -1.500000 0.000000 -12.100000
v 0.388229 -1.448889 -57.100000
v 0.388229 -1.448889 -49.600000
v 0.388229 -1.448889 -42.100000
v 0.388229 -1.448889 -34.600000
v 0.388229 -1.448889 -27.100000
v 0.388229 -1.448889 -19.600000
v 0.388229 -1.448889 -12.100000
v -0.000000 -1.500000 -12.100000
v -0.000000 -1.500000 -19.600000
v -0.000000 -1.500000 -27.100000
v -0.000000 -1.500000 -34.600000
v -0.000000 -1.500000 -42.100000
v -0.000000 -1.500000 -49.600000
v 0.000000 -1.500000 -57.100000
v 0.750000 -1.299038 -57.100000
v 0.750000 -1.299038 -49.600000
v 0.750000 -1.299038 -42.100000
v 0.750000 -1.299038 -34.600000
v 0.750000 -1.299038 -27.100000
v 0.750000 -1.299038 -19.600000
v 0.750000 -1.299038 -12.100000
v 1.060660 -1.060660 -57.100000
v 1.060660 -1.060660 -49.600000
v 1.060660 -1.060660 -42.100000
v 1.060660 -1.060660 -34.600000
v 1.060660 -1.060660 -27.100000
v 1.060660 -1.060660 -19.600000
v 1.060660 -1.060660 -12.100000
v 1.299038 -0.750000 -57.100000
v 1.299038 -0.750000 -49.600000
v 1.299038 -0.750000 -42.100000
v 1.299038 -0.750000 -34.600000
v 1.299038 -0.750000 -27.100000
v 1.299038 -0.750000 -19.600000
v 1.299038 -0.750000 -12.100000
v 1.448889 -0.388229 -57.100000
v 1.448889 -0.388229 -49.600000
v 1.448889 -0.388229 -42.100000
v 1.448889 -0.388229 -34.600000
v 1.448889 -0.388229 -27.100000
v 1.448889 -0.388229 -19.600000
v 1.448889 -0.388229 -12.100000
v 1.500000 0.000000 -57.100000
v 1.500000 0.000000 -49.600000
v 1.500000 0.000000 -42.100000
v 1.500000 0.000000 -34.600000
v 1.500000 0.000000 -27.100000
v 1.500000 0.000000 -19.600000
v 1.500000 0.000000 -12.100000
v 1.448889 0.388229 -57.100000
v 1.448889 0.388229 -49.600000
v 1.448889 0.388229 -42.100000
v 1.448889 0.388229 -34.600000
v 1.448889 0.388229 -27.100000
v 1.448889 0.388229 -19.600000
v 1.448889 0.388229 -12.100000
v 1.299038 0.750000 -57.100000
v 1.299038 0.750000 -49.600000
v 1.299038 0.750000 -42.100000
v 1.299038 0.750000 -34.600000
v 1.299038 0.750000 -27.100000
v 1.299038 0.750000 -19.600000
v 1.299038 0.750000 -12.100000
v 1.060660 1.060660 -57.100000
v 1.060660 1.060660 -49.600000
v 1.060660 1.060660 -42.100000
v 1.060660 1.060660 -34.600000
v 1.060660 1.060660 -27.100000
v 1.060660 1.060660 -19.600000
v 1.060660 1.060660 -12.100000
v 0.750000 1.299038 -57.100000
v 0.750000 1.299038 -49.600000
v 0.750000 1.299038 -42.100000
v 0.750000 1.299038 -34.600000
v 0.750000 1.299038 -27.100000
v 0.750000 1.299038 -19.600000
v 0.750000 1.299038 -12.100000
v 0.388229 1.448889 -57.100000
v 0.388229 1.448889 -49.600000
v 0.388229 1.448889 -42.100000
v 0.388229 1.448889 -34.600000
v 0.388229 1.448889 -27.100000
v 0.388229 1.448889 -19.600000
v 0.388229 1.448889 -12.100000
v 0.000000 1.500000 -57.100000
v 0.000000 1.500000 -49.600000
v 0.000000 1.500000 -42.100000
v 0.000000 1.500000 -34.600000
v 0.000000 1.500000 -27.100000
v 0.000000 1.500000 -19.600000
v 0.000000 1.500000 -12.100000
v -0.388229 1.448889 -57.100000
v -0.388229 1.448889 -49.600000
v -0.388229 1.448889 -42.100000
v -0.388229 1.448889 -34.600000
v -0.388229 1.448889 -27.100000
v -0.388229 1.448889 -19.600000
v -0.388229 1.448889 -12.100000
v -0.750000 1.299038 -57.100000
v -0.750000 1.299038 -49.600000
v -0.750000 1.299038 -42.100000
v -0.750000 1.299038 -34.600000
v -0.750000 1.299038 -27.100000
v -0.750000 1.299038 -19.600000
v -0.750000 1.299038 -12.100000
v -1.060660 1.060660 -57.100000
v -1.060660 1.060660 -49.600000
v -1.060660 1.060660 -42.100000
v -1.060660 1.060660 -34.600000
v -1.060660 1.060660 -27.100000
v -1.060660 1.060660 -19.600000
v -1.060660 1.060660 -12.100000
v -1.299038 0.750000 -57.100000
v -1.299038 0.750000 -49.600000
v -1.299038 0.750000 -42.100000
v -1.299038 0.750000 -34.600000
v -1.299038 0.750000 -27.100000
v -1.299038 0.750000 -19.600000
v -1.299038 0.750000 -12.100000
v -1.448889 0.388229 -57.100000
v -1.448889 0.388229 -49.600000
v -1.448889 0.388229 -42.100000
v -1.448889 0.388229 -34.600000
v -1.448889 0.388229 -27.100000
v -1.448889 0.388229 -19.600000
v -1.448889 0.388229 -12.100000
v -1.448889 -0.388229 -57.100000
v -1.448889 -0.388229 -49.600000
v -1.448889 -0.388229 -42.100000
v -1.448889 -0.388229 -34.600000
v -1.448889 -0.388229 -27.100000
v -1.448889 -0.388229 -19.600000
v -1.448889 -0.388229 -12.100000
v -1.299038 -0.750000 -57.100000
v -1.299038 -0.750000 -49.600000
v -1.299038 -0.750000 -42.100000
v -1.299038 -0.750000 -34.600000
v -1.299038 -0.750000 -27.100000
v -1.299038 -0.750000 -19.600000
v -1.299038 -0.750000 -12.100000
v -1.060660 -1.060660 -57.100000
v -1.060660 -1.060660 -49.600000
v -1.060660 -1.060660 -42.100000
v -1.060660 -1.060660 -34.600000
v -1.060660 -1.060660 -27.100000
v -1.060660 -1.060660 -19.600000
v -1.060660 -1.060660 -12.100000
v -0.750000 -1.299038 -57.100000
v -0.750000 -1.299038 -49.600000
v -0.750000 -1.299038 -42.100000
v -0.750000 -1.299038 -34.600000
v -0.750000 -1.299038 -27.100000
v -0.750000 -1.299038 -19.600000
v -0.750000 -1.299038 -12.100000
v -0.388229 -1.448889 -57.100000
v -0.388229 -1.448889 -49.600000
v -0.388229 -1.448889 -42.100000
v -0.388229 -1.448889 -34.600000
v -0.388229 -1.448889 -27.100000
v -0.388229 -1.448889 -19.600000
v -0.388229 -1.448889 -12.100000
vt 0.391777 -1.798451 0.000000
vt -0.000000 -1.795839 0.000000
vt 0.375757 -2.070388 0.000000
vt -0.000000 -2.070388 0.000000
vt 0.375757 -2.344937 0.000000
vt -0.000000 -2.344937 0.000000
vt 0.375757 -2.619487 0.000000
vt -0.000000 -2.619487 0.000000
vt 0.375757 -2.894036 0.000000
vt -0.000000 -2.894036 0.000000
vt 0.375757 -3.168585 0.000000
vt -0.000000 -3.168585 0.000000
vt 0.375757 -3.443134 0.000000
vt -0.000000 -3.443134 0.000000
vt 0.375757 -3.717683 0.000000
vt -0.000000 -3.717683 0.000000
vt 0.375757 -3.992232 0.000000
vt -0.000000 -3.992232 0.000000
vt 0.375757 -4.266782 0.000000
vt -0.000000 -4.266782 0.000000
vt 0.375757 -4.541331 0.000000
vt -0.000000 -4.541331 0.000000
vt 0.375757 -4.815880 0.000000
vt -0.000000 -4.815880 0.000000
vt -0.000000 -5.090429 0.000000
vt 0.391777 -5.087817 0.000000
vt 0.751514 -4.815880 0.000000
vt 0.751514 -4.541331 0.000000
vt 0.751514 -4.266782 0.000000
vt 0.751514 -3.992232 0.000000
vt 0.751514 -3.717683 0.000000
vt 0.751514 -3.443134 0.000000
vt 0.751514 -3.168585 0.000000
vt 0.751514 -2.894036 0.000000
vt 0.751514 -2.619487 0.000000
vt 0.751514 -2.344937 0.000000
vt 0.751514 -2.070388 0.000000
vt 0.783411 -1.807285 0.000000
vt 1.127272 -2.070388 0.000000
vt 1.174658 -1.826443 0.000000
vt 1.503029 -2.070388 0.000000
vt 1.564853 -1.869435 0.000000
vt 1.878786 -2.070388 0.000000
vt 1.950845 -2.002644 0.000000
vt 1.878786 -2.344937 0.000000
vt 1.878786 -2.619487 0.000000
vt 1.503029 -2.344937 0.000000
vt 1.503029 -2.619487 0.000000
vt 1.127272 -2.344937 0.000000
vt 1.127272 -2.619487 0.000000
vt 0.783411 -5.078983 0.000000
vt 1.127272 -4.815880 0.000000
vt 1.127272 -4.541331 0.000000
vt 1.127272 -4.266782 0.000000
vt 1.127272 -3.992232 0.000000
vt 1.127272 -3.717683 0.000000
vt 1.127272 -3.443134 0.000000
vt 1.127272 -3.168585 0.000000
vt 1.127272 -2.894036 0.000000
vt 1.174658 -5.059825 0.000000
vt 1.503029 -4.815880 0.000000
vt 1.503029 -4.541331 0.000000
vt 1.503029 -4.266782 0.000000
vt 1.503029 -3.992232 0.000000
vt 1.503029 -3.717683 0.000000
vt 1.503029 -3.443134 0.000000
vt 1.503029 -3.168585 0.000000
vt 1.503029 -2.894036 0.000000
vt 1.564853 -5.016833 0.000000
vt 1.878786 -4.815880 0.000000
vt 1.878786 -4.541331 0.000000
vt 1.878786 -4.266782 0.000000
vt 1.878786 -3.992232 0.000000
vt 1.878786 -3.717683 0.000000
vt 1.878786 -3.443134 0.000000
vt 1.878786 -3.168585 0.000000
vt 1.878786 -2.894036 0.000000
vt 1.950845 -4.883625 0.000000
vt 2.254543 -3.443134 0.000000
vt 0.101573 -1.958989 0.000000
vt -0.101573 -1.958989 0.000000
vt 0.101573 -2.350786 0.000000
vt -0.101573 -2.350786 0.000000
vt 0.101573 -2.742584 0.000000
vt -0.101573 -2.742584 0.000000
vt 0.101573 -3.134382 0.000000
vt -0.101573 -3.134382 0.000000
vt 0.101573 -3.526179 0.000000
vt -0.101573 -3.526179 0.000000
vt 0.101573 -3.917977 0.000000
vt -0.101573 -3.917977 0.000000
vt 0.101573 -4.309775 0.000000
vt -0.101573 -4.309775 0.000000
vt 0.101573 -4.701572 0.000000
vt -0.101573 -4.701572 0.000000
vt 0.101573 4.701572 0.000000
vt -0.101573 4.701572 0.000000
vt 0.101573 4.309775 0.000000
vt -0.101573 4.309775 0.000000
vt 0.101573 3.917977 0.000000
vt -0.101573 3.917977 0.000000
vt 0.101573 3.526179 0.000000
vt -0.101573 3.526179 0.000000
vt 0.101573 3.134382 0.000000
vt -0.101573 3.134382 0.000000
vt 0.101573 2.742584 0.000000
vt -0.101573 2.742584 0.000000
vt 0.101573 2.350786 0.000000
vt -0.101573 2.350786 0.000000
vt 0.101573 1.958989 0.000000
vt -0.101573 1.958989 0.000000
vt 0.101573 1.567191 0.000000
vt -0.101573 1.567191 0.000000
vt 0.101573 1.175393 0.000000
vt -0.101573 1.175393 0.000000
vt 0.101573 0.783595 0.000000
vt -0.101573 0.783595 0.000000
vt 0.101573 0.391798 0.000000
vt -0.101573 0.391798 0.000000
vt 0.101573 0.000000 0.000000
vt -0.101573 0.000000 0.000000
vt 0.101573 -0.391798 0.000000
vt -0.101573 -0.391798 0.000000
vt 0.101573 -0.783595 0.000000
vt -0.101573 -0.783595 0.000000
vt 0.101573 -1.175393 0.000000
vt -0.101573 -1.175393 0.000000
vt 0.101573 -1.567191 0.000000
vt -0.101573 -1.567191 0.000000
vt 0.391777 1.644683 0.000000
vt -0.000000 1.647295 0.000000
vt 0.375757 1.372746 0.000000
vt -0.000000 1.372746 0.000000
vt 0.375757 1.098197 0.000000
vt -0.000000 1.098197 0.000000
vt 0.375757 0.823647 0.000000
vt -0.000000 0.823647 0.000000
vt 0.375757 0.549098 0.000000
vt -0.000000 0.549098 0.000000
vt 0.375757 0.274549 0.000000
vt -0.000000 0.274549 0.000000
vt 0.375757 0.000000 0.000000
vt -0.000000 0.000000 0.000000
vt 0.375757 -0.274549 0.000000
vt -0.000000 -0.274549 0.000000
vt 0.375757 -0.549098 0.000000
vt -0.000000 -0.549098 0.000000
vt 0.375757 -0.823647 0.000000
vt -0.000000 -0.823647 0.000000
vt 0.375757 -1.098197 0.000000
vt -0.000000 -1.098197 0.000000
vt 0.375757 -1.372746 0.000000
vt -0.000000 -1.372746 0.000000
vt -0.000000 -1.647295 0.000000
vt 0.391777 -1.644683 0.000000
vt 0.751514 -1.372746 0.000000
vt 0.751514 -1.098197 0.000000
vt 0.751514 -0.823647 0.000000
vt 0.751514 -0.549098 0.000000
vt 0.751514 -0.274549 0.000000
vt 0.751514 0.000000 0.000000
vt 0.751514 0.274549 0.000000
vt 0.751514 0.549098 0.000000
vt 0.751514 0.823647 0.000000
vt 0.751514 1.098197 0.000000
vt 0.751514 1.372746 0.000000
vt 0.783411 1.635849 0.000000
vt 1.127272 1.372746 0.000000
vt 1.174658 1.616691 0.000000
vt 1.503029 1.372746 0.000000
vt 1.564853 1.573699 0.000000
vt 1.878786 1.372746 0.000000
vt 1.950845 1.440491 0.000000
vt 1.878786 1.098197 0.000000
vt 1.878786 0.823647 0.000000
vt 1.503029 1.098197 0.000000
vt 1.503029 0.823647 0.000000
vt 1.127272 1.098197 0.000000
vt 1.127272 0.823647 0.000000
vt 0.783411 -1.635849 0.000000
vt 1.127272 -1.372746 0.000000
vt 1.127272 -1.098197 0.000000
vt 1.127272 -0.823647 0.000000
vt 1.127272 -0.549098 0.000000
vt 1.127272 -0.274549 0.000000
vt 1.127272 0.000000 0.000000
vt 1.127272 0.274549 0.000000
vt 1.127272 0.549098 0.000000
vt 1.174658 -1.616691 0.000000
vt 1.503029 -1.372746 0.000000
vt 1.503029 -1.098197 0.000000
vt 1.503029 -0.823647 0.000000
vt 1.503029 -0.549098 0.000000
vt 1.503029 -0.274549 0.000000
vt 1.503029 0.000000 0.000000
vt 1.503029 0.274549 0.000000
vt 1.503029 0.549098 0.000000
vt 1.564853 -1.573699 0.000000
vt 1.878786 -1.372746 0.000000
vt 1.878786 -1.098197 0.000000
vt 1.878786 -0.823647 0.000000
vt 1.878786 -0.549098 0.000000
vt 1.878786 -0.274549 0.000000
vt 1.878786 0.000000 0.000000
vt 1.878786 0.274549 0.000000
vt 1.878786 0.549098 0.000000
vt 1.950845 -1.440491 0.000000
vt 2.254543 0.000000 0.000000
vt 0.000000 -1.737959 0.000000
vt 0.391777 -1.740487 0.000000
vt 0.000000 -1.690041 0.000000
vt 0.392699 -1.666081 0.000000
vt 0.000000 -1.642122 0.000000
vt 0.391777 -1.591675 0.000000
vt 0.000000 -1.594203 0.000000
vt 0.785398 -1.666081 0.000000
vt 0.783411 -1.749037 0.000000
vt 1.178097 -1.666081 0.000000
vt 1.174658 -1.767577 0.000000
vt 1.570796 -1.666081 0.000000
vt 1.564853 -1.809183 0.000000
vt 1.963495 -1.666081 0.000000
vt 1.950845 -1.938099 0.000000
vt 1.963495 -1.943761 0.000000
vt 2.254543 -3.332162 0.000000
vt 2.356194 -2.221441 0.000000
vt 1.950845 1.938099 0.000000
vt 1.963495 1.943761 0.000000
vt 2.254543 3.332162 0.000000
vt 2.356194 3.054482 0.000000
vt 1.963495 1.666081 0.000000
vt 1.564853 1.809183 0.000000
vt 1.570796 1.666081 0.000000
vt 1.174658 1.767577 0.000000
vt 1.178097 1.666081 0.000000
vt 0.783411 1.749037 0.000000
vt 0.785398 1.666081 0.000000
vt 0.391777 1.740487 0.000000
vt 0.392699 1.666081 0.000000
vt 0.000000 1.690041 0.000000
vt 0.000000 1.642122 0.000000
vt 0.000000 1.737959 0.000000
vt 0.000000 1.594203 0.000000
vt 0.391777 1.591675 0.000000
vt 0.783411 1.583125 0.000000
vt 1.174658 1.564585 0.000000
vt 1.564853 1.522979 0.000000
vt 1.950845 1.394064 0.000000
vt 1.963495 1.388401 0.000000
vt 2.254543 0.000000 0.000000
vt 2.356194 1.110721 0.000000
vt 1.950845 -1.394064 0.000000
vt 1.963495 -1.388401 0.000000
vt 2.356194 -0.277680 0.000000
vt 1.564853 -1.522979 0.000000
vt 1.174658 -1.564585 0.000000
vt 0.783411 -1.583125 0.000000
vt 2.356194 -1.943761 0.000000
vt 2.356194 -1.666081 0.000000
vt 2.356194 1.388401 0.000000
vt 2.356194 1.666081 0.000000
vt 1.448889 0.388229 0.000000
vt -1.448889 0.388229 0.000000
vt 1.500000 0.000000 0.000000
vt -1.500000 0.000000 0.000000
vt 1.448889 -0.388229 0.000000
vt -1.448889 -0.388229 0.000000
vt 1.299038 -0.750000 0.000000
vt -1.299038 -0.750000 0.000000
vt 1.060660 -1.060660 0.000000
vt -1.060660 -1.060660 0.000000
vt 0.750000 -1.299038 0.000000
vt -0.750000 -1.299038 0.000000
vt 0.388229 -1.448889 0.000000
vt -0.388229 -1.448889 0.000000
vt -0.000000 -1.500000 0.000000
vt -1.299038 0.750000 0.000000
vt 1.299038 0.750000 0.000000
vt -1.060660 1.060660 0.000000
vt 1.060660 1.060660 0.000000
vt -0.750000 1.299038 0.000000
vt 0.750000 1.299038 0.000000
vt -0.388229 1.448889 0.000000
vt 0.388229 1.448889 0.000000
vt 0.000000 1.500000 0.000000
vt 30.000000 -1.878786 0.000000
vt 22.500000 -1.963495 0.000000
vt 30.000000 -2.254543 0.000000
vt 22.500000 -2.356194 0.000000
vt 30.000000 -2.322311 0.000000
vt 30.000000 -2.390078 0.000000
vt 30.000000 -2.457846 0.000000
vt 22.500000 -2.748894 0.000000
vt 30.000000 -2.833603 0.000000
vt 22.500000 -3.141593 0.000000
vt 30.000000 -3.209360 0.000000
vt 22.500000 -3.534292 0.000000
vt 30.000000 -3.585117 0.000000
vt 22.500000 -3.926991 0.000000
vt 30.000000 -3.960875 0.000000
vt 22.500000 -4.319690 0.000000
vt 30.000000 -4.336632 0.000000
vt 22.500000 -4.712389 0.000000
vt 30.000000 -4.712389 0.000000
vt 30.000000 4.712389 0.000000
vt 22.500000 4.712389 0.000000
vt 30.000000 4.336632 0.000000
vt 22.500000 4.319690 0.000000
vt 30.000000 3.960875 0.000000
vt 22.500000 3.926991 0.000000
vt 30.000000 3.585117 0.000000
vt 22.500000 3.534292 0.000000
vt 30.000000 3.209360 0.000000
vt 22.500000 3.141593 0.000000
vt 30.000000 2.833603 0.000000
vt 22.500000 2.748894 0.000000
vt 30.000000 2.457846 0.000000
vt 22.500000 2.356194 0.000000
vt 30.000000 2.390078 0.000000
vt 30.000000 2.322311 0.000000
vt 30.000000 2.254543 0.000000
vt 22.500000 1.963495 0.000000
vt 30.000000 1.878786 0.000000
vt 22.500000 1.570796 0.000000
vt 30.000000 1.503029 0.000000
vt 22.500000 1.178097 0.000000
vt 30.000000 1.127272 0.000000
vt 22.500000 0.785398 0.000000
vt 30.000000 0.751514 0.000000
vt 22.500000 0.392699 0.000000
vt 30.000000 0.375757 0.000000
vt 22.500000 0.000000 0.000000
vt 30.000000 0.000000 0.000000
vt 30.000000 -0.375757 0.000000
vt 22.500000 -0.392699 0.000000
vt 30.000000 -0.751514 0.000000
vt 22.500000 -0.785398 0.000000
vt 30.000000 -1.127272 0.000000
vt 22.500000 -1.178097 0.000000
vt 30.000000 -1.503029 0.000000
vt 22.500000 -1.570796 0.000000
vt -30.000000 -0.392699 0.000000
vt -22.500000 -0.392699 0.000000
vt -30.000000 0.000000 0.000000
vt -22.500000 0.000000 0.000000
vt -30.000000 0.392699 0.000000
vt -22.500000 0.392699 0.000000
vt -30.000000 0.785398 0.000000
vt -22.500000 0.785398 0.000000
vt -30.000000 1.178097 0.000000
vt -22.500000 1.178097 0.000000
vt -30.000000 1.570796 0.000000
vt -22.500000 1.570796 0.000000
vt -30.000000 1.963495 0.000000
vt -22.500000 1.963495 0.000000
vt -30.000000 2.356194 0.000000
vt -22.500000 2.356194 0.000000
vt -30.000000 2.748894 0.000000
vt -22.500000 2.748894 0.000000
vt -30.000000 3.141593 0.000000
vt -22.500000 3.141593 0.000000
vt -30.000000 3.534292 0.000000
vt -22.500000 3.534292 0.000000
vt -30.000000 3.926991 0.000000
vt -22.500000 3.926991 0.000000
vt -30.000000 4.319690 0.000000
vt -22.500000 4.319690 0.000000
vt -30.000000 4.712389 0.000000
vt -22.500000 4.712389 0.000000
vt -30.000000 -4.712389 0.000000
vt -22.500000 -4.712389 0.000000
vt -30.000000 -4.319690 0.000000
vt -22.500000 -4.319690 0.000000
vt -30.000000 -3.926991 0.000000
vt -22.500000 -3.926991 0.000000
vt -30.000000 -3.534292 0.000000
vt -22.500000 -3.534292 0.000000
vt -30.000000 -3.141593 0.000000
vt -22.500000 -3.141593 0.000000
vt -30.000000 -2.748894 0.000000
vt -22.500000 -2.748894 0.000000
vt -30.000000 -2.356194 0.000000
vt -22.500000 -2.356194 0.000000
vt -30.000000 -1.963495 0.000000
vt -22.500000 -1.963495 0.000000
vt -30.000000 -1.570796 0.000000
vt -22.500000 -1.570796 0.000000
vt -30.000000 -1.178097 0.000000
vt -22.500000 -1.178097 0.000000
vt -30.000000 -0.785398 0.000000
vt -22.500000 -0.785398 0.000000
vt 15.000000 4.712389 0.000000
vt 15.000000 4.319690 0.000000
vt 15.000000 3.926991 0.000000
vt 15.000000 3.534292 0.000000
vt 15.000000 3.141593 0.000000
vt 15.000000 2.748894 0.000000
vt 15.000000 2.356194 0.000000
vt 15.000000 1.963495 0.000000
vt 15.000000 1.570796 0.000000
vt 15.000000 1.178097 0.000000
vt 15.000000 0.785398 0.000000
vt 15.000000 0.392699 0.000000
vt 15.000000 0.000000 0.000000
vt 15.000000 -0.392699 0.000000
vt 15.000000 -0.785398 0.000000
vt 15.000000 -1.178097 0.000000
vt 15.000000 -1.570796 0.000000
vt 15.000000 -1.963495 0.000000
vt 15.000000 -2.356194 0.000000
vt 15.000000 -2.748894 0.000000
vt 15.000000 -3.141593 0.000000
vt 15.000000 -3.534292 0.000000
vt 15.000000 -3.926991 0.000000
vt 15.000000 -4.319690 0.000000
vt 15.000000 -4.712389 0.000000
vt 7.500000 4.712389 0.000000
vt 7.500000 4.319690 0.000000
vt 7.500000 3.926991 0.000000
vt 7.500000 3.534292 0.000000
vt 7.500000 3.141593 0.000000
vt 7.500000 2.748894 0.000000
vt 7.500000 2.356194 0.000000
vt 7.500000 1.963495 0.000000
vt 7.500000 1.570796 0.000000
vt 7.500000 1.178097 0.000000
vt 7.500000 0.785398 0.000000
vt 7.500000 0.392699 0.000000
vt 7.500000 0.000000 0.000000
vt 7.500000 -0.392699 0.000000
vt 7.500000 -0.785398 0.000000
vt 7.500000 -1.178097 0.000000
vt 7.500000 -1.570796 0.000000
vt 7.500000 -1.963495 0.000000
vt 7.500000 -2.356194 0.000000
vt 7.500000 -2.748894 0.000000
vt 7.500000 -3.141593 0.000000
vt 7.500000 -3.534292 0.000000
vt 7.500000 -3.926991 0.000000
vt 7.500000 -4.319690 0.000000
vt 7.500000 -4.712389 0.000000
vt 0.000000 4.712389 0.000000
vt 0.000000 4.319690 0.000000
vt 0.000000 3.926991 0.000000
vt 0.000000 3.534292 0.000000
vt 0.000000 3.141593 0.000000
vt 0.000000 2.748894 0.000000
vt 0.000000 2.356194 0.000000
vt 0.000000 1.963495 0.000000
vt 0.000000 1.570796 0.000000
vt 0.000000 1.178097 0.000000
vt 0.000000 0.785398 0.000000
vt 0.000000 0.392699 0.000000
vt 0.000000 0.000000 0.000000
vt 0.000000 -0.392699 0.000000
vt 0.000000 -0.785398 0.000000
vt 0.000000 -1.178097 0.000000
vt 0.000000 -1.570796 0.000000
vt 0.000000 -1.963495 0.000000
vt 0.000000 -2.356194 0.000000
vt 0.000000 -2.748894 0.000000
vt 0.000000 -3.141593 0.000000
vt 0.000000 -3.534292 0.000000
vt 0.000000 -3.926991 0.000000
vt 0.000000 -4.319690 0.000000
vt 0.000000 -4.712389 0.000000
vt -7.500000 4.712389 0.000000
vt -7.500000 4.319690 0.000000
vt -7.500000 3.926991 0.000000
vt -7.500000 3.534292 0.000000
vt -7.500000 3.141593 0.000000
vt -7.500000 2.748894 0.000000
vt -7.500000 2.356194 0.000000
vt -7.500000 1.963495 0.000000
vt -7.500000 1.570796 0.000000
vt -7.500000 1.178097 0.000000
vt -7.500000 0.785398 0.000000
vt -7.500000 0.392699 0.000000
vt -7.500000 0.000000 0.000000
vt -7.500000 -0.392699 0.000000
vt -7.500000 -0.785398 0.000000
vt -7.500000 -1.178097 0.000000
vt -7.500000 -1.570796 0.000000
vt -7.500000 -1.963495 0.000000
vt -7.500000 -2.356194 0.000000
vt -7.500000 -2.748894 0.000000
vt -7.500000 -3.141593 0.000000
vt -7.500000 -3.534292 0.000000
vt -7.500000 -3.926991 0.000000
vt -7.500000 -4.319690 0.000000
vt -7.500000 -4.712389 0.000000
vt -15.000000 4.712389 0.000000
vt -15.000000 4.319690 0.000000
vt -15.000000 3.926991 0.000000
vt -15.000000 3.534292 0.000000
vt -15.000000 3.141593 0.000000
vt -15.000000 2.748894 0.000000
vt -15.000000 2.356194 0.000000
vt -15.000000 1.963495 0.000000
vt -15.000000 1.570796 0.000000
vt -15.000000 1.178097 0.000000
vt -15.000000 0.785398 0.000000
vt -15.000000 0.392699 0.000000
vt -15.000000 0.000000 0.000000
vt -15.000000 -0.392699 0.000000
vt -15.000000 -0.785398 0.000000
vt -15.000000 -1.178097 0.000000
vt -15.000000 -1.570796 0.000000
vt -15.000000 -1.963495 0.000000
vt -15.000000 -2.356194 0.000000
vt -15.000000 -2.748894 0.000000
vt -15.000000 -3.141593 0.000000
vt -15.000000 -3.534292 0.000000
vt -15.000000 -3.926991 0.000000
vt -15.000000 -4.319690 0.000000
vt -15.000000 -4.712389 0.000000
vn -0.067716 -0.963709 -0.258225
vn -0.067716 -0.997705 0.000000
vn -0.303159 -0.920132 -0.247893
vn -0.312926 -0.949777 0.000000
vn -0.521791 -0.816262 -0.247893
vn -0.538602 -0.842560 0.000000
vn -0.707850 -0.661436 -0.247893
vn -0.730656 -0.682746 0.000000
vn -0.849722 -0.465320 -0.247893
vn -0.877098 -0.480311 0.000000
vn -0.938549 -0.240156 -0.247893
vn -0.968787 -0.247893 0.000000
vn -0.968787 -0.000000 -0.247893
vn -1.000000 -0.000000 0.000000
vn -0.938549 0.240156 -0.247893
vn -0.968787 0.247893 0.000000
vn -0.849722 0.465320 -0.247893
vn -0.877098 0.480311 0.000000
vn -0.707850 0.661436 -0.247893
vn -0.730656 0.682746 0.000000
vn -0.521791 0.816262 -0.247893
vn -0.538602 0.842560 0.000000
vn -0.303159 0.920132 -0.247893
vn -0.312926 0.949777 0.000000
vn -0.067716 0.997705 0.000000
vn -0.067716 0.963709 -0.258225
vn -0.274467 0.833048 -0.480311
vn -0.472407 0.739008 -0.480311
vn -0.640857 0.598835 -0.480311
vn -0.769301 0.421280 -0.480311
vn -0.849722 0.217427 -0.480311
vn -0.877098 -0.000000 -0.480311
vn -0.849722 -0.217427 -0.480311
vn -0.769301 -0.421280 -0.480311
vn -0.640857 -0.598835 -0.480311
vn -0.472407 -0.739008 -0.480311
vn -0.274467 -0.833048 -0.480311
vn -0.067716 -0.864038 -0.498852
vn -0.228641 -0.693960 -0.682746
vn -0.067716 -0.705484 -0.705484
vn -0.168543 -0.511552 -0.842560
vn -0.067716 -0.498852 -0.864038
vn -0.097923 -0.297210 -0.949777
vn -0.067716 -0.258225 -0.963709
vn -0.168543 -0.263659 -0.949777
vn -0.228641 -0.213649 -0.949777
vn -0.290092 -0.453805 -0.842560
vn -0.393533 -0.367728 -0.842560
vn -0.393533 -0.615621 -0.682746
vn -0.533858 -0.498852 -0.682746
vn -0.067716 0.864038 -0.498852
vn -0.228641 0.693960 -0.682746
vn -0.393533 0.615621 -0.682746
vn -0.533858 0.498852 -0.682746
vn -0.640857 0.350942 -0.682746
vn -0.707850 0.181124 -0.682746
vn -0.730656 -0.000000 -0.682746
vn -0.707850 -0.181124 -0.682746
vn -0.640857 -0.350942 -0.682746
vn -0.067716 0.705484 -0.705484
vn -0.168543 0.511552 -0.842560
vn -0.290092 0.453805 -0.842560
vn -0.393533 0.367728 -0.842560
vn -0.472407 0.258697 -0.842560
vn -0.521791 0.133516 -0.842560
vn -0.538602 -0.000000 -0.842560
vn -0.521791 -0.133516 -0.842560
vn -0.472407 -0.258697 -0.842560
vn -0.067716 0.498852 -0.864038
vn -0.097923 0.297210 -0.949777
vn -0.168543 0.263659 -0.949777
vn -0.228641 0.213649 -0.949777
vn -0.274467 0.150302 -0.949777
vn -0.303159 0.077572 -0.949777
vn -0.312926 -0.000000 -0.949777
vn -0.303159 -0.077572 -0.949777
vn -0.274467 -0.150302 -0.949777
vn -0.067716 0.258225 -0.963709
vn -0.067716 -0.000000 -0.997705
vn 0.000000 -0.965926 -0.258819
vn 0.000000 -0.965926 -0.258819
vn 0.000000 -1.000000 -0.000000
vn 0.000000 -1.000000 -0.000000
vn -0.000000 -0.965926 0.258819
vn -0.000000 -0.965926 0.258819
vn -0.000000 -0.866025 0.500000
vn -0.000000 -0.866025 0.500000
vn -0.000000 -0.707107 0.707107
vn -0.000000 -0.707107 0.707107
vn -0.000000 -0.500000 0.866025
vn -0.000000 -0.500000 0.866025
vn -0.000000 -0.258819 0.965926
vn -0.000000 -0.258819 0.965926
vn -0.000000 -0.000000 1.000000
vn -0.000000 -0.000000 1.000000
vn -0.000000 0.258819 0.965926
vn -0.000000 0.258819 0.965926
vn -0.000000 0.500000 0.866025
vn -0.000000 0.500000 0.866025
vn -0.000000 0.707107 0.707107
vn -0.000000 0.707107 0.707107
vn -0.000000 0.866025 0.500000
vn -0.000000 0.866025 0.500000
vn -0.000000 0.965926 0.258819
vn -0.000000 0.965926 0.258819
vn -0.000000 1.000000 -0.000000
vn -0.000000 1.000000 -0.000000
vn -0.000000 0.965926 -0.258819
vn -0.000000 0.965926 -0.258819
vn -0.000000 0.866025 -0.500000
vn -0.000000 0.866025 -0.500000
vn -0.000000 0.707107 -0.707107
vn -0.000000 0.707107 -0.707107
vn -0.000000 0.500000 -0.866025
vn -0.000000 0.500000 -0.866025
vn -0.000000 0.258819 -0.965926
vn -0.000000 0.258819 -0.965926
vn -0.000000 0.000000 -1.000000
vn -0.000000 0.000000 -1.000000
vn 0.000000 -0.258819 -0.965926
vn 0.000000 -0.258819 -0.965926
vn 0.000000 -0.500000 -0.866025
vn 0.000000 -0.500000 -0.866025
vn 0.000000 -0.707107 -0.707107
vn 0.000000 -0.707107 -0.707107
vn 0.000000 -0.866025 -0.500000
vn 0.000000 -0.866025 -0.500000
vn 0.067716 0.963709 -0.258225
vn 0.067716 0.997705 0.000000
vn 0.303159 0.920132 -0.247893
vn 0.312926 0.949777 0.000000
vn 0.521791 0.816262 -0.247893
vn 0.538602 0.842560 0.000000
vn 0.707850 0.661436 -0.247893
vn 0.730656 0.682746 0.000000
vn 0.849722 0.465320 -0.247893
vn 0.877098 0.480311 0.000000
vn 0.938549 0.240156 -0.247893
vn 0.968787 0.247893 0.000000
vn 0.968787 0.000000 -0.247893
vn 1.000000 0.000000 0.000000
vn 0.938549 -0.240156 -0.247893
vn 0.968787 -0.247893 0.000000
vn 0.849722 -0.465320 -0.247893
vn 0.877098 -0.480311 0.000000
vn 0.707850 -0.661436 -0.247893
vn 0.730656 -0.682746 0.000000
vn 0.521791 -0.816262 -0.247893
vn 0.538602 -0.842560 0.000000
vn 0.303159 -0.920132 -0.247893
vn 0.312926 -0.949777 0.000000
vn 0.067716 -0.997705 0.000000
vn 0.067716 -0.963709 -0.258225
vn 0.274467 -0.833048 -0.480311
vn 0.472407 -0.739008 -0.480311
vn 0.640857 -0.598835 -0.480311
vn 0.769301 -0.421280 -0.480311
vn 0.849722 -0.217427 -0.480311
vn 0.877098 0.000000 -0.480311
vn 0.849722 0.217427 -0.480311
vn 0.769301 0.421280 -0.480311
vn 0.640857 0.598835 -0.480311
vn 0.472407 0.739008 -0.480311
vn 0.274467 0.833048 -0.480311
vn 0.067716 0.864038 -0.498852
vn 0.228641 0.693960 -0.682746
vn 0.067716 0.705484 -0.705484
vn 0.168543 0.511552 -0.842560
vn 0.067716 0.498852 -0.864038
vn 0.097923 0.297210 -0.949777
vn 0.067716 0.258225 -0.963709
vn 0.168543 0.263659 -0.949777
vn 0.228641 0.213649 -0.949777
vn 0.290092 0.453805 -0.842560
vn 0.393533 0.367728 -0.842560
vn 0.393533 0.615621 -0.682746
vn 0.533858 0.498852 -0.682746
vn 0.067716 -0.864038 -0.498852
vn 0.228641 -0.693960 -0.682746
vn 0.393533 -0.615621 -0.682746
vn 0.533858 -0.498852 -0.682746
vn 0.640857 -0.350942 -0.682746
vn 0.707850 -0.181124 -0.682746
vn 0.730656 0.000000 -0.682746
vn 0.707850 0.181124 -0.682746
vn 0.640857 0.350942 -0.682746
vn 0.067716 -0.705484 -0.705484
vn 0.168543 -0.511552 -0.842560
vn 0.290092 -0.453805 -0.842560
vn 0.393533 -0.367728 -0.842560
vn 0.472407 -0.258697 -0.842560
vn 0.521791 -0.133516 -0.842560
vn 0.538602 0.000000 -0.842560
vn 0.521791 0.133516 -0.842560
vn 0.472407 0.258697 -0.842560
vn 0.067716 -0.498852 -0.864038
vn 0.097923 -0.297210 -0.949777
vn 0.168543 -0.263659 -0.949777
vn 0.228641 -0.213649 -0.949777
vn 0.274467 -0.150302 -0.949777
vn 0.303159 -0.077572 -0.949777
vn 0.312926 0.000000 -0.949777
vn 0.303159 0.077572 -0.949777
vn 0.274467 0.150302 -0.949777
vn 0.067716 -0.258225 -0.963709
vn 0.067716 0.000000 -0.997705
vn 0.067716 0.997705 -0.000000
vn 0.067716 0.963709 -0.258225
vn 0.022587 0.999745 -0.000000
vn -0.000000 0.965926 -0.258819
vn -0.022587 0.999745 -0.000000
vn -0.067716 0.963709 -0.258225
vn -0.067716 0.997705 -0.000000
vn -0.000000 0.866025 -0.500000
vn 0.067716 0.864038 -0.498852
vn -0.000000 0.707107 -0.707107
vn 0.067716 0.705484 -0.705484
vn -0.000000 0.500000 -0.866025
vn 0.067716 0.498852 -0.864038
vn -0.000000 0.258819 -0.965926
vn 0.067716 0.258225 -0.963709
vn 0.066987 0.250000 -0.965926
vn 0.067716 0.000000 -0.997705
vn 0.000000 0.000000 -1.000000
vn 0.067716 -0.258225 -0.963709
vn 0.066987 -0.250000 -0.965926
vn -0.000000 -0.258819 -0.965926
vn 0.067716 -0.498852 -0.864038
vn -0.000000 -0.500000 -0.866025
vn 0.067716 -0.705484 -0.705484
vn -0.000000 -0.707107 -0.707107
vn 0.067716 -0.864038 -0.498852
vn -0.000000 -0.866025 -0.500000
vn 0.067716 -0.963709 -0.258225
vn -0.000000 -0.965926 -0.258819
vn 0.022587 -0.999745 -0.000000
vn -0.022587 -0.999745 -0.000000
vn 0.067716 -0.997705 -0.000000
vn -0.067716 -0.997705 -0.000000
vn -0.067716 -0.963709 -0.258225
vn -0.067716 -0.864038 -0.498852
vn -0.067716 -0.705484 -0.705484
vn -0.067716 -0.498852 -0.864038
vn -0.067716 -0.258225 -0.963709
vn -0.066987 -0.250000 -0.965926
vn -0.067716 -0.000000 -0.997705
vn -0.067716 0.258225 -0.963709
vn -0.066987 0.250000 -0.965926
vn -0.067716 0.498852 -0.864038
vn -0.067716 0.705484 -0.705484
vn -0.067716 0.864038 -0.498852
vn 0.000000 0.000000 1.000000
vn 0.000000 0.000000 1.000000
vn 0.000000 0.000000 1.000000
vn 0.000000 0.000000 1.000000
vn 0.000000 0.000000 1.000000
vn 0.000000 0.000000 1.000000
vn 0.000000 0.000000 1.000000
vn 0.000000 0.000000 1.000000
vn 0.000000 0.000000 1.000000
vn 0.000000 0.000000 1.000000
vn 0.000000 0.000000 1.000000
vn 0.000000 0.000000 1.000000
vn 0.000000 0.000000 1.000000
vn 0.000000 0.000000 1.000000
vn 0.000000 0.000000 1.000000
vn 0.000000 0.000000 1.000000
vn 0.000000 0.000000 1.000000
vn 0.000000 0.000000 1.000000
vn 0.000000 0.000000 1.000000
vn 0.000000 0.000000 1.000000
vn 0.000000 0.000000 1.000000
vn 0.000000 0.000000 1.000000
vn 0.000000 0.000000 1.000000
vn 0.000000 0.000000 1.000000
vn 0.258819 -0.965926 -0.000000
vn 0.000000 -1.000000 -0.000000
vn 0.022587 -0.999745 -0.000000
vn -0.022587 -0.999745 0.000000
vn -0.258819 -0.965926 0.000000
vn -0.500000 -0.866025 0.000000
vn -0.707107 -0.707107 0.000000
vn -0.866025 -0.500000 0.000000
vn -0.965926 -0.258819 0.000000
vn -1.000000 -0.000000 0.000000
vn -0.965926 0.258819 -0.000000
vn -0.866025 0.500000 -0.000000
vn -0.707107 0.707107 -0.000000
vn -0.500000 0.866025 -0.000000
vn -0.258819 0.965926 -0.000000
vn 0.000000 1.000000 -0.000000
vn -0.022587 0.999745 -0.000000
vn 0.022587 0.999745 -0.000000
vn 0.258819 0.965926 -0.000000
vn 0.500000 0.866025 -0.000000
vn 0.707107 0.707107 -0.000000
vn 0.866025 0.500000 -0.000000
vn 0.965926 0.258819 -0.000000
vn 1.000000 -0.000000 -0.000000
vn 0.965926 -0.258819 -0.000000
vn 0.866025 -0.500000 -0.000000
vn 0.707107 -0.707107 -0.000000
vn 0.500000 -0.866025 -0.000000
vn 0.965926 -0.258819 -0.000000
vn 0.965926 -0.258819 -0.000000
vn 1.000000 -0.000000 -0.000000
vn 1.000000 -0.000000 -0.000000
vn 0.965926 0.258819 -0.000000
vn 0.965926 0.258819 -0.000000
vn 0.866025 0.500000 -0.000000
vn 0.866025 0.500000 -0.000000
vn 0.707107 0.707107 -0.000000
vn 0.707107 0.707107 -0.000000
vn 0.500000 0.866025 -0.000000
vn 0.500000 0.866025 -0.000000
vn 0.258819 0.965926 -0.000000
vn 0.258819 0.965926 -0.000000
vn 0.000000 1.000000 -0.000000
vn 0.000000 1.000000 -0.000000
vn -0.258819 0.965926 -0.000000
vn -0.258819 0.965926 -0.000000
vn -0.500000 0.866025 -0.000000
vn -0.500000 0.866025 -0.000000
vn -0.707107 0.707107 -0.000000
vn -0.707107 0.707107 -0.000000
vn -0.866025 0.500000 -0.000000
vn -0.866025 0.500000 -0.000000
vn -0.965926 0.258819 -0.000000
vn -0.965926 0.258819 -0.000000
vn -1.000000 0.000000 -0.000000
vn -1.000000 0.000000 -0.000000
vn -0.965926 -0.258819 0.000000
vn -0.965926 -0.258819 0.000000
vn -0.866025 -0.500000 0.000000
vn -0.866025 -0.500000 0.000000
vn -0.707107 -0.707107 0.000000
vn -0.707107 -0.707107 0.000000
vn -0.500000 -0.866025 0.000000
vn -0.500000 -0.866025 0.000000
vn -0.258819 -0.965926 0.000000
vn -0.258819 -0.965926 0.000000
vn -0.000000 -1.000000 0.000000
vn -0.000000 -1.000000 0.000000
vn 0.258819 -0.965926 -0.000000
vn 0.258819 -0.965926 -0.000000
vn 0.500000 -0.866025 -0.000000
vn 0.500000 -0.866025 -0.000000
vn 0.707107 -0.707107 -0.000000
vn 0.707107 -0.707107 -0.000000
vn 0.866025 -0.500000 -0.000000
vn 0.866025 -0.500000 -0.000000
vn -1.000000 0.000000 -0.000000
vn -0.965926 0.258819 -0.000000
vn -0.866025 0.500000 -0.000000
vn -0.707107 0.707107 -0.000000
vn -0.500000 0.866025 -0.000000
vn -0.258819 0.965926 -0.000000
vn 0.000000 1.000000 -0.000000
vn 0.258819 0.965926 -0.000000
vn 0.500000 0.866025 -0.000000
vn 0.707107 0.707107 -0.000000
vn 0.866025 0.500000 -0.000000
vn 0.965926 0.258819 -0.000000
vn 1.000000 -0.000000 -0.000000
vn 0.965926 -0.258819 -0.000000
vn 0.866025 -0.500000 -0.000000
vn 0.707107 -0.707107 -0.000000
vn 0.500000 -0.866025 -0.000000
vn 0.258819 -0.965926 -0.000000
vn -0.000000 -1.000000 0.000000
vn -0.258819 -0.965926 0.000000
vn -0.500000 -0.866025 0.000000
vn -0.707107 -0.707107 0.000000
vn -0.866025 -0.500000 0.000000
vn -0.965926 -0.258819 0.000000
vn -1.000000 0.000000 -0.000000
vn -0.965926 0.258819 -0.000000
vn -0.866025 0.500000 -0.000000
vn -0.707107 0.707107 -0.000000
vn -0.500000 0.866025 -0.000000
vn -0.258819 0.965926 -0.000000
vn 0.000000 1.000000 -0.000000
vn 0.258819 0.965926 -0.000000
vn 0.500000 0.866025 -0.000000
vn 0.707107 0.707107 -0.000000
vn 0.866025 0.500000 -0.000000
vn 0.965926 0.258819 -0.000000
vn 1.000000 -0.000000 -0.000000
vn 0.965926 -0.258819 -0.000000
vn 0.866025 -0.500000 -0.000000
vn 0.707107 -0.707107 -0.000000
vn 0.500000 -0.866025 -0.000000
vn 0.258819 -0.965926 -0.000000
vn -0.000000 -1.000000 0.000000
vn -0.258819 -0.965926 0.000000
vn -0.500000 -0.866025 0.000000
vn -0.707107 -0.707107 0.000000
vn -0.866025 -0.500000 0.000000
vn -0.965926 -0.258819 0.000000
vn -1.000000 0.000000 -0.000000
vn -0.965926 0.258819 -0.000000
vn -0.866025 0.500000 -0.000000
vn -0.707107 0.707107 -0.000000
vn -0.500000 0.866025 -0.000000
vn -0.258819 0.965926 -0.000000
vn 0.000000 1.000000 -0.000000
vn 0.258819 0.965926 -0.000000
vn 0.500000 0.866025 -0.000000
vn 0.707107 0.707107 -0.000000
vn 0.866025 0.500000 -0.000000
vn 0.965926 0.258819 -0.000000
vn 1.000000 -0.000000 -0.000000
vn 0.965926 -0.258819 -0.000000
vn 0.866025 -0.500000 -0.000000
vn 0.707107 -0.707107 -0.000000
vn 0.500000 -0.866025 -0.000000
vn 0.258819 -0.965926 -0.000000
vn -0.000000 -1.000000 0.000000
vn -0.258819 -0.965926 0.000000
vn -0.500000 -0.866025 0.000000
vn -0.707107 -0.707107 0.000000
vn -0.866025 -0.500000 0.000000
vn -0.965926 -0.258819 0.000000
vn -1.000000 0.000000 -0.000000
vn -0.965926 0.258819 -0.000000
vn -0.866025 0.500000 -0.000000
vn -0.707107 0.707107 -0.000000
vn -0.500000 0.866025 -0.000000
vn -0.258819 0.965926 -0.000000
vn 0.000000 1.000000 -0.000000
vn 0.258819 0.965926 -0.000000
vn 0.500000 0.866025 -0.000000
vn 0.707107 0.707107 -0.000000
vn 0.866025 0.500000 -0.000000
vn 0.965926 0.258819 -0.000000
vn 1.000000 -0.000000 -0.000000
vn 0.965926 -0.258819 -0.000000
vn 0.866025 -0.500000 -0.000000
vn 0.707107 -0.707107 -0.000000
vn 0.500000 -0.866025 -0.000000
vn 0.258819 -0.965926 -0.000000
vn -0.000000 -1.000000 0.000000
vn -0.258819 -0.965926 0.000000
vn -0.500000 -0.866025 0.000000
vn -0.707107 -0.707107 0.000000
vn -0.866025 -0.500000 0.000000
vn -0.965926 -0.258819 0.000000
vn -1.000000 0.000000 -0.000000
vn -0.965926 0.258819 -0.000000
vn -0.866025 0.500000 -0.000000
vn -0.707107 0.707107 -0.000000
vn -0.500000 0.866025 -0.000000
vn -0.258819 0.965926 -0.000000
vn 0.000000 1.000000 -0.000000
vn 0.258819 0.965926 -0.000000
vn 0.500000 0.866025 -0.000000
vn 0.707107 0.707107 -0.000000
vn 0.866025 0.500000 -0.000000
vn 0.965926 0.258819 -0.000000
vn 1.000000 -0.000000 -0.000000
vn 0.965926 -0.258819 -0.000000
vn 0.866025 -0.500000 -0.000000
vn 0.707107 -0.707107 -0.000000
vn 0.500000 -0.866025 -0.000000
vn 0.258819 -0.965926 -0.000000
vn -0.000000 -1.000000 0.000000
vn -0.258819 -0.965926 0.000000
vn -0.500000 -0.866025 0.000000
vn -0.707107 -0.707107 0.000000
vn -0.866025 -0.500000 0.000000
vn -0.965926 -0.258819 0.000000
usemtl Steel_-_Satin
f 24/1/1 1/2/2 27/3/3
f 27/3/3 1/2/2 2/4/4
f 27/3/3 2/4/4 32/5/5
f 32/5/5 2/4/4 3/6/6
f 32/5/5 3/6/6 37/7/7
f 37/7/7 3/6/6 4/8/8
f 37/7/7 4/8/8 42/9/9
f 42/9/9 4/8/8 5/10/10
f 42/9/9 5/10/10 46/11/11
f 46/11/11 5/10/10 6/12/12
f 46/11/11 6/12/12 51/13/13
f 51/13/13 6/12/12 7/14/14
f 51/13/13 7/14/14 56/15/15
f 56/15/15 7/14/14 8/16/16
f 56/15/15 8/16/16 61/17/17
f 61/17/17 8/16/16 9/18/18
f 61/17/17 9/18/18 66/19/19
f 66/19/19 9/18/18 10/20/20
f 66/19/19 10/20/20 71/21/21
f 71/21/21 10/20/20 11/22/22
f 71/21/21 11/22/22 75/23/23
f 75/23/23 11/22/22 12/24/24
f 75/23/23 12/24/24 13/25/25
f 13/25/25 14/26/26 75/23/23
f 75/23/23 14/26/26 76/27/27
f 75/23/23 76/27/27 71/21/21
f 71/21/21 76/27/27 72/28/28
f 71/21/21 72/28/28 66/19/19
f 66/19/19 72/28/28 67/29/29
f 66/19/19 67/29/29 61/17/17
f 61/17/17 67/29/29 62/30/30
f 61/17/17 62/30/30 56/15/15
f 56/15/15 62/30/30 57/31/31
f 56/15/15 57/31/31 51/13/13
f 51/13/13 57/31/31 52/32/32
f 51/13/13 52/32/32 46/11/11
f 46/11/11 52/32/32 47/33/33
f 46/11/11 47/33/33 42/9/9
f 42/9/9 47/33/33 43/34/34
f 42/9/9 43/34/34 37/7/7
f 37/7/7 43/34/34 38/35/35
f 37/7/7 38/35/35 32/5/5
f 32/5/5 38/35/35 33/36/36
f 32/5/5 33/36/36 27/3/3
f 27/3/3 33/36/36 28/37/37
f 27/3/3 28/37/37 24/1/1
f 24/1/1 28/37/37 23/38/38
f 23/38/38 28/37/37 29/39/39
f 23/38/38 29/39/39 22/40/40
f 22/40/40 29/39/39 30/41/41
f 22/40/40 30/41/41 21/42/42
f 21/42/42 30/41/41 31/43/43
f 21/42/42 31/43/43 20/44/44
f 20/44/44 31/43/43 26/45/45
f 20/44/44 26/45/45 41/46/46
f 41/46/46 26/45/45 35/47/47
f 41/46/46 35/47/47 40/48/48
f 40/48/48 35/47/47 34/49/49
f 40/48/48 34/49/49 39/50/50
f 39/50/50 34/49/49 33/36/36
f 39/50/50 33/36/36 38/35/35
f 14/26/26 15/51/51 76/27/27
f 76/27/27 15/51/51 77/52/52
f 76/27/27 77/52/52 72/28/28
f 72/28/28 77/52/52 73/53/53
f 72/28/28 73/53/53 67/29/29
f 67/29/29 73/53/53 68/54/54
f 67/29/29 68/54/54 62/30/30
f 62/30/30 68/54/54 63/55/55
f 62/30/30 63/55/55 57/31/31
f 57/31/31 63/55/55 58/56/56
f 57/31/31 58/56/56 52/32/32
f 52/32/32 58/56/56 53/57/57
f 52/32/32 53/57/57 47/33/33
f 47/33/33 53/57/57 48/58/58
f 47/33/33 48/58/58 43/34/34
f 43/34/34 48/58/58 44/59/59
f 43/34/34 44/59/59 38/35/35
f 38/35/35 44/59/59 39/50/50
f 15/51/51 16/60/60 77/52/52
f 77/52/52 16/60/60 78/61/61
f 77/52/52 78/61/61 73/53/53
f 73/53/53 78/61/61 74/62/62
f 73/53/53 74/62/62 68/54/54
f 68/54/54 74/62/62 69/63/63
f 68/54/54 69/63/63 63/55/55
f 63/55/55 69/63/63 64/64/64
f 63/55/55 64/64/64 58/56/56
f 58/56/56 64/64/64 59/65/65
f 58/56/56 59/65/65 53/57/57
f 53/57/57 59/65/65 54/66/66
f 53/57/57 54/66/66 48/58/58
f 48/58/58 54/66/66 49/67/67
f 48/58/58 49/67/67 44/59/59
f 44/59/59 49/67/67 45/68/68
f 44/59/59 45/68/68 39/50/50
f 39/50/50 45/68/68 40/48/48
f 16/60/60 17/69/69 78/61/61
f 78/61/61 17/69/69 79/70/70
f 78/61/61 79/70/70 74/62/62
f 74/62/62 79/70/70 65/71/71
f 74/62/62 65/71/71 69/63/63
f 69/63/63 65/71/71 70/72/72
f 69/63/63 70/72/72 64/64/64
f 64/64/64 70/72/72 25/73/73
f 64/64/64 25/73/73 59/65/65
f 59/65/65 25/73/73 60/74/74
f 59/65/65 60/74/74 54/66/66
f 54/66/66 60/74/74 55/75/75
f 54/66/66 55/75/75 49/67/67
f 49/67/67 55/75/75 50/76/76
f 49/67/67 50/76/76 45/68/68
f 45/68/68 50/76/76 36/77/77
f 45/68/68 36/77/77 40/48/48
f 40/48/48 36/77/77 41/46/46
f 17/69/69 18/78/78 79/70/70
f 79/70/70 18/78/78 65/71/71
f 18/78/78 19/79/79 65/71/71
f 65/71/71 19/79/79 70/72/72
f 20/44/44 36/77/77 19/79/79
f 19/79/79 36/77/77 50/76/76
f 19/79/79 50/76/76 55/75/75
f 55/75/75 60/74/74 19/79/79
f 19/79/79 60/74/74 25/73/73
f 19/79/79 25/73/73 70/72/72
f 33/36/36 34/49/49 28/37/37
f 28/37/37 34/49/49 29/39/39
f 26/45/45 31/43/43 30/41/41
f 34/49/49 35/47/47 29/39/39
f 29/39/39 35/47/47 30/41/41
f 36/77/77 20/44/44 41/46/46
f 35/47/47 26/45/45 30/41/41
f 24/80/80 102/81/81 1/82/82
f 1/82/82 102/81/81 103/83/83
f 1/82/82 103/83/83 90/84/84
f 90/84/84 103/83/83 104/85/85
f 90/84/84 104/85/85 89/86/86
f 89/86/86 104/85/85 105/87/87
f 89/86/86 105/87/87 88/88/88
f 88/88/88 105/87/87 106/89/89
f 88/88/88 106/89/89 87/90/90
f 87/90/90 106/89/89 107/91/91
f 87/90/90 107/91/91 86/92/92
f 86/92/92 107/91/91 108/93/93
f 86/92/92 108/93/93 85/94/94
f 85/94/94 108/93/93 109/95/95
f 85/96/94 109/97/95 84/98/96
f 84/98/96 109/97/95 110/99/97
f 84/98/96 110/99/97 83/100/98
f 83/100/98 110/99/97 111/101/99
f 83/100/98 111/101/99 82/102/100
f 82/102/100 111/101/99 112/103/101
f 82/102/100 112/103/101 81/104/102
f 81/104/102 112/103/101 113/105/103
f 81/104/102 113/105/103 80/106/104
f 80/106/104 113/105/103 114/107/105
f 80/106/104 114/107/105 13/108/106
f 13/108/106 114/107/105 91/109/107
f 13/108/106 91/109/107 14/110/108
f 14/110/108 91/109/107 92/111/109
f 14/110/108 92/111/109 15/112/110
f 15/112/110 92/111/109 93/113/111
f 15/112/110 93/113/111 16/114/112
f 16/114/112 93/113/111 94/115/113
f 16/114/112 94/115/113 17/116/114
f 17/116/114 94/115/113 95/117/115
f 17/116/114 95/117/115 18/118/116
f 18/118/116 95/117/115 96/119/117
f 18/118/116 96/119/117 19/120/118
f 19/120/118 96/119/117 97/121/119
f 19/120/118 97/121/119 20/122/120
f 20/122/120 97/121/119 98/123/121
f 20/122/120 98/123/121 21/124/122
f 21/124/122 98/123/121 99/125/123
f 21/124/122 99/125/123 22/126/124
f 22/126/124 99/125/123 100/127/125
f 22/126/124 100/127/125 23/128/126
f 23/128/126 100/127/125 101/129/127
f 23/128/126 101/129/127 24/80/80
f 24/80/80 101/129/127 102/81/81
f 92/130/128 91/131/129 128/132/130
f 128/132/130 91/131/129 115/133/131
f 128/132/130 115/133/131 133/134/132
f 133/134/132 115/133/131 116/135/133
f 133/134/132 116/135/133 138/136/134
f 138/136/134 116/135/133 117/137/135
f 138/136/134 117/137/135 143/138/136
f 143/138/136 117/137/135 118/139/137
f 143/138/136 118/139/137 147/140/138
f 147/140/138 118/139/137 119/141/139
f 147/140/138 119/141/139 152/142/140
f 152/142/140 119/141/139 120/143/141
f 152/142/140 120/143/141 157/144/142
f 157/144/142 120/143/141 121/145/143
f 157/144/142 121/145/143 162/146/144
f 162/146/144 121/145/143 122/147/145
f 162/146/144 122/147/145 167/148/146
f 167/148/146 122/147/145 123/149/147
f 167/148/146 123/149/147 172/150/148
f 172/150/148 123/149/147 124/151/149
f 172/150/148 124/151/149 176/152/150
f 176/152/150 124/151/149 125/153/151
f 176/152/150 125/153/151 103/154/152
f 103/154/152 102/155/153 176/152/150
f 176/152/150 102/155/153 177/156/154
f 176/152/150 177/156/154 172/150/148
f 172/150/148 177/156/154 173/157/155
f 172/150/148 173/157/155 167/148/146
f 167/148/146 173/157/155 168/158/156
f 167/148/146 168/158/156 162/146/144
f 162/146/144 168/158/156 163/159/157
f 162/146/144 163/159/157 157/144/142
f 157/144/142 163/159/157 158/160/158
f 157/144/142 158/160/158 152/142/140
f 152/142/140 158/160/158 153/161/159
f 152/142/140 153/161/159 147/140/138
f 147/140/138 153/161/159 148/162/160
f 147/140/138 148/162/160 143/138/136
f 143/138/136 148/162/160 144/163/161
f 143/138/136 144/163/161 138/136/134
f 138/136/134 144/163/161 139/164/162
f 138/136/134 139/164/162 133/134/132
f 133/134/132 139/164/162 134/165/163
f 133/134/132 134/165/163 128/132/130
f 128/132/130 134/165/163 129/166/164
f 128/132/130 129/166/164 92/130/128
f 92/130/128 129/166/164 93/167/165
f 93/167/165 129/166/164 130/168/166
f 93/167/165 130/168/166 94/169/167
f 94/169/167 130/168/166 131/170/168
f 94/169/167 131/170/168 95/171/169
f 95/171/169 131/170/168 132/172/170
f 95/171/169 132/172/170 96/173/171
f 96/173/171 132/172/170 127/174/172
f 96/173/171 127/174/172 142/175/173
f 142/175/173 127/174/172 136/176/174
f 142/175/173 136/176/174 141/177/175
f 141/177/175 136/176/174 135/178/176
f 141/177/175 135/178/176 140/179/177
f 140/179/177 135/178/176 134/165/163
f 140/179/177 134/165/163 139/164/162
f 102/155/153 101/180/178 177/156/154
f 177/156/154 101/180/178 178/181/179
f 177/156/154 178/181/179 173/157/155
f 173/157/155 178/181/179 174/182/180
f 173/157/155 174/182/180 168/158/156
f 168/158/156 174/182/180 169/183/181
f 168/158/156 169/183/181 163/159/157
f 163/159/157 169/183/181 164/184/182
f 163/159/157 164/184/182 158/160/158
f 158/160/158 164/184/182 159/185/183
f 158/160/158 159/185/183 153/161/159
f 153/161/159 159/185/183 154/186/184
f 153/161/159 154/186/184 148/162/160
f 148/162/160 154/186/184 149/187/185
f 148/162/160 149/187/185 144/163/161
f 144/163/161 149/187/185 145/188/186
f 144/163/161 145/188/186 139/164/162
f 139/164/162 145/188/186 140/179/177
f 101/180/178 100/189/187 178/181/179
f 178/181/179 100/189/187 179/190/188
f 178/181/179 179/190/188 174/182/180
f 174/182/180 179/190/188 175/191/189
f 174/182/180 175/191/189 169/183/181
f 169/183/181 175/191/189 170/192/190
f 169/183/181 170/192/190 164/184/182
f 164/184/182 170/192/190 165/193/191
f 164/184/182 165/193/191 159/185/183
f 159/185/183 165/193/191 160/194/192
f 159/185/183 160/194/192 154/186/184
f 154/186/184 160/194/192 155/195/193
f 154/186/184 155/195/193 149/187/185
f 149/187/185 155/195/193 150/196/194
f 149/187/185 150/196/194 145/188/186
f 145/188/186 150/196/194 146/197/195
f 145/188/186 146/197/195 140/179/177
f 140/179/177 146/197/195 141/177/175
f 100/189/187 99/198/196 179/190/188
f 179/190/188 99/198/196 180/199/197
f 179/190/188 180/199/197 175/191/189
f 175/191/189 180/199/197 166/200/198
f 175/191/189 166/200/198 170/192/190
f 170/192/190 166/200/198 171/201/199
f 170/192/190 171/201/199 165/193/191
f 165/193/191 171/201/199 126/202/200
f 165/193/191 126/202/200 160/194/192
f 160/194/192 126/202/200 161/203/201
f 160/194/192 161/203/201 155/195/193
f 155/195/193 161/203/201 156/204/202
f 155/195/193 156/204/202 150/196/194
f 150/196/194 156/204/202 151/205/203
f 150/196/194 151/205/203 146/197/195
f 146/197/195 151/205/203 137/206/204
f 146/197/195 137/206/204 141/177/175
f 141/177/175 137/206/204 142/175/173
f 99/198/196 98/207/205 180/199/197
f 180/199/197 98/207/205 166/200/198
f 98/207/205 97/208/206 166/200/198
f 166/200/198 97/208/206 171/201/199
f 96/173/171 137/206/204 97/208/206
f 97/208/206 137/206/204 151/205/203
f 97/208/206 151/205/203 156/204/202
f 156/204/202 161/203/201 97/208/206
f 97/208/206 161/203/201 126/202/200
f 97/208/206 126/202/200 171/201/199
f 134/165/163 135/178/176 129/166/164
f 129/166/164 135/178/176 130/168/166
f 127/174/172 132/172/170 131/170/168
f 135/178/176 136/176/174 130/168/166
f 130/168/166 136/176/174 131/170/168
f 137/206/204 96/173/171 142/175/173
f 136/176/174 127/174/172 131/170/168
f 1/209/207 90/210/208 184/211/209
f 184/211/209 90/210/208 192/212/210
f 184/211/209 192/212/210 183/213/211
f 183/213/211 192/212/210 104/214/212
f 183/213/211 104/214/212 103/215/213
f 192/212/210 90/210/208 191/216/214
f 191/216/214 90/210/208 89/217/215
f 191/216/214 89/217/215 190/218/216
f 190/218/216 89/217/215 88/219/217
f 190/218/216 88/219/217 189/220/218
f 189/220/218 88/219/217 87/221/219
f 189/220/218 87/221/219 188/222/220
f 188/222/220 87/221/219 86/223/221
f 188/222/220 86/223/221 193/224/222
f 193/224/222 86/223/221 85/225/223
f 193/224/222 85/225/223 185/226/224
f 84/227/225 187/228/226 85/229/223
f 85/229/223 187/228/226 185/230/224
f 187/228/226 84/227/225 198/231/227
f 198/231/227 84/227/225 83/232/228
f 198/231/227 83/232/228 197/233/229
f 197/233/229 83/232/228 82/234/230
f 197/233/229 82/234/230 196/235/231
f 196/235/231 82/234/230 81/236/232
f 196/235/231 81/236/232 195/237/233
f 195/237/233 81/236/232 80/238/234
f 195/237/233 80/238/234 194/239/235
f 194/239/235 80/238/234 181/240/236
f 194/239/235 181/240/236 182/241/237
f 80/238/234 13/242/238 181/240/236
f 91/243/239 114/244/240 182/241/237
f 182/241/237 114/244/240 194/239/235
f 194/239/235 114/244/240 195/237/233
f 195/237/233 114/244/240 113/245/241
f 195/237/233 113/245/241 196/235/231
f 196/235/231 113/245/241 112/246/242
f 196/235/231 112/246/242 197/233/229
f 197/233/229 112/246/242 111/247/243
f 197/233/229 111/247/243 198/231/227
f 198/231/227 111/247/243 110/248/244
f 198/231/227 110/248/244 199/249/245
f 199/249/245 110/248/244 109/250/246
f 199/249/245 109/250/246 185/251/224
f 108/252/247 186/253/248 109/250/246
f 109/250/246 186/253/248 185/254/224
f 186/253/248 108/252/247 188/222/220
f 188/222/220 108/252/247 107/255/249
f 188/222/220 107/255/249 189/220/218
f 189/220/218 107/255/249 106/256/250
f 189/220/218 106/256/250 190/218/216
f 190/218/216 106/256/250 105/257/251
f 190/218/216 105/257/251 191/216/214
f 191/216/214 105/257/251 104/214/212
f 191/216/214 104/214/212 192/212/210
f 193/224/222 185/258/224 188/222/220
f 188/222/220 185/259/224 186/253/248
f 199/249/245 185/260/224 198/231/227
f 198/231/227 185/261/224 187/228/226
f 201/262/252 211/263/253 200/264/254
f 200/264/254 211/263/253 212/265/255
f 200/264/254 212/265/255 223/266/256
f 223/266/256 212/265/255 213/267/257
f 223/266/256 213/267/257 222/268/258
f 222/268/258 213/267/257 214/269/259
f 222/268/258 214/269/259 221/270/260
f 221/270/260 214/269/259 215/271/261
f 221/270/260 215/271/261 220/272/262
f 220/272/262 215/271/261 216/273/263
f 220/272/262 216/273/263 219/274/264
f 219/274/264 216/273/263 217/275/265
f 219/274/264 217/275/265 218/276/266
f 211/263/253 201/262/252 210/277/267
f 210/277/267 201/262/252 202/278/268
f 210/277/267 202/278/268 209/279/269
f 209/279/269 202/278/268 203/280/270
f 209/279/269 203/280/270 208/281/271
f 208/281/271 203/280/270 204/282/272
f 208/281/271 204/282/272 207/283/273
f 207/283/273 204/282/272 205/284/274
f 207/283/273 205/284/274 206/285/275
f 125/286/151 231/287/276 103/288/152
f 103/288/152 231/287/276 244/289/277
f 103/288/152 244/289/277 183/290/278
f 183/290/278 244/289/277 184/291/279
f 184/291/279 244/289/277 1/292/2
f 1/292/2 244/289/277 385/293/280
f 1/292/2 385/293/280 2/294/4
f 2/294/4 385/293/280 378/295/281
f 2/294/4 378/295/281 3/296/6
f 3/296/6 378/295/281 371/297/282
f 3/296/6 371/297/282 4/298/8
f 4/298/8 371/297/282 364/299/283
f 4/298/8 364/299/283 5/300/10
f 5/300/10 364/299/283 357/301/284
f 5/300/10 357/301/284 6/302/12
f 6/302/12 357/301/284 224/303/285
f 6/302/12 224/303/285 7/304/14
f 7/305/14 224/306/285 8/307/16
f 8/307/16 224/306/285 350/308/286
f 8/307/16 350/308/286 9/309/18
f 9/309/18 350/308/286 343/310/287
f 9/309/18 343/310/287 10/311/20
f 10/311/20 343/310/287 336/312/288
f 10/311/20 336/312/288 11/313/22
f 11/313/22 336/312/288 329/314/289
f 11/313/22 329/314/289 12/315/24
f 12/315/24 329/314/289 322/316/290
f 12/315/24 322/316/290 13/317/25
f 13/317/25 322/316/290 315/318/291
f 13/317/25 315/318/291 181/319/292
f 181/319/292 315/318/291 182/320/293
f 182/320/293 315/318/291 91/321/129
f 91/321/129 315/318/291 308/322/294
f 91/321/129 308/322/294 115/323/131
f 115/323/131 308/322/294 301/324/295
f 115/323/131 301/324/295 116/325/133
f 116/325/133 301/324/295 294/326/296
f 116/325/133 294/326/296 117/327/135
f 117/327/135 294/326/296 287/328/297
f 117/327/135 287/328/297 118/329/137
f 118/329/137 287/328/297 280/330/298
f 118/329/137 280/330/298 119/331/139
f 119/331/139 280/330/298 273/332/299
f 119/331/139 273/332/299 120/333/141
f 120/333/141 273/332/299 121/334/143
f 121/334/143 273/332/299 266/335/300
f 121/334/143 266/335/300 122/336/145
f 122/336/145 266/335/300 259/337/301
f 122/336/145 259/337/301 123/338/147
f 123/338/147 259/337/301 252/339/302
f 123/338/147 252/339/302 124/340/149
f 124/340/149 252/339/302 245/341/303
f 124/340/149 245/341/303 125/286/151
f 125/286/151 245/341/303 231/287/276
f 223/342/304 272/343/305 200/344/306
f 200/344/306 272/343/305 279/345/307
f 200/344/306 279/345/307 201/346/308
f 201/346/308 279/345/307 286/347/309
f 201/346/308 286/347/309 202/348/310
f 202/348/310 286/347/309 293/349/311
f 202/348/310 293/349/311 203/350/312
f 203/350/312 293/349/311 300/351/313
f 203/350/312 300/351/313 204/352/314
f 204/352/314 300/351/313 307/353/315
f 204/352/314 307/353/315 205/354/316
f 205/354/316 307/353/315 314/355/317
f 205/354/316 314/355/317 206/356/318
f 206/356/318 314/355/317 321/357/319
f 206/356/318 321/357/319 207/358/320
f 207/358/320 321/357/319 328/359/321
f 207/358/320 328/359/321 208/360/322
f 208/360/322 328/359/321 335/361/323
f 208/360/322 335/361/323 209/362/324
f 209/362/324 335/361/323 342/363/325
f 209/362/324 342/363/325 210/364/326
f 210/364/326 342/363/325 349/365/327
f 210/364/326 349/365/327 211/366/328
f 211/366/328 349/365/327 356/367/329
f 211/366/328 356/367/329 212/368/330
f 212/368/330 356/367/329 230/369/331
f 212/370/330 230/371/331 213/372/332
f 213/372/332 230/371/331 363/373/333
f 213/372/332 363/373/333 214/374/334
f 214/374/334 363/373/333 370/375/335
f 214/374/334 370/375/335 215/376/336
f 215/376/336 370/375/335 377/377/337
f 215/376/336 377/377/337 216/378/338
f 216/378/338 377/377/337 384/379/339
f 216/378/338 384/379/339 217/380/340
f 217/380/340 384/379/339 391/381/341
f 217/380/340 391/381/341 218/382/342
f 218/382/342 391/381/341 238/383/343
f 218/382/342 238/383/343 219/384/344
f 219/384/344 238/383/343 237/385/345
f 219/384/344 237/385/345 220/386/346
f 220/386/346 237/385/345 251/387/347
f 220/386/346 251/387/347 221/388/348
f 221/388/348 251/387/347 258/389/349
f 221/388/348 258/389/349 222/390/350
f 222/390/350 258/389/349 265/391/351
f 222/390/350 265/391/351 223/342/304
f 223/342/304 265/391/351 272/343/305
f 224/306/285 225/392/352 350/308/286
f 350/308/286 225/392/352 351/393/353
f 350/308/286 351/393/353 343/310/287
f 343/310/287 351/393/353 344/394/354
f 343/310/287 344/394/354 336/312/288
f 336/312/288 344/394/354 337/395/355
f 336/312/288 337/395/355 329/314/289
f 329/314/289 337/395/355 330/396/356
f 329/314/289 330/396/356 322/316/290
f 322/316/290 330/396/356 323/397/357
f 322/316/290 323/397/357 315/318/291
f 315/318/291 323/397/357 316/398/358
f 315/318/291 316/398/358 308/322/294
f 308/322/294 316/398/358 309/399/359
f 308/322/294 309/399/359 301/324/295
f 301/324/295 309/399/359 302/400/360
f 301/324/295 302/400/360 294/326/296
f 294/326/296 302/400/360 295/401/361
f 294/326/296 295/401/361 287/328/297
f 287/328/297 295/401/361 288/402/362
f 287/328/297 288/402/362 280/330/298
f 280/330/298 288/402/362 281/403/363
f 280/330/298 281/403/363 273/332/299
f 273/332/299 281/403/363 274/404/364
f 273/332/299 274/404/364 266/335/300
f 266/335/300 274/404/364 267/405/365
f 266/335/300 267/405/365 259/337/301
f 259/337/301 267/405/365 260/406/366
f 259/337/301 260/406/366 252/339/302
f 252/339/302 260/406/366 253/407/367
f 252/339/302 253/407/367 245/341/303
f 245/341/303 253/407/367 246/408/368
f 245/341/303 246/408/368 231/287/276
f 231/287/276 246/408/368 232/409/369
f 231/287/276 232/409/369 244/289/277
f 244/289/277 232/409/369 243/410/370
f 244/289/277 243/410/370 385/293/280
f 385/293/280 243/410/370 386/411/371
f 385/293/280 386/411/371 378/295/281
f 378/295/281 386/411/371 379/412/372
f 378/295/281 379/412/372 371/297/282
f 371/297/282 379/412/372 372/413/373
f 371/297/282 372/413/373 364/299/283
f 364/299/283 372/413/373 365/414/374
f 364/299/283 365/414/374 357/301/284
f 357/301/284 365/414/374 358/415/375
f 357/301/284 358/415/375 224/303/285
f 224/303/285 358/415/375 225/416/352
f 225/392/352 226/417/376 351/393/353
f 351/393/353 226/417/376 352/418/377
f 351/393/353 352/418/377 344/394/354
f 344/394/354 352/418/377 345/419/378
f 344/394/354 345/419/378 337/395/355
f 337/395/355 345/419/378 338/420/379
f 337/395/355 338/420/379 330/396/356
f 330/396/356 338/420/379 331/421/380
f 330/396/356 331/421/380 323/397/357
f 323/397/357 331/421/380 324/422/381
f 323/397/357 324/422/381 316/398/358
f 316/398/358 324/422/381 317/423/382
f 316/398/358 317/423/382 309/399/359
f 309/399/359 317/423/382 310/424/383
f 309/399/359 310/424/383 302/400/360
f 302/400/360 310/424/383 303/425/384
f 302/400/360 303/425/384 295/401/361
f 295/401/361 303/425/384 296/426/385
f 295/401/361 296/426/385 288/402/362
f 288/402/362 296/426/385 289/427/386
f 288/402/362 289/427/386 281/403/363
f 281/403/363 289/427/386 282/428/387
f 281/403/363 282/428/387 274/404/364
f 274/404/364 282/428/387 275/429/388
f 274/404/364 275/429/388 267/405/365
f 267/405/365 275/429/388 268/430/389
f 267/405/365 268/430/389 260/406/366
f 260/406/366 268/430/389 261/431/390
f 260/406/366 261/431/390 253/407/367
f 253/407/367 261/431/390 254/432/391
f 253/407/367 254/432/391 246/408/368
f 246/408/368 254/432/391 247/433/392
f 246/408/368 247/433/392 232/409/369
f 232/409/369 247/433/392 233/434/393
f 232/409/369 233/434/393 243/410/370
f 243/410/370 233/434/393 242/435/394
f 243/410/370 242/435/394 386/411/371
f 386/411/371 242/435/394 387/436/395
f 386/411/371 387/436/395 379/412/372
f 379/412/372 387/436/395 380/437/396
f 379/412/372 380/437/396 372/413/373
f 372/413/373 380/437/396 373/438/397
f 372/413/373 373/438/397 365/414/374
f 365/414/374 373/438/397 366/439/398
f 365/414/374 366/439/398 358/415/375
f 358/415/375 366/439/398 359/440/399
f 358/415/375 359/440/399 225/416/352
f 225/416/352 359/440/399 226/441/376
f 226/417/376 227/442/400 352/418/377
f 352/418/377 227/442/400 353/443/401
f 352/418/377 353/443/401 345/419/378
f 345/419/378 353/443/401 346/444/402
f 345/419/378 346/444/402 338/420/379
f 338/420/379 346/444/402 339/445/403
f 338/420/379 339/445/403 331/421/380
f 331/421/380 339/445/403 332/446/404
f 331/421/380 332/446/404 324/422/381
f 324/422/381 332/446/404 325/447/405
f 324/422/381 325/447/405 317/423/382
f 317/423/382 325/447/405 318/448/406
f 317/423/382 318/448/406 310/424/383
f 310/424/383 318/448/406 311/449/407
f 310/424/383 311/449/407 303/425/384
f 303/425/384 311/449/407 304/450/408
f 303/425/384 304/450/408 296/426/385
f 296/426/385 304/450/408 297/451/409
f 296/426/385 297/451/409 289/427/386
f 289/427/386 297/451/409 290/452/410
f 289/427/386 290/452/410 282/428/387
f 282/428/387 290/452/410 283/453/411
f 282/428/387 283/453/411 275/429/388
f 275/429/388 283/453/411 276/454/412
f 275/429/388 276/454/412 268/430/389
f 268/430/389 276/454/412 269/455/413
f 268/430/389 269/455/413 261/431/390
f 261/431/390 269/455/413 262/456/414
f 261/431/390 262/456/414 254/432/391
f 254/432/391 262/456/414 255/457/415
f 254/432/391 255/457/415 247/433/392
f 247/433/392 255/457/415 248/458/416
f 247/433/392 248/458/416 233/434/393
f 233/434/393 248/458/416 234/459/417
f 233/434/393 234/459/417 242/435/394
f 242/435/394 234/459/417 241/460/418
f 242/435/394 241/460/418 387/436/395
f 387/436/395 241/460/418 388/461/419
f 387/436/395 388/461/419 380/437/396
f 380/437/396 388/461/419 381/462/420
f 380/437/396 381/462/420 373/438/397
f 373/438/397 381/462/420 374/463/421
f 373/438/397 374/463/421 366/439/398
f 366/439/398 374/463/421 367/464/422
f 366/439/398 367/464/422 359/440/399
f 359/440/399 367/464/422 360/465/423
f 359/440/399 360/465/423 226/441/376
f 226/441/376 360/465/423 227/466/400
f 227/442/400 228/467/424 353/443/401
f 353/443/401 228/467/424 354/468/425
f 353/443/401 354/468/425 346/444/402
f 346/444/402 354/468/425 347/469/426
f 346/444/402 347/469/426 339/445/403
f 339/445/403 347/469/426 340/470/427
f 339/445/403 340/470/427 332/446/404
f 332/446/404 340/470/427 333/471/428
f 332/446/404 333/471/428 325/447/405
f 325/447/405 333/471/428 326/472/429
f 325/447/405 326/472/429 318/448/406
f 318/448/406 326/472/429 319/473/430
f 318/448/406 319/473/430 311/449/407
f 311/449/407 319/473/430 312/474/431
f 311/449/407 312/474/431 304/450/408
f 304/450/408 312/474/431 305/475/432
f 304/450/408 305/475/432 297/451/409
f 297/451/409 305/475/432 298/476/433
f 297/451/409 298/476/433 290/452/410
f 290/452/410 298/476/433 291/477/434
f 290/452/410 291/477/434 283/453/411
f 283/453/411 291/477/434 284/478/435
f 283/453/411 284/478/435 276/454/412
f 276/454/412 284/478/435 277/479/436
f 276/454/412 277/479/436 269/455/413
f 269/455/413 277/479/436 270/480/437
f 269/455/413 270/480/437 262/456/414
f 262/456/414 270/480/437 263/481/438
f 262/456/414 263/481/438 255/457/415
f 255/457/415 263/481/438 256/482/439
f 255/457/415 256/482/439 248/458/416
f 248/458/416 256/482/439 249/483/440
f 248/458/416 249/483/440 234/459/417
f 234/459/417 249/483/440 235/484/441
f 234/459/417 235/484/441 241/460/418
f 241/460/418 235/484/441 240/485/442
f 241/460/418 240/485/442 388/461/419
f 388/461/419 240/485/442 389/486/443
f 388/461/419 389/486/443 381/462/420
f 381/462/420 389/486/443 382/487/444
f 381/462/420 382/487/444 374/463/421
f 374/463/421 382/487/444 375/488/445
f 374/463/421 375/488/445 367/464/422
f 367/464/422 375/488/445 368/489/446
f 367/464/422 368/489/446 360/465/423
f 360/465/423 368/489/446 361/490/447
f 360/465/423 361/490/447 227/466/400
f 227/466/400 361/490/447 228/491/424
f 228/467/424 229/492/448 354/468/425
f 354/468/425 229/492/448 355/493/449
f 354/468/425 355/493/449 347/469/426
f 347/469/426 355/493/449 348/494/450
f 347/469/426 348/494/450 340/470/427
f 340/470/427 348/494/450 341/495/451
f 340/470/427 341/495/451 333/471/428
f 333/471/428 341/495/451 334/496/452
f 333/471/428 334/496/452 326/472/429
f 326/472/429 334/496/452 327/497/453
f 326/472/429 327/497/453 319/473/430
f 319/473/430 327/497/453 320/498/454
f 319/473/430 320/498/454 312/474/431
f 312/474/431 320/498/454 313/499/455
f 312/474/431 313/499/455 305/475/432
f 305/475/432 313/499/455 306/500/456
f 305/475/432 306/500/456 298/476/433
f 298/476/433 306/500/456 299/501/457
f 298/476/433 299/501/457 291/477/434
f 291/477/434 299/501/457 292/502/458
f 291/477/434 292/502/458 284/478/435
f 284/478/435 292/502/458 285/503/459
f 284/478/435 285/503/459 277/479/436
f 277/479/436 285/503/459 278/504/460
f 277/479/436 278/504/460 270/480/437
f 270/480/437 278/504/460 271/505/461
f 270/480/437 271/505/461 263/481/438
f 263/481/438 271/505/461 264/506/462
f 263/481/438 264/506/462 256/482/439
f 256/482/439 264/506/462 257/507/463
f 256/482/439 257/507/463 249/483/440
f 249/483/440 257/507/463 250/508/464
f 249/483/440 250/508/464 235/484/441
f 235/484/441 250/508/464 236/509/465
f 235/484/441 236/509/465 240/485/442
f 240/485/442 236/509/465 239/510/466
f 240/485/442 239/510/466 389/486/443
f 389/486/443 239/510/466 390/511/467
f 389/486/443 390/511/467 382/487/444
f 382/487/444 390/511/467 383/512/468
f 382/487/444 383/512/468 375/488/445
f 375/488/445 383/512/468 376/513/469
f 375/488/445 376/513/469 368/489/446
f 368/489/446 376/513/469 369/514/470
f 368/489/446 369/514/470 361/490/447
f 361/490/447 369/514/470 362/515/471
f 361/490/447 362/515/471 228/491/424
f 228/491/424 362/515/471 229/516/448
f 229/492/448 230/369/331 355/493/449
f 355/493/449 230/369/331 356/367/329
f 355/493/449 356/367/329 348/494/450
f 348/494/450 356/367/329 349/365/327
f 348/494/450 349/365/327 341/495/451
f 341/495/451 349/365/327 342/363/325
f 341/495/451 342/363/325 334/496/452
f 334/496/452 342/363/325 335/361/323
f 334/496/452 335/361/323 327/497/453
f 327/497/453 335/361/323 328/359/321
f 327/497/453 328/359/321 320/498/454
f 320/498/454 328/359/321 321/357/319
f 320/498/454 321/357/319 313/499/455
f 313/499/455 321/357/319 314/355/317
f 313/499/455 314/355/317 306/500/456
f 306/500/456 314/355/317 307/353/315
f 306/500/456 307/353/315 299/501/457
f 299/501/457 307/353/315 300/351/313
f 299/501/457 300/351/313 292/502/458
f 292/502/458 300/351/313 293/349/311
f 292/502/458 293/349/311 285/503/459
f 285/503/459 293/349/311 286/347/309
f 285/503/459 286/347/309 278/504/460
f 278/504/460 286/347/309 279/345/307
f 278/504/460 279/345/307 271/505/461
f 271/505/461 279/345/307 272/343/305
f 271/505/461 272/343/305 264/506/462
f 264/506/462 272/343/305 265/391/351
f 264/506/462 265/391/351 257/507/463
f 257/507/463 265/391/351 258/389/349
f 257/507/463 258/389/349 250/508/464
f 250/508/464 258/389/349 251/387/347
f 250/508/464 251/387/347 236/509/465
f 236/509/465 251/387/347 237/385/345
f 236/509/465 237/385/345 239/510/466
f 239/510/466 237/385/345 238/383/343
f 239/510/466 238/383/343 390/511/467
f 390/511/467 238/383/343 391/381/341
f 390/511/467 391/381/341 383/512/468
f 383/512/468 391/381/341 384/379/339
f 383/512/468 384/379/339 376/513/469
f 376/513/469 384/379/339 377/377/337
f 376/513/469 377/377/337 369/514/470
f 369/514/470 377/377/337 370/375/335
f 369/514/470 370/375/335 362/515/471
f 362/515/471 370/375/335 363/373/333
f 362/515/471 363/373/333 229/516/448
f 229/516/448 363/373/333 230/371/331
g Body1:1

v -1.398427 0.000000 -64.496557
v -1.347315 -0.388229 -64.496557
v -1.197465 -0.750000 -64.496557
v -0.959087 -1.060660 -64.496557
v -0.648427 -1.299038 -64.496557
v -0.286655 -1.448889 -64.496557
v 0.101573 -1.500000 -64.496557
v 0.489802 -1.448889 -64.496557
v 0.851573 -1.299038 -64.496557
v 1.162234 -1.060660 -64.496557
v 1.400612 -0.750000 -64.496557
v 1.550462 -0.388229 -64.496557
v 1.601573 0.000000 -64.496557
v 1.550462 0.388229 -64.496557
v 1.400612 0.750000 -64.496557
v 1.162234 1.060660 -64.496557
v 0.851573 1.299038 -64.496557
v 0.489802 1.448889 -64.496557
v 0.101573 1.500000 -64.496557
v -0.286655 1.448889 -64.496557
v -0.648427 1.299038 -64.496557
v -0.959087 1.060660 -64.496557
v -1.197465 0.750000 -64.496557
v -1.347315 0.388229 -64.496557
v 0.101573 0.000000 -65.184346
v -1.088355 0.000000 -64.786790
v -0.723510 0.000000 -65.004202
v -0.320687 0.000000 -65.138786
v -1.047809 -0.307976 -64.786790
v -0.695396 -0.213547 -65.004202
v -0.306299 -0.109289 -65.138786
v -0.928935 -0.594964 -64.786790
v -0.612970 -0.412542 -65.004202
v -0.264115 -0.211130 -65.138786
v -0.739833 -0.841406 -64.786790
v -0.481849 -0.583422 -65.004202
v -0.197010 -0.298583 -65.138786
v -0.493391 -1.030508 -64.786790
v -0.310968 -0.714544 -65.004202
v -0.109557 -0.365688 -65.138786
v -0.206403 -1.149383 -64.786790
v -0.111974 -0.796970 -65.004202
v -0.007716 -0.407872 -65.138786
v 0.101573 -1.189928 -64.786790
v 0.101573 -0.825084 -65.004202
v 0.101573 -0.422260 -65.138786
v 0.409550 -1.149383 -64.786790
v 0.315121 -0.796970 -65.004202
v 0.210862 -0.407872 -65.138786
v 0.696538 -1.030508 -64.786790
v 0.514115 -0.714544 -65.004202
v 0.312704 -0.365688 -65.138786
v 0.942980 -0.841406 -64.786790
v 0.684996 -0.583422 -65.004202
v 0.400157 -0.298583 -65.138786
v 1.132082 -0.594964 -64.786790
v 0.816117 -0.412542 -65.004202
v 0.467262 -0.211130 -65.138786
v 1.250956 -0.307976 -64.786790
v 0.898543 -0.213547 -65.004202
v 0.509446 -0.109289 -65.138786
v 1.291502 0.000000 -64.786790
v 0.926657 0.000000 -65.004202
v 0.523834 0.000000 -65.138786
v 1.250956 0.307976 -64.786790
v 0.898543 0.213547 -65.004202
v 0.509446 0.109289 -65.138786
v 1.132082 0.594964 -64.786790
v 0.816117 0.412542 -65.004202
v 0.467262 0.211130 -65.138786
v 0.942980 0.841406 -64.786790
v 0.684996 0.583422 -65.004202
v 0.400157 0.298583 -65.138786
v 0.696538 1.030508 -64.786790
v 0.514115 0.714544 -65.004202
v 0.312704 0.365688 -65.138786
v 0.409550 1.149383 -64.786790
v 0.315121 0.796970 -65.004202
v 0.210862 0.407872 -65.138786
v 0.101573 1.189928 -64.786790
v 0.101573 0.825084 -65.004202
v 0.101573 0.422260 -65.138786
v -0.206403 1.149383 -64.786790
v -0.111974 0.796970 -65.004202
v -0.007716 0.407872 -65.138786
v -0.493391 1.030508 -64.786790
v -0.310968 0.714544 -65.004202
v -0.109557 0.365688 -65.138786
v -0.739833 0.841406 -64.786790
v -0.481849 0.583422 -65.004202
v -0.197010 0.298583 -65.138786
v -0.928935 0.594964 -64.786790
v -0.612970 0.412542 -65.004202
v -0.264115 0.211130 -65.138786
v -1.047809 0.307976 -64.786790
v -0.695396 0.213547 -65.004202
v -0.306299 0.109289 -65.138786
v -1.398427 0.000000 -114.496557
v -1.347315 -0.388229 -114.496557
v -1.197465 -0.750000 -114.496557
v -0.959087 -1.060660 -114.496557
v -0.648427 -1.299038 -114.496557
v -0.286655 -1.448889 -114.496557
v 0.101573 -1.500000 -114.496557
v 0.489802 -1.448889 -114.496557
v 0.851573 -1.299038 -114.496557
v 1.162234 -1.060660 -114.496557
v 1.400612 -0.750000 -114.496557
v 1.550462 -0.388229 -114.496557
v 1.601573 0.000000 -114.496557
v 1.550462 0.388229 -114.496557
v 1.400612 0.750000 -114.496557
v 1.162234 1.060660 -114.496557
v 0.851573 1.299038 -114.496557
v 0.489802 1.448889 -114.496557
v 0.101573 1.500000 -114.496557
v -0.286655 1.448889 -114.496557
v -0.648427 1.299038 -114.496557
v -0.959087 1.060660 -114.496557
v -1.197465 0.750000 -114.496557
v -1.347315 0.388229 -114.496557
v 1.601573 0.000000 -72.829890
v 1.601573 0.000000 -81.163224
v 1.601573 0.000000 -89.496557
v 1.601573 0.000000 -97.829890
v 1.601573 0.000000 -106.163224
v -1.347315 0.388229 -72.829890
v -1.347315 0.388229 -81.163224
v -1.347315 0.388229 -89.496557
v -1.347315 0.388229 -97.829890
v -1.347315 0.388229 -106.163224
v -1.398427 0.000000 -106.163224
v -1.398427 0.000000 -97.829890
v -1.398427 0.000000 -89.496557
v -1.398427 0.000000 -81.163224
v -1.398427 0.000000 -72.829890
v -1.197465 0.750000 -72.829890
v -1.197465 0.750000 -81.163224
v -1.197465 0.750000 -89.496557
v -1.197465 0.750000 -97.829890
v -1.197465 0.750000 -106.163224
v -0.959087 1.060660 -72.829890
v -0.959087 1.060660 -81.163224
v -0.959087 1.060660 -89.496557
v -0.959087 1.060660 -97.829890
v -0.959087 1.060660 -106.163224
v -0.648427 1.299038 -72.829890
v -0.648427 1.299038 -81.163224
v -0.648427 1.299038 -89.496557
v -0.648427 1.299038 -97.829890
v -0.648427 1.299038 -106.163224
v -0.286655 1.448889 -72.829890
v -0.286655 1.448889 -81.163224
v -0.286655 1.448889 -89.496557
v -0.286655 1.448889 -97.829890
v -0.286655 1.448889 -106.163224
v 0.101573 1.500000 -72.829890
v 0.101573 1.500000 -81.163224
v 0.101573 1.500000 -89.496557
v 0.101573 1.500000 -97.829890
v 0.101573 1.500000 -106.163224
v 0.489802 1.448889 -72.829890
v 0.489802 1.448889 -81.163224
v 0.489802 1.448889 -89.496557
v 0.489802 1.448889 -97.829890
v 0.489802 1.448889 -106.163224
v 0.851573 1.299038 -72.829890
v 0.851573 1.299038 -81.163224
v 0.851573 1.299038 -89.496557
v 0.851573 1.299038 -97.829890
v 0.851573 1.299038 -106.163224
v 1.162234 1.060660 -72.829890
v 1.162234 1.060660 -81.163224
v 1.162234 1.060660 -89.496557
v 1.162234 1.060660 -97.829890
v 1.162234 1.060660 -106.163224
v 1.400612 0.750000 -72.829890
v 1.400612 0.750000 -81.163224
v 1.400612 0.750000 -89.496557
v 1.400612 0.750000 -97.829890
v 1.400612 0.750000 -106.163224
v 1.550462 0.388229 -72.829890
v 1.550462 0.388229 -81.163224
v 1.550462 0.388229 -89.496557
v 1.550462 0.388229 -97.829890
v 1.550462 0.388229 -106.163224
v 1.550462 -0.388229 -72.829890
v 1.550462 -0.388229 -81.163224
v 1.550462 -0.388229 -89.496557
v 1.550462 -0.388229 -97.829890
v 1.550462 -0.388229 -106.163224
v 1.400612 -0.750000 -72.829890
v 1.400612 -0.750000 -81.163224
v 1.400612 -0.750000 -89.496557
v 1.400612 -0.750000 -97.829890
v 1.400612 -0.750000 -106.163224
v 1.162234 -1.060660 -72.829890
v 1.162234 -1.060660 -81.163224
v 1.162234 -1.060660 -89.496557
v 1.162234 -1.060660 -97.829890
v 1.162234 -1.060660 -106.163224
v 0.851573 -1.299038 -72.829890
v 0.851573 -1.299038 -81.163224
v 0.851573 -1.299038 -89.496557
v 0.851573 -1.299038 -97.829890
v 0.851573 -1.299038 -106.163224
v 0.489802 -1.448889 -72.829890
v 0.489802 -1.448889 -81.163224
v 0.489802 -1.448889 -89.496557
v 0.489802 -1.448889 -97.829890
v 0.489802 -1.448889 -106.163224
v 0.101573 -1.500000 -72.829890
v 0.101573 -1.500000 -81.163224
v 0.101573 -1.500000 -89.496557
v 0.101573 -1.500000 -97.829890
v 0.101573 -1.500000 -106.163224
v -0.286655 -1.448889 -72.829890
v -0.286655 -1.448889 -81.163224
v -0.286655 -1.448889 -89.496557
v -0.286655 -1.448889 -97.829890
v -0.286655 -1.448889 -106.163224
v -0.648427 -1.299038 -72.829890
v -0.648427 -1.299038 -81.163224
v -0.648427 -1.299038 -89.496557
v -0.648427 -1.299038 -97.829890
v -0.648427 -1.299038 -106.163224
v -0.959087 -1.060660 -72.829890
v -0.959087 -1.060660 -81.163224
v -0.959087 -1.060660 -89.496557
v -0.959087 -1.060660 -97.829890
v -0.959087 -1.060660 -106.163224
v -1.197465 -0.750000 -72.829890
v -1.197465 -0.750000 -81.163224
v -1.197465 -0.750000 -89.496557
v -1.197465 -0.750000 -97.829890
v -1.197465 -0.750000 -106.163224
v -1.347315 -0.388229 -72.829890
v -1.347315 -0.388229 -81.163224
v -1.347315 -0.388229 -89.496557
v -1.347315 -0.388229 -97.829890
v -1.347315 -0.388229 -106.163224
vt -1.407382 -2.376071 0.000000
vt -1.832912 -2.376071 0.000000
vt -1.407382 -2.592077 0.000000
vt -1.832912 -2.592077 0.000000
vt -1.407382 2.592077 0.000000
vt -1.832912 2.592077 0.000000
vt -1.407382 2.376071 0.000000
vt -1.832912 2.376071 0.000000
vt -1.407382 2.160065 0.000000
vt -1.832912 2.160065 0.000000
vt -1.407382 1.944058 0.000000
vt -1.832912 1.944058 0.000000
vt -1.407382 1.728052 0.000000
vt -1.832912 1.728052 0.000000
vt -1.407382 1.512045 0.000000
vt -1.832912 1.512045 0.000000
vt -1.407382 1.296039 0.000000
vt -1.832912 1.296039 0.000000
vt -1.407382 1.080032 0.000000
vt -1.832912 1.080032 0.000000
vt -1.407382 0.864026 0.000000
vt -1.832912 0.864026 0.000000
vt -1.407382 0.648019 0.000000
vt -1.832912 0.648019 0.000000
vt -1.407382 0.432013 0.000000
vt -1.832912 0.432013 0.000000
vt -1.407382 0.216006 0.000000
vt -1.832912 0.216006 0.000000
vt -1.407382 0.000000 0.000000
vt -1.832912 0.000000 0.000000
vt -1.407382 -0.216006 0.000000
vt -1.832912 -0.216006 0.000000
vt -1.407382 -0.432013 0.000000
vt -1.832912 -0.432013 0.000000
vt -1.407382 -0.648019 0.000000
vt -1.832912 -0.648019 0.000000
vt -1.407382 -0.864026 0.000000
vt -1.832912 -0.864026 0.000000
vt -1.407382 -1.080032 0.000000
vt -1.832912 -1.080032 0.000000
vt -1.407382 -1.296039 0.000000
vt -1.832912 -1.296039 0.000000
vt -1.407382 -1.512045 0.000000
vt -1.832912 -1.512045 0.000000
vt -1.407382 -1.728052 0.000000
vt -1.832912 -1.728052 0.000000
vt -1.407382 -1.944058 0.000000
vt -1.832912 -1.944058 0.000000
vt -1.407382 -2.160065 0.000000
vt -1.832912 -2.160065 0.000000
vt -2.683972 2.592077 0.000000
vt -3.109502 2.592077 0.000000
vt -2.683972 2.376071 0.000000
vt -3.109502 2.376071 0.000000
vt -2.683972 2.160065 0.000000
vt -3.109502 2.160065 0.000000
vt -2.683972 1.944058 0.000000
vt -3.109502 1.944058 0.000000
vt -2.683972 1.728052 0.000000
vt -3.109502 1.728052 0.000000
vt -2.683972 1.512045 0.000000
vt -3.109502 1.512045 0.000000
vt -2.683972 1.296039 0.000000
vt -3.109502 1.296039 0.000000
vt -2.683972 1.080032 0.000000
vt -3.109502 1.080032 0.000000
vt -2.683972 0.864026 0.000000
vt -2.683972 0.648019 0.000000
vt -3.109502 0.648019 0.000000
vt -2.683972 0.432013 0.000000
vt -3.109502 0.432013 0.000000
vt -2.683972 0.216006 0.000000
vt -3.109502 0.216006 0.000000
vt -2.683972 0.000000 0.000000
vt -3.109502 0.000000 0.000000
vt -2.683972 -0.216006 0.000000
vt -3.109502 -0.216006 0.000000
vt -2.683972 -0.432013 0.000000
vt -3.109502 -0.432013 0.000000
vt -2.683972 -0.648019 0.000000
vt -3.109502 -0.648019 0.000000
vt -2.683972 -0.864026 0.000000
vt -2.683972 -1.080032 0.000000
vt -3.109502 -1.080032 0.000000
vt -2.683972 -1.296039 0.000000
vt -3.109502 -1.296039 0.000000
vt -2.683972 -1.512045 0.000000
vt -3.109502 -1.512045 0.000000
vt -2.683972 -1.728052 0.000000
vt -3.109502 -1.728052 0.000000
vt -2.683972 -1.944058 0.000000
vt -3.109502 -1.944058 0.000000
vt -2.683972 -2.160065 0.000000
vt -3.109502 -2.160065 0.000000
vt -2.683972 -2.376071 0.000000
vt -3.109502 -2.376071 0.000000
vt -2.683972 -2.592077 0.000000
vt -2.258442 2.592077 0.000000
vt -2.258442 2.376071 0.000000
vt -2.258442 2.160065 0.000000
vt -2.258442 1.944058 0.000000
vt -2.258442 1.728052 0.000000
vt -2.258442 1.512045 0.000000
vt -2.258442 1.296039 0.000000
vt -2.258442 1.080032 0.000000
vt -2.258442 0.864026 0.000000
vt -2.258442 0.648019 0.000000
vt -2.258442 0.432013 0.000000
vt -2.258442 0.216006 0.000000
vt -2.258442 0.000000 0.000000
vt -2.258442 -0.216006 0.000000
vt -2.258442 -0.432013 0.000000
vt -2.258442 -0.648019 0.000000
vt -2.258442 -0.864026 0.000000
vt -2.258442 -1.080032 0.000000
vt -2.258442 -1.296039 0.000000
vt -2.258442 -1.512045 0.000000
vt -2.258442 -1.728052 0.000000
vt -2.258442 -1.944058 0.000000
vt -2.258442 -2.160065 0.000000
vt -2.258442 -2.376071 0.000000
vt -2.258442 -2.592077 0.000000
vt -3.109502 -0.864026 0.000000
vt -3.109502 0.864026 0.000000
vt 25.000000 0.392699 0.000000
vt 16.666667 0.392699 0.000000
vt 25.000000 0.000000 0.000000
vt 16.666667 0.000000 0.000000
vt 25.000000 -0.392699 0.000000
vt 16.666667 -0.392699 0.000000
vt 25.000000 -0.785398 0.000000
vt 16.666667 -0.785398 0.000000
vt 25.000000 -1.178097 0.000000
vt 16.666667 -1.178097 0.000000
vt 25.000000 -1.570796 0.000000
vt 16.666667 -1.570796 0.000000
vt 25.000000 -1.963495 0.000000
vt 16.666667 -1.963495 0.000000
vt 25.000000 -2.356194 0.000000
vt 16.666667 -2.356194 0.000000
vt 25.000000 -2.748894 0.000000
vt 16.666667 -2.748894 0.000000
vt 25.000000 -3.141593 0.000000
vt 16.666667 -3.141593 0.000000
vt 25.000000 -3.534292 0.000000
vt 16.666667 -3.534292 0.000000
vt 25.000000 -3.926991 0.000000
vt 16.666667 -3.926991 0.000000
vt 25.000000 -4.319690 0.000000
vt 16.666667 -4.319690 0.000000
vt 25.000000 -4.712389 0.000000
vt 16.666667 -4.712389 0.000000
vt 25.000000 4.712389 0.000000
vt 16.666667 4.712389 0.000000
vt 25.000000 4.319690 0.000000
vt 16.666667 4.319690 0.000000
vt 25.000000 3.926991 0.000000
vt 16.666667 3.926991 0.000000
vt 25.000000 3.534292 0.000000
vt 16.666667 3.534292 0.000000
vt 25.000000 3.141593 0.000000
vt 16.666667 3.141593 0.000000
vt 25.000000 2.748894 0.000000
vt 16.666667 2.748894 0.000000
vt 25.000000 2.356194 0.000000
vt 16.666667 2.356194 0.000000
vt 25.000000 1.963495 0.000000
vt 16.666667 1.963495 0.000000
vt 25.000000 1.570796 0.000000
vt 16.666667 1.570796 0.000000
vt 25.000000 1.178097 0.000000
vt 16.666667 1.178097 0.000000
vt 25.000000 0.785398 0.000000
vt 16.666667 0.785398 0.000000
vt -25.000000 -0.392699 0.000000
vt -16.666667 -0.392699 0.000000
vt -25.000000 0.000000 0.000000
vt -16.666667 0.000000 0.000000
vt -25.000000 0.392699 0.000000
vt -16.666667 0.392699 0.000000
vt -25.000000 0.785398 0.000000
vt -16.666667 0.785398 0.000000
vt -25.000000 1.178097 0.000000
vt -16.666667 1.178097 0.000000
vt -25.000000 1.570796 0.000000
vt -16.666667 1.570796 0.000000
vt -25.000000 1.963495 0.000000
vt -16.666667 1.963495 0.000000
vt -25.000000 2.356194 0.000000
vt -16.666667 2.356194 0.000000
vt -25.000000 2.748894 0.000000
vt -16.666667 2.748894 0.000000
vt -25.000000 3.141593 0.000000
vt -16.666667 3.141593 0.000000
vt -25.000000 3.534292 0.000000
vt -16.666667 3.534292 0.000000
vt -25.000000 3.926991 0.000000
vt -16.666667 3.926991 0.000000
vt -25.000000 4.319690 0.000000
vt -16.666667 4.319690 0.000000
vt -25.000000 4.712389 0.000000
vt -16.666667 4.712389 0.000000
vt -25.000000 -4.712389 0.000000
vt -16.666667 -4.712389 0.000000
vt -25.000000 -4.319690 0.000000
vt -16.666667 -4.319690 0.000000
vt -25.000000 -3.926991 0.000000
vt -16.666667 -3.926991 0.000000
vt -25.000000 -3.534292 0.000000
vt -16.666667 -3.534292 0.000000
vt -25.000000 -3.141593 0.000000
vt -16.666667 -3.141593 0.000000
vt -25.000000 -2.748894 0.000000
vt -16.666667 -2.748894 0.000000
vt -25.000000 -2.356194 0.000000
vt -16.666667 -2.356194 0.000000
vt -25.000000 -1.963495 0.000000
vt -16.666667 -1.963495 0.000000
vt -25.000000 -1.570796 0.000000
vt -16.666667 -1.570796 0.000000
vt -25.000000 -1.178097 0.000000
vt -16.666667 -1.178097 0.000000
vt -25.000000 -0.785398 0.000000
vt -16.666667 -0.785398 0.000000
vt 8.333333 4.712389 0.000000
vt 8.333333 4.319690 0.000000
vt 8.333333 3.926991 0.000000
vt 8.333333 3.534292 0.000000
vt 8.333333 3.141593 0.000000
vt 8.333333 2.748894 0.000000
vt 8.333333 2.356194 0.000000
vt 8.333333 1.963495 0.000000
vt 8.333333 1.570796 0.000000
vt 8.333333 1.178097 0.000000
vt 8.333333 0.785398 0.000000
vt 8.333333 0.392699 0.000000
vt 8.333333 0.000000 0.000000
vt 8.333333 -0.392699 0.000000
vt 8.333333 -0.785398 0.000000
vt 8.333333 -1.178097 0.000000
vt 8.333333 -1.570796 0.000000
vt 8.333333 -1.963495 0.000000
vt 8.333333 -2.356194 0.000000
vt 8.333333 -2.748894 0.000000
vt 8.333333 -3.141593 0.000000
vt 8.333333 -3.534292 0.000000
vt 8.333333 -3.926991 0.000000
vt 8.333333 -4.319690 0.000000
vt 8.333333 -4.712389 0.000000
vt 0.000000 4.712389 0.000000
vt 0.000000 4.319690 0.000000
vt 0.000000 3.926991 0.000000
vt 0.000000 3.534292 0.000000
vt 0.000000 3.141593 0.000000
vt 0.000000 2.748894 0.000000
vt 0.000000 2.356194 0.000000
vt 0.000000 1.963495 0.000000
vt 0.000000 1.570796 0.000000
vt 0.000000 1.178097 0.000000
vt 0.000000 0.785398 0.000000
vt 0.000000 0.392699 0.000000
vt 0.000000 0.000000 0.000000
vt 0.000000 -0.392699 0.000000
vt 0.000000 -0.785398 0.000000
vt 0.000000 -1.178097 0.000000
vt 0.000000 -1.570796 0.000000
vt 0.000000 -1.963495 0.000000
vt 0.000000 -2.356194 0.000000
vt 0.000000 -2.748894 0.000000
vt 0.000000 -3.141593 0.000000
vt 0.000000 -3.534292 0.000000
vt 0.000000 -3.926991 0.000000
vt 0.000000 -4.319690 0.000000
vt 0.000000 -4.712389 0.000000
vt -8.333333 4.712389 0.000000
vt -8.333333 4.319690 0.000000
vt -8.333333 3.926991 0.000000
vt -8.333333 3.534292 0.000000
vt -8.333333 3.141593 0.000000
vt -8.333333 2.748894 0.000000
vt -8.333333 2.356194 0.000000
vt -8.333333 1.963495 0.000000
vt -8.333333 1.570796 0.000000
vt -8.333333 1.178097 0.000000
vt -8.333333 0.785398 0.000000
vt -8.333333 0.392699 0.000000
vt -8.333333 0.000000 0.000000
vt -8.333333 -0.392699 0.000000
vt -8.333333 -0.785398 0.000000
vt -8.333333 -1.178097 0.000000
vt -8.333333 -1.570796 0.000000
vt -8.333333 -1.963495 0.000000
vt -8.333333 -2.356194 0.000000
vt -8.333333 -2.748894 0.000000
vt -8.333333 -3.141593 0.000000
vt -8.333333 -3.534292 0.000000
vt -8.333333 -3.926991 0.000000
vt -8.333333 -4.319690 0.000000
vt -8.333333 -4.712389 0.000000
vt 1.448889 0.388229 0.000000
vt -1.448889 0.388229 0.000000
vt 1.500000 0.000000 0.000000
vt -1.500000 0.000000 0.000000
vt 1.448889 -0.388229 0.000000
vt -1.448889 -0.388229 0.000000
vt 1.299038 -0.750000 0.000000
vt -1.299038 -0.750000 0.000000
vt 1.060660 -1.060660 0.000000
vt -1.060660 -1.060660 0.000000
vt 0.750000 -1.299038 0.000000
vt -0.750000 -1.299038 0.000000
vt 0.388229 -1.448889 0.000000
vt -0.388229 -1.448889 0.000000
vt -0.000000 -1.500000 0.000000
vt -1.299038 0.750000 0.000000
vt 1.299038 0.750000 0.000000
vt -1.060660 1.060660 0.000000
vt 1.060660 1.060660 0.000000
vt -0.750000 1.299038 0.000000
vt 0.750000 1.299038 0.000000
vt -0.388229 1.448889 0.000000
vt 0.388229 1.448889 0.000000
vt -0.000000 1.500000 0.000000
vn 0.731921 0.196118 0.652556
vn 0.580622 0.155577 0.799171
vn 0.757740 0.000000 0.652556
vn 0.601104 0.000000 0.799171
vn 0.731921 -0.196118 0.652556
vn 0.580622 -0.155577 0.799171
vn 0.656222 -0.378870 0.652556
vn 0.520572 -0.300552 0.799171
vn 0.535803 -0.535803 0.652556
vn 0.425045 -0.425045 0.799171
vn 0.378870 -0.656222 0.652556
vn 0.300552 -0.520572 0.799171
vn 0.196118 -0.731921 0.652556
vn 0.155577 -0.580622 0.799171
vn -0.000000 -0.757740 0.652556
vn -0.000000 -0.601104 0.799171
vn -0.196118 -0.731921 0.652556
vn -0.155577 -0.580622 0.799171
vn -0.378870 -0.656222 0.652556
vn -0.300552 -0.520572 0.799171
vn -0.535803 -0.535803 0.652556
vn -0.425045 -0.425045 0.799171
vn -0.656222 -0.378870 0.652556
vn -0.520572 -0.300552 0.799171
vn -0.731921 -0.196118 0.652556
vn -0.580622 -0.155577 0.799171
vn -0.757740 -0.000000 0.652556
vn -0.601104 -0.000000 0.799171
vn -0.731921 0.196118 0.652556
vn -0.580622 0.155577 0.799171
vn -0.656222 0.378870 0.652556
vn -0.520572 0.300552 0.799171
vn -0.535803 0.535803 0.652556
vn -0.425045 0.425045 0.799171
vn -0.378870 0.656222 0.652556
vn -0.300552 0.520572 0.799171
vn -0.196118 0.731921 0.652556
vn -0.155577 0.580622 0.799171
vn -0.000000 0.757740 0.652556
vn -0.000000 0.601104 0.799171
vn 0.196118 0.731921 0.652556
vn 0.155577 0.580622 0.799171
vn 0.378870 0.656222 0.652556
vn 0.300552 0.520572 0.799171
vn 0.535803 0.535803 0.652556
vn 0.425045 0.425045 0.799171
vn 0.656222 0.378870 0.652556
vn 0.520572 0.300552 0.799171
vn 0.213309 -0.000000 0.976985
vn 0.000000 -0.000000 1.000000
vn 0.206041 -0.055208 0.976985
vn 0.184731 -0.106655 0.976985
vn 0.150832 -0.150832 0.976985
vn 0.106655 -0.184731 0.976985
vn 0.055208 -0.206041 0.976985
vn -0.000000 -0.213309 0.976985
vn -0.055208 -0.206041 0.976985
vn -0.106655 -0.184731 0.976985
vn -0.150832 -0.150832 0.976985
vn -0.184731 -0.106655 0.976985
vn -0.206041 -0.055208 0.976985
vn -0.213309 -0.000000 0.976985
vn -0.206041 0.055208 0.976985
vn -0.184731 0.106655 0.976985
vn -0.150832 0.150832 0.976985
vn -0.106655 0.184731 0.976985
vn -0.055208 0.206041 0.976985
vn -0.000000 0.213309 0.976985
vn 0.055208 0.206041 0.976985
vn 0.106655 0.184731 0.976985
vn 0.150832 0.150832 0.976985
vn 0.184731 0.106655 0.976985
vn 0.206041 0.055208 0.976985
vn 0.416799 -0.000000 0.908998
vn 0.402597 -0.107876 0.908998
vn 0.360959 -0.208400 0.908998
vn 0.294722 -0.294722 0.908998
vn 0.208400 -0.360959 0.908998
vn 0.107876 -0.402597 0.908998
vn -0.000000 -0.416799 0.908998
vn -0.107876 -0.402597 0.908998
vn -0.208400 -0.360959 0.908998
vn -0.294722 -0.294722 0.908998
vn -0.360959 -0.208400 0.908998
vn -0.402597 -0.107876 0.908998
vn -0.416799 -0.000000 0.908998
vn -0.402597 0.107876 0.908998
vn -0.360959 0.208400 0.908998
vn -0.294722 0.294722 0.908998
vn -0.208400 0.360959 0.908998
vn -0.107876 0.402597 0.908998
vn -0.000000 0.416799 0.908998
vn 0.107876 0.402597 0.908998
vn 0.208400 0.360959 0.908998
vn 0.294722 0.294722 0.908998
vn 0.360959 0.208400 0.908998
vn 0.402597 0.107876 0.908998
vn -0.965926 0.258819 -0.000000
vn -0.965926 0.258819 -0.000000
vn -1.000000 0.000000 -0.000000
vn -1.000000 0.000000 -0.000000
vn -0.965926 -0.258819 -0.000000
vn -0.965926 -0.258819 -0.000000
vn -0.866025 -0.500000 -0.000000
vn -0.866025 -0.500000 -0.000000
vn -0.707107 -0.707107 -0.000000
vn -0.707107 -0.707107 -0.000000
vn -0.500000 -0.866025 -0.000000
vn -0.500000 -0.866025 -0.000000
vn -0.258819 -0.965926 -0.000000
vn -0.258819 -0.965926 -0.000000
vn 0.000000 -1.000000 -0.000000
vn 0.000000 -1.000000 -0.000000
vn 0.258819 -0.965926 -0.000000
vn 0.258819 -0.965926 -0.000000
vn 0.500000 -0.866025 -0.000000
vn 0.500000 -0.866025 -0.000000
vn 0.707107 -0.707107 -0.000000
vn 0.707107 -0.707107 -0.000000
vn 0.866025 -0.500000 -0.000000
vn 0.866025 -0.500000 -0.000000
vn 0.965926 -0.258819 -0.000000
vn 0.965926 -0.258819 -0.000000
vn 1.000000 -0.000000 -0.000000
vn 1.000000 -0.000000 -0.000000
vn 0.965926 0.258819 0.000000
vn 0.965926 0.258819 0.000000
vn 0.866025 0.500000 0.000000
vn 0.866025 0.500000 0.000000
vn 0.707107 0.707107 0.000000
vn 0.707107 0.707107 0.000000
vn 0.500000 0.866025 0.000000
vn 0.500000 0.866025 0.000000
vn 0.258819 0.965926 0.000000
vn 0.258819 0.965926 0.000000
vn 0.000000 1.000000 0.000000
vn 0.000000 1.000000 0.000000
vn -0.258819 0.965926 -0.000000
vn -0.258819 0.965926 -0.000000
vn -0.500000 0.866025 -0.000000
vn -0.500000 0.866025 -0.000000
vn -0.707107 0.707107 -0.000000
vn -0.707107 0.707107 -0.000000
vn -0.866025 0.500000 -0.000000
vn -0.866025 0.500000 -0.000000
vn -0.965926 -0.258819 -0.000000
vn -0.965926 -0.258819 -0.000000
vn -1.000000 0.000000 -0.000000
vn -1.000000 0.000000 -0.000000
vn -0.965926 0.258819 -0.000000
vn -0.965926 0.258819 -0.000000
vn -0.866025 0.500000 -0.000000
vn -0.866025 0.500000 -0.000000
vn -0.707107 0.707107 -0.000000
vn -0.707107 0.707107 -0.000000
vn -0.500000 0.866025 -0.000000
vn -0.500000 0.866025 -0.000000
vn -0.258819 0.965926 -0.000000
vn -0.258819 0.965926 -0.000000
vn 0.000000 1.000000 0.000000
vn 0.000000 1.000000 0.000000
vn 0.258819 0.965926 0.000000
vn 0.258819 0.965926 0.000000
vn 0.500000 0.866025 0.000000
vn 0.500000 0.866025 0.000000
vn 0.707107 0.707107 0.000000
vn 0.707107 0.707107 0.000000
vn 0.866025 0.500000 0.000000
vn 0.866025 0.500000 0.000000
vn 0.965926 0.258819 0.000000
vn 0.965926 0.258819 0.000000
vn 1.000000 0.000000 0.000000
vn 1.000000 0.000000 0.000000
vn 0.965926 -0.258819 -0.000000
vn 0.965926 -0.258819 -0.000000
vn 0.866025 -0.500000 -0.000000
vn 0.866025 -0.500000 -0.000000
vn 0.707107 -0.707107 -0.000000
vn 0.707107 -0.707107 -0.000000
vn 0.500000 -0.866025 -0.000000
vn 0.500000 -0.866025 -0.000000
vn 0.258819 -0.965926 -0.000000
vn 0.258819 -0.965926 -0.000000
vn 0.000000 -1.000000 -0.000000
vn 0.000000 -1.000000 -0.000000
vn -0.258819 -0.965926 -0.000000
vn -0.258819 -0.965926 -0.000000
vn -0.500000 -0.866025 -0.000000
vn -0.500000 -0.866025 -0.000000
vn -0.707107 -0.707107 -0.000000
vn -0.707107 -0.707107 -0.000000
vn -0.866025 -0.500000 -0.000000
vn -0.866025 -0.500000 -0.000000
vn 1.000000 0.000000 0.000000
vn 0.965926 0.258819 0.000000
vn 0.866025 0.500000 0.000000
vn 0.707107 0.707107 0.000000
vn 0.500000 0.866025 0.000000
vn 0.258819 0.965926 0.000000
vn 0.000000 1.000000 0.000000
vn -0.258819 0.965926 -0.000000
vn -0.500000 0.866025 -0.000000
vn -0.707107 0.707107 -0.000000
vn -0.866025 0.500000 -0.000000
vn -0.965926 0.258819 -0.000000
vn -1.000000 0.000000 -0.000000
vn -0.965926 -0.258819 -0.000000
vn -0.866025 -0.500000 -0.000000
vn -0.707107 -0.707107 -0.000000
vn -0.500000 -0.866025 -0.000000
vn -0.258819 -0.965926 -0.000000
vn 0.000000 -1.000000 -0.000000
vn 0.258819 -0.965926 -0.000000
vn 0.500000 -0.866025 -0.000000
vn 0.707107 -0.707107 -0.000000
vn 0.866025 -0.500000 -0.000000
vn 0.965926 -0.258819 -0.000000
vn 1.000000 0.000000 0.000000
vn 0.965926 0.258819 0.000000
vn 0.866025 0.500000 0.000000
vn 0.707107 0.707107 0.000000
vn 0.500000 0.866025 0.000000
vn 0.258819 0.965926 0.000000
vn 0.000000 1.000000 0.000000
vn -0.258819 0.965926 -0.000000
vn -0.500000 0.866025 -0.000000
vn -0.707107 0.707107 -0.000000
vn -0.866025 0.500000 -0.000000
vn -0.965926 0.258819 -0.000000
vn -1.000000 0.000000 -0.000000
vn -0.965926 -0.258819 -0.000000
vn -0.866025 -0.500000 -0.000000
vn -0.707107 -0.707107 -0.000000
vn -0.500000 -0.866025 -0.000000
vn -0.258819 -0.965926 -0.000000
vn 0.000000 -1.000000 -0.000000
vn 0.258819 -0.965926 -0.000000
vn 0.500000 -0.866025 -0.000000
vn 0.707107 -0.707107 -0.000000
vn 0.866025 -0.500000 -0.000000
vn 0.965926 -0.258819 -0.000000
vn 1.000000 0.000000 0.000000
vn 0.965926 0.258819 0.000000
vn 0.866025 0.500000 0.000000
vn 0.707107 0.707107 0.000000
vn 0.500000 0.866025 0.000000
vn 0.258819 0.965926 0.000000
vn 0.000000 1.000000 0.000000
vn -0.258819 0.965926 -0.000000
vn -0.500000 0.866025 -0.000000
vn -0.707107 0.707107 -0.000000
vn -0.866025 0.500000 -0.000000
vn -0.965926 0.258819 -0.000000
vn -1.000000 0.000000 -0.000000
vn -0.965926 -0.258819 -0.000000
vn -0.866025 -0.500000 -0.000000
vn -0.707107 -0.707107 -0.000000
vn -0.500000 -0.866025 -0.000000
vn -0.258819 -0.965926 -0.000000
vn 0.000000 -1.000000 -0.000000
vn 0.258819 -0.965926 -0.000000
vn 0.500000 -0.866025 -0.000000
vn 0.707107 -0.707107 -0.000000
vn 0.866025 -0.500000 -0.000000
vn 0.965926 -0.258819 -0.000000
vn 0.000000 0.000000 -1.000000
vn 0.000000 0.000000 -1.000000
vn 0.000000 0.000000 -1.000000
vn 0.000000 0.000000 -1.000000
vn 0.000000 0.000000 -1.000000
vn 0.000000 0.000000 -1.000000
vn 0.000000 0.000000 -1.000000
vn 0.000000 0.000000 -1.000000
vn 0.000000 0.000000 -1.000000
vn 0.000000 0.000000 -1.000000
vn 0.000000 0.000000 -1.000000
vn 0.000000 0.000000 -1.000000
vn 0.000000 0.000000 -1.000000
vn 0.000000 0.000000 -1.000000
vn 0.000000 0.000000 -1.000000
vn 0.000000 0.000000 -1.000000
vn 0.000000 0.000000 -1.000000
vn 0.000000 0.000000 -1.000000
vn 0.000000 0.000000 -1.000000
vn 0.000000 0.000000 -1.000000
vn 0.000000 0.000000 -1.000000
vn 0.000000 0.000000 -1.000000
vn 0.000000 0.000000 -1.000000
vn 0.000000 0.000000 -1.000000
f 393/517/472 420/518/473 392/519/474
f 392/519/474 420/518/473 417/520/475
f 392/521/474 417/522/475 415/523/476
f 415/523/476 417/522/475 486/524/477
f 415/523/476 486/524/477 414/525/478
f 414/525/478 486/524/477 483/526/479
f 414/525/478 483/526/479 413/527/480
f 413/527/480 483/526/479 480/528/481
f 413/527/480 480/528/481 412/529/482
f 412/529/482 480/528/481 477/530/483
f 412/529/482 477/530/483 411/531/484
f 411/531/484 477/530/483 474/532/485
f 411/531/484 474/532/485 410/533/486
f 410/533/486 474/532/485 471/534/487
f 410/533/486 471/534/487 409/535/488
f 409/535/488 471/534/487 468/536/489
f 409/535/488 468/536/489 408/537/490
f 408/537/490 468/536/489 465/538/491
f 408/537/490 465/538/491 407/539/492
f 407/539/492 465/538/491 462/540/493
f 407/539/492 462/540/493 406/541/494
f 406/541/494 462/540/493 459/542/495
f 406/541/494 459/542/495 405/543/496
f 405/543/496 459/542/495 456/544/497
f 405/543/496 456/544/497 404/545/498
f 404/545/498 456/544/497 453/546/499
f 404/545/498 453/546/499 403/547/500
f 403/547/500 453/546/499 450/548/501
f 403/547/500 450/548/501 402/549/502
f 402/549/502 450/548/501 447/550/503
f 402/549/502 447/550/503 401/551/504
f 401/551/504 447/550/503 444/552/505
f 401/551/504 444/552/505 400/553/506
f 400/553/506 444/552/505 441/554/507
f 400/553/506 441/554/507 399/555/508
f 399/555/508 441/554/507 438/556/509
f 399/555/508 438/556/509 398/557/510
f 398/557/510 438/556/509 435/558/511
f 398/557/510 435/558/511 397/559/512
f 397/559/512 435/558/511 432/560/513
f 397/559/512 432/560/513 396/561/514
f 396/561/514 432/560/513 429/562/515
f 396/561/514 429/562/515 395/563/516
f 395/563/516 429/562/515 426/564/517
f 395/563/516 426/564/517 394/565/518
f 394/565/518 426/564/517 423/566/519
f 394/565/518 423/566/519 393/517/472
f 393/517/472 423/566/519 420/518/473
f 419/567/520 416/568/521 488/569/522
f 488/569/522 416/570/521 485/571/523
f 485/571/523 416/572/521 482/573/524
f 482/573/524 416/574/521 479/575/525
f 479/575/525 416/576/521 476/577/526
f 476/577/526 416/578/521 473/579/527
f 473/579/527 416/580/521 470/581/528
f 470/581/528 416/582/521 467/583/529
f 464/584/530 416/585/521 461/586/531
f 461/586/531 416/587/521 458/588/532
f 458/588/532 416/589/521 455/590/533
f 455/590/533 416/591/521 452/592/534
f 452/592/534 416/593/521 449/594/535
f 449/594/535 416/595/521 446/596/536
f 446/596/536 416/597/521 443/598/537
f 440/599/538 416/600/521 437/601/539
f 437/601/539 416/602/521 434/603/540
f 434/603/540 416/604/521 431/605/541
f 431/605/541 416/606/521 428/607/542
f 428/607/542 416/608/521 425/609/543
f 425/609/543 416/610/521 422/611/544
f 422/611/544 416/612/521 419/613/520
f 417/522/475 418/614/545 486/524/477
f 486/524/477 418/614/545 487/615/546
f 486/524/477 487/615/546 483/526/479
f 483/526/479 487/615/546 484/616/547
f 483/526/479 484/616/547 480/528/481
f 480/528/481 484/616/547 481/617/548
f 480/528/481 481/617/548 477/530/483
f 477/530/483 481/617/548 478/618/549
f 477/530/483 478/618/549 474/532/485
f 474/532/485 478/618/549 475/619/550
f 474/532/485 475/619/550 471/534/487
f 471/534/487 475/619/550 472/620/551
f 471/534/487 472/620/551 468/536/489
f 468/536/489 472/620/551 469/621/552
f 468/536/489 469/621/552 465/538/491
f 465/538/491 469/621/552 466/622/553
f 465/538/491 466/622/553 462/540/493
f 462/540/493 466/622/553 463/623/554
f 462/540/493 463/623/554 459/542/495
f 459/542/495 463/623/554 460/624/555
f 459/542/495 460/624/555 456/544/497
f 456/544/497 460/624/555 457/625/556
f 456/544/497 457/625/556 453/546/499
f 453/546/499 457/625/556 454/626/557
f 453/546/499 454/626/557 450/548/501
f 450/548/501 454/626/557 451/627/558
f 450/548/501 451/627/558 447/550/503
f 447/550/503 451/627/558 448/628/559
f 447/550/503 448/628/559 444/552/505
f 444/552/505 448/628/559 445/629/560
f 444/552/505 445/629/560 441/554/507
f 441/554/507 445/629/560 442/630/561
f 441/554/507 442/630/561 438/556/509
f 438/556/509 442/630/561 439/631/562
f 438/556/509 439/631/562 435/558/511
f 435/558/511 439/631/562 436/632/563
f 435/558/511 436/632/563 432/560/513
f 432/560/513 436/632/563 433/633/564
f 432/560/513 433/633/564 429/562/515
f 429/562/515 433/633/564 430/634/565
f 429/562/515 430/634/565 426/564/517
f 426/564/517 430/634/565 427/635/566
f 426/564/517 427/635/566 423/566/519
f 423/566/519 427/635/566 424/636/567
f 423/566/519 424/636/567 420/518/473
f 420/518/473 424/636/567 421/637/568
f 420/518/473 421/637/568 417/520/475
f 417/520/475 421/637/568 418/638/545
f 418/614/545 419/567/520 487/615/546
f 487/615/546 419/567/520 488/569/522
f 487/615/546 488/569/522 484/616/547
f 484/616/547 488/569/522 485/571/523
f 484/616/547 485/571/523 481/617/548
f 481/617/548 485/571/523 482/573/524
f 481/617/548 482/573/524 478/618/549
f 478/618/549 482/573/524 479/575/525
f 478/618/549 479/575/525 475/619/550
f 475/619/550 479/575/525 476/577/526
f 475/619/550 476/577/526 472/620/551
f 472/620/551 476/577/526 473/579/527
f 472/620/551 473/579/527 469/621/552
f 469/621/552 473/579/527 470/581/528
f 469/621/552 470/581/528 466/622/553
f 466/622/553 470/581/528 467/583/529
f 466/622/553 467/583/529 463/623/554
f 463/623/554 467/583/529 464/584/530
f 463/623/554 464/584/530 460/624/555
f 460/624/555 464/584/530 461/586/531
f 460/624/555 461/586/531 457/625/556
f 457/625/556 461/586/531 458/588/532
f 457/625/556 458/588/532 454/626/557
f 454/626/557 458/588/532 455/590/533
f 454/626/557 455/590/533 451/627/558
f 451/627/558 455/590/533 452/592/534
f 451/627/558 452/592/534 448/628/559
f 448/628/559 452/592/534 449/594/535
f 448/628/559 449/594/535 445/629/560
f 445/629/560 449/594/535 446/596/536
f 445/629/560 446/596/536 442/630/561
f 442/630/561 446/596/536 443/598/537
f 442/630/561 443/598/537 439/631/562
f 439/631/562 443/598/537 440/599/538
f 439/631/562 440/599/538 436/632/563
f 436/632/563 440/599/538 437/601/539
f 436/632/563 437/601/539 433/633/564
f 433/633/564 437/601/539 434/603/540
f 433/633/564 434/603/540 430/634/565
f 430/634/565 434/603/540 431/605/541
f 430/634/565 431/605/541 427/635/566
f 427/635/566 431/605/541 428/607/542
f 427/635/566 428/607/542 424/636/567
f 424/636/567 428/607/542 425/609/543
f 424/636/567 425/609/543 421/637/568
f 421/637/568 425/609/543 422/611/544
f 421/637/568 422/611/544 418/638/545
f 418/638/545 422/611/544 419/613/520
f 443/598/537 416/639/521 440/599/538
f 467/583/529 416/640/521 464/584/530
f 415/641/569 518/642/570 392/643/571
f 392/643/571 518/642/570 527/644/572
f 392/643/571 527/644/572 393/645/573
f 393/645/573 527/644/572 628/646/574
f 393/645/573 628/646/574 394/647/575
f 394/647/575 628/646/574 623/648/576
f 394/647/575 623/648/576 395/649/577
f 395/649/577 623/648/576 618/650/578
f 395/649/577 618/650/578 396/651/579
f 396/651/579 618/650/578 613/652/580
f 396/651/579 613/652/580 397/653/581
f 397/653/581 613/652/580 608/654/582
f 397/653/581 608/654/582 398/655/583
f 398/655/583 608/654/582 603/656/584
f 398/655/583 603/656/584 399/657/585
f 399/657/585 603/656/584 598/658/586
f 399/657/585 598/658/586 400/659/587
f 400/659/587 598/658/586 593/660/588
f 400/659/587 593/660/588 401/661/589
f 401/661/589 593/660/588 588/662/590
f 401/661/589 588/662/590 402/663/591
f 402/663/591 588/662/590 583/664/592
f 402/663/591 583/664/592 403/665/593
f 403/665/593 583/664/592 578/666/594
f 403/665/593 578/666/594 404/667/595
f 404/667/595 578/666/594 513/668/596
f 404/669/595 513/670/596 405/671/597
f 405/671/597 513/670/596 573/672/598
f 405/671/597 573/672/598 406/673/599
f 406/673/599 573/672/598 568/674/600
f 406/673/599 568/674/600 407/675/601
f 407/675/601 568/674/600 563/676/602
f 407/675/601 563/676/602 408/677/603
f 408/677/603 563/676/602 558/678/604
f 408/677/603 558/678/604 409/679/605
f 409/679/605 558/678/604 553/680/606
f 409/679/605 553/680/606 410/681/607
f 410/681/607 553/680/606 548/682/608
f 410/681/607 548/682/608 411/683/609
f 411/683/609 548/682/608 543/684/610
f 411/683/609 543/684/610 412/685/611
f 412/685/611 543/684/610 538/686/612
f 412/685/611 538/686/612 413/687/613
f 413/687/613 538/686/612 533/688/614
f 413/687/613 533/688/614 414/689/615
f 414/689/615 533/688/614 528/690/616
f 414/689/615 528/690/616 415/641/569
f 415/641/569 528/690/616 518/642/570
f 490/691/617 632/692/618 489/693/619
f 489/693/619 632/692/618 523/694/620
f 489/693/619 523/694/620 512/695/621
f 512/695/621 523/694/620 522/696/622
f 512/695/621 522/696/622 511/697/623
f 511/697/623 522/696/622 532/698/624
f 511/697/623 532/698/624 510/699/625
f 510/699/625 532/698/624 537/700/626
f 510/699/625 537/700/626 509/701/627
f 509/701/627 537/700/626 542/702/628
f 509/701/627 542/702/628 508/703/629
f 508/703/629 542/702/628 547/704/630
f 508/703/629 547/704/630 507/705/631
f 507/705/631 547/704/630 552/706/632
f 507/705/631 552/706/632 506/707/633
f 506/707/633 552/706/632 557/708/634
f 506/707/633 557/708/634 505/709/635
f 505/709/635 557/708/634 562/710/636
f 505/709/635 562/710/636 504/711/637
f 504/711/637 562/710/636 567/712/638
f 504/711/637 567/712/638 503/713/639
f 503/713/639 567/712/638 572/714/640
f 503/713/639 572/714/640 502/715/641
f 502/715/641 572/714/640 577/716/642
f 502/715/641 577/716/642 501/717/643
f 501/717/643 577/716/642 517/718/644
f 501/719/643 517/720/644 500/721/645
f 500/721/645 517/720/644 582/722/646
f 500/721/645 582/722/646 499/723/647
f 499/723/647 582/722/646 587/724/648
f 499/723/647 587/724/648 498/725/649
f 498/725/649 587/724/648 592/726/650
f 498/725/649 592/726/650 497/727/651
f 497/727/651 592/726/650 597/728/652
f 497/727/651 597/728/652 496/729/653
f 496/729/653 597/728/652 602/730/654
f 496/729/653 602/730/654 495/731/655
f 495/731/655 602/730/654 607/732/656
f 495/731/655 607/732/656 494/733/657
f 494/733/657 607/732/656 612/734/658
f 494/733/657 612/734/658 493/735/659
f 493/735/659 612/734/658 617/736/660
f 493/735/659 617/736/660 492/737/661
f 492/737/661 617/736/660 622/738/662
f 492/737/661 622/738/662 491/739/663
f 491/739/663 622/738/662 627/740/664
f 491/739/663 627/740/664 490/691/617
f 490/691/617 627/740/664 632/692/618
f 513/670/596 514/741/665 573/672/598
f 573/672/598 514/741/665 574/742/666
f 573/672/598 574/742/666 568/674/600
f 568/674/600 574/742/666 569/743/667
f 568/674/600 569/743/667 563/676/602
f 563/676/602 569/743/667 564/744/668
f 563/676/602 564/744/668 558/678/604
f 558/678/604 564/744/668 559/745/669
f 558/678/604 559/745/669 553/680/606
f 553/680/606 559/745/669 554/746/670
f 553/680/606 554/746/670 548/682/608
f 548/682/608 554/746/670 549/747/671
f 548/682/608 549/747/671 543/684/610
f 543/684/610 549/747/671 544/748/672
f 543/684/610 544/748/672 538/686/612
f 538/686/612 544/748/672 539/749/673
f 538/686/612 539/749/673 533/688/614
f 533/688/614 539/749/673 534/750/674
f 533/688/614 534/750/674 528/690/616
f 528/690/616 534/750/674 529/751/675
f 528/690/616 529/751/675 518/642/570
f 518/642/570 529/751/675 519/752/676
f 518/642/570 519/752/676 527/644/572
f 527/644/572 519/752/676 526/753/677
f 527/644/572 526/753/677 628/646/574
f 628/646/574 526/753/677 629/754/678
f 628/646/574 629/754/678 623/648/576
f 623/648/576 629/754/678 624/755/679
f 623/648/576 624/755/679 618/650/578
f 618/650/578 624/755/679 619/756/680
f 618/650/578 619/756/680 613/652/580
f 613/652/580 619/756/680 614/757/681
f 613/652/580 614/757/681 608/654/582
f 608/654/582 614/757/681 609/758/682
f 608/654/582 609/758/682 603/656/584
f 603/656/584 609/758/682 604/759/683
f 603/656/584 604/759/683 598/658/586
f 598/658/586 604/759/683 599/760/684
f 598/658/586 599/760/684 593/660/588
f 593/660/588 599/760/684 594/761/685
f 593/660/588 594/761/685 588/662/590
f 588/662/590 594/761/685 589/762/686
f 588/662/590 589/762/686 583/664/592
f 583/664/592 589/762/686 584/763/687
f 583/664/592 584/763/687 578/666/594
f 578/666/594 584/763/687 579/764/688
f 578/666/594 579/764/688 513/668/596
f 513/668/596 579/764/688 514/765/665
f 514/741/665 515/766/689 574/742/666
f 574/742/666 515/766/689 575/767/690
f 574/742/666 575/767/690 569/743/667
f 569/743/667 575/767/690 570/768/691
f 569/743/667 570/768/691 564/744/668
f 564/744/668 570/768/691 565/769/692
f 564/744/668 565/769/692 559/745/669
f 559/745/669 565/769/692 560/770/693
f 559/745/669 560/770/693 554/746/670
f 554/746/670 560/770/693 555/771/694
f 554/746/670 555/771/694 549/747/671
f 549/747/671 555/771/694 550/772/695
f 549/747/671 550/772/695 544/748/672
f 544/748/672 550/772/695 545/773/696
f 544/748/672 545/773/696 539/749/673
f 539/749/673 545/773/696 540/774/697
f 539/749/673 540/774/697 534/750/674
f 534/750/674 540/774/697 535/775/698
f 534/750/674 535/775/698 529/751/675
f 529/751/675 535/775/698 530/776/699
f 529/751/675 530/776/699 519/752/676
f 519/752/676 530/776/699 520/777/700
f 519/752/676 520/777/700 526/753/677
f 526/753/677 520/777/700 525/778/701
f 526/753/677 525/778/701 629/754/678
f 629/754/678 525/778/701 630/779/702
f 629/754/678 630/779/702 624/755/679
f 624/755/679 630/779/702 625/780/703
f 624/755/679 625/780/703 619/756/680
f 619/756/680 625/780/703 620/781/704
f 619/756/680 620/781/704 614/757/681
f 614/757/681 620/781/704 615/782/705
f 614/757/681 615/782/705 609/758/682
f 609/758/682 615/782/705 610/783/706
f 609/758/682 610/783/706 604/759/683
f 604/759/683 610/783/706 605/784/707
f 604/759/683 605/784/707 599/760/684
f 599/760/684 605/784/707 600/785/708
f 599/760/684 600/785/708 594/761/685
f 594/761/685 600/785/708 595/786/709
f 594/761/685 595/786/709 589/762/686
f 589/762/686 595/786/709 590/787/710
f 589/762/686 590/787/710 584/763/687
f 584/763/687 590/787/710 585/788/711
f 584/763/687 585/788/711 579/764/688
f 579/764/688 585/788/711 580/789/712
f 579/764/688 580/789/712 514/765/665
f 514/765/665 580/789/712 515/790/689
f 515/766/689 516/791/713 575/767/690
f 575/767/690 516/791/713 576/792/714
f 575/767/690 576/792/714 570/768/691
f 570/768/691 576/792/714 571/793/715
f 570/768/691 571/793/715 565/769/692
f 565/769/692 571/793/715 566/794/716
f 565/769/692 566/794/716 560/770/693
f 560/770/693 566/794/716 561/795/717
f 560/770/693 561/795/717 555/771/694
f 555/771/694 561/795/717 556/796/718
f 555/771/694 556/796/718 550/772/695
f 550/772/695 556/796/718 551/797/719
f 550/772/695 551/797/719 545/773/696
f 545/773/696 551/797/719 546/798/720
f 545/773/696 546/798/720 540/774/697
f 540/774/697 546/798/720 541/799/721
f 540/774/697 541/799/721 535/775/698
f 535/775/698 541/799/721 536/800/722
f 535/775/698 536/800/722 530/776/699
f 530/776/699 536/800/722 531/801/723
f 530/776/699 531/801/723 520/777/700
f 520/777/700 531/801/723 521/802/724
f 520/777/700 521/802/724 525/778/701
f 525/778/701 521/802/724 524/803/725
f 525/778/701 524/803/725 630/779/702
f 630/779/702 524/803/725 631/804/726
f 630/779/702 631/804/726 625/780/703
f 625/780/703 631/804/726 626/805/727
f 625/780/703 626/805/727 620/781/704
f 620/781/704 626/805/727 621/806/728
f 620/781/704 621/806/728 615/782/705
f 615/782/705 621/806/728 616/807/729
f 615/782/705 616/807/729 610/783/706
f 610/783/706 616/807/729 611/808/730
f 610/783/706 611/808/730 605/784/707
f 605/784/707 611/808/730 606/809/731
f 605/784/707 606/809/731 600/785/708
f 600/785/708 606/809/731 601/810/732
f 600/785/708 601/810/732 595/786/709
f 595/786/709 601/810/732 596/811/733
f 595/786/709 596/811/733 590/787/710
f 590/787/710 596/811/733 591/812/734
f 590/787/710 591/812/734 585/788/711
f 585/788/711 591/812/734 586/813/735
f 585/788/711 586/813/735 580/789/712
f 580/789/712 586/813/735 581/814/736
f 580/789/712 581/814/736 515/790/689
f 515/790/689 581/814/736 516/815/713
f 516/791/713 517/718/644 576/792/714
f 576/792/714 517/718/644 577/716/642
f 576/792/714 577/716/642 571/793/715
f 571/793/715 577/716/642 572/714/640
f 571/793/715 572/714/640 566/794/716
f 566/794/716 572/714/640 567/712/638
f 566/794/716 567/712/638 561/795/717
f 561/795/717 567/712/638 562/710/636
f 561/795/717 562/710/636 556/796/718
f 556/796/718 562/710/636 557/708/634
f 556/796/718 557/708/634 551/797/719
f 551/797/719 557/708/634 552/706/632
f 551/797/719 552/706/632 546/798/720
f 546/798/720 552/706/632 547/704/630
f 546/798/720 547/704/630 541/799/721
f 541/799/721 547/704/630 542/702/628
f 541/799/721 542/702/628 536/800/722
f 536/800/722 542/702/628 537/700/626
f 536/800/722 537/700/626 531/801/723
f 531/801/723 537/700/626 532/698/624
f 531/801/723 532/698/624 521/802/724
f 521/802/724 532/698/624 522/696/622
f 521/802/724 522/696/622 524/803/725
f 524/803/725 522/696/622 523/694/620
f 524/803/725 523/694/620 631/804/726
f 631/804/726 523/694/620 632/692/618
f 631/804/726 632/692/618 626/805/727
f 626/805/727 632/692/618 627/740/664
f 626/805/727 627/740/664 621/806/728
f 621/806/728 627/740/664 622/738/662
f 621/806/728 622/738/662 616/807/729
f 616/807/729 622/738/662 617/736/660
f 616/807/729 617/736/660 611/808/730
f 611/808/730 617/736/660 612/734/658
f 611/808/730 612/734/658 606/809/731
f 606/809/731 612/734/658 607/732/656
f 606/809/731 607/732/656 601/810/732
f 601/810/732 607/732/656 602/730/654
f 601/810/732 602/730/654 596/811/733
f 596/811/733 602/730/654 597/728/652
f 596/811/733 597/728/652 591/812/734
f 591/812/734 597/728/652 592/726/650
f 591/812/734 592/726/650 586/813/735
f 586/813/735 592/726/650 587/724/648
f 586/813/735 587/724/648 581/814/736
f 581/814/736 587/724/648 582/722/646
f 581/814/736 582/722/646 516/815/713
f 516/815/713 582/722/646 517/720/644
f 512/816/737 502/817/738 489/818/739
f 489/818/739 502/817/738 501/819/740
f 489/818/739 501/819/740 490/820/741
f 490/820/741 501/819/740 500/821/742
f 490/820/741 500/821/742 491/822/743
f 491/822/743 500/821/742 499/823/744
f 491/822/743 499/823/744 492/824/745
f 492/824/745 499/823/744 498/825/746
f 492/824/745 498/825/746 493/826/747
f 493/826/747 498/825/746 497/827/748
f 493/826/747 497/827/748 494/828/749
f 494/828/749 497/827/748 496/829/750
f 494/828/749 496/829/750 495/830/751
f 502/817/738 512/816/737 503/831/752
f 503/831/752 512/816/737 511/832/753
f 503/831/752 511/832/753 504/833/754
f 504/833/754 511/832/753 510/834/755
f 504/833/754 510/834/755 505/835/756
f 505/835/756 510/834/755 509/836/757
f 505/835/756 509/836/757 506/837/758
f 506/837/758 509/836/757 508/838/759
f 506/837/758 508/838/759 507/839/760
g Body1:2

v -1.500000 0.000000 -3.000000
v -1.448889 0.388229 -3.000000
v -1.299038 0.750000 -3.000000
v -1.060660 1.060660 -3.000000
v -0.750000 1.299038 -3.000000
v -0.388229 1.448889 -3.000000
v 0.000000 1.500000 -3.000000
v 0.388229 1.448889 -3.000000
v 0.750000 1.299038 -3.000000
v 1.060660 1.060660 -3.000000
v 1.299038 0.750000 -3.000000
v 1.448889 0.388229 -3.000000
v 1.500000 0.000000 -3.000000
v 1.448889 -0.388229 -3.000000
v 1.299038 -0.750000 -3.000000
v 1.060660 -1.060660 -3.000000
v 0.750000 -1.299038 -3.000000
v 0.388229 -1.448889 -3.000000
v -0.000000 -1.500000 -3.000000
v -0.388229 -1.448889 -3.000000
v -0.750000 -1.299038 -3.000000
v -1.060660 -1.060660 -3.000000
v -1.299038 -0.750000 -3.000000
v -1.448889 -0.388229 -3.000000
v -0.000000 -0.000000 -4.500000
v -1.448889 -0.000000 -3.388229
v -1.299038 -0.000000 -3.750000
v -1.060660 -0.000000 -4.060660
v -0.750000 -0.000000 -4.299038
v -0.388229 -0.000000 -4.448889
v -1.399519 0.375000 -3.388229
v -1.254774 0.336216 -3.750000
v -1.024519 0.274519 -4.060660
v -0.724444 0.194114 -4.299038
v -0.375000 0.100481 -4.448889
v -1.254774 0.724444 -3.388229
v -1.125000 0.649519 -3.750000
v -0.918559 0.530330 -4.060660
v -0.649519 0.375000 -4.299038
v -0.336216 0.194114 -4.448889
v -1.024519 1.024519 -3.388229
v -0.918559 0.918559 -3.750000
v -0.750000 0.750000 -4.060660
v -0.530330 0.530330 -4.299038
v -0.274519 0.274519 -4.448889
v -0.724444 1.254774 -3.388229
v -0.649519 1.125000 -3.750000
v -0.530330 0.918559 -4.060660
v -0.375000 0.649519 -4.299038
v -0.194114 0.336216 -4.448889
v -0.375000 1.399519 -3.388229
v -0.336216 1.254774 -3.750000
v -0.274519 1.024519 -4.060660
v -0.194114 0.724444 -4.299038
v -0.100481 0.375000 -4.448889
v 0.000000 1.448889 -3.388229
v 0.000000 1.299038 -3.750000
v 0.000000 1.060660 -4.060660
v 0.000000 0.750000 -4.299038
v 0.000000 0.388229 -4.448889
v 0.375000 1.399519 -3.388229
v 0.336216 1.254774 -3.750000
v 0.274519 1.024519 -4.060660
v 0.194114 0.724444 -4.299038
v 0.100481 0.375000 -4.448889
v 0.724444 1.254774 -3.388229
v 0.649519 1.125000 -3.750000
v 0.530330 0.918559 -4.060660
v 0.375000 0.649519 -4.299038
v 0.194114 0.336216 -4.448889
v 1.024519 1.024519 -3.388229
v 0.918559 0.918559 -3.750000
v 0.750000 0.750000 -4.060660
v 0.530330 0.530330 -4.299038
v 0.274519 0.274519 -4.448889
v 1.254774 0.724444 -3.388229
v 1.125000 0.649519 -3.750000
v 0.918559 0.530330 -4.060660
v 0.649519 0.375000 -4.299038
v 0.336216 0.194114 -4.448889
v 1.399519 0.375000 -3.388229
v 1.254774 0.336216 -3.750000
v 1.024519 0.274519 -4.060660
v 0.724444 0.194114 -4.299038
v 0.375000 0.100481 -4.448889
v 1.448889 0.000000 -3.388229
v 1.299038 0.000000 -3.750000
v 1.060660 0.000000 -4.060660
v 0.750000 0.000000 -4.299038
v 0.388229 0.000000 -4.448889
v 1.399519 -0.375000 -3.388229
v 1.254774 -0.336216 -3.750000
v 1.024519 -0.274519 -4.060660
v 0.724444 -0.194114 -4.299038
v 0.375000 -0.100481 -4.448889
v 1.254774 -0.724444 -3.388229
v 1.125000 -0.649519 -3.750000
v 0.918559 -0.530330 -4.060660
v 0.649519 -0.375000 -4.299038
v 0.336216 -0.194114 -4.448889
v 1.024519 -1.024519 -3.388229
v 0.918559 -0.918559 -3.750000
v 0.750000 -0.750000 -4.060660
v 0.530330 -0.530330 -4.299038
v 0.274519 -0.274519 -4.448889
v 0.724444 -1.254774 -3.388229
v 0.649519 -1.125000 -3.750000
v 0.530330 -0.918559 -4.060660
v 0.375000 -0.649519 -4.299038
v 0.194114 -0.336216 -4.448889
v 0.375000 -1.399519 -3.388229
v 0.336216 -1.254774 -3.750000
v 0.274519 -1.024519 -4.060660
v 0.194114 -0.724444 -4.299038
v 0.100481 -0.375000 -4.448889
v -0.000000 -1.448889 -3.388229
v -0.000000 -1.299038 -3.750000
v -0.000000 -1.060660 -4.060660
v -0.000000 -0.750000 -4.299038
v -0.000000 -0.388229 -4.448889
v -0.375000 -1.399519 -3.388229
v -0.336216 -1.254774 -3.750000
v -0.274519 -1.024519 -4.060660
v -0.194114 -0.724444 -4.299038
v -0.100481 -0.375000 -4.448889
v -0.724444 -1.254774 -3.388229
v -0.649519 -1.125000 -3.750000
v -0.530330 -0.918559 -4.060660
v -0.375000 -0.649519 -4.299038
v -0.194114 -0.336216 -4.448889
v -1.024519 -1.024519 -3.388229
v -0.918559 -0.918559 -3.750000
v -0.750000 -0.750000 -4.060660
v -0.530330 -0.530330 -4.299038
v -0.274519 -0.274519 -4.448889
v -1.254774 -0.724444 -3.388229
v -1.125000 -0.649519 -3.750000
v -0.918559 -0.530330 -4.060660
v -0.649519 -0.375000 -4.299038
v -0.336216 -0.194114 -4.448889
v -1.399519 -0.375000 -3.388229
v -1.254774 -0.336216 -3.750000
v -1.024519 -0.274519 -4.060660
v -0.724444 -0.194114 -4.299038
v -0.375000 -0.100481 -4.448889
v -5.000000 0.000000 -3.000000
v -5.000000 7.500000 -3.000000
v 5.000000 7.500000 -3.000000
v 5.000000 0.000000 -3.000000
v 5.000000 0.000000 0.000000
v 5.000000 7.500000 0.000000
v -5.000000 0.000000 0.000000
v -5.000000 7.500000 0.000000
vt -0.000000 3.054482 0.000000
vt 0.392699 3.054482 0.000000
vt -0.000000 3.332162 0.000000
vt 0.392699 3.332162 0.000000
vt -0.000000 -3.332162 0.000000
vt 0.392699 -3.332162 0.000000
vt -0.000000 -3.054482 0.000000
vt 0.392699 -3.054482 0.000000
vt -0.000000 -2.776802 0.000000
vt 0.392699 -2.776802 0.000000
vt -0.000000 -2.499122 0.000000
vt 0.392699 -2.499122 0.000000
vt -0.000000 -2.221441 0.000000
vt 0.392699 -2.221441 0.000000
vt -0.000000 -1.943761 0.000000
vt 0.392699 -1.943761 0.000000
vt -0.000000 -1.666081 0.000000
vt 0.392699 -1.666081 0.000000
vt -0.000000 -1.388401 0.000000
vt 0.392699 -1.388401 0.000000
vt -0.000000 -1.110721 0.000000
vt 0.392699 -1.110721 0.000000
vt -0.000000 -0.833041 0.000000
vt 0.392699 -0.833041 0.000000
vt -0.000000 -0.555360 0.000000
vt 0.392699 -0.555360 0.000000
vt -0.000000 -0.277680 0.000000
vt 0.392699 -0.277680 0.000000
vt -0.000000 0.000000 0.000000
vt 0.392699 0.000000 0.000000
vt -0.000000 0.277680 0.000000
vt 0.392699 0.277680 0.000000
vt -0.000000 0.555360 0.000000
vt 0.392699 0.555360 0.000000
vt -0.000000 0.833041 0.000000
vt 0.392699 0.833041 0.000000
vt -0.000000 1.110721 0.000000
vt 0.392699 1.110721 0.000000
vt -0.000000 1.388401 0.000000
vt 0.392699 1.388401 0.000000
vt -0.000000 1.666081 0.000000
vt 0.392699 1.666081 0.000000
vt -0.000000 1.943761 0.000000
vt 0.392699 1.943761 0.000000
vt -0.000000 2.221441 0.000000
vt 0.392699 2.221441 0.000000
vt -0.000000 2.499122 0.000000
vt 0.392699 2.499122 0.000000
vt -0.000000 2.776802 0.000000
vt 0.392699 2.776802 0.000000
vt 1.963495 -3.332162 0.000000
vt 2.356194 -3.332162 0.000000
vt 1.963495 -3.054482 0.000000
vt 2.356194 -3.054482 0.000000
vt 1.963495 -2.776802 0.000000
vt 2.356194 -2.776802 0.000000
vt 1.963495 -2.499122 0.000000
vt 2.356194 -2.499122 0.000000
vt 1.963495 -2.221441 0.000000
vt 2.356194 -2.221441 0.000000
vt 1.963495 -1.943761 0.000000
vt 2.356194 -1.943761 0.000000
vt 1.963495 -1.666081 0.000000
vt 2.356194 -1.666081 0.000000
vt 1.963495 -1.388401 0.000000
vt 2.356194 -1.388401 0.000000
vt 1.963495 -1.110721 0.000000
vt 1.963495 -0.833041 0.000000
vt 2.356194 -0.833041 0.000000
vt 1.963495 -0.555360 0.000000
vt 2.356194 -0.555360 0.000000
vt 1.963495 -0.277680 0.000000
vt 2.356194 -0.277680 0.000000
vt 1.963495 0.000000 0.000000
vt 2.356194 0.000000 0.000000
vt 1.963495 0.277680 0.000000
vt 2.356194 0.277680 0.000000
vt 1.963495 0.555360 0.000000
vt 2.356194 0.555360 0.000000
vt 1.963495 0.833041 0.000000
vt 2.356194 0.833041 0.000000
vt 1.963495 1.110721 0.000000
vt 1.963495 1.388401 0.000000
vt 2.356194 1.388401 0.000000
vt 1.963495 1.666081 0.000000
vt 2.356194 1.666081 0.000000
vt 1.963495 1.943761 0.000000
vt 2.356194 1.943761 0.000000
vt 1.963495 2.221441 0.000000
vt 2.356194 2.221441 0.000000
vt 1.963495 2.499122 0.000000
vt 2.356194 2.499122 0.000000
vt 1.963495 2.776802 0.000000
vt 2.356194 2.776802 0.000000
vt 1.963495 3.054482 0.000000
vt 2.356194 3.054482 0.000000
vt 1.963495 3.332162 0.000000
vt 0.785398 -3.332162 0.000000
vt 0.785398 -3.054482 0.000000
vt 0.785398 -2.776802 0.000000
vt 0.785398 -2.499122 0.000000
vt 0.785398 -2.221441 0.000000
vt 0.785398 -1.943761 0.000000
vt 0.785398 -1.666081 0.000000
vt 0.785398 -1.388401 0.000000
vt 0.785398 -1.110721 0.000000
vt 0.785398 -0.833041 0.000000
vt 0.785398 -0.555360 0.000000
vt 0.785398 -0.277680 0.000000
vt 0.785398 0.000000 0.000000
vt 0.785398 0.277680 0.000000
vt 0.785398 0.555360 0.000000
vt 0.785398 0.833041 0.000000
vt 0.785398 1.110721 0.000000
vt 0.785398 1.388401 0.000000
vt 0.785398 1.666081 0.000000
vt 0.785398 1.943761 0.000000
vt 0.785398 2.221441 0.000000
vt 0.785398 2.499122 0.000000
vt 0.785398 2.776802 0.000000
vt 0.785398 3.054482 0.000000
vt 0.785398 3.332162 0.000000
vt 1.178097 -3.332162 0.000000
vt 1.178097 -3.054482 0.000000
vt 1.178097 -2.776802 0.000000
vt 1.178097 -2.499122 0.000000
vt 1.178097 -2.221441 0.000000
vt 1.178097 -1.943761 0.000000
vt 1.178097 -1.666081 0.000000
vt 1.178097 -1.388401 0.000000
vt 1.178097 -1.110721 0.000000
vt 1.178097 -0.833041 0.000000
vt 1.178097 -0.555360 0.000000
vt 1.178097 -0.277680 0.000000
vt 1.178097 0.000000 0.000000
vt 1.178097 0.277680 0.000000
vt 1.178097 0.555360 0.000000
vt 1.178097 0.833041 0.000000
vt 1.178097 1.110721 0.000000
vt 1.178097 1.388401 0.000000
vt 1.178097 1.666081 0.000000
vt 1.178097 1.943761 0.000000
vt 1.178097 2.221441 0.000000
vt 1.178097 2.499122 0.000000
vt 1.178097 2.776802 0.000000
vt 1.178097 3.054482 0.000000
vt 1.178097 3.332162 0.000000
vt 1.570796 -3.332162 0.000000
vt 1.570796 -3.054482 0.000000
vt 1.570796 -2.776802 0.000000
vt 1.570796 -2.499122 0.000000
vt 1.570796 -2.221441 0.000000
vt 1.570796 -1.943761 0.000000
vt 1.570796 -1.666081 0.000000
vt 1.570796 -1.388401 0.000000
vt 1.570796 -1.110721 0.000000
vt 1.570796 -0.833041 0.000000
vt 1.570796 -0.555360 0.000000
vt 1.570796 -0.277680 0.000000
vt 1.570796 0.000000 0.000000
vt 1.570796 0.277680 0.000000
vt 1.570796 0.555360 0.000000
vt 1.570796 0.833041 0.000000
vt 1.570796 1.110721 0.000000
vt 1.570796 1.388401 0.000000
vt 1.570796 1.666081 0.000000
vt 1.570796 1.943761 0.000000
vt 1.570796 2.221441 0.000000
vt 1.570796 2.499122 0.000000
vt 1.570796 2.776802 0.000000
vt 1.570796 3.054482 0.000000
vt 1.570796 3.332162 0.000000
vt 2.356194 -1.110721 0.000000
vt 2.356194 1.110721 0.000000
vt 1.500000 0.000000 0.000000
vt -1.500000 0.000000 0.000000
vt 1.448889 -0.388229 0.000000
vt -1.448889 -0.388229 0.000000
vt 1.299038 -0.750000 0.000000
vt -1.299038 -0.750000 0.000000
vt 1.060660 -1.060660 0.000000
vt -1.060660 -1.060660 0.000000
vt 0.750000 -1.299038 0.000000
vt -0.750000 -1.299038 0.000000
vt 0.388229 -1.448889 0.000000
vt -0.388229 -1.448889 0.000000
vt -0.000000 -1.500000 0.000000
vt 3.500000 0.000000 0.000000
vt 3.551111 0.388229 0.000000
vt 0.000000 0.000000 0.000000
vt 3.700962 0.750000 0.000000
vt 3.939340 1.060660 0.000000
vt 0.000000 7.500000 0.000000
vt 4.250000 1.299038 0.000000
vt 4.611771 1.448889 0.000000
vt 5.000000 1.500000 0.000000
vt 10.000000 7.500000 0.000000
vt 5.388229 1.448889 0.000000
vt 5.750000 1.299038 0.000000
vt 6.060660 1.060660 0.000000
vt 10.000000 0.000000 0.000000
vt 6.299038 0.750000 0.000000
vt 6.448889 0.388229 0.000000
vt 6.500000 0.000000 0.000000
vt 0.000000 0.000000 0.000000
vt 3.000000 0.000000 0.000000
vt 0.000000 7.500000 0.000000
vt 3.000000 7.500000 0.000000
vt 0.000000 0.000000 0.000000
vt 10.000000 0.000000 0.000000
vt 0.000000 7.500000 0.000000
vt 10.000000 7.500000 0.000000
vt 0.000000 0.000000 0.000000
vt 3.000000 0.000000 0.000000
vt 0.000000 7.500000 0.000000
vt 3.000000 7.500000 0.000000
vt -1.500000 -5.000000 0.000000
vt 1.500000 -5.000000 0.000000
vt -1.500000 5.000000 0.000000
vt 1.500000 5.000000 0.000000
vt 5.000000 1.500000 0.000000
vt 1.500000 1.500000 0.000000
vt 5.000000 -1.500000 0.000000
vt -1.500000 1.500000 0.000000
vt -5.000000 -1.500000 0.000000
vt -5.000000 1.500000 0.000000
vn -0.965926 0.258819 0.000000
vn -0.933013 0.250000 -0.258819
vn -1.000000 0.000000 0.000000
vn -0.965926 0.000000 -0.258819
vn -0.965926 -0.258819 0.000000
vn -0.933013 -0.250000 -0.258819
vn -0.866025 -0.500000 0.000000
vn -0.836516 -0.482963 -0.258819
vn -0.707107 -0.707107 0.000000
vn -0.683013 -0.683013 -0.258819
vn -0.500000 -0.866025 0.000000
vn -0.482963 -0.836516 -0.258819
vn -0.258819 -0.965926 0.000000
vn -0.250000 -0.933013 -0.258819
vn -0.000000 -1.000000 0.000000
vn -0.000000 -0.965926 -0.258819
vn 0.258819 -0.965926 0.000000
vn 0.250000 -0.933013 -0.258819
vn 0.500000 -0.866025 0.000000
vn 0.482963 -0.836516 -0.258819
vn 0.707107 -0.707107 0.000000
vn 0.683013 -0.683013 -0.258819
vn 0.866025 -0.500000 0.000000
vn 0.836516 -0.482963 -0.258819
vn 0.965926 -0.258819 0.000000
vn 0.933013 -0.250000 -0.258819
vn 1.000000 0.000000 0.000000
vn 0.965926 0.000000 -0.258819
vn 0.965926 0.258819 0.000000
vn 0.933013 0.250000 -0.258819
vn 0.866025 0.500000 0.000000
vn 0.836516 0.482963 -0.258819
vn 0.707107 0.707107 0.000000
vn 0.683013 0.683013 -0.258819
vn 0.500000 0.866025 0.000000
vn 0.482963 0.836516 -0.258819
vn 0.258819 0.965926 0.000000
vn 0.250000 0.933013 -0.258819
vn 0.000000 1.000000 0.000000
vn 0.000000 0.965926 -0.258819
vn -0.258819 0.965926 0.000000
vn -0.250000 0.933013 -0.258819
vn -0.500000 0.866025 0.000000
vn -0.482963 0.836516 -0.258819
vn -0.707107 0.707107 0.000000
vn -0.683013 0.683013 -0.258819
vn -0.866025 0.500000 0.000000
vn -0.836516 0.482963 -0.258819
vn -0.258819 -0.000000 -0.965926
vn -0.000000 -0.000000 -1.000000
vn -0.250000 -0.066987 -0.965926
vn -0.224144 -0.129410 -0.965926
vn -0.183013 -0.183013 -0.965926
vn -0.129410 -0.224144 -0.965926
vn -0.066987 -0.250000 -0.965926
vn -0.000000 -0.258819 -0.965926
vn 0.066987 -0.250000 -0.965926
vn 0.129410 -0.224144 -0.965926
vn 0.183013 -0.183013 -0.965926
vn 0.224144 -0.129410 -0.965926
vn 0.250000 -0.066987 -0.965926
vn 0.258819 0.000000 -0.965926
vn 0.250000 0.066987 -0.965926
vn 0.224144 0.129410 -0.965926
vn 0.183013 0.183013 -0.965926
vn 0.129410 0.224144 -0.965926
vn 0.066987 0.250000 -0.965926
vn 0.000000 0.258819 -0.965926
vn -0.066987 0.250000 -0.965926
vn -0.129410 0.224144 -0.965926
vn -0.183013 0.183013 -0.965926
vn -0.224144 0.129410 -0.965926
vn -0.250000 0.066987 -0.965926
vn -0.866025 -0.000000 -0.500000
vn -0.836516 -0.224144 -0.500000
vn -0.750000 -0.433013 -0.500000
vn -0.612372 -0.612372 -0.500000
vn -0.433013 -0.750000 -0.500000
vn -0.224144 -0.836516 -0.500000
vn -0.000000 -0.866025 -0.500000
vn 0.224144 -0.836516 -0.500000
vn 0.433013 -0.750000 -0.500000
vn 0.612372 -0.612372 -0.500000
vn 0.750000 -0.433013 -0.500000
vn 0.836516 -0.224144 -0.500000
vn 0.866025 0.000000 -0.500000
vn 0.836516 0.224144 -0.500000
vn 0.750000 0.433013 -0.500000
vn 0.612372 0.612372 -0.500000
vn 0.433013 0.750000 -0.500000
vn 0.224144 0.836516 -0.500000
vn 0.000000 0.866025 -0.500000
vn -0.224144 0.836516 -0.500000
vn -0.433013 0.750000 -0.500000
vn -0.612372 0.612372 -0.500000
vn -0.750000 0.433013 -0.500000
vn -0.836516 0.224144 -0.500000
vn -0.707107 -0.000000 -0.707107
vn -0.683013 -0.183013 -0.707107
vn -0.612372 -0.353553 -0.707107
vn -0.500000 -0.500000 -0.707107
vn -0.353553 -0.612372 -0.707107
vn -0.183013 -0.683013 -0.707107
vn -0.000000 -0.707107 -0.707107
vn 0.183013 -0.683013 -0.707107
vn 0.353553 -0.612372 -0.707107
vn 0.500000 -0.500000 -0.707107
vn 0.612372 -0.353553 -0.707107
vn 0.683013 -0.183013 -0.707107
vn 0.707107 0.000000 -0.707107
vn 0.683013 0.183013 -0.707107
vn 0.612372 0.353553 -0.707107
vn 0.500000 0.500000 -0.707107
vn 0.353553 0.612372 -0.707107
vn 0.183013 0.683013 -0.707107
vn 0.000000 0.707107 -0.707107
vn -0.183013 0.683013 -0.707107
vn -0.353553 0.612372 -0.707107
vn -0.500000 0.500000 -0.707107
vn -0.612372 0.353553 -0.707107
vn -0.683013 0.183013 -0.707107
vn -0.500000 -0.000000 -0.866025
vn -0.482963 -0.129410 -0.866025
vn -0.433013 -0.250000 -0.866025
vn -0.353553 -0.353553 -0.866025
vn -0.250000 -0.433013 -0.866025
vn -0.129410 -0.482963 -0.866025
vn -0.000000 -0.500000 -0.866025
vn 0.129410 -0.482963 -0.866025
vn 0.250000 -0.433013 -0.866025
vn 0.353553 -0.353553 -0.866025
vn 0.433013 -0.250000 -0.866025
vn 0.482963 -0.129410 -0.866025
vn 0.500000 0.000000 -0.866025
vn 0.482963 0.129410 -0.866025
vn 0.433013 0.250000 -0.866025
vn 0.353553 0.353553 -0.866025
vn 0.250000 0.433013 -0.866025
vn 0.129410 0.482963 -0.866025
vn 0.000000 0.500000 -0.866025
vn -0.129410 0.482963 -0.866025
vn -0.250000 0.433013 -0.866025
vn -0.353553 0.353553 -0.866025
vn -0.433013 0.250000 -0.866025
vn -0.482963 0.129410 -0.866025
vn -0.000000 -0.000000 1.000000
vn -0.000000 -0.000000 1.000000
vn -0.000000 -0.000000 1.000000
vn -0.000000 -0.000000 1.000000
vn -0.000000 -0.000000 1.000000
vn -0.000000 -0.000000 1.000000
vn -0.000000 -0.000000 1.000000
vn -0.000000 -0.000000 1.000000
vn -0.000000 -0.000000 1.000000
vn -0.000000 -0.000000 1.000000
vn -0.000000 -0.000000 1.000000
vn -0.000000 -0.000000 1.000000
vn -0.000000 -0.000000 1.000000
vn 0.000000 0.000000 -1.000000
vn 0.000000 0.000000 -1.000000
vn 0.000000 0.000000 -1.000000
vn 0.000000 0.000000 -1.000000
vn 0.000000 0.000000 -1.000000
vn 0.000000 0.000000 -1.000000
vn 0.000000 0.000000 -1.000000
vn 0.000000 0.000000 -1.000000
vn 0.000000 0.000000 -1.000000
vn 0.000000 0.000000 -1.000000
vn 0.000000 0.000000 -1.000000
vn 0.000000 0.000000 -1.000000
vn 0.000000 0.000000 -1.000000
vn 0.000000 0.000000 -1.000000
vn 0.000000 0.000000 -1.000000
vn 0.000000 0.000000 -1.000000
vn 0.000000 0.000000 -1.000000
vn 1.000000 -0.000000 0.000000
vn 1.000000 -0.000000 0.000000
vn 1.000000 -0.000000 0.000000
vn 1.000000 -0.000000 0.000000
vn 0.000000 0.000000 1.000000
vn 0.000000 0.000000 1.000000
vn 0.000000 0.000000 1.000000
vn 0.000000 0.000000 1.000000
vn -1.000000 0.000000 0.000000
vn -1.000000 0.000000 0.000000
vn -1.000000 0.000000 0.000000
vn -1.000000 0.000000 0.000000
vn 0.000000 1.000000 0.000000
vn 0.000000 1.000000 0.000000
vn 0.000000 1.000000 0.000000
vn 0.000000 1.000000 0.000000
vn -0.000000 -1.000000 -0.000000
vn -0.000000 -1.000000 -0.000000
vn -0.000000 -1.000000 -0.000000
vn -0.000000 -1.000000 -0.000000
vn -0.000000 -1.000000 -0.000000
vn -0.000000 -1.000000 -0.000000
f 634/840/761 663/841/762 633/842/763
f 633/842/763 663/841/762 658/843/764
f 633/844/763 658/845/764 656/846/765
f 656/846/765 658/845/764 773/847/766
f 656/846/765 773/847/766 655/848/767
f 655/848/767 773/847/766 768/849/768
f 655/848/767 768/849/768 654/850/769
f 654/850/769 768/849/768 763/851/770
f 654/850/769 763/851/770 653/852/771
f 653/852/771 763/851/770 758/853/772
f 653/852/771 758/853/772 652/854/773
f 652/854/773 758/853/772 753/855/774
f 652/854/773 753/855/774 651/856/775
f 651/856/775 753/855/774 748/857/776
f 651/856/775 748/857/776 650/858/777
f 650/858/777 748/857/776 743/859/778
f 650/858/777 743/859/778 649/860/779
f 649/860/779 743/859/778 738/861/780
f 649/860/779 738/861/780 648/862/781
f 648/862/781 738/861/780 733/863/782
f 648/862/781 733/863/782 647/864/783
f 647/864/783 733/863/782 728/865/784
f 647/864/783 728/865/784 646/866/785
f 646/866/785 728/865/784 723/867/786
f 646/866/785 723/867/786 645/868/787
f 645/868/787 723/867/786 718/869/788
f 645/868/787 718/869/788 644/870/789
f 644/870/789 718/869/788 713/871/790
f 644/870/789 713/871/790 643/872/791
f 643/872/791 713/871/790 708/873/792
f 643/872/791 708/873/792 642/874/793
f 642/874/793 708/873/792 703/875/794
f 642/874/793 703/875/794 641/876/795
f 641/876/795 703/875/794 698/877/796
f 641/876/795 698/877/796 640/878/797
f 640/878/797 698/877/796 693/879/798
f 640/878/797 693/879/798 639/880/799
f 639/880/799 693/879/798 688/881/800
f 639/880/799 688/881/800 638/882/801
f 638/882/801 688/881/800 683/883/802
f 638/882/801 683/883/802 637/884/803
f 637/884/803 683/883/802 678/885/804
f 637/884/803 678/885/804 636/886/805
f 636/886/805 678/885/804 673/887/806
f 636/886/805 673/887/806 635/888/807
f 635/888/807 673/887/806 668/889/808
f 635/888/807 668/889/808 634/840/761
f 634/840/761 668/889/808 663/841/762
f 662/890/809 657/891/810 777/892/811
f 777/892/811 657/893/810 772/894/812
f 772/894/812 657/895/810 767/896/813
f 767/896/813 657/897/810 762/898/814
f 762/898/814 657/899/810 757/900/815
f 757/900/815 657/901/810 752/902/816
f 752/902/816 657/903/810 747/904/817
f 747/904/817 657/905/810 742/906/818
f 737/907/819 657/908/810 732/909/820
f 732/909/820 657/910/810 727/911/821
f 727/911/821 657/912/810 722/913/822
f 722/913/822 657/914/810 717/915/823
f 717/915/823 657/916/810 712/917/824
f 712/917/824 657/918/810 707/919/825
f 707/919/825 657/920/810 702/921/826
f 697/922/827 657/923/810 692/924/828
f 692/924/828 657/925/810 687/926/829
f 687/926/829 657/927/810 682/928/830
f 682/928/830 657/929/810 677/930/831
f 677/930/831 657/931/810 672/932/832
f 672/932/832 657/933/810 667/934/833
f 667/934/833 657/935/810 662/936/809
f 658/845/764 659/937/834 773/847/766
f 773/847/766 659/937/834 774/938/835
f 773/847/766 774/938/835 768/849/768
f 768/849/768 774/938/835 769/939/836
f 768/849/768 769/939/836 763/851/770
f 763/851/770 769/939/836 764/940/837
f 763/851/770 764/940/837 758/853/772
f 758/853/772 764/940/837 759/941/838
f 758/853/772 759/941/838 753/855/774
f 753/855/774 759/941/838 754/942/839
f 753/855/774 754/942/839 748/857/776
f 748/857/776 754/942/839 749/943/840
f 748/857/776 749/943/840 743/859/778
f 743/859/778 749/943/840 744/944/841
f 743/859/778 744/944/841 738/861/780
f 738/861/780 744/944/841 739/945/842
f 738/861/780 739/945/842 733/863/782
f 733/863/782 739/945/842 734/946/843
f 733/863/782 734/946/843 728/865/784
f 728/865/784 734/946/843 729/947/844
f 728/865/784 729/947/844 723/867/786
f 723/867/786 729/947/844 724/948/845
f 723/867/786 724/948/845 718/869/788
f 718/869/788 724/948/845 719/949/846
f 718/869/788 719/949/846 713/871/790
f 713/871/790 719/949/846 714/950/847
f 713/871/790 714/950/847 708/873/792
f 708/873/792 714/950/847 709/951/848
f 708/873/792 709/951/848 703/875/794
f 703/875/794 709/951/848 704/952/849
f 703/875/794 704/952/849 698/877/796
f 698/877/796 704/952/849 699/953/850
f 698/877/796 699/953/850 693/879/798
f 693/879/798 699/953/850 694/954/851
f 693/879/798 694/954/851 688/881/800
f 688/881/800 694/954/851 689/955/852
f 688/881/800 689/955/852 683/883/802
f 683/883/802 689/955/852 684/956/853
f 683/883/802 684/956/853 678/885/804
f 678/885/804 684/956/853 679/957/854
f 678/885/804 679/957/854 673/887/806
f 673/887/806 679/957/854 674/958/855
f 673/887/806 674/958/855 668/889/808
f 668/889/808 674/958/855 669/959/856
f 668/889/808 669/959/856 663/841/762
f 663/841/762 669/959/856 664/960/857
f 663/841/762 664/960/857 658/843/764
f 658/843/764 664/960/857 659/961/834
f 659/937/834 660/962/858 774/938/835
f 774/938/835 660/962/858 775/963/859
f 774/938/835 775/963/859 769/939/836
f 769/939/836 775/963/859 770/964/860
f 769/939/836 770/964/860 764/940/837
f 764/940/837 770/964/860 765/965/861
f 764/940/837 765/965/861 759/941/838
f 759/941/838 765/965/861 760/966/862
f 759/941/838 760/966/862 754/942/839
f 754/942/839 760/966/862 755/967/863
f 754/942/839 755/967/863 749/943/840
f 749/943/840 755/967/863 750/968/864
f 749/943/840 750/968/864 744/944/841
f 744/944/841 750/968/864 745/969/865
f 744/944/841 745/969/865 739/945/842
f 739/945/842 745/969/865 740/970/866
f 739/945/842 740/970/866 734/946/843
f 734/946/843 740/970/866 735/971/867
f 734/946/843 735/971/867 729/947/844
f 729/947/844 735/971/867 730/972/868
f 729/947/844 730/972/868 724/948/845
f 724/948/845 730/972/868 725/973/869
f 724/948/845 725/973/869 719/949/846
f 719/949/846 725/973/869 720/974/870
f 719/949/846 720/974/870 714/950/847
f 714/950/847 720/974/870 715/975/871
f 714/950/847 715/975/871 709/951/848
f 709/951/848 715/975/871 710/976/872
f 709/951/848 710/976/872 704/952/849
f 704/952/849 710/976/872 705/977/873
f 704/952/849 705/977/873 699/953/850
f 699/953/850 705/977/873 700/978/874
f 699/953/850 700/978/874 694/954/851
f 694/954/851 700/978/874 695/979/875
f 694/954/851 695/979/875 689/955/852
f 689/955/852 695/979/875 690/980/876
f 689/955/852 690/980/876 684/956/853
f 684/956/853 690/980/876 685/981/877
f 684/956/853 685/981/877 679/957/854
f 679/957/854 685/981/877 680/982/878
f 679/957/854 680/982/878 674/958/855
f 674/958/855 680/982/878 675/983/879
f 674/958/855 675/983/879 669/959/856
f 669/959/856 675/983/879 670/984/880
f 669/959/856 670/984/880 664/960/857
f 664/960/857 670/984/880 665/985/881
f 664/960/857 665/985/881 659/961/834
f 659/961/834 665/985/881 660/986/858
f 660/962/858 661/987/882 775/963/859
f 775/963/859 661/987/882 776/988/883
f 775/963/859 776/988/883 770/964/860
f 770/964/860 776/988/883 771/989/884
f 770/964/860 771/989/884 765/965/861
f 765/965/861 771/989/884 766/990/885
f 765/965/861 766/990/885 760/966/862
f 760/966/862 766/990/885 761/991/886
f 760/966/862 761/991/886 755/967/863
f 755/967/863 761/991/886 756/992/887
f 755/967/863 756/992/887 750/968/864
f 750/968/864 756/992/887 751/993/888
f 750/968/864 751/993/888 745/969/865
f 745/969/865 751/993/888 746/994/889
f 745/969/865 746/994/889 740/970/866
f 740/970/866 746/994/889 741/995/890
f 740/970/866 741/995/890 735/971/867
f 735/971/867 741/995/890 736/996/891
f 735/971/867 736/996/891 730/972/868
f 730/972/868 736/996/891 731/997/892
f 730/972/868 731/997/892 725/973/869
f 725/973/869 731/997/892 726/998/893
f 725/973/869 726/998/893 720/974/870
f 720/974/870 726/998/893 721/999/894
f 720/974/870 721/999/894 715/975/871
f 715/975/871 721/999/894 716/1000/895
f 715/975/871 716/1000/895 710/976/872
f 710/976/872 716/1000/895 711/1001/896
f 710/976/872 711/1001/896 705/977/873
f 705/977/873 711/1001/896 706/1002/897
f 705/977/873 706/1002/897 700/978/874
f 700/978/874 706/1002/897 701/1003/898
f 700/978/874 701/1003/898 695/979/875
f 695/979/875 701/1003/898 696/1004/899
f 695/979/875 696/1004/899 690/980/876
f 690/980/876 696/1004/899 691/1005/900
f 690/980/876 691/1005/900 685/981/877
f 685/981/877 691/1005/900 686/1006/901
f 685/981/877 686/1006/901 680/982/878
f 680/982/878 686/1006/901 681/1007/902
f 680/982/878 681/1007/902 675/983/879
f 675/983/879 681/1007/902 676/1008/903
f 675/983/879 676/1008/903 670/984/880
f 670/984/880 676/1008/903 671/1009/904
f 670/984/880 671/1009/904 665/985/881
f 665/985/881 671/1009/904 666/1010/905
f 665/985/881 666/1010/905 660/986/858
f 660/986/858 666/1010/905 661/1011/882
f 661/987/882 662/890/809 776/988/883
f 776/988/883 662/890/809 777/892/811
f 776/988/883 777/892/811 771/989/884
f 771/989/884 777/892/811 772/894/812
f 771/989/884 772/894/812 766/990/885
f 766/990/885 772/894/812 767/896/813
f 766/990/885 767/896/813 761/991/886
f 761/991/886 767/896/813 762/898/814
f 761/991/886 762/898/814 756/992/887
f 756/992/887 762/898/814 757/900/815
f 756/992/887 757/900/815 751/993/888
f 751/993/888 757/900/815 752/902/816
f 751/993/888 752/902/816 746/994/889
f 746/994/889 752/902/816 747/904/817
f 746/994/889 747/904/817 741/995/890
f 741/995/890 747/904/817 742/906/818
f 741/995/890 742/906/818 736/996/891
f 736/996/891 742/906/818 737/907/819
f 736/996/891 737/907/819 731/997/892
f 731/997/892 737/907/819 732/909/820
f 731/997/892 732/909/820 726/998/893
f 726/998/893 732/909/820 727/911/821
f 726/998/893 727/911/821 721/999/894
f 721/999/894 727/911/821 722/913/822
f 721/999/894 722/913/822 716/1000/895
f 716/1000/895 722/913/822 717/915/823
f 716/1000/895 717/915/823 711/1001/896
f 711/1001/896 717/915/823 712/917/824
f 711/1001/896 712/917/824 706/1002/897
f 706/1002/897 712/917/824 707/919/825
f 706/1002/897 707/919/825 701/1003/898
f 701/1003/898 707/919/825 702/921/826
f 701/1003/898 702/921/826 696/1004/899
f 696/1004/899 702/921/826 697/922/827
f 696/1004/899 697/922/827 691/1005/900
f 691/1005/900 697/922/827 692/924/828
f 691/1005/900 692/924/828 686/1006/901
f 686/1006/901 692/924/828 687/926/829
f 686/1006/901 687/926/829 681/1007/902
f 681/1007/902 687/926/829 682/928/830
f 681/1007/902 682/928/830 676/1008/903
f 676/1008/903 682/928/830 677/930/831
f 676/1008/903 677/930/831 671/1009/904
f 671/1009/904 677/930/831 672/932/832
f 671/1009/904 672/932/832 666/1010/905
f 666/1010/905 672/932/832 667/934/833
f 666/1010/905 667/934/833 661/1011/882
f 661/1011/882 667/934/833 662/936/809
f 742/906/818 657/1012/810 737/907/819
f 702/921/826 657/1013/810 697/922/827
f 645/1014/906 633/1015/907 646/1016/908
f 646/1016/908 633/1015/907 656/1017/909
f 646/1016/908 656/1017/909 647/1018/910
f 647/1018/910 656/1017/909 655/1019/911
f 647/1018/910 655/1019/911 648/1020/912
f 648/1020/912 655/1019/911 654/1021/913
f 648/1020/912 654/1021/913 649/1022/914
f 649/1022/914 654/1021/913 653/1023/915
f 649/1022/914 653/1023/915 650/1024/916
f 650/1024/916 653/1023/915 652/1025/917
f 650/1024/916 652/1025/917 651/1026/918
f 645/1027/919 644/1028/920 781/1029/921
f 781/1029/921 644/1028/920 643/1030/922
f 781/1029/921 643/1030/922 642/1031/923
f 781/1029/921 642/1031/923 780/1032/924
f 780/1032/924 642/1031/923 641/1033/925
f 780/1032/924 641/1033/925 640/1034/926
f 640/1034/926 639/1035/927 780/1032/924
f 780/1032/924 639/1035/927 779/1036/928
f 779/1036/928 639/1035/927 638/1037/929
f 779/1036/928 638/1037/929 637/1038/930
f 637/1038/930 636/1039/931 779/1036/928
f 779/1036/928 636/1039/931 778/1040/932
f 778/1040/932 636/1039/931 635/1041/933
f 778/1040/932 635/1041/933 634/1042/934
f 634/1042/934 633/1043/935 778/1040/932
f 782/1044/936 781/1045/937 783/1046/938
f 783/1046/938 781/1045/937 780/1047/939
f 784/1048/940 782/1049/941 785/1050/942
f 785/1050/942 782/1049/941 783/1051/943
f 778/1052/944 784/1053/945 779/1054/946
f 779/1054/946 784/1053/945 785/1055/947
f 779/1056/948 785/1057/949 780/1058/950
f 780/1058/950 785/1057/949 783/1059/951
f 778/1060/952 633/1061/953 784/1062/954
f 784/1062/954 633/1061/953 645/1063/955
f 784/1062/954 645/1063/955 782/1064/956
f 782/1064/956 645/1063/955 781/1065/957
# 785 vertices
# 1065 texture params
# 957 normals
# 1562 facets

# 3 groups
