step,time_s,dt_s,duration_s,mj_q1_deg,mj_q2_deg,mujoco_q1_rad,mujoco_q2_rad,mj_qd1_raw,mj_qd2_raw,mj_qd1_rad_s,mj_qd2_rad_s,mujoco_qdot1_rad_s,mujoco_qdot2_rad_s,bridge_q1_rad,bridge_q2_rad,bridge_qd1,bridge_qd2,bridge_qdot1_rad_s,bridge_qdot2_rad_s,tau0,tau1,tau1_Nm,tau2_Nm,tau1_applied_Nm,tau2_applied_Nm,mj_hand_speed_norm_fd,mujoco_ee_speed_fd_3d_m_s,mujoco_ee_speed_fd_xz_m_s,mujoco_ee_speed_jac_3d_m_s,mujoco_ee_speed_jac_xz_m_s,bridge_hand_speed_xz,bridge_ee_speed_xz_m_s
0.0,0.0,0.001,0.499,5.002088059159929,54.997385535776786,0.08730290610703366,0.9598854575880106,0.03644350731719041,-0.045631008870626884,0.03644350731719041,-0.045631008870626884,0.03644350731719041,-0.045631008870626884,0.08722984382419573,0.9599774405378554,-0.03661877552074024,0.046351940974120945,-0.03661877552074024,0.046351940974120945,0.0,0.0,0.0,0.0,0.0,0.0,0.0,0.0,0.0,0.010476155776721298,0.010476155776721298,0.010473801034459489,0.010473801034459489
1.0,0.001,0.001,0.499,5.0062542946495805,54.99219705073698,0.08737562063374152,0.9597949014408755,0.07271452670785386,-0.09055614713501776,0.07271452670785386,-0.09055614713501776,0.07271452670785386,-0.09055614713501776,0.08715660690623919,0.9600701393389279,-0.0732369179565363,0.09269880107251507,-0.0732369179565363,0.09269880107251507,0.0,0.0,0.0,0.0,0.0,0.0,0.010476106078891888,0.010476106078891888,0.010476106078891888,0.02095514131203063,0.02095514131203063,0.020948296042604068,0.020948296042604068
2.0,0.002,0.001,0.499,5.012488996850758,54.984474003474226,0.0874844367150334,0.9596601088378532,0.10881608129188691,-0.1347926030222684,0.10881608129188691,-0.1347926030222684,0.10881608129188691,-0.1347926030222684,0.08704675344699694,0.9602091722898617,-0.10985345924224715,0.13903295093378235,-0.10985345924224715,0.13903295093378235,0.0,0.0,0.0,0.0,0.0,0.0,0.020954950268094723,0.020954950268094723,0.020954950268094723,0.03143706864222312,0.03143706864222312,0.03142419606657289,0.03142419606657289
3.0,0.003,0.001,0.499,5.020782624261897,54.97425489121348,0.08762918782029143,0.9594817516822722,0.14475110525801735,-0.17835715558102705,0.14475110525801735,-0.17835715558102705,0.14475110525801735,-0.17835715558102705,0.08690028601513353,0.9603945190517513,-0.14646743186341404,0.18534676188968421,-0.14646743186341404,0.18534676188968421,0.0,0.0,0.0,0.0,0.0,0.0,0.03143665566625813,0.03143665566625813,0.03143665566625813,0.041922027644254914,0.041922027644254914,0.041902211189054815,0.041902211189054815
4.0,0.004,0.001,0.499,5.0311257985889934,54.961577272556156,0.08780971026740701,0.9592604854953898,0.18052244711557666,-0.22126618688241087,0.18052244711557666,-0.22126618688241087,0.18052244711557666,-0.22126618688241087,0.08671720814590035,0.9606261516583732,-0.18307786923317962,0.2316326066218832,-0.18307786923317962,0.2316326066218832,0.0,0.0,0.0,0.0,0.0,0.0,0.041921322500810376,0.041921322500810376,0.041921322500810376,0.05241008670618795,0.05241008670618795,0.052383050137616564,0.052383050137616564
5.0,0.005,0.001,0.499,5.043509300014131,54.94647778955559,0.08802584314020108,0.9589969498016809,0.216132872794072,-0.263535693708885,0.216132872794072,-0.263535693708885,0.216132872794072,-0.263535693708885,0.0864975243398314,0.9609040345181926,-0.2196838060689451,0.27788285981944516,-0.2196838060689451,0.27788285981944516,0.0,0.0,0.0,0.0,0.0,0.0,0.05240902883531576,0.05240902883531576,0.052409028835315764,0.06290129339184794,0.06290129339184794,0.06286741989028216,0.06286741989028216
6.0,0.006,0.001,0.499,5.057924062633299,54.928992189150684,0.08827742820879897,0.9586917685029274,0.2515850685978958,-0.3051812987535112,0.2515850685978958,-0.3051812987535112,0.2515850685978958,-0.3051812987535112,0.08624124006106282,0.9612281244170298,-0.2562842787685866,0.3240898988371348,-0.2562842787685866,0.3240898988371348,0.0,0.0,0.0,0.0,0.0,0.0,0.06289983127207324,0.06289983127207324,0.06289983127207324,0.07339567509904138,0.07339567509904138,0.07335602528278454,0.07335602528278454
7.0,0.007,0.001,0.499,5.0743611700555995,54.90915534398482,0.0885643098528221,0.9583455502415748,0.28688164402313193,-0.3462182613526671,0.28688164402313193,-0.3462182613526671,0.28688164402313193,-0.3462182613526671,0.08594836173527677,0.9615983705213843,-0.29287832578604983,0.37024610435452654,-0.29287832578604983,0.37024610435452654,0.0,0.0,0.0,0.0,0.0,0.0,0.07339376564141187,0.07339376564141187,0.07339376564141187,0.08389323971073996,0.08389323971073996,0.08384956861790979,0.08384956861790979
8.0,0.008,0.001,0.499,5.09281185115632,54.88700127263512,0.08888633498726516,0.9579588887538006,0.3220251344430624,-0.38666148777411774,0.3220251344430624,-0.38666148777411774,0.3220251344430624,-0.38666148777411774,0.08561889674727063,0.9620147143824203,-0.3294649880061386,0.4163438610359416,-0.3294649880061386,0.4163438610359416,0.0,0.0,0.0,0.0,0.0,0.0,0.08389084768891544,0.08389084768891544,0.08389084768891544,0.09439397623870023,0.09439397623870023,0.09434874927735301,0.09434874927735301
9.0,0.009000000000000001,0.001,0.499,5.113267475976718,54.86256315927663,0.08924335299093379,0.9575323632127195,0.3570180036686404,-0.4265255410811603,0.3570180036686404,-0.4265255410811603,0.3570180036686404,-0.4265255410811603,0.08525285343815232,0.9624770899406114,-0.3660433091183087,0.4623755581912096,-0.3660433091183087,0.4623755581912096,0.0,0.0,0.0,0.0,0.0,0.0,0.09439107374667238,0.09439107374667238,0.09439107374667238,0.10489785545904266,0.10489785545904266,0.10485426333650456,0.10485426333650456
10.0,0.01,0.001,0.499,5.135719551763686,54.83587337280453,0.08963521563732367,0.957066538562127,0.3918626463898787,-0.46582465059247946,0.3918626463898787,-0.46582465059247946,0.3918626463898787,-0.46582465059247946,0.08485024110216305,0.9629854235310487,-0.4026123359892741,0.5083335904372386,-0.4026123359892741,0.5083335904372386,0.0,0.0,0.0,0.0,0.0,0.0,0.10489442140123707,0.10489442140123707,0.10489442140123707,0.1154048305393655,0.1154048305393655,0.11536680318258344,0.11536680318258344
11.0,0.011,0.001,0.499,5.1601597191427855,54.8069634854363,0.09006177702782747,0.9565619658411707,0.4265613905038014,-0.5045727209563218,0.4265613905038014,-0.5045727209563218,0.4265613905038014,-0.5045727209563218,0.08441106998312882,0.963539633889409,-0.4391711190342276,0.5542103583603604,-0.4391711190342276,0.5542103583603604,0.0,0.0,0.0,0.0,0.0,0.0,0.11540085014620356,0.11540085014620356,0.11540085014620356,0.12591483765701872,0.12591483765701872,0.12588705713653364,0.12588705713653364
12.0,0.012,0.001,0.499,5.186579748418489,54.7758642908152,0.0905228935271618,0.956019182500314,0.4611164993343221,-0.5427833408566326,0.4611164993343221,-0.5427833408566326,0.4611164993343221,-0.5427833408566326,0.08393535127054234,0.9641396321585884,-0.47571871258647164,0.5999982691794002,-0.47571871258647164,0.5999982691794002,0.0,0.0,0.0,0.0,0.0,0.0,0.12591030202921522,0.12591030202921522,0.12591030202921522,0.13642779660820853,0.13642779660820853,0.1364157090790967,0.1364157090790967
13.0,0.013000000000000001,0.001,0.499,5.2149715359957,54.74260582163499,0.09101842370091094,0.9554387127089462,0.49553017374914565,-0.580469791367885,0.49553017374914565,-0.580469791367885,0.49553017374914565,-0.580469791367885,0.0834230970952771,0.9647853218959979,-0.5122541752652493,0.6456897374093999,-0.5122541752652493,0.6456897374093999,0.0,0.0,0.0,0.0,0.0,0.0,0.1364227022843526,0.1364227022843526,0.1364227022843526,0.14694361140764708,0.14694361140764708,0.14695343808147274,0.14695343808147274
14.0,0.014,0.001,0.499,5.245327100916939,54.707217366805125,0.09154822825508947,0.9548210676549718,0.5298045541785341,-0.6176450539744697,0.5298045541785341,-0.6176450539744697,0.5298045541785341,-0.6176450539744697,0.08287432052493554,0.9654765990815237,-0.5487765703415584,0.6912771855259001,-0.5487765703415584,0.6912771855259001,0.0,0.0,0.0,0.0,0.0,0.0,0.14693795995682135,0.14693795995682135,0.14693795995682132,0.1574621708785003,0.15746217087850034,0.15750091804097893,0.15750091804097893
15.0,0.015,0.001,0.499,5.2776385815098505,54.66972748817494,0.09211216997763001,0.954166745836702,0.5639417225405385,-0.6543218182697027,0.5639417225405385,-0.6543218182697027,0.5639417225405385,-0.6543218182697027,0.08228903555883382,0.9662133521261533,-0.5852849661017242,0.7367530446296667,-0.5852849661017242,0.7367530446296667,0.0,0.0,0.0,0.0,0.0,0.0,0.15745596851532806,0.15745596851532806,0.15745596851532806,0.16798334923242722,0.16798334923242722,0.16805881732211256,0.16805881732211256
16.0,0.016,0.001,0.499,5.311898232139885,54.63016403683419,0.09271011368170708,0.9534762333473533,0.5979437040770708,-0.6905124893487424,0.5979437040770708,-0.6905124893487424,0.5979437040770708,-0.6905124893487424,0.08166725712262532,0.9669954618812651,-0.6217784362084989,0.7821097551117214,-0.6217784362084989,0.7821097551117214,0.0,0.0,0.0,0.0,0.0,0.0,0.16797660645476573,0.16797660645476573,0.1679766064547657,0.17850700663953503,0.17850700663953503,0.17862779840342233,0.17862779840342233
17.0,0.017,0.001,0.499,5.34809842006334,54.58855416900672,0.09334192615081205,0.9527500041524444,0.6318124691049751,-0.7262291949089795,0.6318124691049751,-0.7262291949089795,0.6318124691049751,-0.7262291949089795,0.08100900106256587,0.9678228016485836,-0.6582560600594469,0.8273397673185074,-0.6582560600594469,0.8273397673185074,0.0,0.0,0.0,0.0,0.0,0.0,0.1784997378844227,0.1784997378844227,0.1784997378844227,0.18903298978811275,0.18903298978811275,0.18920851753058962,0.18920851753058962
18.0,0.018000000000000002,0.001,0.499,5.386231622376059,54.54492436155345,0.0940074760854981,0.9519885203603736,0.6655499346860537,-0.7614837920707836,0.6655499346860537,-0.7614837920707836,0.6655499346860537,-0.7614837920707836,0.0803142841394235,0.9686952371908006,-0.6947169231423669,0.8724355422169993,-0.6947169231423669,0.8724355422169993,0.0,0.0,0.0,0.0,0.0,0.0,0.1890252131098184,0.1890252131098184,0.1890252131098184,0.1995611324340309,0.1995611324340309,0.19980162437611626,0.19980162437611626
19.0,0.019,0.001,0.499,5.426290423053404,54.49930042709977,0.0947066340517179,0.9511922324864428,0.6991579662198089,-0.7962878739308423,0.6991579662198089,-0.7962878739308423,0.6991579662198089,-0.7962878739308423,0.079583124022036,0.9696126267428602,-0.7311601173874936,0.9173895520595333,-0.7311601173874936,0.9173895520595333,0.0,0.0,0.0,0.0,0.0,0.0,0.19955286919853574,0.19955286919853574,0.19955286919853574,0.2100912559397265,0.21009125593972652,0.21040776170601394,0.21040776170601394
20.0,0.02,0.001,0.499,5.4682675100772595,54.45170752880218,0.09543927243068039,0.9503615797105831,0.7326383789624816,-0.8306527758597185,0.7326383789624816,-0.8306527758597185,0.7326383789624816,-0.8306527758597185,0.07881553928051979,0.9705748210239084,-0.7675847415162106,0.9621942810481092,-0.7675847415162106,0.9621942810481092,0.0,0.0,0.0,0.0,0.0,0.0,0.21008253053812764,0.21008253053812764,0.21008253053812764,0.22062316980271893,0.22062316980271893,0.22102756505388446,0.22102756505388446
21.0,0.021,0.001,0.499,5.512155672646043,54.40217019476812,0.09620526537015618,0.9494969901290284,0.7659929394757927,-0.8645895815546739,0.7659929394757927,-0.8645895815546739,0.7659929394757927,-0.8645895815546739,0.0780115493791338,0.9715816632499062,-0.8039899013859972,1.0068422259978822,-0.8039899013859972,1.0068422259978822,0.0,0.0,0.0,0.0,0.0,0.0,0.22061400938042014,0.22061400938042014,0.22061400938042014,0.2311566721736259,0.23115667217362593,0.2316616624027768,0.2316616624027768
22.0,0.022,0.001,0.499,5.557947798463872,54.350712332142365,0.09700448873716482,0.9485988810001702,0.7992233670086271,-0.8981091288582629,0.7992233670086271,-0.8981091288582629,0.7992233670086271,-0.8981091288582629,0.07717117466880247,0.9726329891469058,-0.8403747103313245,1.0513258969995343,-0.8403747103313245,1.0513258969995343,0.0,0.0,0.0,0.0,0.0,0.0,0.23114710637622582,0.23114710637622582,0.23114710637622582,0.24169155036367126,0.24169155036367126,0.24231067387520308,0.24231067387520308
23.0,0.023,0.001,0.499,5.605636871105248,54.29735724087299,0.09783682007197957,0.9476676589848175,0.8323313348147486,-0.9312220153526835,0.8323313348147486,-0.9312220153526835,0.8323313348147486,-0.9312220153526835,0.07629443637930226,0.973728626964986,-0.8767382895001999,1.0956378180801856,-0.8767382895001999,1.0956378180801856,0.0,0.0,0.0,0.0,0.0,0.0,0.24168161109743502,0.24168161109743502,0.24168161109743502,0.2522275813416981,0.2522275813416981,0.2529752114316889,0.2529752114316889
24.0,0.024,0.001,0.499,5.655215967451723,54.242127627169,0.09870213854338905,0.9467037203810782,0.8653184714094835,-0.9639386037393853,0.8653184714094835,-0.9639386037393853,0.8653184714094835,-0.9639386037393853,0.07538135661111621,0.9748683974928485,-0.9130797681860573,1.1397705278624706,-0.9130797681860573,1.1397705278624706,0.0,0.0,0.0,0.0,0.0,0.0,0.2522173025471609,0.2522173025471609,0.25221730254716096,0.2627645322207214,0.2627645322207214,0.26365587857822975,0.26365587857822975
25.0,0.025,0.001,0.499,5.70667825519725,54.18504561666155,0.09960032490515722,0.9457074513540652,0.8981863617681685,-0.9962690270129723,0.8981863617681685,-0.9962690270129723,0.8981863617681685,-0.9962690270129723,0.07443195832696153,0.9760521140730699,-0.9493982841546716,1.1837165802213783,-0.9493982841546716,1.1837165802213783,0.0,0.0,0.0,0.0,0.0,0.0,0.26275394966259696,0.26275394966259696,0.262753949662597,0.2733021607340688,0.2733021607340688,0.2743532700830213,0.2743532700830213
26.0,0.026000000000000002,0.001,0.499,5.760016990419001,54.12613276728008,0.10053126145362624,0.9446792281606272,0.9309365484690311,-1.0282231934380008,0.9309365484690311,-1.0282231934380008,0.9309365484690311,-1.0282231934380008,0.07344626534299577,0.9772795826180083,-0.9856929839657723,1.2274685449384204,-0.9856929839657723,1.2274685449384204,0.0,0.0,0.0,0.0,0.0,0.0,0.27329131180023997,0.27329131180023997,0.27329131180023997,0.28384021570117934,0.28384021570117934,0.28506797170281983,0.28506797170281983
27.0,0.027,0.001,0.499,5.815225515210641,54.06541008185406,0.10149483198640928,0.9436194173692903,0.9635705327830385,-1.0598107913368626,0.9635705327830385,-1.0598107913368626,0.9635705327830385,-1.0598107913368626,0.07242430231970676,0.978550601626361,-1.0219630232890153,1.2710190083526627,-1.0219630232890153,1.2710190083526627,0.0,0.0,0.0,0.0,0.0,0.0,0.2838291392173271,0.2838291392173271,0.2838291392173271,0.29437843748314085,0.29437843748314085,0.29580055991929216,0.29580055991929216
28.0,0.028,0.001,0.499,5.872297255375137,54.00289802045076,0.10249092176212242,0.9425283760755938,0.9960897757131342,-1.0910412936965461,0.9960897757131342,-1.0910412936965461,0.9960897757131342,-1.0910412936965461,0.0713660947524928,0.9798649622003691,-1.0582075672139666,1.3143605740081232,-1.0582075672139666,1.3143605740081232,0.0,0.0,0.0,0.0,0.0,0.0,0.2943671735372911,0.2943671735372911,0.2943671735372911,0.30491655842806453,0.30491655842806453,0.3065516016856988,0.3065516016856988
29.0,0.029,0.001,0.499,5.931225718174344,53.93861651245909,0.10351941746110759,0.9414064521129921,1.0284956989851668,-1.1219239626017055,1.0284956989851668,-1.1219239626017055,1.0284956989851668,-1.1219239626017055,0.07027166896193907,0.9812224480636661,-1.094425790553736,1.3574858632970113,-1.094425790553736,1.3574858632970113,0.0,0.0,0.0,0.0,0.0,0.0,0.30490514820470505,0.30490514820470505,0.30490514820470505,0.3154543033064047,0.3154543033064047,0.31732165418425407,0.31732165418425407
30.0,0.03,0.001,0.499,5.992004490132735,53.872584968428974,0.1045802071471003,0.940253984259491,1.0607896859927066,-1.152467853501109,1.0607896859927066,-1.152467853501109,1.0607896859927066,-1.152467853501109,0.06914105208379717,0.9826228355797644,-1.1306168781418942,1.400387516098251,-1.1306168781418942,1.400387516098251,0.0,0.0,0.0,0.0,0.0,0.0,0.31544278893369154,0.31544278893369154,0.31544278893369154,0.32599138973634684,0.32599138973634684,0.32811126459449697,0.32811126459449697
31.0,0.031,0.001,0.499,6.054627234892725,53.804822291675414,0.10567318022979814,0.9390713024401768,1.092973082697844,-1.1826818193142112,1.092973082697844,-1.1826818193142112,1.092973082697844,-1.1826818193142112,0.06797427205867489,0.984065893771175,-1.1667800251222895,1.4430581914107086,-1.1667800251222895,1.4430581914107086,0.0,0.0,0.0,0.0,0.0,0.0,0.3259798141410935,0.3259798141410935,0.3259798141410935,0.3365275285993941,0.3365275285993941,0.33892096987299947,0.33892096987299947
32.0,0.032,0.001,0.499,6.1190876911192165,53.73534688965607,0.10679822742828811,0.9378587279257925,1.1250471984899653,-1.212574514384276,1.1250471984899653,-1.212574514384276,1.1250471984899653,-1.212574514384276,0.06677135762144351,0.9855513843391556,-1.2029144372313785,1.4854905679805053,-1.2029144372313785,1.4854905679805053,0.0,0.0,0.0,0.0,0.0,0.0,0.3365159353726355,0.3365159353726355,0.3365159353726355,0.34706242444629526,0.34706242444629526,0.3497512965447321,0.3497512965447321
33.0,0.033,0.001,0.499,6.185379670451043,53.66417668513077,0.10795524073529252,0.9366165735275083,1.1570133070044057,-1.2421543982841798,1.1570133070044057,-1.2421543982841798,1.1570133070044057,-1.2421543982841798,0.06553233829037085,0.9870790616840773,-1.2390193310726683,1.5276773449217858,-1.2390193310726683,1.5276773449217858,0.0,0.0,0.0,0.0,0.0,0.0,0.3470508577155119,0.3470508577155119,0.3470508577155119,0.3575957758934644,0.3575957758934644,0.3606027605063984,0.3606027605063984
34.0,0.034,0.001,0.499,6.253497055497121,53.59132912711111,0.10914411338219532,0.9353451437880276,1.188872646902798,-1.2714297394807388,1.188872646902798,-1.2714297394807388,1.188872646902798,-1.2714297394807388,0.06425724435598798,0.9886486729264076,-1.2750939343828636,1.569611242330272,-1.2750939343828636,1.569611242330272,0.0,0.0,0.0,0.0,0.0,0.0,0.3575842802057674,0.3575842802057674,0.3575842802057673,0.3681272760100503,0.3681272760100503,0.3714758668420428,0.3714758668420428
35.0,0.035,0.001,0.499,6.323433797875218,53.51682120160781,0.11036473980481216,0.9340447351691644,1.220626422616842,-1.3004086188631432,1.220626422616842,-1.3004086188631432,1.220626422616842,-1.3004086188631432,0.06294610686969868,0.9902599579282965,-1.3111374862892986,1.6112850018889195,-1.3111374862892986,1.6112850018889195,0.0,0.0,0.0,0.0,0.0,0.0,0.3681158962222684,0.3681158962222684,0.3681158962222685,0.37865661269582046,0.3786566126958204,0.38237110965122495,0.38237110965122495
36.0,0.036000000000000004,0.001,0.499,6.39518391629134,53.440669442183506,0.11161701560986931,0.9327156362360236,1.252275805057149,-1.329098933140818,1.252275805057149,-1.329098933140818,1.252275805057149,-1.329098933140818,0.06159895763214045,0.9919126493157614,-1.3471492375582281,1.652691387464966,-1.3471492375582281,1.652691387464966,0.0,0.0,0.0,0.0,0.0,0.0,0.3786453938692295,0.3786453938692295,0.3786453938692295,0.3891834690500328,0.3891834690500328,0.3932889718900486,0.3932889718900486
37.0,0.037,0.001,0.499,6.468741494657815,53.362889940317906,0.11290083754215804,0.9313581278379078,1.2838219322887316,-1.3575083981157954,1.2838219322887316,-1.3575083981157954,1.2838219322887316,-1.3575083981157954,0.060215829181306905,0.9936064725014591,-1.3831284508335415,1.693823185697642,-1.3831284508335415,1.693823185697642,0.0,0.0,0.0,0.0,0.0,0.0,0.3891724563584774,0.3891724563584774,0.3891724563584774,0.3997075237314727,0.3997075237314727,0.4042299252253216,0.4042299252253216
38.0,0.038,0.001,0.499,6.544100680248254,53.2834983555925,0.11421610345233268,0.9299724832860734,1.3152659101746416,-1.3856445518344527,1.3152659101746416,-1.3856445518344527,1.3152659101746416,-1.3856445518344527,0.05879675478044145,0.9953411457080349,-1.4190744008654579,1.7346732065757966,-1.4190744008654579,1.7346732065757966,0.0,0.0,0.0,0.0,0.0,0.0,0.3996967623688716,0.3996967623688716,0.39969676236887164,0.410228451309835,0.410228451309835,0.41519442990211536,0.41519442990211536
39.0,0.039,0.001,0.499,6.621255681887656,53.20250992570122,0.11556271226532187,0.9285589685284501,1.3466088129891882,-1.4135147576232545,1.3466088129891882,-1.4135147576232545,1.3466088129891882,-1.4135147576232545,0.057341768405712694,0.9971163799920396,-1.4549863747287504,1.7752342840046735,-1.4549863747287504,1.7752342840046735,0.0,0.0,0.0,0.0,0.0,0.0,0.410217986408474,0.410217986408474,0.41021798640847407,0.42074592260863897,0.42074592260863897,0.4261829346249822,0.4261829346249822
40.0,0.04,0.001,0.499,6.70020076817597,53.11993947629369,0.11694056394932398,0.9271178423214371,1.3778516840021051,-1.441126207012931,1.3778516840021051,-1.441126207012931,1.3778516840021051,-1.441126207012931,0.055850904733682656,0.9989318792684007,-1.4908636720300408,1.8154992763610571,-1.4908636720300408,1.8154992763610571,0.0,0.0,0.0,0.0,0.0,0.0,0.42073579916252074,0.42073579916252074,0.4207357991625208,0.43125960503986976,0.43125960503986976,0.43719587645307795,0.43719587645307795
41.0,0.041,0.001,0.499,6.780930265743547,53.03580143065689,0.11834955948535894,0.9256493563988818,1.4089955360349666,-1.4684859225553295,1.4089955360349666,-1.4684859225553295,1.4089955360349666,-1.4684859225553295,0.05432419912857895,1.0007873403354366,-1.5267056051037031,1.855461067035999,-1.5267056051037031,1.855461067035999,0.0,0.0,0.0,0.0,0.0,0.0,0.43124986783375063,0.43124986783375063,0.4312498678337507,0.44176916293053237,0.44176916293053237,0.4482336807094327,0.4482336807094327
42.0,0.042,0.001,0.499,6.863438557536949,52.95010981924156,0.11978960083735005,0.9241537556383448,1.440041351991102,-1.4956007605369936,1.440041351991102,-1.4956007605369936,1.440041351991102,-1.4956007605369936,0.05276168762938305,1.0026824529004008,-1.5625114991959026,1.8951125649643215,-1.5625114991959026,1.8951125649643215,0.0,0.0,0.0,0.0,0.0,0.0,0.4417598564723834,0.4417598564723834,0.4417598564723834,0.4522742578413206,0.4522742578413206,0.4592967609045915,0.4592967609045915
43.0,0.043000000000000003,0.001,0.499,6.947720081133678,52.86287828903867,0.12126059092271024,0.9226312782247514,1.4709900853601932,-1.522477413593344,1.4709900853601932,-1.522477413593344,1.4709900853601932,-1.522477413593344,0.05116340693674675,1.004616899605541,-1.598280692636296,1.9344467051400904,-1.598280692636296,1.9344467051400904,0.0,0.0,0.0,0.0,0.0,0.0,0.452265426302513,0.452265426302513,0.452265426302513,0.4627745488775966,0.4627745488775966,0.47038551867484973,0.47038551867484973
44.0,0.044,0.001,0.499,7.0337693270844115,52.77412011281164,0.12276243358340894,0.9210821558115243,1.5018426606986937,-1.5491224132271768,1.5018426606986937,-1.5491224132271768,1.5018426606986937,-1.5491224132271768,0.049529394399749835,1.006590356054658,-1.6340125369969134,1.973456449117243,-1.6340125369969134,1.973456449117243,0.0,0.0,0.0,0.0,0.0,0.0,0.46276623603653727,0.46276623603653727,0.46276623603653727,0.47326969299287924,0.47326969299287924,0.4815003437352849,0.4815003437352849
45.0,0.045,0.001,0.499,7.1215808372814635,52.68384819818953,0.12429503355749608,0.9195066136792893,1.5325999740871468,-1.5755421322350274,1.5325999740871468,-1.5755421322350274,1.5325999740871468,-1.5755421322350274,0.0478596880025121,1.0086024908401525,-1.6697063972377337,2.012134785494553,-1.6697063972377337,2.012134785494553,0.0,0.0,0.0,0.0,0.0,0.0,0.47326194218232126,0.47326194218232126,0.47326194218232126,0.48375934528504544,0.48375934528504544,0.49264161384778604,0.49264161384778604
46.0,0.046,0.001,0.499,7.211149203352173,52.59207509662634,0.12585829645106153,0.9179048708922445,1.5632628935654425,-1.6017427870448078,1.5632628935654425,-1.6017427870448078,1.5632628935654425,-1.6017427870448078,0.04615432635067363,1.0106529655705367,-1.7053616518384695,2.050474730384117,-1.7053616518384695,2.050474730384117,0.0,0.0,0.0,0.0,0.0,0.0,0.4837521993451056,0.4837521993451056,0.4837521993451056,0.4942431592854423,0.4942431592854423,0.5038096948042614,0.5038096948042614
47.0,0.047,0.001,0.499,7.302469065076014,52.498813012231196,0.12745212871060851,0.9162771404522765,1.5938322595469967,-1.6277304399679775,1.5938322595469967,-1.6277304399679775,1.5938322595469967,-1.6277304399679775,0.04441334865775756,1.0127414348983992,-1.7409776929160674,2.0884693278625486,-1.7409776929160674,2.0884693278625486,0.0,0.0,0.0,0.0,0.0,0.0,0.4942366605201095,0.4942366605201095,0.4942366605201095,0.5047207872411149,0.5047207872411149,0.5150049404252027,0.5150049404252027
48.0,0.048,0.001,0.499,7.395535108824308,52.40407381047428,0.12907643759582133,0.9146236294509071,1.6243088852127994,-1.6535110013693743,1.6243088852127994,-1.6535110013693743,1.6243088852127994,-1.6535110013693743,0.04263679473143013,1.0148675465488033,-1.776553926327432,2.126111650404069,-1.776553926327432,2.126111650404069,0.0,0.0,0.0,0.0,0.0,0.0,0.504714977376387,0.504714977376387,0.504714977376387,0.5151918803903514,0.5151918803903514,0.5262276925737671,0.5262276925737671
49.0,0.049,0.001,0.499,7.490342066021379,52.30786902677292,0.13073113115270754,0.9129445392191494,1.6546935568862287,-1.6790902317577063,1.6546935568862287,-1.6790902317577063,1.6546935568862287,-1.6790902317577063,0.040824704959673254,1.017030941348098,-1.812089771756877,2.1633947992946987,-1.812089771756877,2.1633947992946987,0.0,0.0,0.0,0.0,0.0,0.0,0.5151868005404058,0.5151868005404058,0.5151868005404058,0.5256560892317457,0.5256560892317457,0.5374782811855277,0.5374782811855277
50.0,0.05,0.001,0.499,7.586884711626162,52.210209874962345,0.13241611818709703,0.9112400654753499,1.684987034389497,-1.704473743799583,1.684987034389497,-1.704473743799583,1.684987034389497,-1.704473743799583,0.038977120296885444,1.0192312532531247,-1.84758466278781,2.200311905026754,-1.84758466278781,2.200311905026754,0.0,0.0,0.0,0.0,0.0,0.0,0.5256517798642671,0.5256517798642671,0.5256517798642673,0.5361130637869805,0.5361130637869805,0.5487570243140333,0.5487570243140333
51.0,0.051000000000000004,0.001,0.499,7.685157862633208,52.11110725565522,0.13413130823847957,0.90951039847109,1.7151900513825475,-1.7296670042598496,1.7151900513825475,-1.7296670042598496,1.7151900513825475,-1.7296670042598496,0.03709408224992729,1.0214681093807976,-1.8830380469581542,2.2368561276728807,-1.8830380469581542,2.2368561276728807,0.0,0.0,0.0,0.0,0.0,0.0,0.5361095646922482,0.5361095646922482,0.5361095646922482,0.5465624538575308,0.5465624538575308,0.5600642281923076,0.5600642281923076
52.0,0.052000000000000005,0.001,0.499,7.785156376592157,52.01057176449412,0.13587661155416475,0.9077557231352191,1.7453033156851896,-1.7546753358708802,1.7453033156851896,-1.7546753358708802,1.7453033156851896,-1.7546753358708802,0.03517563286412828,1.0237411300380364,-1.91844938579901,2.2730206572388565,-1.91844938579901,2.2730206572388565,0.0,0.0,0.0,0.0,0.0,0.0,0.5465598041230498,0.5465598041230498,0.5465598041230498,0.557003909275486,0.557003909275486,0.571400187310401,0.571400187310401
53.0,0.053,0.001,0.499,7.886875150144748,51.90861370030078,0.13765193906374798,0.9059762192160857,1.7753275095832235,-1.7795039191333815,1.7753275095832235,-1.7795039191333815,1.7753275095832235,-1.7795039191333815,0.03322181470927221,1.0260499287520308,-1.9538181548560651,2.308798713994431,-1.9538181548560651,2.308798713994431,0.0,0.0,0.0,0.0,0.0,0.0,0.5570021472610683,0.5570021472610683,0.5570021472610683,0.5674370801486898,0.5674370801486897,0.5827651845091011,0.5827651845091011
54.0,0.054,0.001,0.499,7.990309117578483,51.80524307312602,0.13945720235386724,0.9041720614220345,1.8052632901192756,-1.8041577940511628,1.8052632901192756,-1.8041577940511628,1.8052632901192756,-1.8041577940511628,0.031232670865578953,1.0283941123008122,-1.9891438436932614,2.3441835487814804,-1.9891438436932614,2.3441835487814804,0.0,0.0,0.0,0.0,0.0,0.0,0.5674362434633471,0.5674362434633471,0.5674362434633471,0.5778616171003922,0.5778616171003922,0.5941594910898984,0.5941594910898984
55.0,0.055,0.001,0.499,8.095453249396138,51.700469612203804,0.14129231364323627,0.9023434195602323,1.8351112893690278,-1.8286418618022364,1.8351112893690278,-1.8286418618022364,1.8351112893690278,-1.8286418618022364,0.02920824490970073,1.030773280744111,-2.024425955878225,2.3791684432987843,-2.024425955878225,2.3791684432987843,0.0,0.0,0.0,0.0,0.0,0.0,0.5778617425848437,0.5778617425848437,0.5778617425848438,0.5882771715036097,0.5882771715036097,0.6055833669412833,0.6055833669412833
56.0,0.056,0.001,0.499,8.202302550900287,51.59430277381321,0.1431571857579398,0.9004904586738838,1.8648721147035021,-1.8529608863485196,1.8648721147035021,-1.8529608863485196,1.8648721147035021,-1.8529608863485196,0.02714858090075175,1.0331870274544739,-2.05966400894898,2.4137467103627634,-2.05966400894898,2.4137467103627634,0.0,0.0,0.0,0.0,0.0,0.0,0.5882782952121596,0.5882782952121596,0.5882782952121596,0.5986833957103832,0.5986833957103833,0.6170370606814487,0.6170370606814487
57.0,0.057,0.001,0.499,8.310852060792085,51.48675174905147,0.1450517321069778,0.8986133391778974,1.8945463490380268,-1.8771194959863362,1.8945463490380268,-1.8771194959863362,1.8945463490380268,-1.8771194959863362,0.025053723366390293,1.0356349391486175,-2.0948575343614575,2.4479116941435377,-2.0948575343614575,2.4479116941435377,0.0,0.0,0.0,0.0,0.0,0.0,0.5986855528963199,0.5986855528963199,0.5986855528963199,0.6090799432761249,0.6090799432761249,0.6285208098174511,0.6285208098174511
58.0,0.058,0.001,0.499,8.421096849783607,51.37782547152146,0.1469758666580463,0.8967122169930576,1.9241345510684884,-1.9011221848398292,1.9241345510684884,-1.9011221848398292,1.9241345510684884,-1.9011221848398292,0.022923717288972967,1.0381165959189933,-2.130006077417328,2.4816567703757064,-2.130006077417328,2.4816567703757064,0.0,0.0,0.0,0.0,0.0,0.0,0.6090831683790502,0.6090831683790502,0.6090831683790502,0.6194664691792401,0.6194664691792401,0.6400348409208841,0.6400348409208841
59.0,0.059000000000000004,0.001,0.499,8.533032019223018,51.2675326249368,0.14892950391354173,0.8947872436787583,1.9536372554954458,-1.9249733142993264,1.9536372554954458,-1.9249733142993264,1.9536372554954458,-1.9249733142993264,0.020758608091801287,1.0406315712655365,-2.165109197171681,2.514975346543283,-2.165109197171681,2.514975346543283,0.0,0.0,0.0,0.0,0.0,0.0,0.6194707958130711,0.6194707958130711,0.6194707958130711,0.6298426300362094,0.6298426300362094,0.6515793698200899,0.6515793698200899
60.0,0.06,0.001,0.499,8.646652699731908,51.155881650647565,0.1509125588867784,0.8928385665643517,1.9830549732366567,-1.9486771144066308,1.9830549732366567,-1.9486771144066308,1.9830549732366567,-1.9486771144066308,0.018558441625481197,1.0431794321275747,-2.2001664663200904,2.547860862038257,-2.2001664663200904,2.547860862038257,0.0,0.0,0.0,0.0,0.0,0.0,0.6298480909815452,0.6298480909815452,0.629848090981545,0.6402080843123107,0.6402080843123107,0.663154601808939,0.663154601808939
61.0,0.061,0.001,0.499,8.761954049854188,51.04288075508958,0.15292494707840695,0.8908663288791625,2.0123881916285504,-1.9722376851891412,2.0123881916285504,-1.9722376851891412,2.0123881916285504,-1.9722376851891412,0.016323264154416595,1.045759738915867,-2.235177471064601,2.5803067882922885,-2.235177471064601,2.5803067882922885,0.0,0.0,0.0,0.0,0.0,0.0,0.6402147115084336,0.6402147115084336,0.6402147115084336,0.6505624925281606,0.6505624925281606,0.6747607318721843,0.6747607318721843
62.0,0.062,0.001,0.499,8.878931254715921,50.92853791716004,0.1549665844530241,0.8888706698812179,2.0416373746171486,-1.9956589979446477,2.0416373746171486,-1.9956589979446477,2.0416373746171486,-1.9956589979446477,0.014053122343458405,1.048372045544748,-2.2701418109581897,2.6123066288811003,-2.2701418109581897,2.6123066288811003,0.0,0.0,0.0,0.0,0.0,0.0,0.6505703170658375,0.6505703170658375,0.6505703170658376,0.6609055174622476,0.6609055174622476,0.6863979449273943,0.6863979449273943
63.0,0.063,0.001,0.499,8.997579524695507,50.81286089552234,0.15703738741596304,0.8868517249847393,2.070802962938925,-2.0189448964785863,2.070802962938925,-2.0189448964785863,2.070802962938925,-2.0189448964785863,0.011748063244731152,1.0510158994643493,-2.3050590987272543,2.6438539196011557,-2.3050590987272543,2.6438539196011557,0.0,0.0,0.0,0.0,0.0,0.0,0.660914569581756,0.660914569581756,0.660914569581756,0.6712368243496328,0.6712368243496328,0.6980664160834517,0.6980664160834517
64.0,0.064,0.001,0.499,9.117894094103692,50.695857235842546,0.1591372727902551,0.8848096258864439,2.0998853742920707,-2.0420990982954863,2.0998853742920707,-2.0420990982954863,2.0998853742920707,-2.0420990982954863,0.009408134284659458,1.0536908416928676,-2.339928960071693,2.6749422285182742,-2.339928960071693,2.6749422285182742,0.0,0.0,0.0,0.0,0.0,0.0,0.671247133435065,0.671247133435065,0.671247133435065,0.6815560810769803,0.6815560810769803,0.7097663109155941,0.7097663109155941
65.0,0.065,0.001,0.499,9.239870219872856,50.577534277960154,0.16126615779375372,0.8827445006906975,2.1288850034986107,-2.065125195746287,2.1288850034986107,-2.065125195746287,2.1288850034986107,-2.065125195746287,0.007033383251217309,1.0563964068488556,-2.374751033442149,2.705565155987878,-2.374751033442149,2.705565155987878,0.0,0.0,0.0,0.0,0.0,0.0,0.6815676756564452,0.6815676756564452,0.6815676756564452,0.6918629583740844,0.6918629583740844,0.7214977857569658,0.7214977857569658
66.0,0.066,0.001,0.499,9.363503180255096,50.457899162995616,0.16342396001641152,0.8806564740335644,2.157802222657806,-2.088026657133156,2.157802222657806,-2.088026657133156,2.157802222657806,-2.088026657133156,0.004623858281423302,1.0591321231835022,-2.409524969794007,2.7357163346466153,-2.409524969794007,2.7357163346466153,0.0,0.0,0.0,0.0,0.0,0.0,0.691875866118491,0.691875866118491,0.691875866118491,0.7021571300020534,0.7021571300020534,0.7332609880066357,0.7332609880066357
67.0,0.067,0.001,0.499,9.488788273528623,50.3369588403968,0.16561059739770279,0.878545667205791,2.186637381291256,-2.1108068277733993,2.186637381291256,-2.1108068277733993,2.186637381291256,-2.1108068277733993,0.002179607849105576,1.0618975126128773,-2.444250432317726,2.765389429375156,-2.444250432317726,2.765389429375156,0.0,0.0,0.0,0.0,0.0,0.0,0.7021713777253543,0.7021713777253543,0.7021713777253543,0.7124382729383044,0.7124382729383044,0.7450560564540253,0.7450560564540253
68.0,0.068,0.001,0.499,9.615720816712017,50.21472007492684,0.16782598820418287,0.876412198274767,2.2153908064800936,-2.1334689310240003,2.2153908064800936,-2.1334689310240003,2.2153908064800936,-2.1334689310240003,-0.00029931924703953915,1.0646920907501094,-2.478927096145115,2.794578137232017,-2.478927096145115,2.794578137232017,0.0,0.0,0.0,0.0,0.0,0.0,0.7124538866001082,0.7124538866001082,0.7124538866001081,0.7227060675585198,0.7227060675585198,0.7568831216196816,0.7568831216196816
69.0,0.069,0.001,0.499,9.744296144285908,50.09118945359538,0.17007005100717754,0.8742561822054987,2.244062802994669,-2.1560160692682984,2.244062802994669,-2.1560160692682984,2.244062802994669,-2.1560160692682984,-0.00281287389507071,1.0675153669374677,-2.5135546480311706,2.823276187358315,-2.5135546480311706,2.823276187358315,0.0,0.0,0.0,0.0,0.0,0.0,0.7227230722660611,0.7227230722660611,0.7227230722660611,0.7329601978157171,0.7329601978157171,0.7687423061123195,0.7687423061123195
70.0,0.07,0.001,0.499,9.874509606921695,49.96637339253544,0.17234270466059462,0.8720777309806325,2.2726536534170796,-2.1784512248662726,2.2726536534170796,-2.1784512248662726,2.2726536534170796,-2.1784512248662726,-0.0053610066810818,1.0703668442783212,-2.5481327860110907,2.8514773408534237,-2.5481327860110907,2.8514773408534237,0.0,0.0,0.0,0.0,0.0,0.0,0.7329786178274371,0.7329786178274371,0.7329786178274371,0.7432003514165669,0.7432003514165669,0.7806337250020481,0.7806337250020481
71.0,0.07100000000000001,0.001,0.499,10.00635657021687,49.840278143827774,0.17464386827885153,0.8698769537195626,2.3011636182569135,-2.200777261069866,2.3011636182569135,-2.200777261069866,2.3011636182569135,-2.200777261069866,-0.007943667900113912,1.0732460196689426,-2.582661219032111,2.8791753906215463,-2.582661219032111,2.8791753906215463,0.0,0.0,0.0,0.0,0.0,0.0,0.7432202101471637,0.7432202101471637,0.7432202101471636,0.7534262199951044,0.7534262199951045,0.79255748620968,0.79255748620968
72.0,0.07200000000000001,0.001,0.499,10.139832413436629,49.712909802274766,0.1769734612149121,0.8676539567966579,2.3295929360605454,-2.2229969229047533,2.3295929360605454,-2.2229969229047533,2.3295929360605454,-2.2229969229047533,-0.010560807566673717,1.076152383830132,-2.6171396665598055,2.906364161189291,-2.6171396665598055,2.906364161189291,0.0,0.0,0.0,0.0,0.0,0.0,0.7534475400206818,0.7534475400206818,0.7534475400206818,0.7636374992839635,0.7636374992839635,0.804513690912024,0.804513690912024
73.0,0.073,0.001,0.499,10.274932528261381,49.584274312125594,0.1793314030384264,0.865408843958638,2.357941823514322,-2.245112838019923,2.357941823514322,-2.245112838019923,2.357941823514322,-2.245112838019923,-0.013212375424832234,1.0790854213386263,-2.6515678581585176,2.9330375084943885,-2.6515678581585176,2.9330375084943885,0.0,0.0,0.0,0.0,0.0,0.0,0.7636603023479809,0.7636603023479809,0.7636603023479809,0.773833889283259,0.7738338892832589,0.8165024339630382,0.8165024339630382
74.0,0.074,0.001,0.499,10.41165231753984,49.4543774737545,0.18171761351396837,0.8631417164411316,2.3862104755419598,-2.26712751750643,2.3862104755419598,-2.26712751750643,2.3862104755419598,-2.26712751750643,-0.015898320957877823,1.082044610658272,-2.68594553304559,2.959189319645753,-2.68594553304559,2.959189319645753,0.0,0.0,0.0,0.0,0.0,0.0,0.7738581963034279,0.7738581963034279,0.7738581963034279,0.784015094427247,0.784015094427247,0.8285238043307224,0.8285238043307224
75.0,0.075,0.001,0.499,10.54998719404739,49.32322495029389,0.18413201257936485,0.8608526730844449,2.4143990653964678,-2.2890433566866304,2.4143990653964678,-2.2890433566866304,2.4143990653964678,-2.2890433566866304,-0.018618593397496906,1.085029424170927,-2.7202724396190834,2.984813512655151,-2.7202724396190834,2.984813512655151,0.0,0.0,0.0,0.0,0.0,0.0,0.7840409255031596,0.7840409255031596,0.7840409255031596,0.7941808237488724,0.7941808237488724,0.8405778855496111,0.8405778855496111
76.0,0.076,0.001,0.499,10.689932579249405,49.19082227422377,0.18657452032411176,0.8585418104485697,2.4425077447468997,-2.310862635875209,2.4425077447468997,-2.310862635875209,2.4425077447468997,-2.310862635875209,-0.021373141732455588,1.088039328207068,-2.7545483349586806,3.009904036140803,-2.7545483349586806,3.009904036140803,0.0,0.0,0.0,0.0,0.0,0.0,0.7942081981700325,0.7942081981700325,0.7942081981700325,0.804330791042322,0.804330791042322,0.8526647561887235,0.8526647561887235
77.0,0.077,0.001,0.499,10.83148390206928,49.05717485391909,0.189045056967872,0.8562092229274564,2.470536643760233,-2.3325875211132767,2.470536643760233,-2.3325875211132767,2.470536643760233,-2.3325875211132767,-0.02416191471675508,1.0910737830760713,-2.788772984299492,3.034454869003298,-2.788772984299492,3.034454869003298,0.0,0.0,0.0,0.0,0.0,0.0,0.8043597272970119,0.8043597272970119,0.8043597272970118,0.8144647150236858,0.8144647150236858,0.864784490334817,0.864784490334817
78.0,0.078,0.001,0.499,10.974636597660885,48.92228798015663,0.19154354283905065,0.8538550028625795,2.4984858711786604,-2.3542200648768006,2.4984858711786604,-2.3542200648768006,2.4984858711786604,-2.3542200648768006,-0.026984860877233563,1.0941322430961455,-2.822946160478484,3.0584600200742798,-2.822946160478484,3.0584600200742798,0.0,0.0,0.0,0.0,0.0,0.0,0.8144952308082855,0.8144952308082855,0.8144952308082855,0.8245823194898289,0.8245823194898289,0.8769371580907772,0.8769371580907772
79.0,0.079,0.001,0.499,11.11938610618518,48.786166832582566,0.1940698983534432,0.8514792406558189,2.526355514392576,-2.3757622067606183,2.526355514392576,-2.3757622067606183,2.526355514392576,-2.3757622067606183,-0.029841928520586838,1.097214156623884,-2.8570676433532736,3.0819135277384078,-2.8570676433532736,3.0819135277384078,0.0,0.0,0.0,0.0,0.0,0.0,0.8246144317183771,0.8246144317183771,0.8246144317183771,0.8346833334755679,0.834683333475568,0.8891228260889769,0.8891228260889769
80.0,0.08,0.001,0.499,11.26572787159082,48.648816486142195,0.19662404399295275,0.8490820248816796,2.554145639509534,-2.3972157741392666,2.554145639509534,-2.3972157741392666,2.554145639509534,-2.3972157741392666,-0.03273306573977988,1.1003189660834132,-2.8911372191930442,3.1048094595291635,-2.8911372191930442,3.1048094595291635,0.0,0.0,0.0,0.0,0.0,0.0,0.834717058290649,0.834717058290649,0.8347170582906491,0.8447674914092406,0.8447674914092406,0.9013415580194165,0.9013415580194165
81.0,0.081,0.001,0.499,11.413657340398451,48.51024191747315,0.19920590028437218,0.8466634423988738,2.5818562914194407,-2.418582482805846,2.5818562914194407,-2.418582482805846,2.5818562914194407,-2.418582482805846,-0.035658220419821224,1.1034461079951123,-2.9251546800413433,3.1271419116991406,-2.9251546800413433,3.1271419116991406,0.0,0.0,0.0,0.0,0.0,0.0,0.8448028441912973,0.8448028441912973,0.8448028441912973,0.8548345332667522,0.8548345332667521,0.9135934151724606,0.9135934151724606
82.0,0.082,0.001,0.499,11.563169960488585,48.370448011263065,0.20181538777822844,0.8442235784612837,2.6094874938562533,-2.439863937590138,2.6094874938562533,-2.439863937590138,2.6094874938562533,-2.439863937590138,-0.03861734024287177,1.1065950130038777,-2.9591198230505498,3.148905008765509,-2.9591198230505498,3.148905008765509,0.0,0.0,0.0,0.0,0.0,0.0,0.8548715286477351,0.8548715286477351,0.8548715286477351,0.8648842047241717,0.8648842047241717,0.9258784569959654,0.9258784569959654
83.0,0.083,0.001,0.499,11.714261179892786,48.22943956657305,0.20445242702768487,0.8417625168283266,2.6370392494564365,-2.461061632957166,2.6370392494564365,-2.461061632957166,2.6370392494564365,-2.461061632957166,-0.041610372692659575,1.1097651059069091,-2.9930324497878065,3.170092903031407,-2.9930324497878065,3.170092903031407,0.0,0.0,0.0,0.0,0.0,0.0,0.8649228565962718,0.8649228565962718,0.8649228565962719,0.8749162573089515,0.8749162573089516,0.9381967416665928,0.9381967416665928
84.0,0.084,0.001,0.499,11.866926445588057,48.08722130312785,0.2071169385674993,0.8392803398747392,2.664511539814434,-2.482176953587416,2.664511539814434,-2.482176953587416,2.664511539814434,-2.482176953587416,-0.044637265058171796,1.1129558056809932,-3.026892365512224,3.1906997740840746,-3.026892365512224,3.1906997740840746,0.0,0.0,0.0,0.0,0.0,0.0,0.8749565788387728,0.8749565788387728,0.8749565788387728,0.8849304485498313,0.8849304485498313,0.9505483266750909,0.9505483266750909
85.0,0.085,0.001,0.499,12.021161202294245,47.94379786757381,0.2098088428930347,0.8367771286997993,2.69190432553541,-2.5032111749398847,2.69190432553541,-2.5032111749398847,2.69190432553541,-2.5032111749398847,-0.04769796443659498,1.1161665255092639,-3.060699378423183,3.210719828270602,-3.060699378423183,3.210719828270602,0.0,0.0,0.0,0.0,0.0,0.0,0.8849724521892617,0.8849724521892617,0.8849724521892616,0.894926542125476,0.8949265421254761,0.9629332694253115,0.9629332694253115
86.0,0.08600000000000001,0.001,0.499,12.176960891274325,47.79917383970543,0.2125280604393202,0.8342529632360001,2.719217546285501,-2.52416546379916,2.719217546285501,-2.52416546379916,2.719217546285501,-2.52416546379916,-0.05079241773547455,1.119396672807416,-3.0944532988795714,3.230147298152215,-3.0944532988795714,3.230147298152215,0.0,0.0,0.0,0.0,0.0,0.0,0.8949702396248779,0.8949702396248779,0.8949702396248779,0.9049043080119127,0.9049043080119127,0.9753516278467336,0.9753516278467336
87.0,0.08700000000000001,0.001,0.499,12.334320949137421,47.65335373866149,0.21527451156016003,0.8317079223571924,2.746451120839833,-2.545040878807714,2.746451120839833,-2.545040878807714,2.746451120839833,-2.545040878807714,-0.05392057167406436,1.1226456492493542,-3.1281539385898123,3.2489764419380904,-3.1281539385898123,3.2489764419380904,0.0,0.0,0.0,0.0,0.0,0.0,0.9049497104331834,0.9049497104331834,0.9049497104331834,0.9148635226287876,0.9148635226287875,0.9878034610202416,0.9878034610202416
88.0,0.088,0.001,0.499,12.493236806644491,47.50634202909135,0.21804811650728856,0.8291420839862078,2.7736049471285393,-2.56583837098459,2.7736049471285393,-2.56583837098459,2.7736049471285393,-2.56583837098459,-0.057082372783836904,1.125912850792254,-3.1618011097725454,3.267201542899733,-3.1618011097725454,3.267201542899733,0.0,0.0,0.0,0.0,0.0,0.0,0.9149106403582292,0.9149106403582292,0.9149106403582292,0.9248039689844924,0.9248039689844922,1.0002888298169073,1.0002888298169073
89.0,0.089,0.001,0.499,12.653703887516526,47.35814312729239,0.2208487954095696,0.8265555252019762,2.8006789022810277,-2.586558784231675,2.8006789022810277,-2.586558784231675,2.8006789022810277,-2.586558784231675,-0.06027776740812475,1.129197667701021,-3.195394624287848,3.2848169087670103,-3.195394624287848,3.2848169087670103,0.0,0.0,0.0,0.0,0.0,0.0,0.9248528117460519,0.9248528117460519,0.9248528117460519,0.9347254368201809,0.9347254368201809,1.0128077975495053,1.0128077975495053
90.0,0.09,0.001,0.499,12.815717607245206,47.208761407318946,0.22367646825223833,0.8239483223461475,2.8276728426687323,-2.6072028558287403,2.8276728426687323,-2.6072028558287403,2.8276728426687323,-2.6072028558287403,-0.06350670170086364,1.132499484572128,-3.228934292738888,3.301816871106985,-3.228934292738888,3.301816871106985,0.0,0.0,0.0,0.0,0.0,0.0,0.93477601368872,0.93477601368872,0.93477601368872,0.9446277227526941,0.9446277227526941,1.0253604306364918,1.0253604306364918
91.0,0.091,0.001,0.499,12.97927337190593,47.05820120706356,0.22653105485618494,0.821320551129229,2.8545866039465975,-2.627771216918448,2.8545866039465975,-2.627771216918448,2.8545866039465975,-2.627771216918448,-0.06676912162440757,1.1358176803568147,-3.2624199235439217,3.3181957846867425,-3.2624199235439217,3.3181957846867425,0.0,0.0,0.0,0.0,0.0,0.0,0.9446800421692194,0.9446800421692194,0.9446800421692194,0.9545106304164068,0.9545106304164068,1.0379467992781604,1.0379467992781604
92.0,0.092,0.001,0.499,13.14436657697317,46.90646683431089,0.22941247485727848,0.8186722867362465,2.881420001093528,-2.648264392982515,2.881420001093528,-2.648264392982515,2.881420001093528,-2.648264392982515,-0.07006497294638613,1.1391516283836363,-3.295851321978561,3.333948026821451,-3.295851321978561,3.333948026821451,0.0,0.0,0.0,0.0,0.0,0.0,0.954564700201117,0.954564700201117,0.954564700201117,0.9643739706039939,0.9643739706039939,1.050566978144673,1.050566978144673
93.0,0.093,0.001,0.499,13.310992606138095,46.75356257276478,0.23232064768573052,0.8160036039319363,2.9081728284520483,-2.668682804310238,2.9081728284520483,-2.668682804310238,2.9081728284520483,-2.668682804310238,-0.07339420123557437,1.1425006963803452,-3.329228289188246,3.349067996708941,-3.329228289188246,3.349067996708941,0.0,0.0,0.0,0.0,0.0,0.0,0.9644297979699684,0.9644297979699684,0.9644297979699684,0.9742175614061181,0.9742175614061181,1.063221047075667,1.063221047075667
94.0,0.094,0.001,0.499,13.479146830128432,46.599492688048876,0.23525549254549794,0.8133145771654757,2.934844859767417,-2.6890267664605916,2.934844859767417,-2.6890267664605916,2.934844859767417,-2.6890267664605916,-0.07675675185674526,1.1458642464950974,-3.362550621170884,3.3635501147521323,-3.362550621170884,3.3635501147521323,0.0,0.0,0.0,0.0,0.0,0.0,0.9742751529753173,0.9742751529753173,0.9742751529753173,0.98404122835002,0.98404122835002,1.0759090917911154,1.0759090917911154
95.0,0.095,0.001,0.499,13.648824605530551,46.44426143368106,0.23821692839372435,0.8106052806747566,2.9614358482264294,-2.7092964907191175,2.9614358482264294,-2.7092964907191175,2.9614358482264294,-2.7092964907191175,-0.08015256996447487,1.149241635316968,-3.3958181077296183,3.3773888218706904,-3.3958181077296183,3.3773888218706904,0.0,0.0,0.0,0.0,0.0,0.0,0.9841005901655413,0.9841005901655413,0.9841005901655413,0.9938448045369824,0.9938448045369824,1.0886312046131092,1.0886312046131092
96.0,0.096,0.001,0.499,13.820021273613776,46.28787305702193,0.24120487392022052,0.8078757885902057,2.9879455264961634,-2.7294920845508304,2.9879455264961634,-2.7294920845508304,2.9879455264961634,-2.7294920845508304,-0.08358160049587057,1.1526322138957714,-3.429030531395708,3.39057857880331,-3.429030531395708,3.39057857880331,0.0,0.0,0.0,0.0,0.0,0.0,0.9939059420802214,0.9939059420802214,0.9939059420802214,1.0036281307786543,1.0036281307786543,1.1013874851982204,1.1013874851982204
97.0,0.097,0.001,0.499,13.992732159156917,46.13033180519747,0.24421924752698343,0.8051261750381553,3.014373606762905,-2.74961355205038,3.014373606762905,-2.74961355205038,3.014373606762905,-2.74961355205038,-0.0870437881621921,1.1560353277611735,-3.462187666321525,3.403113865402082,-3.462187666321525,3.403113865402082,0.0,0.0,0.0,0.0,0.0,0.0,1.003691048981988,1.003691048981988,1.003691048981988,1.0133910557321706,1.0133910557321706,1.1141780412800906,1.1141780412800906
98.0,0.098,0.001,0.499,14.16695256927707,45.971641930996036,0.24725996730775493,0.8023565142437646,3.0407197807715067,-2.76966079439072,3.0407197807715067,-2.76966079439072,3.0407197807715067,-2.76966079439072,-0.09053907743933579,1.159450316941094,-3.495289277143676,3.414989179920426,-3.495289277143676,3.414989179920426,0.0,0.0,0.0,0.0,0.0,0.0,1.0134557589946953,1.0134557589946953,1.0134557589946953,1.0231334360340378,1.0231334360340378,1.1270029894218732,1.1270029894218732
99.0,0.099,0.001,0.499,14.342677792260693,45.811807698739635,0.25032695102762037,0.7995668806334931,3.0669837198654317,-2.789633610271542,3.0669837198654317,-2.789633610271542,3.0669837198654317,-2.789633610271542,-0.09406741255715206,1.16287651597939,-3.5283351178162725,3.4261990382961023,-3.5283351178162725,3.4261990382961023,0.0,0.0,0.0,0.0,0.0,0.0,1.0231999282373194,1.0231999282373194,1.0231999282373194,1.032855136432715,1.0328551364327148,1.1398624557781492,1.1398624557781492
100.0,0.1,0.001,0.499,14.519903096397048,45.65083339012947,0.2534201161026481,0.7967573489371244,3.0931650750277293,-2.809531696368758,3.0931650750277293,-2.809531696368758,3.0931650750277293,-2.809531696368758,-0.09762873748756647,1.1663132539528207,-3.561324930414405,3.4367379734308465,-3.561324930414405,3.4367379734308465,0.0,0.0,0.0,0.0,0.0,0.0,1.0329234209534617,1.0329234209534617,1.0329234209534617,1.0425560299198227,1.0425560299198227,1.1527565768659107,1.1527565768659107
101.0,0.101,0.001,0.499,14.69862372881405,45.488723310065595,0.2565393795795713,0.793927994289338,3.119263476923207,-2.829354647786308,3.119263476923207,-2.829354647786308,3.119263476923207,-2.829354647786308,-0.10122299593147434,1.169759854487289,-3.5942584439078678,3.446600534468201,-3.5942584439078678,3.446600534468201,0.0,0.0,0.0,0.0,0.0,0.0,1.0426261096468379,1.0426261096468379,1.0426261096468377,1.0522359978599047,1.0522359978599047,1.1656855003442104,1.1656855003442104
102.0,0.10200000000000001,0.001,0.499,14.878834914316617,45.32548179244042,0.25968465811551333,0.7910788923308264,3.145278535942053,-2.8491019585116075,3.145278535942053,-2.8491019585116075,3.145278535942053,-2.8491019585116075,-0.10485013130437955,1.17321563577336,-3.6271353729052134,3.455781286071135,-3.6271353729052134,3.455781286071135,0.0,0.0,0.0,0.0,0.0,0.0,1.0523078752086545,1.0523078752086545,1.0523078752086543,1.0618949301186524,1.0618949301186524,1.1786493858020322,1.1786493858020322
103.0,0.10300000000000001,0.001,0.499,15.060531854227612,45.161113205905934,0.2628558679577585,0.7882101193089505,3.1712098422451813,-2.868773021875947,3.1712098422451813,-2.868773021875947,3.1712098422451813,-2.868773021875947,-0.10851008672074777,1.1766799105810613,-3.6599554163682284,3.4642748077010745,-3.6599554163682284,3.4642748077010745,0.0,0.0,0.0,0.0,0.0,0.0,1.0619686070463412,1.0619686070463412,1.0619686070463414,1.071532725189488,1.071532725189488,1.1916484055539447,1.1916484055539447
104.0,0.10400000000000001,0.001,0.499,15.243709725231517,44.99562195961411,0.2660529249235701,0.7853217521779293,3.197056965811554,-2.8883671310211807,3.197056965811554,-2.8883671310211807,3.197056965811554,-2.8883671310211807,-0.1122028049770447,1.1801519862739611,-3.692718256296931,3.4720756928999714,-3.692718256296931,3.4720756928999714,0.0,0.0,0.0,0.0,0.0,0.0,1.071608203209662,1.071608203209662,1.071608203209662,1.0811492903184086,1.0811492903184086,1.2046827454430675,1.2046827454430675
105.0,0.105,0.001,0.499,15.428363678220911,44.82901250893016,0.26927574438005786,0.7824138686985552,3.2228194564877684,-2.907883479374056,3.2228194564877684,-2.907883479374056,3.2228194564877684,-2.907883479374056,-0.11592822853342992,1.1836311648225382,-3.725423556385218,3.4791785485770697,-3.725423556385218,3.4791785485770697,0.0,0.0,0.0,0.0,0.0,0.0,1.0812265705163393,1.0812265705163393,1.0812265705163393,1.0907445416269583,1.090744541626958,1.2177526056508639,1.2177526056508639
106.0,0.106,0.001,0.499,15.61448883714598,44.6612893611181,0.272524241224098,0.7794865475374256,3.2484968440401722,-2.9273211611295475,3.2484968440401722,-2.9273211611295475,3.2484968440401722,-2.9273211611295475,-0.11968629949407722,1.18711674281684,-3.7580709606472986,3.4855779943020275,-3.7580709606472986,3.4855779943020275,0.0,0.0,0.0,0.0,0.0,0.0,1.090823624674669,1.090823624674669,1.090823624674669,1.1003184042332121,1.1003184042332121,1.2308582015132585,1.2308582015132585
107.0,0.107,0.001,0.499,15.802080297867139,44.49245708099803,0.27579832986230784,0.776539868365681,3.274088638209799,-2.946679171744585,3.274088638209799,-2.946679171744585,3.274088638209799,-2.946679171744585,-0.12347695958609228,1.190608011478446,-3.7906600920150675,3.491268661606072,-3.7906600920150675,3.491268661606072,0.0,0.0,0.0,0.0,0.0,0.0,1.1003992904040567,1.1003992904040567,1.1003992904040567,1.109870812370623,1.109870812370623,1.2439997643425469,1.2439997643425469
108.0,0.108,0.001,0.499,15.991133127010984,44.32252029657443,0.27909792419107826,0.7735739119572375,3.2995943287704006,-2.9659564084435743,3.2995943287704006,-2.9659564084435743,3.2995943287704006,-2.9659564084435743,-0.12730015013699889,1.194104256671739,-3.823190550906596,3.496245193292863,-3.823190550906596,3.496245193292863,0.0,0.0,0.0,0.0,0.0,0.0,1.109953501554715,1.109953501554715,1.109953501554715,1.1194017095045785,1.1194017095045785,1.2571775422545535,1.2571775422545535
109.0,0.109,0.001,0.499,16.18164236082979,44.15148370463477,0.28242293757666814,0.7705887602865004,3.3250133855898727,-2.985151670737132,3.3250133855898727,-2.985151670737132,3.3250133855898727,-2.985151670737132,-0.13115581205076482,1.1976047589144998,-3.8556619137659323,3.5005022427607586,-3.8556619137659323,3.5005022427607586,0.0,0.0,0.0,0.0,0.0,0.0,1.1194862012229148,1.1194862012229148,1.1194862012229148,1.1289110484465172,1.1289110484465172,1.2703918010004651,1.2703918010004651
110.0,0.11,0.001,0.499,16.3736030040647,43.9793520763175,0.2857732828353635,0.7675844966255448,3.3503452586953704,-3.0042636609554685,3.3503452586953704,-3.0042636609554685,3.3503452586953704,-3.0042636609554685,-0.13504388578233922,1.201108793387838,-3.8880737315744143,3.504034473338159,-3.8880737315744143,3.504034473338159,0.0,0.0,0.0,0.0,0.0,0.0,1.1289973418659736,1.1289973418659736,1.1289973418659736,1.138398791465421,1.1383987914654212,1.2836428248027367,1.2836428248027367
111.0,0.111,0.001,0.499,16.567010028812913,43.80613026264863,0.28914887221370594,0.7645612056407469,3.375589378342411,-3.0232909847978764,3.375589378342411,-3.0232909847978764,3.375589378342411,-3.0232909847978764,-0.13896431131067297,1.2046156299454716,-3.9204255283337344,3.506836557633619,-3.9204255283337344,3.506836557633619,0.0,0.0,0.0,0.0,0.0,0.0,1.1384868854129835,1.1384868854129835,1.1384868854129835,1.147864910396503,1.147864910396503,1.2969309171944576,1.2969309171944576
112.0,0.112,0.001,0.499,16.761858373399033,43.631823200045766,0.2925496173687942,0.7615189734888471,3.4007451550882712,-3.0422321518997975,3.4007451550882712,-3.0422321518997975,3.4007451550882712,-3.0422321518997975,-0.14291702811019397,1.208124533122374,-3.952716799520997,3.5089031769024017,-3.952716799520997,3.5089031769024017,0.0,0.0,0.0,0.0,0.0,0.0,1.1479548033740559,1.1479548033740559,1.1479548033740556,1.1573093867468993,1.1573093867468993,1.3102564018615186,1.3102564018615186
113.0,0.113,0.001,0.499,16.95814294125094,43.45643591578859,0.2959754293486642,0.7584578879124282,3.425811979869995,-3.0610855764189506,3.425811979869995,-3.0610855764189506,3.425811979869995,-3.0610855764189506,-0.14690197512071002,1.2116347621428052,-3.984947010516042,3.51022902043115,-3.984947010516042,3.51022902043115,0.0,0.0,0.0,0.0,0.0,0.0,1.1574010769443839,1.1574010769443839,1.1574010769443839,1.166732211798154,1.1667322117981538,1.3236196234869084,1.3236196234869084
114.0,0.114,0.001,0.499,17.155858599780366,43.27997353345455,0.29942621857275153,0.7553780383347861,3.4507892240873206,-3.079849577642035,3.4507892240873206,-3.079849577642035,3.4507892240873206,-3.079849577642035,-0.15091909071571133,1.2151455709277474,-4.017115595001322,3.510808784942326,-4.017115595001322,3.510808784942326,0.0,0.0,0.0,0.0,0.0,0.0,1.1668256971093913,1.1668256971093913,1.1668256971093913,1.176133386705287,1.1761333867052868,1.3370209485964348,1.3370209485964348
115.0,0.115,0.001,0.499,17.355000179268554,43.10244127831857,0.3029018948124424,0.7522795159541726,3.475676239690858,-3.098522380613525,3.475676239690858,-3.098522380613525,3.475676239690858,-3.098522380613525,-0.15496831266904598,1.2186562081017676,-4.049221953334652,3.510637174020073,-4.049221953334652,3.510637174020073,0.0,0.0,0.0,0.0,0.0,0.0,1.176228664739523,1.176228664739523,1.176228664739523,1.185512922592211,1.1855129225922112,1.3504607664051245,1.3504607664051245
116.0,0.116,0.001,0.499,17.55556247175726,42.92384448271532,0.3064023671717182,0.7491624138373846,3.5004723592758356,-3.1171021167880992,3.5004723592758356,-3.1171021167880992,3.5004723592758356,-3.1171021167880992,-0.15904957811994114,1.2221659169993266,-4.0812654508951525,3.509708897559113,-4.0812654508951525,3.509708897559113,0.0,0.0,0.0,0.0,0.0,0.0,1.185609990689126,1.185609990689126,1.185609990689126,1.194870840643263,1.1948708406432633,1.3639394896635402,1.3639394896635402
117.0,0.117,0.001,0.499,17.7575402299455,42.74418859136271,0.30992754406789996,0.7460268270126763,3.525176896181757,-3.135586824708251,3.525176896181757,-3.135586824708251,3.525176896181757,-3.135586824708251,-0.1631628235363439,1.225673935670565,-4.1132454164027585,3.5080186712382986,-4.1132454164027585,3.5080186712382986,0.0,0.0,0.0,0.0,0.0,0.0,1.1949696958855633,1.1949696958855633,1.1949696958855633,1.204207172190601,1.2042071721906007,1.3774575555032122,1.3774575555032122
118.0,0.11800000000000001,0.001,0.499,17.960928166092337,42.56347916664501,0.31347733321249827,0.7428728525619677,3.549789144598296,-3.153974450708657,3.549789144598296,-3.153974450708657,3.549789144598296,-3.153974450708657,-0.16730798467655558,1.2291794968865855,-4.145161140211673,3.5055612160203915,-4.145161140211673,3.5055612160203915,0.0,0.0,0.0,0.0,0.0,0.0,1.2043078114169699,1.2043078114169699,1.2043078114169696,1.2135219587972024,1.2135219587972024,1.3910154262803454,1.3910154262803454
119.0,0.11900000000000001,0.001,0.499,18.16572095092612,42.381721893853985,0.317051641592176,0.7397005897123188,3.574308379677783,-3.172262849648877,3.574308379677783,-3.172262849648877,3.574308379677783,-3.172262849648877,-0.17148499654913374,1.232681828144265,-4.177011872578167,3.5023312576796286,-4.177011872578167,3.5023312576796286,0.0,0.0,0.0,0.0,0.0,0.0,1.2136243786157195,1.2136243786157195,1.2136243786157195,1.2228152523351965,1.2228152523351965,1.4046135904169246,1.4046135904169246
120.0,0.12,0.001,0.499,18.371913212560564,42.19892258638634,0.32065037544983066,0.7365101399266428,3.598733857654618,-3.190449785675984,3.598733857654618,-3.190449785675984,3.598733857654618,-3.190449785675984,-0.1756937933710369,1.2361801516706237,-4.208796821903167,3.498323526358594,-4.208796821903167,3.498323526358594,0.0,0.0,0.0,0.0,0.0,0.0,1.2229194491341928,1.2229194491341928,1.2229194491341928,1.232087115059253,1.232087115059253,1.4182525632383258,1.4182525632383258
121.0,0.121,0.001,0.499,18.579499535418098,42.015087190895635,0.3242734402658026,0.7333016069936241,3.623064815971974,-3.208532933018727,3.623064815971974,-3.208532933018727,3.623064815971974,-3.208532933018727,-0.179934308523987,1.2396736844267795,-4.240515152950089,3.4935327561558926,-4.240515152950089,3.4935327561558926,0.0,0.0,0.0,0.0,0.0,0.0,1.2321930850206373,1.2321930850206373,1.2321930850206373,1.2413376196747232,1.2413376196747232,1.4319328878064626,1.4319328878064626
122.0,0.122,0.001,0.499,18.788474459160913,41.83022179239687,0.3279207407392188,0.7300750971168093,3.6473004734161343,-3.226509876814842,3.6473004734161343,-3.226509876814842,3.6473004734161343,-3.226509876814842,-0.18420647450902541,1.2431616381115256,-4.272165985038411,3.487953684746079,-4.272165985038411,3.487953684746079,0.0,0.0,0.0,0.0,0.0,0.0,1.2414453587847223,1.2414453587847223,1.2414453587847223,1.2505668494002478,1.2505668494002478,1.4456551357475,1.4456551357475
123.0,0.123,0.001,0.499,18.998832477630124,41.644332619321595,0.3315921807694776,0.7268307190028361,3.671440030258837,-3.2443781139731342,3.671440030258837,-3.2443781139731342,3.671440030258837,-3.2443781139731342,-0.1885102228992389,1.246643219164559,-4.3037483902135,3.4815810530332527,-4.3037483902135,3.4815810530332527,0.0,0.0,0.0,0.0,0.0,0.0,1.250676353460802,1.250676353460802,1.2506763534608023,1.259774898024508,1.259774898024508,1.459419908073099,1.459419908073099
124.0,0.124,0.001,0.499,19.210568037793646,41.45742604852159,0.3352876634378856,0.7235685839487642,3.695482668407974,-3.2621350540719627,3.695482668407974,-3.2621350540719627,3.695482668407974,-3.2621350540719627,-0.19284548429063217,1.2501176287693987,-4.335261391393253,3.4744096048396984,-4.335261391393253,3.4744096048396984,0.0,0.0,0.0,0.0,0.0,0.0,1.2598861626634006,1.2598861626634006,1.2598861626634006,1.268961869956805,1.268961869956805,1.4732278359941213,1.4732278359941213
125.0,0.125,0.001,0.499,19.42367553870311,41.26950861021887,0.3390070909894526,0.7202888059284684,3.7194275515670285,-3.2797780202957605,3.7194275515670285,-3.2797780202957605,3.7194275515670285,-3.2797780202957605,-0.1972121882511243,1.2535840628560295,-4.36670396049212,3.4664340866308905,-4.36670396049212,3.4664340866308905,0.0,0.0,0.0,0.0,0.0,0.0,1.2690748906394558,1.2690748906394558,1.2690748906394558,1.278127880271138,1.2781278802711382,1.487079581725691,1.487079581725691
126.0,0.126,0.001,0.499,19.638149330460532,41.08058699289976,0.3427503648148562,0.7169915016780573,3.7432738254036053,-3.297304250411229,3.7432738254036053,-3.297304250411229,3.7432738254036053,-3.297304250411229,-0.20161026326764744,1.2570417121033077,-4.398075016523146,3.457649247278142,-4.398075016523146,3.457649247278142,0.0,0.0,0.0,0.0,0.0,0.0,1.27824265230799,1.27824265230799,1.27824265230799,1.287273054743438,1.2872730547434377,1.5009758392824455,1.5009758392824455
127.0,0.127,0.001,0.499,19.853983713195078,40.890668048150665,0.34651738543258365,0.7136767907802724,3.767020617727435,-3.314710897784846,3.767020617727435,-3.314710897784846,3.767020617727435,-3.314710897784846,-0.2060396366913261,1.260489761941168,-4.4293734236786655,3.4480498378601223,-4.4293734236786655,3.4480498378601223,0.0,0.0,0.0,0.0,0.0,0.0,1.2873895733014342,1.2873895733014342,1.2873895733014342,1.2963975298816153,1.2963975298816153,1.5149173352627832,1.5149173352627832
128.0,0.128,0.001,0.499,20.07117293605069,40.69975879543311,0.35030805247126184,0.710344795747829,3.7906670386782215,-3.3319950324433205,3.7906670386782215,-3.3319950324433205,3.7906670386782215,-3.3319950324433205,-0.21050023468071646,1.2639273925526724,-4.460597989390346,3.437630611504412,-4.460597989390346,3.437630611504412,0.0,0.0,0.0,0.0,0.0,0.0,1.2965157899911037,1.2965157899911037,1.296515789991104,1.305501452948064,1.305501452948064,1.528904829620858,1.528904829620858
129.0,0.129,0.001,0.499,20.28971119618501,40.50786642679541,0.35412226465218555,0.7069956421056505,3.8142121809237097,-3.3491536421786345,3.8142121809237097,-3.3491536421786345,3.8142121809237097,-3.3491536421786345,-0.21499198214308576,1.2673537788759426,-4.491747462369301,3.426386323270205,-4.491747462369301,3.426386323270205,0.0,0.0,0.0,0.0,0.0,0.0,1.3056214495115306,1.3056214495115306,1.3056214495115306,1.3145849819742605,1.3145849819742603,1.5429391164250283,1.5429391164250283
130.0,0.13,0.001,0.499,20.509592637780237,40.31499831151843,0.3579599197720539,0.7036294584719511,3.837655119868348,-3.3661836336992925,3.837655119868348,-3.3661836336992925,3.837655119868348,-3.3661836336992925,-0.21951480267371282,1.2707680906060157,-4.5228205306270475,3.4143117300732073,-4.5228205306270475,3.4143117300732073,0.0,0.0,0.0,0.0,0.0,0.0,1.314706709774945,1.314706709774945,1.314706709774945,1.323648285767092,1.323648285767092,1.5570210246014156,1.5570210246014156
131.0,0.131,0.001,0.499,20.73081135106663,40.12116200069262,0.3618209146859268,0.7002463766381217,3.86099491387292,-3.3830818338293978,3.86099491387292,-3.3830818338293978,3.86099491387292,-3.3830818338293978,-0.2240686184931909,1.2741694921966693,-4.553815819478093,3.401401590653714,-4.553815819478093,3.401401590653714,0.0,0.0,0.0,0.0,0.0,0.0,1.323771739473112,1.323771739473112,1.323771739473112,1.3326915439065325,1.3326915439065328,1.571151418661194,1.571151418661194
132.0,0.132,0.001,0.499,20.9533613713592,39.926365231723544,0.3657051452904123,0.6968465316473645,3.884230604485522,-3.3998449907571597,3.884230604485522,-3.3998449907571597,3.884230604485522,-3.3998449907571597,-0.22865335038271592,1.277557142862258,-4.5847318895250195,3.3876506655887826,-4.5847318895250195,3.3876506655887826,0.0,0.0,0.0,0.0,0.0,0.0,1.3328167180795285,1.3328167180795285,1.3328167180795285,1.3417149467342953,1.3417149467342953,1.5853311994101627,1.5853311994101627
133.0,0.133,0.001,0.499,21.17723667810831,39.73061593276287,0.3696125065070966,0.6934300618720302,3.907361216684261,-3.416469775334424,3.907361216684261,-3.416469775334424,3.907361216684261,-3.416469775334424,-0.23326891761734286,1.2809301965796074,-4.615567234626944,3.373053717349347,-4.615567234626944,3.373053717349347,0.0,0.0,0.0,0.0,0.0,0.0,1.341841835833894,1.341841835833894,1.341841835833894,1.350718695333071,1.350718695333071,1.5995613046391226,1.5995613046391226
134.0,0.134,0.001,0.499,21.402431193964897,39.53392222706201,0.3735428922662286,0.6899971090896013,3.9303857591320366,-3.432952782428789,3.9303857591320366,-3.432952782428789,3.9303857591320366,-3.432952782428789,-0.23791523789719515,1.2842878020900104,-4.646320279852289,3.3576055104030376,-4.646320279852289,3.3576055104030376,0.0,0.0,0.0,0.0,0.0,0.0,1.350847293721662,1.350847293721662,1.350847293721662,1.3597030014959688,1.359703001495969,1.613842709793521,1.613842709793521
135.0,0.135,0.001,0.499,21.62893878386099,39.33629243724507,0.3774961954906724,0.6865478185572714,3.953303224443789,-3.4492905323298655,3.953303224443789,-3.4492905323298655,3.953303224443789,-3.4492905323298655,-0.242592227276612,1.2876291029013738,-4.6769893794168516,3.341300811363405,-4.6769893794168516,3.341300811363405,0.0,0.0,0.0,0.0,0.0,0.0,1.3598333034426286,1.3598333034426286,1.3598333034426286,1.368668087685763,1.368668087685763,1.628176428620782,1.628176428620782
136.0,0.136,0.001,0.499,21.856753254106255,39.13773508949814,0.381472308080139,0.6830823390850602,3.976112589466562,-3.4654794722111903,3.976112589466562,-3.4654794722111903,3.976112589466562,-3.4654794722111903,-0.2472998000912202,1.2909532372905599,-4.707572814608201,3.324134389186156,-4.707572814608201,3.324134389186156,0.0,0.0,0.0,0.0,0.0,0.0,1.3688000873695791,1.3688000873695791,1.3688000873695791,1.377614186983558,1.377614186983558,1.6425635137936896,1.6425635137936896
137.0,0.137,0.001,0.499,22.0858683515014,38.938258917671476,0.3854711208957117,0.6796008231074109,3.9988128155727503,-3.481515977649294,3.9988128155727503,-3.481515977649294,3.9988128155727503,-3.481515977649294,-0.2520378688829177,1.2942593383059728,-4.738068791697482,3.306101015412932,-4.738068791697482,3.306101015412932,0.0,0.0,0.0,0.0,0.0,0.0,1.3777478784965964,1.3777478784965964,1.3777478784965964,1.386541543026477,1.386541543026477,1.65700505750814,1.65700505750814
138.0,0.138,0.001,0.499,22.31627776246909,38.7378728672913,0.38949252374467863,0.6761034267532096,4.021402848966881,-3.4973963542013715,4.021402848966881,-3.4973963542013715,4.021402848966881,-3.4973963542013715,-0.25680634432275745,1.297546533770436,-4.768475439839754,3.2871954644630663,-4.768475439839754,3.2871954644630663,0.0,0.0,0.0,0.0,0.0,0.0,1.3866769203742915,1.3866769203742915,1.3866769203742915,1.395450409933971,1.395450409933971,1.6715021920535442,1.6715021920535442
139.0,0.139,0.001,0.499,22.547975112203268,38.536586099477795,0.3935364053656849,0.6725903099141666,4.043881621006275,-3.5131168390429797,4.043881621006275,-3.5131168390429797,4.043881621006275,-3.5131168390429797,-0.2616051351317215,1.3008139462844097,-4.798790808964061,3.2674125139736754,-4.798790808964061,3.2674125139736754,0.0,0.0,0.0,0.0,0.0,0.0,1.39558746703757,1.39558746703757,1.39558746703757,1.4043410522223787,1.4043410522223787,1.686056090354095,1.686056090354095
140.0,0.14,0.001,0.499,22.780953963837685,38.33440799476574,0.39760265341422085,0.6690616363114994,4.066248048535926,-3.5286736026671304,4.066248048535926,-3.5286736026671304,4.066248048535926,-3.5286736026671304,-0.266434147999376,1.3040606932295982,-4.82901286765446,3.246746945188341,-4.82901286765446,3.246746945188341,0.0,0.0,0.0,0.0,0.0,0.0,1.4044797829170963,1.4044797829170963,1.4044797829170963,1.4132137447073168,1.4132137447073168,1.7006679664790811,1.7006679664790811
141.0,0.14100000000000001,0.001,0.499,23.01520781763439,38.131348156824195,0.40169115444845876,0.6655175735608533,4.088501034237932,-3.5440627506461118,4.088501034237932,-3.5440627506461118,4.088501034237932,-3.5440627506461118,-0.27129328750039927,1.3072858867729926,-4.859139501023311,3.22519354339454,-4.859139501023311,3.22519354339454,0.0,0.0,0.0,0.0,0.0,0.0,1.413354142742408,1.413354142742408,1.413354142742408,1.4220687723935364,1.4220687723935364,1.7153390761203815,1.7153390761203815
142.0,0.14200000000000002,0.001,0.499,23.250730110193157,37.927416416071544,0.40580179391545457,0.661958293235396,4.110639466995784,-3.5592803254573075,4.110639466995784,-3.5592803254573075,4.110639466995784,-3.5592803254573075,-0.27618245600897745,1.3104886338714026,-4.889168508578186,3.2027470984098922,-4.889168508578186,3.2027470984098922,0.0,0.0,0.0,0.0,0.0,0.0,1.4222108314306938,1.4222108314306938,1.4222108314306938,1.430906430351858,1.430906430351858,1.7300707170352316,1.7300707170352316
143.0,0.14300000000000002,0.001,0.499,23.4875142136826,37.72262283318224,0.4099344561377284,0.6583839709270218,4.132662222273835,-3.5743223083742324,4.132662222273835,-3.5743223083742324,4.132662222273835,-3.5743223083742324,-0.28110155361106126,1.3136680362765198,-4.919097602083804,3.179402405117172,-4.919097602083804,3.179402405117172,0.0,0.0,0.0,0.0,0.0,0.0,1.4310501439605023,1.4310501439605023,1.4310501439605023,1.439727023582799,1.4397270235827992,1.7448642294523053,1.7448642294523053
144.0,0.14400000000000002,0.001,0.499,23.725553435093975,37.51697770248139,0.41408902430024064,0.6547947863055978,4.154568162512233,-3.5891846214239367,4.154568162512233,-3.5891846214239367,4.154568162512233,-3.5891846214239367,-0.28605047801448175,1.3168231905405678,-4.9489244034204605,3.155154264047952,-4.9489244034204605,3.155154264047952,0.0,0.0,0.0,0.0,0.0,0.0,1.4398723852393607,1.4398723852393607,1.4398723852393607,1.4485308668665504,1.4485308668665504,1.7597209964391178,1.7597209964391178
145.0,0.145,0.001,0.499,23.964841015518438,37.31049155522328,0.4182653804377782,0.651190923176186,4.176356137537602,-3.603863129411866,4.176356137537602,-3.603863129411866,4.176356137537602,-3.603863129411866,-0.29102912445692225,1.3199531880225825,-4.978646442440511,3.129997482014612,-4.978646442440511,3.129997482014612,0.0,0.0,0.0,0.0,0.0,0.0,1.4486778699464071,1.4486778699464071,1.4486778699464071,1.4573182845989063,1.457318284598906,1.774642444228732,1.774642444228732
146.0,0.146,0.001,0.499,24.20537012944882,37.10317516275002,0.42246340542276795,0.6475725695341707,4.1980249849897255,-3.6183536420151907,4.1980249849897255,-3.6183536420151907,4.1980249849897255,-3.6183536420151907,-0.29603738561174675,1.323057114895373,-5.0082611548244875,3.103926872790352,-5.0082611548244875,3.103926872790352,0.0,0.0,0.0,0.0,0.0,0.0,1.4574669223732972,1.4574669223732972,1.4574669223732972,1.4660896106128407,1.4660896106128407,1.7896300425036842,1.7896300425036842
147.0,0.147,0.001,0.499,24.44713388410674,36.89503953952623,0.42668297895353247,0.6439399176182252,4.219573530764497,-3.6326519159455324,4.219573530764497,-3.6326519159455324,4.219573530764497,-3.6326519159455324,-0.3010751514916853,1.3261340521532097,-5.037765879938521,3.076937257836724,-5.037765879938521,3.076937257836724,0.0,0.0,0.0,0.0,0.0,0.0,1.4662398762407658,1.4662398762407658,1.4662398762407658,1.4748451879853566,1.4748451879853566,1.8046853046350508,1.8046853046350508
148.0,0.148,0.001,0.499,24.69012531879606,36.6860959460458,0.4309239795430058,0.6402931639610433,4.241000589473346,-3.6467536571819408,4.241000589473346,-3.6467536571819408,4.241000589473346,-3.6467536571819408,-0.3061423093503801,1.3291830756202878,-5.067157858694811,3.0490234670780847,-5.067157858694811,3.0490234670780847,0.0,0.0,0.0,0.0,0.0,0.0,1.4749970745065866,1.4749970745065866,1.4749970745065866,1.4835853688293106,1.4835853688293106,1.8198097878745123,1.8198097878745123
149.0,0.149,0.001,0.499,24.934337404283596,36.47635589160668,0.4351862845079252,0.6366325094377684,4.262304964919366,-3.660654523274878,4.262304964919366,-3.660654523274878,4.262304964919366,-3.660654523274878,-0.31123874358179704,1.33220325596001,-5.096434231416928,3.020180339722246,-5.096434231416928,3.020180339722246,0.0,0.0,0.0,0.0,0.0,0.0,1.4837388691541287,1.4837388691541287,1.4837388691541287,1.4923105140698953,1.4923105140698953,1.8350050934972741,1.8350050934972741
150.0,0.15,0.001,0.499,25.179763042208112,36.26583113694946,0.4394697699585155,0.6329581593120466,4.28348545059031,-3.6743501257218694,4.28348545059031,-3.6743501257218694,4.28348545059031,-3.6743501257218694,-0.3163643356175089,1.3351936586851365,-5.125592035711835,2.990402725126481,-5.125592035711835,2.990402725126481,0.0,0.0,0.0,0.0,0.0,0.0,1.4924656209720162,1.4924656209720162,1.492465620972016,1.5010209932054892,1.5010209932054892,1.8502728668936617,1.8502728668936617
151.0,0.151,0.001,0.499,25.426395064518516,36.05453369675578,0.4437743107886841,0.6292703232796312,4.304540830168639,-3.687836032415381,4.304540830168639,-3.687836032415381,4.304540830168639,-3.687836032415381,-0.32151896382185946,1.3381533441688445,-5.154628204350562,2.9596854837079074,-5.154628204350562,2.9596854837079074,0.0,0.0,0.0,0.0,0.0,0.0,1.5011776993089796,1.5011776993089796,1.5011776993089798,1.509717184052602,1.509717184052602,1.8656147976072015,1.8656147976072015
152.0,0.152,0.001,0.499,25.67422623294225,35.842475842002344,0.4480997806667429,0.6255692155094678,4.325469878058751,-3.7011077701633774,4.325469878058751,-3.7011077701633774,4.325469878058751,-3.7011077701633774,-0.326702503385019,1.3410813676567417,-5.1835395631595365,2.928023487897156,-5.1835395631595365,2.928023487897156,0.0,0.0,0.0,0.0,0.0,0.0,1.5098754818209958,1.5098754818209958,1.5098754818209958,1.5183994724746703,1.5183994724746703,1.8810326193169848,1.8810326193169848
153.0,0.153,0.001,0.499,25.923249238484907,35.629670102166216,0.4524460520266744,0.6218550546821848,4.346271359931501,-3.7141608272828903,4.346271359931501,-3.7141608272828903,4.346271359931501,-3.7141608272828903,-0.3319148262139437,1.3439767792798758,-5.2123228289246715,2.8954116231340796,-5.2123228289246715,2.8954116231340796,0.0,0.0,0.0,0.0,0.0,0.0,1.5185593541985365,1.5185593541985365,1.5185593541985365,1.5270682520944663,1.5270682520944663,1.8965281097620876,1.8965281097620876
154.0,0.154,0.001,0.499,26.17345670096204,35.416129267277434,0.45681299605996045,0.618128064025918,4.366944033286106,-3.726990656266819,4.366944033286106,-3.726990656266819,4.366944033286106,-3.726990656266819,-0.33715580082125407,1.34683862406878,-5.240974607310356,2.8618447889041385,-5.240974607310356,2.8618447889041385,0.0,0.0,0.0,0.0,0.0,0.0,1.527229709876662,1.527229709876662,1.527229709876662,1.5357239239899199,1.5357239239899199,1.9121030906058434,1.9121030906058434
155.0,0.155,0.001,0.499,26.424841168564125,35.201866389814576,0.4612004827079899,0.614388471349394,4.387486648029479,-3.739592676524049,4.387486648029479,-3.739592676524049,4.387486648029479,-3.739592676524049,-0.34242529221204965,1.349665941968594,-5.2694913907955865,2.8273178998139508,-5.2694913907955865,2.8273178998139508,0.0,0.0,0.0,0.0,0.0,0.0,1.535886949732443,1.535886949732443,1.5358869497324432,1.5443668963731754,1.5443668963731754,1.9277594272377456,1.9277594272377456
156.0,0.156,0.001,0.499,26.67739511745579,34.98689478643913,0.46560838065506294,0.6106365090722011,4.407897947073038,-3.7519622771928463,4.407897947073038,-3.7519622771928463,4.407897947073038,-3.7519622771928463,-0.3477231617686792,1.3524577678552983,-5.2978695566295375,2.7918258867043564,-5.2978695566295375,2.7918258867043564,0.0,0.0,0.0,0.0,0.0,0.0,1.5445314817592581,1.5445314817592581,1.5445314817592581,1.5529975842527253,1.5529975842527253,1.943499028510773,1.943499028510773
157.0,0.157,0.001,0.499,26.931110951410158,34.771228039564505,0.4700365573220099,0.6068724142521738,4.428176666946954,-3.764094820027347,4.428176666946954,-3.764094820027347,4.428176666946954,-3.764094820027347,-0.35304926713348816,1.3552131315530975,-5.326105364808963,2.7553636977992033,-5.326105364808963,2.7553636977992033,0.0,0.0,0.0,0.0,0.0,0.0,1.5531637207322508,1.5531637207322508,1.5531637207322508,1.5616164090785118,1.5616164090785118,1.9593238464119396,1.9593238464119396
158.0,0.158,0.001,0.499,27.185981001479444,34.55487999875547,0.4744848788604417,0.6030964286098169,4.448321538431819,-3.775985642356812,4.448321538431819,-3.775985642356812,4.448321538431819,-3.775985642356812,-0.358403462089568,1.3579310578529855,-5.354194956079875,2.7179262998879117,-5.354194956079875,2.7179262998879117,0.0,0.0,0.0,0.0,0.0,0.0,1.5617840878487206,1.5617840878487206,1.5617840878487206,1.5702237983698848,1.5702237983698848,1.9752358756639092,1.9752358756639092
159.0,0.159,0.001,0.499,27.4419975257027,34.33786478195387,0.47895321014764936,0.5993087985496998,4.468331287207652,-3.787630060117176,4.468331287207652,-3.787630060117176,4.468331287207652,-3.787630060117176,-0.36378559643953406,1.3606105665325252,-5.382134349966044,2.679508679539725,-5.382134349966044,2.679508679539725,0.0,0.0,0.0,0.0,0.0,0.0,1.5703930103574246,1.5703930103574246,1.5703930103574246,1.5788201853263857,1.5788201853263855,1.991237153255512,1.991237153255512
160.0,0.16,0.001,0.499,27.69915270885176,34.120196776526626,0.48344141478216945,0.5955097751787455,4.488204634520122,-3.7990233709542527,4.488204634520122,-3.7990233709542527,4.488204634520122,-3.7990233709542527,-0.369195515882361,1.3632506723768727,-5.40991944282691,2.64010584434741,-5.40991944282691,2.64010584434741,0.0,0.0,0.0,0.0,0.0,0.0,1.5789909211683102,1.5789909211683102,1.5789909211683104,1.587406008421307,1.587406008421307,2.0073297578990656,2.0073297578990656
161.0,0.161,0.001,0.499,27.957438662216305,33.90189064013178,0.4879493550800333,0.5916996143213477,4.507940297863846,-3.810160857397804,4.507940297863846,-3.810160857397804,4.507940297863846,-3.810160857397804,-0.3746330618883086,1.3658503852010706,-5.43754600594761,2.5997128241980003,-5.43754600594761,2.5997128241980003,0.0,0.0,0.0,0.0,0.0,0.0,1.587578258443667,1.587578258443667,1.587578258443667,1.5959817109780647,1.5959817109780647,2.0235158094124244,2.0235158094124244
162.0,0.162,0.001,0.499,28.216847423429073,33.68296130139874,0.49247689207171585,0.5878785765312421,4.527536991682561,-3.8210377901055166,4.527536991682561,-3.8210377901055166,4.527536991682561,-3.8210377901055166,-0.38009807157197245,1.3684087098736386,-5.465009683663866,2.5583246725680375,-5.465009683663866,2.5583246725680375,0.0,0.0,0.0,0.0,0.0,0.0,1.596155465176011,1.596155465176011,1.596155465176011,1.6045477407294153,1.6045477407294153,2.0397974680237434,2.0397974680237434
163.0,0.163,0.001,0.499,28.47737095633212,33.463423960418666,0.4970238854998018,0.5840469271000663,4.546993428085946,-3.8316494311757463,4.546993428085946,-3.8316494311757463,4.546993428085946,-3.8316494311757463,-0.385590377563497,1.3709246463414793,-5.492305991524572,2.515936467840589,-5.492305991524572,2.515936467840589,0.0,0.0,0.0,0.0,0.0,0.0,1.604722988743887,1.604722988743887,1.604722988743887,1.613104549359623,1.613104549359623,2.056176933596988,2.056176933596988
164.0,0.164,0.001,0.499,28.739001150885095,33.24329408904124,0.5015901938173846,0.5802049360625386,4.566308317582807,-3.841991037527727,4.566308317582807,-3.841991037527727,4.566308317582807,-3.841991037527727,-0.391109807877992,1.3733971896561203,-5.519430314494981,2.4725433146411717,-5.519430314494981,2.4725433146411717,0.0,0.0,0.0,0.0,0.0,0.0,1.6132812804556758,1.6132812804556758,1.6132812804556758,1.6216525920297062,1.621652592029706,2.0726564447763067,2.0726564447763067
165.0,0.165,0.001,0.499,29.00172982311646,33.022587430973935,0.5061756741872149,0.5763528781981909,4.585480369830321,-3.8520578643477488,4.585480369830321,-3.8520578643477488,4.585480369830321,-3.8520578643477488,-0.3966561857831955,1.37582533000131,-5.5463779052034905,2.428140345189541,-5.5463779052034905,2.428140345189541,0.0,0.0,0.0,0.0,0.0,0.0,1.621830795072538,1.621830795072538,1.621830795072538,1.6301923268859357,1.6301923268859357,2.0892382780474352,2.0892382780474352
166.0,0.166,0.001,0.499,29.2655487151185,32.80132000168019,0.5107801824816138,0.5724910330295913,4.604508294398953,-3.8618451685996344,4.604508294398953,-3.8618451685996344,4.604508294398953,-3.8618451685996344,-0.40222932966543057,1.378208052721974,-5.573143882235058,2.3827227206641375,-5.573143882235058,2.3827227206641375,0.0,0.0,0.0,0.0,0.0,0.0,1.6303719903169482,1.6303719903169482,1.6303719903169482,1.6387242145518108,1.6387242145518108,2.105924746714406,2.105924746714406
167.0,0.167,0.001,0.499,29.530449495087076,32.579508088072835,0.5154035732831665,0.5686196848169937,4.623390801552664,-3.871348212597644,4.623390801552664,-3.871348212597644,4.623390801552664,-3.871348212597644,-0.407829052893905,1.38054433835455,-5.599723228474383,2.3362856325758217,-5.599723228474383,2.3362856325758217,0.0,0.0,0.0,0.0,0.0,0.0,1.6389053263646456,1.6389053263646456,1.6389053263646456,1.6472487176037702,1.64724871760377,2.122718199789911,2.122718199789911
168.0,0.168,0.001,0.499,29.7964237574069,32.357168247999354,0.5200456998862105,0.5647391225493539,4.642126603043924,-3.880562267639752,4.642126603043924,-3.880562267639752,4.642126603043924,-3.880562267639752,-0.413455163683407,1.3828331626586974,-5.626110789502045,2.28882430414735,-5.626110789502045,2.28882430414735,0.0,0.0,0.0,0.0,0.0,0.0,1.6474312653176026,1.6474312653176026,1.6474312653176026,1.6557663000309586,1.6557663000309586,2.139621020797783,2.139621020797783
169.0,0.169,0.001,0.499,30.063463022783182,32.13431730951571,0.5247064142991336,0.5608496399316548,4.660714412923048,-3.889482617699042,4.660714412923048,-3.889482617699042,4.660714412923048,-3.889482617699042,-0.41910746495545387,1.3850734966503924,-5.652301272046857,2.2403339916948806,-5.652301272046857,2.2403339916948806,0.0,0.0,0.0,0.0,0.0,0.0,1.6559502706659244,1.6559502706659244,1.6559502706659244,1.6642774266794083,1.6642774266794083,2.156635626486161,2.156635626486161
170.0,0.17,0.001,0.499,30.33155873842048,31.910972369945334,0.5293855672474949,0.5569515353684841,4.6791529483612875,-3.8981045631707683,4.6791529483612875,-3.8981045631707683,4.6791529483612875,-3.8981045631707683,-0.4247857541979516,1.3872643066363999,-5.6782892424977645,2.1908099860076184,-5.6782892424977645,2.1908099860076184,0.0,0.0,0.0,0.0,0.0,0.0,1.6644628067307756,1.6644628067307756,1.6644628067307756,1.6727825626810353,1.6727825626810355,2.173764465450033,2.173764465450033
171.0,0.171,0.001,0.499,30.600702278249397,31.687150794720566,0.5340830081779819,0.5530451119438117,4.697440930487082,-3.906423424672432,4.697440930487082,-3.906423424672432,4.697440930487082,-3.906423424672432,-0.4304898233234303,1.3894045542501214,-5.704069125478669,2.140247613721535,-5.704069125478669,2.140247613721535,0.0,0.0,0.0,0.0,0.0,0.0,1.6729693380922128,1.6729693380922128,1.6729693380922128,1.681282172867922,1.681282172867922,2.191010016661966,2.191010016661966
172.0,0.17200000000000001,0.001,0.499,30.870884943201954,31.462870216003335,0.5387985852632168,0.5491306773969177,4.7155770852348216,-3.914434546894011,4.7155770852348216,-3.914434546894011,4.7155770852348216,-3.914434546894011,-0.4362194585259199,1.3914931964888044,-5.729635202489634,2.0886422386829278,-5.729635202489634,2.0886422386829278,0.0,0.0,0.0,0.0,0.0,0.0,1.6814703290034243,1.6814703290034243,1.6814703290034243,1.689776721172381,1.689776721172381,2.2083747879099995,2.2083747879099995
173.0,0.17300000000000001,0.001,0.499,31.142097961536265,31.23814853108265,0.5435321454074222,0.5452085440944224,4.733560144205405,-3.922133302495292,4.733560144205405,-3.922133302495292,4.733560144205405,-3.922133302495292,-0.4419744401365379,1.3935291857521017,-5.754981610617971,2.0359892632973984,-5.754981610617971,2.0359892632973984,0.0,0.0,0.0,0.0,0.0,0.0,1.6899662427923778,1.6899662427923778,1.6899662427923778,1.6982666700133748,1.6982666700133748,2.2258613141417873,2.2258613141417873
174.0,0.17400000000000002,0.001,0.499,31.41433248921112,31.013003900546213,0.5482835342529601,0.5412790289983754,4.751388845537861,-3.9295150960470444,4.751388845537861,-3.9295150960470444,4.751388845537861,-3.9295150960470444,-0.4477545424778607,1.3955114698819613,-5.780102341322775,1.9822841298596552,-5.780102341322775,1.9822841298596552,0.0,0.0,0.0,0.0,0.0,0.0,1.698457541245349,1.698457541245349,1.698457541245349,1.7067524796698834,1.7067524796698836,2.2434721557142727,2.2434721557142727
175.0,0.17500000000000002,0.001,0.499,31.68757961031115,30.78745474622393,0.5530525961877513,0.5373424536303628,4.7690619347912175,-3.9365753680125666,4.7690619347912175,-3.9365753680125666,4.7690619347912175,-3.9365753680125666,-0.4535595337171572,1.3974389922038206,-5.804991239296504,1.9275223218593656,-5.804991239296504,1.9275223218593656,0.0,0.0,0.0,0.0,0.0,0.0,1.706944683981854,1.706944683981854,1.706944683981854,1.7152346076418972,1.715234607641897,2.2612098965483134,2.2612098965483134
176.0,0.176,0.001,0.499,31.961830337523008,30.561519748901212,0.557839174353587,0.5333991440315968,4.786578165835771,-3.943309598765942,4.786578165835771,-3.943309598765942,4.786578165835771,-3.943309598765942,-0.45938917571856447,1.3993106915690787,-5.8296420014072785,1.8716993652581013,-5.8296420014072785,1.8716993652581013,0.0,0.0,0.0,0.0,0.0,0.0,1.7154281278169898,1.7154281278169898,1.7154281278169896,1.72371350799974,1.72371350799974,2.2790771421878753,2.2790771421878753
177.0,0.177,0.001,0.499,32.23707561266313,30.335217845800123,0.5626431106553399,0.5294494307189537,4.803936301752857,-3.9497133126431394,4.803936301752857,-3.9497133126431394,4.803936301752857,-3.9497133126431394,-0.46524322389429007,1.401125502398811,-5.854048175725586,1.8148108297322407,-5.854048175725586,1.8148108297322407,0.0,0.0,0.0,0.0,0.0,0.0,1.723908326107656,1.723908326107656,1.723908326107656,1.732189630722483,1.732189630722483,2.297076517763584,2.297076517763584
178.0,0.178,0.001,0.499,32.51330630725747,30.108568227826797,0.567464245771082,0.5254936486369318,4.821135115742169,-3.95578208202189,4.821135115742169,-3.95578208202189,4.821135115742169,-3.95578208202189,-0.4711214270549292,1.4028823547286875,-5.878203160639125,1.7568523298765097,-5.878203160639125,1.7568523298765097,0.0,0.0,0.0,0.0,0.0,0.0,1.7323857280938315,1.7323857280938315,1.7323857280938315,1.7406634210262708,1.7406634210262708,2.3152106658606155,2.3152106658606155
179.0,0.179,0.001,0.499,32.790513223173605,29.881590336583677,0.5723024191631176,0.5215321371055057,4.838173392035632,-3.9615115314260843,4.838173392035632,-3.9615115314260843,4.838173392035632,-3.9615115314260843,-0.4770235272589888,1.40458017425505,-5.902100204059574,1.6978195263626616,-5.902100204059574,1.6978195263626616,0.0,0.0,0.0,0.0,0.0,0.0,1.7408607782268988,1.7408607782268988,1.7408607782268988,1.749135318683414,1.749135318683414,2.3334822442911247,2.3334822442911247
180.0,0.18,0.001,0.499,33.068687093305506,29.65430386114545,0.5771574690899344,0.5175652397638555,4.855049926816781,-3.966897341650238,4.855049926816781,-3.966897341650238,4.855049926816781,-3.966897341650238,-0.4829492596617138,1.4062178823820977,-5.925732402725062,1.6377081270476153,-5.925732402725062,1.6377081270476153,0.0,0.0,0.0,0.0,0.0,0.0,1.7493339154883358,1.7493339154883358,1.7493339154883358,1.7576057573331678,1.7576057573331678,2.3518939237716046,2.3518939237716046
181.0,0.181,0.001,0.499,33.34781858231125,29.426728734597795,0.5820292326190789,0.5135933045099561,4.871763529144552,-3.971935253899392,4.871763529144552,-3.971935253899392,4.871763529144552,-3.971935253899392,-0.48889835236331597,1.407794396270123,-5.9490927016021775,1.576513888025187,-5.9490927016021775,1.576513888025187,0.0,0.0,0.0,0.0,0.0,0.0,1.7578055727010926,1.7578055727010926,1.7578055727010926,1.766075163785146,1.766075163785146,2.3704483855057843,2.3704483855057843
182.0,0.182,0.001,0.499,33.62789828740383,29.198885130338276,0.5869175456409592,0.5096166834360165,4.888313021880358,-3.9766210739396244,4.888313021880358,-3.9766210739396244,4.888313021880358,-3.9766210739396244,-0.4948705262567073,1.4093086288847383,-5.972173893391335,1.5142326146153744,-5.972173893391335,1.5142326146153744,0.0,0.0,0.0,0.0,0.0,0.0,1.7662761758348355,1.7662761758348355,1.7662761758348358,1.7745439573163935,1.7745439573163933,2.3891483186739273,2.3891483186739273
183.0,0.183,0.001,0.499,33.90891673919525,28.970793458139163,0.5918222428835764,0.5056357327597624,4.904697242617258,-3.980950676254193,4.904697242617258,-3.980950676254193,4.904697242617258,-3.980950676254193,-0.5008654948748467,1.4107594890470232,-5.994968618139353,1.450860162284967,-5.994968618139353,1.450860162284967,0.0,0.0,0.0,0.0,0.0,0.0,1.774746143302319,1.774746143302319,1.7747461433023193,1.783012548963144,1.783012548963144,2.4079964178295716,2.4079964178295716
184.0,0.184,0.001,0.499,34.19086440259383,28.742474359972054,0.5967431579281864,0.5016508127515622,4.920915044610008,-3.9849200082001373,4.920915044610008,-3.9849200082001373,4.920915044610008,-3.9849200082001373,-0.5068829642378098,1.4121458814845163,-6.01746936296309,1.3863924374930787,-6.01746936296309,1.3863924374930787,0.0,0.0,0.0,0.0,0.0,0.0,1.783215885253877,1.783215885253877,1.783215885253877,1.7914813408083803,1.7914813408083803,2.4269953802050512,2.4269953802050512
185.0,0.185,0.001,0.499,34.47373167775486,28.513948705594665,0.6016801232258912,0.49766228765740217,4.9369652977047265,-3.988525094160034,4.9369652977047265,-3.988525094160034,4.9369652977047265,-3.988525094160034,-0.5129226326996977,1.4134667068829714,-6.03966846188797,1.3208253984550227,-6.03966846188797,1.3208253984550227,0.0,0.0,0.0,0.0,0.0,0.0,1.7916858028633722,1.7916858028633722,1.7916858028633722,1.79995072526631,1.79995072526631,2.4461479029273234,2.4461479029273234
186.0,0.186,0.001,0.499,34.75750890108435,28.285237587900273,0.606632970115158,0.49367052561771874,4.952846889266882,-3.9917620396834317,4.952846889266882,-3.9917620396834317,4.952846889266882,-3.9917620396834317,-0.518984190795503,1.4147208619387892,-6.061558095805246,1.2541550558177674,-6.061558095805246,1.2541550558177674,0.0,0.0,0.0,0.0,0.0,0.0,1.8001562876159618,1.8001562876159618,1.8001562876159616,1.8084210843649444,1.8084210843649444,2.4654566801459112,2.4654566801459112
187.0,0.187,0.001,0.499,35.04218634629584,28.05636231803083,0.6116015288402643,0.48967589858210636,4.96855872510627,-3.9946270356123574,4.96855872510627,-3.9946270356123574,4.96855872510627,-3.9946270356123574,-0.5250673210880548,1.4159072394120293,-6.08313029255179,1.1863774732400423,-6.08313029255179,1.1863774732400423,0.0,0.0,0.0,0.0,0.0,0.0,1.8086277205910426,1.8086277205910426,1.8086277205910426,1.8168927890279816,1.8168927890279813,2.4849244000750166,2.4849244000750166
188.0,0.188,0.001,0.499,35.32775422551992,27.827344420254935,0.6165856285706619,0.4856787822199212,4.984099730397602,-3.997116362185161,4.984099730397602,-3.997116362185161,4.984099730397602,-3.997116362185161,-0.531171698015171,1.4170247281798993,-6.104376927116204,1.1174887678699827,-6.104376927116204,1.1174887678699827,0.0,0.0,0.0,0.0,0.0,0.0,1.8171004717448667,1.8171004717448667,1.8171004717448667,1.8253661983572353,1.8253661983572353,2.504553741952092,2.504553741952092
189.0,0.189,0.001,0.499,35.61420269046615,27.59820562661224,0.6215850974212572,0.4816795558268084,4.999468850595333,-3.999226393112835,4.999468850595333,-3.999226393112835,4.999468850595333,-3.999226393112835,-0.537296987737146,1.4180722132906123,-6.125289721975002,1.0474851107130407,-6.125289721975002,1.0474851107130407,0.0,0.0,0.0,0.0,0.0,0.0,1.8255748991963505,1.8255748991963505,1.8255748991963505,1.8338416589168893,1.8338416589168893,2.5243473729154453,2.5243473729154453
190.0,0.19,0.001,0.499,35.901521833637055,27.368967871326234,0.6265997624735985,0.47767860222718656,5.014665052341293,-4.000953599621852,5.014665052341293,-4.000953599621852,5.014665052341293,-4.000953599621852,-0.5434428479847085,1.419048576017495,-6.145860247562541,0.976362726882712,-6.145860247562541,0.976362726882712,0.0,0.0,0.0,0.0,0.0,0.0,1.8340513485094496,1.8340513485094496,1.8340513485094496,1.8423195040208582,1.8423195040208582,2.544307944803692,2.544307944803692
191.0,0.191,0.001,0.499,36.18970168959354,27.13965328498763,0.6316294497979622,0.4736763076727291,5.029687324363677,-4.0022945544574595,5.029687324363677,-4.0022945544574595,5.029687324363677,-4.0022945544574595,-0.5496089279075869,1.4199526939132214,-6.166079922878359,0.9041178957264713,-6.166079922878359,0.9041178957264713,0.0,0.0,0.0,0.0,0.0,0.0,1.8425301519858408,1.8425301519858408,1.8425301519858408,1.8508000530246045,1.8508000530246045,2.564438090880133,2.564438090880133
192.0,0.192,0.001,0.499,36.4787322362713,26.910284188511028,0.6366739844763282,0.46967306173688783,5.044534678365939,-4.003245935841304,5.044534678365939,-4.003245935841304,5.044534678365939,-4.003245935841304,-0.5557948679238224,1.4207834408640405,-6.185940016235492,0.8307469508191425,-6.185940016235492,0.8307469508191425,0.0,0.0,0.0,0.0,0.0,0.0,1.8510116279556863,1.8510116279556863,1.8510116279556863,1.8592836106227235,1.8592836106227235,2.5847404224853965,2.5847404224853965
193.0,0.193,0.001,0.499,36.76860339634743,26.680883086867762,0.6417331906262322,0.46566925720551067,5.0592061499041066,-4.0038045313771695,5.0592061499041066,-4.0038045313771695,5.0592061499041066,-4.0038045313771695,-0.5620002995699757,1.4215396871438564,-6.205431646153262,0.7562462798157746,-6.205431646153262,0.7562462798157746,0.0,0.0,0.0,0.0,0.0,0.0,1.859496080078435,1.859496080078435,1.859496080078435,1.8677704661536814,1.8677704661536814,2.605217525621956,2.605217525621956
194.0,0.194,0.001,0.499,37.05930503865667,26.451472662598334,0.6468068914254833,0.46166528996361206,5.073700799251023,-4.003967241898601,5.073700799251023,-4.003967241898601,5.073700799251023,-4.003967241898601,-0.5682248453523736,1.4222202994680122,-6.224545782397968,0.6806123241559399,-6.224545782397968,0.6806123241559399,0.0,0.0,0.0,0.0,0.0,0.0,1.8679837966487414,1.8679837966487414,1.8679837966487414,1.8762608929130637,1.8762608929130637,2.6258719574743528,2.6258719574743528
195.0,0.195,0.001,0.499,37.35082697965617,26.222075769108056,0.6518949091377293,0.45766155887835996,5.088017712246022,-4.0037310852521015,5.088017712246022,-4.0037310852521015,5.088017712246022,-4.0037310852521015,-0.5744681185995484,1.4228241410466234,-6.243273247174762,0.6038415786112221,-6.243273247174762,0.6038415786112221,0.0,0.0,0.0,0.0,0.0,0.0,1.87647504991172,1.87647504991172,1.87647504991172,1.8847551474767112,1.8847551474767115,2.646706242869262,2.646706242869262
196.0,0.196,0.001,0.499,37.64315898493818,25.992715423749985,0.6569970651388578,0.45365846567835033,5.102156001128524,-4.003093200009628,5.102156001128524,-4.003093200009628,5.102156001128524,-4.003093200009628,-0.5807297233160224,1.4233500716372909,-6.261604716473952,0.5259305906675208,-6.261604716473952,0.5259305906675208,0.0,0.0,0.0,0.0,0.0,0.0,1.8849700953893296,1.8849700953893296,1.8849700953893296,1.8932534690351441,1.8932534690351444,2.6677228706797416,2.6677228706797416
197.0,0.197,0.001,0.499,37.93629077078936,25.763414800699575,0.6621131799442118,0.4496564148292463,5.116114805354062,-4.002050849104061,5.116114805354062,-4.002050849104061,5.116114805354062,-4.002050849104061,-0.5870092540375972,1.4237969475970245,-6.279530721574789,0.44687595973365585,-6.279530721574789,0.44687595973365585,0.0,0.0,0.0,0.0,0.0,0.0,1.8934691712146443,1.8934691712146443,1.8934691712146443,1.901756078740632,1.9017560787406318,2.688924290178278,2.688924290178278
198.0,0.198,0.001,0.499,38.23021200579585,25.534197223625792,0.667243073236603,0.4456558134058649,5.1298932923912295,-4.0006014233813785,5.1298932923912295,-4.0006014233813785,5.1298932923912295,-4.0006014233813785,-0.5933062956883068,1.4241636219331921,-6.2970416507096925,0.3666743361676294,-6.2970416507096925,0.3666743361676294,0.0,0.0,0.0,0.0,0.0,0.0,1.9019724974834156,1.9019724974834156,1.9019724974834156,1.9102631790683082,1.9102631790683082,2.7103129073434715,2.7103129073434715
199.0,0.199,0.001,0.499,38.52491231249275,25.305086158163846,0.6723865638951011,0.44165707096080165,5.143490658498061,-3.9987424450632667,5.143490658498061,-3.9987424450632667,5.143490658498061,-3.9987424450632667,-0.5996204234391985,1.424448944353304,-6.314127750891737,0.28532242011177333,-6.314127750891737,0.28532242011177333,0.0,0.0,0.0,0.0,0.0,0.0,1.9104802756157342,1.9104802756157342,1.9104802756157342,1.9187749531926879,1.9187749531926879,2.73189108112545,2.73189108112545
200.0,0.2,0.001,0.499,38.820381269056895,25.076105204194995,0.6775434700245775,0.43766059938968765,5.156906129476381,-3.996471571113984,5.156906129476381,-3.996471571113984,5.156906129476381,-3.996471571113984,-0.6059512025691065,1.4246517613134317,-6.330779129908021,0.20281696012789538,-6.330779129908021,0.20281696012789538,0.0,0.0,0.0,0.0,0.0,0.0,1.9189926877363712,1.9189926877363712,1.918992687736371,1.927291564380954,1.927291564380954,2.753661119675297,2.753661119675297
201.0,0.201,0.001,0.499,39.11660841104141,24.847278087939323,0.6827136089859801,0.4336668127931823,5.17013896140265,-3.993786596505344,5.17013896140265,-3.993786596505344,5.17013896140265,-3.993786596505344,-0.6122981883275879,1.4247709160650552,-6.346985758481407,0.11915475162342568,-6.346985758481407,0.11915475162342568,0.0,0.0,0.0,0.0,0.0,0.0,1.9275098960687451,1.9275098960687451,1.9275098960687451,1.9358131554043192,1.935813155404319,2.775625276544036,2.775625276544036
202.0,0.202,0.001,0.499,39.41358323315084,24.618628653867567,0.687896797427314,0.4296761273358085,5.183188441333886,-3.9906854573737776,5.183188441333886,-3.9906854573737776,5.183188441333886,-3.9906854573737776,-0.6186609258001908,1.4248052487001146,-6.362737472602926,0.03433263505946485,-6.362737472602926,0.03433263505946485,0.0,0.0,0.0,0.0,0.0,0.0,1.9360320423506678,1.9360320423506678,1.9360320423506678,1.9443398479688212,1.9443398479688212,2.797785746856889,2.797785746856889
203.0,0.203,0.001,0.499,39.71129519105505,24.390180856438658,0.6930928513153013,0.425688961101745,5.1960538879872535,-3.987166234063556,5.1960538879872535,-3.987166234063556,5.1960538879872535,-3.987166234063556,-0.6250389497762278,1.424753596194046,-6.378023976036933,-0.05165250606845692,-6.378023976036933,-0.05165250606845692,0.0,0.0,0.0,0.0,0.0,0.0,1.9445592472653934,1.9445592472653934,1.9445592472653934,1.9528717421667914,1.9528717421667914,2.820144663468733,2.820144663468733
204.0,0.20400000000000001,0.001,0.499,40.00973370324065,24.161958751669665,0.6983015859676932,0.4217057339476946,5.2087346523919384,-3.9832271540503665,5.2087346523919384,-3.9832271540503665,5.2087346523919384,-3.9832271540503665,-0.6314317846192287,1.42461479244656,-6.3928348430009025,-0.13880374748618274,-6.3928348430009025,-0.13880374748618274,0.0,0.0,0.0,0.0,0.0,0.0,1.953091609898119,1.953091609898119,1.9530916098981193,1.9614089159502759,1.9614089159502759,2.84270409310688,2.84270409310688
205.0,0.20500000000000002,0.001,0.499,40.30888815289798,23.933986488545496,0.7035228160862051,0.417726867352955,5.221230118511994,-3.978866594739597,5.221230118511994,-3.978866594739597,5.221230118511994,-3.978866594739597,-0.6378389441402502,1.4243876683199173,-6.407159521021517,-0.22712412664263693,-6.407159521021517,-0.22712412664263693,0.0,0.0,0.0,0.0,0.0,0.0,1.9616292072096382,1.9616292072096382,1.9616292072096382,1.9699514246276113,1.9699514246276113,2.865466032507451,2.865466032507451
206.0,0.20600000000000002,0.001,0.499,40.60874788984209,23.706288300275702,0.708756355790044,0.41375278426682116,5.2335397038388445,-3.9740830861338337,5.2335397038388445,-3.9740830861338337,5.2335397038388445,-3.9740830861338337,-0.6442599314742187,1.4240710516744504,-6.4209873339684735,-0.3166166454668413,-6.4209873339684735,-0.3166166454668413,0.0,0.0,0.0,0.0,0.0,0.0,1.9701720935368578,1.9701720935368578,1.9701720935368578,1.9784993003843319,1.9784993003843319,2.88843240455179,2.88843240455179
207.0,0.20700000000000002,0.001,0.499,40.909302232465876,23.478888495406267,0.7140020186499962,0.4097839089534569,5.245662859952216,-3.96887531336428,5.245662859952216,-3.96887531336428,5.245662859952216,-3.96887531336428,-0.6506942389594859,1.4236637674010606,-6.434307485267188,-0.4072842733896886,-6.434307485267188,-0.4072842733896886,0.0,0.0,0.0,0.0,0.0,0.0,1.9787203001160734,1.9787203001160734,1.9787203001160734,1.9870525518295292,1.9870525518295292,2.911605054409522,2.911605054409522
208.0,0.20800000000000002,0.001,0.499,41.21054046972344,23.25181144879444,0.7192596177230446,0.4058206668343759,5.257599073048299,-3.9632421190809928,5.257599073048299,-3.9632421190809928,5.257599073048299,-3.9632421190809928,-0.6571413480207772,1.4231646374504205,-6.447109061291284,-0.49912995063995513,-6.447109061291284,-0.49912995063995513,0.0,0.0,0.0,0.0,0.0,0.0,1.9872738346305472,1.9872738346305472,1.9872738346305472,1.9956111635687446,1.9956111635687446,2.9349857456949597,2.9349857456949597
209.0,0.209,0.001,0.499,41.512451863141784,23.025081592454995,0.7245289655874786,0.40186348432867885,5.2693478644339935,-3.9571825056970598,5.2693478644339935,-3.9571825056970598,5.2693478644339935,-3.9571825056970598,-0.6636007290557127,1.4225724808585964,-6.459381034935522,-0.592156591824054,-6.459381034935522,-0.592156591824054,0.0,0.0,0.0,0.0,0.0,0.0,1.9958326807893483,1.9958326807893483,1.9958326807893483,2.004175095804409,2.004175095804409,2.9585761566437005,2.9585761566437005
210.0,0.21,0.001,0.499,41.81502564885883,22.798723406286527,0.7298098743784648,0.3979127886911968,5.280908790986184,-3.9506956374820765,5.280908790986184,-3.9506956374820765,5.280908790986184,-3.9506956374820765,-0.6700718413250821,1.4218861137687975,-6.471112269369485,-0.6863670897990298,-6.471112269369485,-0.6863670897990298,0.0,0.0,0.0,0.0,0.0,0.0,2.0043967979254464,2.0043967979254464,2.004396797925446,2.0127442839647958,2.0127442839647958,2.98237787631636,2.98237787631636
211.0,0.211,0.001,0.499,42.11825103968567,22.5727614086867,0.7351021558240398,0.39396900784869626,5.29228144557501,-3.9437808425005443,5.29228144557501,-3.9437808425005443,5.29228144557501,-3.9437808425005443,-0.6765541328470542,1.4211043494489493,-6.482291521972084,-0.7817643198482844,-6.482291521972084,-0.7817643198482844,0.0,0.0,0.0,0.0,0.0,0.0,2.012966120632044,2.012966120632044,2.012966120632044,2.021318638362385,2.021318638362385,3.006392400836441,3.006392400836441
212.0,0.212,0.001,0.499,42.42211722719099,22.347220147065546,0.74040562128149,0.3900325702343052,5.303465457450198,-3.9364376143910684,5.303465457450198,-3.9364376143910684,5.303465457450198,-3.9364376143910684,-0.6830470402955008,1.4202259983047798,-6.492907448446592,-0.8783511441694873,-6.492907448446592,-0.8783511441694873,0.0,0.0,0.0,0.0,0.0,0.0,2.021540558419853,2.021540558419853,2.021540558419853,2.02989804388247,2.02989804388247,3.0306211296694414,3.0306211296694414
213.0,0.213,0.001,0.499,42.72661338380538,22.122124188266174,0.7457200817740796,0.3861039046203227,5.314460492589592,-3.928665613982538,5.314460492589592,-3.928665613982538,5.314460492589592,-3.928665613982538,-0.6895499889026164,1.4192498678880958,-6.502948607115605,-0.9761304166840723,-6.502948607115605,-0.9761304166840723,0.0,0.0,0.0,0.0,0.0,0.0,2.0301199954103812,2.0301199954103812,2.0301199954103817,2.03848235970277,2.03848235970277,3.0550653619503088,3.0550653619503088
214.0,0.214,0.001,0.499,43.03172866494354,21.89749810890241,0.7510453480280886,0.38218343994957893,5.325266254009076,-3.920464670743761,5.325266254009076,-3.920464670743761,5.325266254009076,-3.920464670743761,-0.6960623923660114,1.4181747628999182,-6.512403463395018,-1.0751049881776475,-6.512403463395018,-1.0751049881776475,0.0,0.0,0.0,0.0,0.0,0.0,2.038704290056521,2.038704290056521,2.0387042900565207,2.047071419044737,2.047071419044737,3.0797262928664146,3.0797262928664146
215.0,0.215,0.001,0.499,43.33745221114184,21.673366485623117,0.7563812305101218,0.3782716051655156,5.3358824820331865,-3.911834784063341,5.3358824820331865,-3.911834784063341,5.3358824820331865,-3.911834784063341,-0.7025836527604571,1.4169994851881376,-6.521260394445701,-1.1752777117805482,-6.521260394445701,-1.1752777117805482,0.0,0.0,0.0,0.0,0.0,0.0,2.0472932748970503,2.0472932748970503,2.0472932748970503,2.0556650289571876,2.0556650289571876,3.104605010103198,3.104605010103198
216.0,0.216,0.001,0.499,43.643773150209164,21.44975388531304,0.7617275394646477,0.3743688290411587,5.3463089545257745,-3.9027761243569263,5.3463089545257745,-3.9027761243569263,5.3463089545257745,-3.9027761243569263,-0.7091131604544584,1.41572283373934,-6.529507694001263,-1.2766514487976381,-6.529507694001263,-1.2766514487976381,0.0,0.0,0.0,0.0,0.0,0.0,2.05588675634267,2.05588675634267,2.05588675634267,2.064262970132771,2.064262970132771,3.12970249035965,3.12970249035965
217.0,0.217,0.001,0.499,43.95068059938871,21.226684855240315,0.7670840849517279,0.37047554000715943,5.356545487080178,-3.8932890339992747,5.356545487080178,-3.8932890339992747,5.356545487080178,-3.8932890339992747,-0.7156502940318283,1.4143436046644435,-6.537133577369905,-1.3792290748963174,-6.537133577369905,-1.3792290748963174,0.0,0.0,0.0,0.0,0.0,0.0,2.0644845144929977,2.0644845144929977,2.0644845144929977,2.072864996757754,2.0728649967577546,3.155019595940732,3.155019595940732
218.0,0.218,0.001,0.499,44.258163667528216,21.004183913160674,0.7724506768848963,0.36659216597908045,5.3665919331684435,-3.883374028078957,5.3665919331684435,-3.883374028078957,5.3665919331684435,-3.883374028078957,-0.7221944202184363,1.412860591177782,-6.54412618660797,-1.4830134866615143,-6.54412618660797,-1.4830134866615143,0.0,0.0,0.0,0.0,0.0,0.0,2.0730863029914786,2.0730863029914786,2.073086302991478,2.081470836395498,2.081470836395498,3.180557071433829,3.180557071433829
219.0,0.219,0.001,0.499,44.56621145725647,20.782275537388696,0.7778271250691455,0.3627191341841066,5.376448184249237,-3.8730317949738606,5.376448184249237,-3.8730317949738606,5.376448184249237,-3.8730317949738606,-0.7287448938142987,1.411272583569256,-6.550473595862487,-1.5880076085262287,-6.550473595862487,-1.5880076085262287,0.0,0.0,0.0,0.0,0.0,0.0,2.0816918489076732,2.0816918489076732,2.0816918489076732,2.090080189903902,2.090080189903902,3.2063155404762083,3.2063155404762083
220.0,0.22,0.001,0.499,44.87481306716358,20.56098415684644,0.7832132392389797,0.3588568709873606,5.3861141698341575,-3.862263196746034,5.3861141698341575,-3.862263196746034,5.3861141698341575,-3.862263196746034,-0.7353010576311783,1.40957836916917,-6.556163816879538,-1.694214400085951,-6.556163816879538,-1.694214400085951,0.0,0.0,0.0,0.0,0.0,0.0,2.0903008526593765,2.0903008526593765,2.0903008526593765,2.0986927313870476,2.0986927313870476,3.2322955026203934,3.2322955026203934
221.0,0.221,0.001,0.499,45.183957593982626,20.34033414109988,0.788608829096492,0.3550058017180058,5.395589857512286,-3.851069269354778,5.395589857512286,-3.851069269354778,5.395589857512286,-3.851069269354778,-0.7418622424358533,1.407776732305365,-6.561184804674995,-1.8016368638049964,-6.561184804674995,-1.8016368638049964,0.0,0.0,0.0,0.0,0.0,0.0,2.098912987963645,2.098912987963645,2.098912987963645,2.107308108181149,2.107308108181149,3.258497330304248,3.258497330304248
222.0,0.222,0.001,0.499,45.49363413477038,20.120349790393554,0.7940137043494249,0.35116635049531847,5.404875252932877,-3.83945122268728,5.404875252932877,-3.83945122268728,5.404875252932877,-3.83945122268728,-0.748427766899217,1.4058664542522425,-6.565524463363703,-1.9102780531224772,-6.565524463363703,-1.9102780531224772,0.0,0.0,0.0,0.0,0.0,0.0,2.10752790182657,2.10752790182657,2.10752790182657,2.1159259408748587,2.1159259408748587,3.284921265932407,3.284921265932407
223.0,0.223,0.001,0.499,45.8038317890846,19.901055325693957,0.7994276747491711,0.347338940054912,5.4139703997462005,-3.8274104404064633,5.4139703997462005,-3.8274104404064633,5.4139703997462005,-3.8274104404064633,-0.7549969375513599,1.4038463131712773,-6.569170652142871,-2.0201410809652636,-6.569170652142871,-2.0201410809652636,0.0,0.0,0.0,0.0,0.0,0.0,2.116145214563445,2.116145214563445,2.116145214563445,2.124545823363873,2.124545823363873,3.3115674190755486,3.3115674190755486
224.0,0.224,0.001,0.499,46.114539661155504,19.682474878752103,0.8048505501286738,0.3435239915752959,5.422875379502651,-3.814948479616113,5.422875379502651,-3.814948479616113,5.422875379502651,-3.814948479616113,-0.7615690487427849,1.4017150840426025,-6.572111191425019,-2.131229128674879,-6.572111191425019,-2.131229128674879,0.0,0.0,0.0,0.0,0.0,0.0,2.124764519856426,2.124764519856426,2.124764519856426,2.133167322939719,2.133167322939719,3.3384357637938233,3.3384357637938233
225.0,0.225,0.001,0.499,46.425746862049195,19.464632482195736,0.8102821404401841,0.33972192450495214,5.431590311510316,-3.802067070343726,5.431590311510316,-3.802067070343726,5.431590311510316,-3.802067070343726,-0.7681433826119003,1.3994715385872476,-6.574333869115483,-2.243545455354801,-6.574333869115483,-2.243545455354801,0.0,0.0,0.0,0.0,0.0,0.0,2.133385384843301,2.133385384843301,2.133385384843301,2.1417899804124882,2.1417899804124882,3.365526136090541,3.365526136090541
226.0,0.226,0.001,0.499,46.73744251182044,19.247552059661558,0.8157222557928354,0.33593315639011023,5.4401153526513095,-3.7887681148419277,5.4401153526513095,-3.7887681148419277,5.4401153526513095,-3.7887681148419277,-0.7747192090589294,1.3971144451796034,-6.575826447029099,-2.3570934076441317,-6.575826447029099,-2.3570934076441317,0.0,0.0,0.0,0.0,0.0,0.0,2.14200735024209,2.14200735024209,2.14200735024209,2.150413310267234,2.150413310267234,3.392838231501995,3.392838231501995
227.0,0.227,0.001,0.499,47.04961574165266,19.03125741597779,0.8211707064899927,0.33215810270340057,5.44845069715726,-3.775053686709665,5.44845069715726,-3.775053686709665,5.44845069715726,-3.775053686709665,-0.7812957857263698,1.3946425687496804,-6.576576667440379,-2.4718764299230016,-6.576576667440379,-2.4718764299230016,0.0,0.0,0.0,0.0,0.0,0.0,2.1506299305085483,2.1506299305085483,2.1506299305085483,2.1590368008536327,2.1590368008536323,3.420371602829068,3.420371602829068
228.0,0.228,0.001,0.499,47.36225569598273,18.815772227407365,0.8266273030663371,0.32839717667356577,5.456596576344449,-3.7609260298347915,5.456596576344449,-3.7609260298347915,5.456596576344449,-3.7609260298347915,-0.7878723579861309,1.3920546706747259,-6.576572259761102,-2.587898074954443,-6.576572259761102,-2.587898074954443,0.0,0.0,0.0,0.0,0.0,0.0,2.1592526140260837,2.1592526140260837,2.1592526140260837,2.167659914608461,2.1676599146084614,3.4481256580159756,3.4481256580159756
229.0,0.229,0.001,0.499,47.67535153460831,18.60112003196177,0.8320918563246463,0.32465078911640577,5.464553258309173,-3.746387557160019,5.464553258309173,-3.746387557160019,5.464553258309173,-3.746387557160019,-0.7944481589334699,1.3893495086597591,-6.575800947339003,-2.705162014966725,-6.575800947339003,-2.705162014966725,0.0,0.0,0.0,0.0,0.0,0.0,2.1678748633298217,2.1678748633298217,2.1678748633298217,2.1762820883103435,2.1762820883103435,3.476099658181225,3.476099658181225
230.0,0.23,0.001,0.499,47.98889243477548,18.387324219795627,0.8375641773722303,0.3209193482671312,5.472321047584008,-3.7314408492745903,5.472321047584008,-3.7314408492745903,5.472321047584008,-3.7314408492745903,-0.8010224093878408,1.3865258366065798,-6.574250454370894,-2.8236720531793518,-6.574250454370894,-2.8236720531793518,0.0,0.0,0.0,0.0,0.0,0.0,2.176496115361638,2.176496115361638,2.1764961153616373,2.184902733366143,2.184902733366143,3.504292715805547,3.504292715805547
231.0,0.231,0.001,0.499,48.30286759324453,18.17440802369176,0.8430440776569861,0.3172032596142968,5.479900284755735,-3.716088652834387,5.479900284755735,-3.716088652834387,5.479900284755735,-3.716088652834387,-0.8075943179007641,1.3835824044708047,-6.571908512923335,-2.9434321357750375,-6.571908512923335,-2.9434321357750375,0.0,0.0,0.0,0.0,0.0,0.0,2.1851157817565117,2.1851157817565117,2.1851157817565117,2.1935212361283165,2.1935212361283165,3.5327037930812177,3.5327037930812177
232.0,0.232,0.001,0.499,48.61726622833161,17.962394509646472,0.8485313690030318,0.3135029257354833,5.487291346045775,-3.7003338788135482,5.487291346045775,-3.7003338788135482,5.487291346045775,-3.7003338788135482,-0.8141630807708178,1.3805179581064857,-6.568762870053728,-3.06444636431897,-6.568762870053728,-3.06444636431897,0.0,0.0,0.0,0.0,0.0,0.0,2.1937332491609847,2.1937332491609847,2.1937332491609842,2.202136958242466,2.202136958242466,3.5613317004268397,3.5613317004268397
233.0,0.233,0.001,0.499,48.93207758192438,17.751306567564413,0.8540258636458858,0.30981874613489224,5.49449464285406,-3.684179600591012,5.49449464285406,-3.684179600591012,5.49449464285406,-3.684179600591012,-0.8207278820658424,1.37733123909786,-6.56480129502452,-3.1867190086255937,-6.56480129502452,-3.1867190086255937,0.0,0.0,0.0,0.0,0.0,0.0,2.202347879580586,2.202347879580586,2.202347879580586,2.210749237024258,2.210749237024258,3.5901750951712526,3.5901750951712526
234.0,0.234,0.001,0.499,49.2472909214694,17.541166902072366,0.8595273742671532,0.3061511170830165,5.5015106212673635,-3.6676290518757284,5.5015106212673635,-3.6676290518757284,5.5015106212673635,-3.6676290518757284,-0.8272878936524454,1.3740209845777882,-6.560011586603065,-3.3102545200719273,-6.560011586603065,-3.3102545200719273,0.0,0.0,0.0,0.0,0.0,0.0,2.210959010755571,2.210959010755571,2.2109590107555706,2.2193573858648183,2.2193573858648183,3.6192324804098495,3.6192324804098495
235.0,0.23500000000000001,0.001,0.499,49.56289554192935,17.331998023460887,0.8650357140286864,0.3025004314585419,5.508339761533163,-3.6506856244746175,5.508339761533163,-3.6506856244746175,5.508339761533163,-3.6506856244746175,-0.833842275232885,1.3705859270324332,-6.554381580439604,-3.4350575453550904,-6.554381580439604,-3.4350575453550904,0.0,0.0,0.0,0.0,0.0,0.0,2.219565956568175,2.219565956568175,2.2195659565681747,2.2279606946636448,2.2279606946636448,3.648502204036144,3.648502204036144
236.0,0.23600000000000002,0.001,0.499,49.87888076770829,17.123822238762617,0.8705506966061866,0.2988670785926342,5.514982577500209,-3.633352865907641,5.514982577500209,-3.633352865907641,5.514982577500209,-3.633352865907641,-0.8403901743894008,1.367024794091743,-6.547899156515759,-3.561132940690235,-6.547899156515759,-3.561132940690235,0.0,0.0,0.0,0.0,0.0,0.0,2.228168007473915,2.228168007473915,2.228168007473915,2.2365584302880483,2.2365584302880483,3.6779824579509786,3.6779824579509786
237.0,0.23700000000000002,0.001,0.499,50.19523595454297,16.916661642975704,0.8760721362222136,0.29525144411575954,5.521439616027019,-3.6156344768746624,5.521439616027019,-3.6156344768746624,5.521439616027019,-3.6156344768746624,-0.8469307266360567,1.3633363083052996,-6.540552246656003,-3.688485786443437,-6.540552246656003,-3.688485786443437,0.0,0.0,0.0,0.0,0.0,0.0,2.2367644309602603,2.2367644309602603,2.2367644309602603,2.2451498370580207,2.2451498370580207,3.7076712774512908,3.7076712774512908
238.0,0.23800000000000002,0.001,0.499,50.51195049135849,16.710538110440613,0.8815998476785731,0.29165390980718053,5.527711456359598,-3.5975343085790312,5.527711456359598,-3.5975343085790312,5.527711456359598,-3.5975343085790312,-0.8534630554781514,1.3595191869031074,-6.5323288420946355,-3.817121402192298,-6.5323288420946355,-3.817121402192298,0.0,0.0,0.0,0.0,0.0,0.0,2.2453544720313823,2.2453544720313823,2.2453544720313823,2.2537341372554636,2.2537341372554636,3.7375665407998557,3.7375665407998557
239.0,0.23900000000000002,0.001,0.499,50.82901380208662,16.505473286378137,0.8871336463880529,0.2880748534472674,5.533798709479741,-3.579056359913099,5.533798709479741,-3.579056359913099,5.533798709479741,-3.579056359913099,-0.8599862724792423,1.3555721415409023,-6.523217001090974,-3.947045362204994,-6.523217001090974,-3.947045362204994,0.0,0.0,0.0,0.0,0.0,0.0,2.253937353717321,2.253937353717321,2.2539373537173213,2.262310531656601,2.262310531656601,3.767665968976905,3.767665968976905
240.0,0.24,0.001,0.499,51.1464153474452,16.301488578596327,0.8926733484054782,0.28451464867275633,5.539702017425318,-3.5602047745111025,5.539702017425318,-3.5602047745111025,5.539702017425318,-3.5602047745111025,-0.8664994773358281,1.351493878029576,-6.513204856585756,-4.078263511326311,-6.513204856585756,-4.078263511326311,0.0,0.0,0.0,0.0,0.0,0.0,2.262512277603212,2.262512277603212,2.262512277603212,2.2708782000863827,2.2708782000863827,3.797967125613959,3.797967125613959
241.0,0.241,0.001,0.499,51.46414462667703,16.09860514937351,0.8982187704580622,0.28097366483508124,5.545422052584012,-3.5409838376750877,5.545422052584012,-3.5409838376750877,5.545422052584012,-3.5409838376750877,-0.8730017579597202,1.3472830960483193,-6.502280623892085,-4.21078198125674,-6.502280623892085,-4.21078198125674,0.0,0.0,0.0,0.0,0.0,0.0,2.2710784243846702,2.2710784243846702,2.2710784243846702,2.2794363019936608,2.2794363019936608,3.8284674171096693,3.8284674171096693
242.0,0.242,0.001,0.499,51.78219117924694,15.896843907524385,0.9037697299750242,0.2774522668619015,5.550959516962006,-3.5213979731797345,5.550959516962006,-3.5213979731797345,5.550959516962006,-3.5213979731797345,-0.879492190568135,1.3429384888411113,-6.490432608414755,-4.344607207208016,-6.490432608414755,-4.344607207208016,0.0,0.0,0.0,0.0,0.0,0.0,2.279634954440845,2.279634954440845,2.279634954440845,2.287983977045881,2.287983977045881,3.859164092926834,3.859164092926834
243.0,0.243,0.001,0.499,52.10054458649547,15.696225500655816,0.9093260451164534,0.27395081512193936,5.556315141429173,-3.5014517399621368,5.556315141429173,-3.5014517399621368,5.556315141429173,-3.5014517399621368,-0.8859698397815273,1.3384587428961958,-6.477649213392349,-4.4797459449154795,-6.477649213392349,-4.4797459449154795,0.0,0.0,0.0,0.0,0.0,0.0,2.2881810084281002,2.2881810084281002,2.2881810084281002,2.296520345742005,2.296520345742005,3.8900542460691563,3.8900542460691563
244.0,0.244,0.001,0.499,52.4191944732482,15.49677030761846,0.9148875348013957,0.2704696652932366,5.561489684942338,-3.4811498287027582,5.561489684942338,-3.4811498287027582,5.561489684942338,-3.4811498287027582,-0.8924337587291846,1.3338425376082115,-6.463918947657276,-4.61620528798432,-6.463918947657276,-4.61620528798432,0.0,0.0,0.0,0.0,0.0,0.0,2.296715707890096,2.296715707890096,2.296715707890096,2.305044510042353,2.305044510042353,3.921134813735655,3.921134813735655
245.0,0.245,0.001,0.499,52.73813050937935,15.298498431160208,0.920454018735144,0.2670091682349327,5.566483933748232,-3.460497058303917,5.566483933748232,-3.460497058303917,5.566483933748232,-3.460497058303917,-0.8988829891625943,1.3290885449226684,-6.449230433409752,-4.753992685543109,-6.449230433409752,-4.753992685543109,0.0,0.0,0.0,0.0,0.0,0.0,2.3052381558884436,2.3052381558884436,2.3052381558884436,2.3135555540140706,2.3135555540140706,3.952402578149975,3.952402578149975
246.0,0.246,0.001,0.499,53.057342411328605,15.101429690786889,0.9260253174357117,0.2635696698626604,5.5712987005677626,-3.439498372272285,5.5712987005677626,-3.439498372272285,5.5712987005677626,-3.439498372272285,-0.9053165615765971,1.3241954289624944,-6.43357241400278,-4.893115960173949,-6.43357241400278,-4.893115960173949,0.0,0.0,0.0,0.0,0.0,0.0,2.313747437642966,2.313747437642966,2.313747437642966,2.3220525444908624,2.3220525444908624,3.9838541675611183,3.9838541675611183
247.0,0.247,0.001,0.499,53.37681994357026,14.905583615835347,0.931601252259475,0.2601515110276484,5.575934823763259,-3.4181588350119827,5.575934823763259,-3.4181588350119827,5.575934823763259,-3.4181588350119827,-0.9117334953383336,1.3191618456364103,-6.41693376173641,-5.03358332608408,-6.41693376173641,-5.03358332608408,0.0,0.0,0.0,0.0,0.0,0.0,2.3222426211934004,2.3222426211934004,2.3222426211934004,2.330534531745685,2.330534531745685,4.015486057411417,4.015486057411417
248.0,0.248,0.001,0.499,53.69655292003381,14.710979438763662,0.9371816454259654,0.2567550273996134,5.5803931664903486,-3.3964836280349404,5.5803931664903486,-3.3964836280349404,5.5803931664903486,-3.3964836280349404,-0.9181327988239946,1.3139864422289316,-6.3993034856609485,-5.175403407478779,-6.3993034856609485,-5.175403407478779,0.0,0.0,0.0,0.0,0.0,0.0,2.3307227580660292,2.3307227580660292,2.3307227580660292,2.3390005501750273,2.3390005501750273,4.047294571666794,4.047294571666794
249.0,0.249,0.001,0.499,54.01653120547506,14.51763608866285,0.9427663200418015,0.25338054935351817,5.584674615836147,-3.3744780460952426,5.584674615836147,-3.3744780460952426,5.584674615836147,-3.3744780460952426,-0.924513469563385,1.3086678569718417,-6.380670739390432,-5.318585257089887,-6.380670739390432,-5.318585257089887,0.0,0.0,0.0,0.0,0.0,0.0,2.3391868839599845,2.3391868839599845,2.3391868839599845,2.3474496189934873,2.3474496189934873,4.0792758843035655,4.0792758843035655
250.0,0.25,0.001,0.499,54.33674471679731,14.325572184994025,0.9483551001237469,0.2500284018602639,5.588780081945428,-3.35214749325423,5.588780081945428,-3.35214749325423,5.588780081945428,-3.35214749325423,-0.9308744943923145,1.3032047185970337,-6.361024828929535,-5.4631383748081435,-6.361024828929535,-5.4631383748081435,0.0,0.0,0.0,0.0,0.0,0.0,2.347634019435406,2.347634019435406,2.347634019435406,2.355880742937258,2.355880742937258,4.111426020945233,4.111426020945233
251.0,0.251,0.001,0.499,54.657183424321744,14.134806031554572,0.9539478106208834,0.24669890438138078,5.592710497136445,-3.329497478883136,5.592710497136445,-3.329497478883136,5.592710497136445,-3.329497478883136,-0.9372148496128337,1.297595645870673,-6.340355220519198,-5.609072726360723,-6.340355220519198,-5.609072726360723,0.0,0.0,0.0,0.0,0.0,0.0,2.3560631706180035,2.3560631706180035,2.3560631706180035,2.364292912975266,2.364292912975266,4.143740860641832,4.143740860641832
252.0,0.252,0.001,0.499,54.97783735300673,13.945355610676575,0.9595442774358914,0.24339237076777073,5.596466815008076,-3.30653361361005,5.596466815008076,-3.30653361361005,5.596466815008076,-3.30653361361005,-0.9435335011613424,1.2918392471087052,-6.3186515485086625,-5.756398761967822,-6.3186515485086625,-5.756398761967822,0.0,0.0,0.0,0.0,0.0,0.0,2.3644733299062684,2.3644733299062684,2.3644733299062684,2.3726851070266033,2.3726851070266033,4.1762161377835625,4.1762161377835625
253.0,0.253,0.001,0.499,55.29869658361556,13.757238577660237,0.9651443274454313,0.24010910916255276,5.600050009539928,-3.28326160521796,5.600050009539928,-3.28326160521796,5.600050009539928,-3.28326160521796,-0.9498294047846068,1.2859341196738014,-6.295903623264334,-5.905127434903775,-6.295903623264334,-5.905127434903775,0.0,0.0,0.0,0.0,0.0,0.0,2.3728634766854255,2.3728634766854255,2.3728634766854255,2.3810562906829986,2.3810562906829986,4.208847444139442,4.208847444139442
254.0,0.254,0.001,0.499,55.61975125383233,13.570472255444765,0.9707477885196184,0.23684942190805214,5.603461074187055,-3.2596872545006152,5.603461074187055,-3.2596872545006152,5.603461074187055,-3.2596872545006152,-0.9561015062237357,1.2798788494539226,-6.272101439128923,-6.05527021987887,-6.272101439128923,-6.05527021987887,0.0,0.0,0.0,0.0,0.0,0.0,2.381232578050003,2.381232578050003,2.381232578050003,2.3894054179350626,2.3894054179350626,4.241630231010806,4.241630231010806
255.0,0.255,0.001,0.499,55.94099155932564,13.385073629518716,0.9763544895405892,0.23361360545696927,5.606701020970869,-3.235816451082856,5.606701020970869,-3.235816451082856,5.606701020970869,-3.235816451082856,-0.9623487414061834,1.2736720103227748,-6.247235182447752,-6.206839131147745,-6.247235182447752,-6.206839131147745,0.0,0.0,0.0,0.0,0.0,0.0,2.3895795895251575,2.3895795895251575,2.3895795895251575,2.3977314319010405,2.3977314319010405,4.274559811488446,4.274559811488446
256.0,0.256,0.001,0.499,56.26240775476027,13.201059343071494,0.981964260420157,0.23040195028775726,5.609770879567858,-3.2116551692120248,5.609770879567858,-3.2116551692120248,5.609770879567858,-3.2116551692120248,-0.9685700366458664,1.267312163582536,-6.22129523968297,-6.359846740238734,-6.22129523968297,-6.359846740238734,0.0,0.0,0.0,0.0,0.0,0.0,2.3979034557930867,2.3979034557930867,2.3979034557930863,2.406033265556906,2.406033265556906,4.30763136280116,4.30763136280116
257.0,0.257,0.001,0.499,56.583990154756385,13.018445692387246,0.9875769321165547,0.22721474082423032,5.612671696397639,-3.1872094635269357,5.612671696397639,-3.1872094635269357,5.612671696397639,-3.1872094635269357,-0.9747643088515071,1.2607978573893501,-6.194272205640673,-6.51430619318585,-6.194272205640673,-6.51430619318585,0.0,0.0,0.0,0.0,0.0,0.0,2.4062031114220415,2.4062031114220415,2.4062031114220415,2.4143098424665714,2.4143098424665714,4.340839928742349,4.340839928742349
258.0,0.258,0.001,0.499,56.90572913479671,12.837248622482116,0.9931923366502666,0.2240522553594195,5.6154045337118745,-3.162485464810808,5.6154045337118745,-3.162485464810808,5.6154045337118745,-3.162485464810808,-0.9809304657433479,1.2541276261622192,-6.166156891840728,-6.670231227130888,-6.166156891840728,-6.670231227130888,0.0,0.0,0.0,0.0,0.0,0.0,2.414477481591241,2.414477481591241,2.414477481591241,2.4225600775111036,2.4225600775111036,4.374180422160192,4.374180422160192
259.0,0.259,0.001,0.499,57.22761513208152,12.6574837229854,0.9988103071189521,0.2209147659836851,5.617970468685523,-3.1374893757344227,5.617970468685523,-3.1374893757344227,5.617970468685523,-3.1374893757344227,-0.9870674060784123,1.2472999899760717,-6.136940335064415,-6.827636186147464,-6.136940335064415,-6.827636186147464,0.0,0.0,0.0,0.0,0.0,0.0,2.422725482819635,2.422725482819635,2.422725482819635,2.4307828776158207,2.4307828776158207,4.407647627495716,4.407647627495716
260.0,0.26,0.001,0.499,57.54963864633189,12.479166224264779,1.004430677711464,0.21780253851708947,5.620370592511857,-3.1122274665956287,5.620370592511857,-3.1122274665956287,5.620370592511857,-3.1122274665956287,-0.9931740198845331,1.2403134539399505,-6.106613806120895,-6.986536036121278,-6.106613806120895,-6.986536036121278,0.0,0.0,0.0,0.0,0.0,0.0,2.4309460236888807,2.4309460236888807,2.4309460236888802,2.4389771424742075,2.4389771424742075,4.441236203351825,4.441236203351825
261.0,0.261,0.001,0.499,57.87179024054129,12.302310993795565,1.0100532837209666,0.2147158324460283,5.622606009502639,-3.086706071061174,5.622606009502639,-3.086706071061174,5.622606009502639,-3.086706071061174,-0.9992491887034132,1.233166507561449,-6.075168818880084,-7.146946378501502,-6.075168818880084,-7.146946378501502,0.0,0.0,0.0,0.0,0.0,0.0,2.4391380055643226,2.4391380055643226,2.439138005564322,2.447141765267613,2.4471417652676126,4.474940685075033,4.474940685075033
262.0,0.262,0.001,0.499,58.19406054167602,12.126932532773436,1.0156779615571614,0.21165490086411162,5.624677836194792,-3.0609315819166696,5.624677836194792,-3.0609315819166696,5.624677836194792,-3.0609315819166696,-1.00529178584304,1.2258576240987324,-6.042597139626782,-7.308883462716596,-6.042597139626782,-7.308883462716596,0.0,0.0,0.0,0.0,0.0,0.0,2.4473003233133577,2.4473003233133577,2.4473003233133577,2.4552756333797636,2.4552756333797636,4.508755487330283,4.508755487330283
263.0,0.263,0.001,0.499,58.516440241324986,11.953044972969897,1.0213045487576262,0.2086199904172813,5.6265872004648445,-3.034910446830319,5.6265872004648445,-3.034910446830319,5.6265872004648445,-3.034910446830319,-1.011300676639839,1.2183852599017087,-6.008890796798931,-7.472364197023869,-6.008890796798931,-7.472364197023869,0.0,0.0,0.0,0.0,0.0,0.0,2.455431866015213,2.455431866015213,2.455431866015213,2.4633776291051244,2.4633776291051244,4.542674906647748,4.542674906647748
264.0,0.264,0.001,0.499,58.83892009629911,11.78066207382935,1.0269328839982785,0.20561134125314545,5.628335240652394,-3.0086491641358535,5.628335240652394,-3.0086491641358535,5.628335240652394,-3.0086491641358535,-1.0172747187310207,1.2107478537441732,-5.974042091181824,-7.637406157535437,-5.974042091181824,-7.637406157535437,0.0,0.0,0.0,0.0,0.0,0.0,2.46353151766742,2.46353151766742,2.46353151766742,2.4714466303502385,2.4714466303502385,4.576693123919037,4.576693123919037
265.0,0.265,0.001,0.499,59.16149092918125,11.609797219806401,1.0325628071029722,0.20262918697450552,5.629923104693745,-2.9821542786399258,5.629923104693745,-2.9821542786399258,5.629923104693745,-2.9821542786399258,-1.0232127623376606,1.2029438261490395,-5.9380436066398765,-7.804027595133612,-5.9380436066398765,-7.804027595133612,0.0,0.0,0.0,0.0,0.0,0.0,2.4715981578848285,2.4715981578848285,2.4715981578848285,2.4794815113271924,2.4794815113271924,4.610804206818543,4.610804206818543
266.0,0.266,0.001,0.499,59.484143628827006,11.440463417941686,1.038194159052239,0.19967375459704653,5.631351949266858,-2.9554323774589966,5.631351949266858,-2.9554323774589966,5.631351949266858,-2.9554323774589966,-1.0291136505591392,1.1949715787090835,-5.900888221478496,-7.972247439955849,-5.900888221478496,-7.972247439955849,0.0,0.0,0.0,0.0,0.0,0.0,2.4796306625895945,2.4796306625895945,2.4796306625895945,2.487481143238389,2.487481143238389,4.645002112124037,4.645002112124037
267.0,0.267,0.001,0.499,59.80686915081734,11.272673295674254,1.0438267819911877,0.19674526451115598,5.6326229389486455,-2.9284900858905445,5.6326229389486455,-2.9284900858905445,5.6326229389486455,-2.9284900858905445,-1.0349762196796797,1.1868294934059909,-5.86256912054054,-8.142085303092792,-5.86256912054054,-8.142085303092792,0.0,0.0,0.0,0.0,0.0,0.0,2.4876279046931025,2.4876279046931025,2.4876279046931025,2.495444394951897,2.4954443949518974,4.679280687908782,4.679280687908782
268.0,0.268,0.001,0.499,60.1296585178636,11.106439098888291,1.0494605192365734,0.19384393044783277,5.633737245385625,-2.9013340633232043,5.633737245385625,-2.9013340633232043,5.633737245385625,-2.9013340633232043,-1.0407992994878348,1.1785159319308884,-5.823079808155128,-8.313561475102409,-5.823079808155128,-8.313561475102409,0.0,0.0,0.0,0.0,0.0,0.0,2.4955887547694737,2.4955887547694737,2.4955887547694737,2.5033701336666763,2.5033701336666763,4.713633675575546,4.713633675575546
269.0,0.269,0.001,0.499,60.45250282016588,10.941772690191696,1.0550952152830522,0.19096995944864256,5.634696046478841,-2.8739709991902176,5.634696046478841,-2.8739709991902176,5.634696046478841,-2.8739709991902176,-1.0465817136099058,1.1700292350099903,-5.782414122071138,-8.486696920898115,-5.782414122071138,-8.486696920898115,0.0,0.0,0.0,0.0,0.0,0.0,2.503512081717095,2.503512081717095,2.503512081717095,2.511257225566995,2.511257225566995,4.748054711700878,4.748054711700878
270.0,0.27,0.001,0.499,60.7753932157256,10.778685547423771,1.060730715808636,0.18812355183967222,5.6355005255839465,-2.846407608970346,5.6355005255839465,-2.846407608970346,5.6355005255839465,-2.846407608970346,-1.0523222798584297,1.1613677217394716,-5.740566248523816,-8.661513270518766,-5.740566248523816,-8.661513270518766,0.0,0.0,0.0,0.0,0.0,0.0,2.511396753411824,2.511396753411824,2.511396753411824,2.519104536465484,2.519104536465484,4.7825373296558835,4.7825373296558835
271.0,0.271,0.001,0.499,61.098320930613035,10.617188762389121,1.0663668676793634,0.18530490120943205,5.636151870727223,-2.818650630240163,5.636151870727223,-2.818650630240163,5.636151870727223,-2.818650630240163,-1.0580198105970304,1.1525296889342387,-5.697530738600595,-8.838032805232974,-5.697530738600595,-8.838032805232974,0.0,0.0,0.0,0.0,0.0,0.0,2.5192416373454014,2.5192416373454014,2.5192416373454014,2.526910932434221,2.526910932434221,4.817074960967475,4.817074960967475
272.0,0.272,0.001,0.499,61.421277259191015,10.457293039814566,1.0720035189532018,0.18251419439065064,5.636651273838291,-2.7907068187814112,5.636651273838291,-2.7907068187814112,5.636651273838291,-2.7907068187814112,-1.063673113123122,1.14351341049587,-5.653302526091745,-9.016278438368712,-5.653302526091745,-9.016278438368712,0.0,0.0,0.0,0.0,0.0,0.0,2.5270456012564213,2.5270456012564213,2.5270456012564213,2.5346752804233663,2.5346752804233663,4.851660936381673,4.851660936381673
273.0,0.273,0.001,0.499,61.74425356429556,10.299008696525746,1.077640518883202,0.17975161144590376,5.636999930000189,-2.762582944746866,5.636999930000189,-2.762582944746866,5.636999930000189,-2.762582944746866,-1.069280990070155,1.1343171368056788,-5.6078769470328185,-9.196273690191052,-5.6078769470328185,-9.196273690191052,0.0,0.0,0.0,0.0,0.0,0.0,2.5348075137449864,2.5348075137449864,2.5348075137449864,2.5423964488669037,2.5423964488669037,4.886288486587964,4.886288486587964
274.0,0.274,0.001,0.499,62.067241277374684,10.14234566083987,1.0832777179199193,0.17701732565701586,5.637199036717412,-2.7342857888879153,5.637199036717412,-2.7342857888879153,5.637199036717412,-2.7342857888879153,-1.0748422398313244,1.1249390941496034,-5.561249761169433,-9.378042656075513,-5.561249761169433,-9.378042656075513,0.0,0.0,0.0,0.0,0.0,0.0,2.5425262448764805,2.5425262448764805,2.5425262448764805,2.5500733082750284,2.5500733082750284,4.92095074256108,4.92095074256108
275.0,0.275,0.001,0.499,62.39023189858618,9.987313472170888,1.0889149677131218,0.17431150351816904,5.637249793202473,-2.705822138846822,5.637249793202473,-2.705822138846822,5.637249793202473,-2.705822138846822,-1.0803556570069253,1.1153774841824622,-5.513417175600723,-9.561609967141106,-5.513417175600723,-9.561609967141106,0.0,0.0,0.0,0.0,0.0,0.0,2.550200666771783,2.550200666771783,2.550200666771783,2.5577047318128656,2.5577047318128656,4.955640735473619,4.955640735473619
276.0,0.276,0.001,0.499,62.713216996855756,9.833921280843247,1.0945521211128033,0.17163430473265265,5.6371533996814644,-2.6771987855164054,5.6371533996814644,-2.6771987855164054,5.6371533996814644,-2.6771987855164054,-1.0858200328778114,1.1056304834400472,-5.464375870886092,-9.747000742415029,-5.464375870886092,-9.747000742415029,0.0,0.0,0.0,0.0,0.0,0.0,2.557829654184178,2.557829654184178,2.557829654184178,2.5652895958651727,2.565289595865173,4.990351396129937,4.990351396129937
277.0,0.277,0.001,0.499,63.03618820989638,9.682177848110234,1.1001890321695222,0.168985882213183,5.6369110567190335,-2.6484225194696385,5.6369110567190335,-2.6484225194696385,5.6369110567190335,-2.6484225194696385,-1.0912341559077423,1.095696242908548,-5.414123029930944,-9.934240531499286,-5.414123029930944,-9.934240531499286,0.0,0.0,0.0,0.0,0.0,0.0,2.5654120850612223,2.5654120850612223,2.565412085061222,2.572826780586751,2.5728267805867504,5.025075553868512,5.025075553868512
278.0,0.278,0.001,0.499,63.35913724419019,9.532091546372712,1.1058255561340853,0.16636638208572158,5.636523964563142,-2.619500127461425,5.636523964563142,-2.619500127461425,5.636523964563142,-2.619500127461425,-1.0965968122777432,1.0855728876619506,-5.362656370000967,-10.123355246597365,-5.362656370000967,-10.123355246597365,0.0,0.0,0.0,0.0,0.0,0.0,2.572946841093181,2.572946841093181,2.572946841093181,2.5803151704383467,2.5803151704383467,5.059805934876562,5.059805934876562
279.0,0.279,0.001,0.499,63.682055874933916,9.38367035959408,1.1114615494565951,0.16377594369671697,5.635993322509898,-2.5904383890045994,5.635993322509898,-2.5904383890045994,5.635993322509898,-2.5904383890045994,-1.1019067864559948,1.075258516579315,-5.309974178251621,-10.31437108263576,-5.309974178251621,-10.31437108263576,0.0,0.0,0.0,0.0,0.0,0.0,2.5804328082480983,2.5804328082480983,2.5804328082480987,2.5877536547078384,2.5877536547078384,5.0945351598570925,5.0945351598570925
280.0,0.28,0.001,0.499,64.00493594594913,9.236921883907025,1.1170968697848838,0.161214699623695,5.635320328288709,-2.5612440730219594,5.635320328288709,-2.5612440730219594,5.635320328288709,-2.5612440730219594,-1.1071628618071947,1.0647512021552354,-5.25607535119993,-10.507314424079464,-5.25607535119993,-10.507314424079464,0.0,0.0,0.0,0.0,0.0,0.0,2.5878688772898344,2.5878688772898344,2.5878688772898344,2.595141128016556,2.595141128016556,5.129255740984793,5.129255740984793
281.0,0.281,0.001,0.499,64.32776936955844,9.091853328407666,1.1227313759623516,0.15868277568911907,5.634506177467936,-2.5319239345759295,5.634506177467936,-2.5319239345759295,5.634506177467936,-2.5319239345759295,-1.1123638212458045,1.0540489904183437,-5.200959438609684,-10.702211736891774,-5.200959438609684,-10.702211736891774,0.0,0.0,0.0,0.0,0.0,0.0,2.595253944283172,2.595253944283172,2.595253944283172,2.6024764908106457,2.6024764908106457,5.1639600780831625,5.1639600780831625
282.0,0.28200000000000003,0.001,0.499,64.65054812642875,8.948471516132548,1.1283649280252328,0.15618029097744182,5.633552062881177,-2.5024847116772304,5.633552062881177,-2.5024847116772304,5.633552062881177,-2.5024847116772304,-1.1175084479381134,1.0431499009744176,-5.144626692308995,-10.89908944392595,-5.144626692308995,-10.89908944392595,0.0,0.0,0.0,0.0,0.0,0.0,2.602586911084137,2.602586911084137,2.602586911084137,2.609758649837372,2.609758649837372,5.198640453951135,5.198640453951135
283.0,0.28300000000000003,0.001,0.499,64.97326426538294,8.806782885213883,1.133997387199307,0.1537073578552681,5.632459174074255,-2.472933122173734,5.632459174074255,-2.472933122173734,5.632459174074255,-2.472933122173734,-1.1225955260586244,1.0320519271925592,-5.087078120510977,-11.097973781858327,-5.087078120510977,-11.097973781858327,0.0,0.0,0.0,0.0,0.0,0.0,2.609866685813168,2.609866685813168,2.609866685813168,2.6169865186063297,2.6169865186063297,5.233289028763076,5.233289028763076
284.0,0.28400000000000003,0.001,0.499,65.29590990318098,8.666793490208407,1.13962861589608,0.15126408199454763,5.631228696772945,-2.443275860720467,5.631228696772945,-2.443275860720467,5.631228696772945,-2.443275860720467,-1.1276238416068889,1.0207530365549804,-5.028315548264347,-11.298890637578868,-5.028315548264347,-11.298890637578868,0.0,0.0,0.0,0.0,0.0,0.0,2.6170921833167715,2.6170921833167715,2.6170921833167715,2.6241590178355807,2.6241590178355807,5.2678978334615865,5.2678978334615865
285.0,0.28500000000000003,0.001,0.499,65.61847722427173,8.528509003595138,1.1452584777084514,0.14885056239871608,5.6298618123713915,-2.413519595831543,5.6298618123713915,-2.413519595831543,5.6298618123713915,-2.413519595831543,-1.13259218329161,1.0092511711932355,-4.968341684721048,-11.50186536174482,-4.968341684721048,-11.50186536174482,0.0,0.0,0.0,0.0,0.0,0.0,2.624262325611174,2.624262325611174,2.624262325611174,2.6312750758827064,2.6312750758827064,5.302458762057845,5.302458762057845
286.0,0.28600000000000003,0.001,0.499,65.94095848051664,8.391934717437334,1.1508868374058925,0.14646689143170147,5.628359697441172,-2.3836709670146066,5.628359697441172,-2.3836709670146066,5.628359697441172,-2.3836709670146066,-1.1374993434895826,0.9975442486362598,-4.907160197972751,-11.70692255697573,-4.907160197972751,-11.70692255697573,0.0,0.0,0.0,0.0,0.0,0.0,2.631376042311856,2.631376042311856,2.631376042311856,2.6383336291608597,2.6383336291608597,5.3369635627496175,5.3369635627496175
287.0,0.28700000000000003,0.001,0.499,66.26334599088646,8.257075545203861,1.1565135609291533,0.14411315484971327,5.626723523260873,-2.3537365819881972,5.626723523260873,-2.3537365819881972,5.626723523260873,-2.3537365819881972,-1.1423441192878598,0.9856301627983367,-4.844775798277142,-11.914085837923132,-4.844775798277142,-11.914085837923132,0.0,0.0,0.0,0.0,0.0,0.0,2.638432271050314,2.638432271050314,2.638432271050314,2.645333622539888,2.645333622539888,5.3714038277621885,5.3714038277621885
288.0,0.28800000000000003,0.001,0.499,66.58563214113224,8.123936023745259,1.1621385153845192,0.141789431835731,5.624954455366023,-2.32372301398227,5.624954455366023,-2.32372301398227,5.624954455366023,-2.32372301398227,-1.1471253136184283,0.973506785238151,-4.781194330568348,-12.123377560185672,-4.781194330568348,-12.123377560185672,0.0,0.0,0.0,0.0,0.0,0.0,2.6454299578711855,2.6454299578711855,2.6454299578711855,2.652274009732644,2.652274009732644,5.405770981812869,5.405770981812869
289.0,0.289,0.001,0.499,66.90780938343158,7.992520315419678,1.1677615690376384,0.13949579503660908,5.623053653119189,-2.293636799121934,5.623053653119189,-2.293636799121934,5.623053653119189,-2.293636799121934,-1.1518417364956515,0.9611719667233902,-4.716422877223216,-12.33481851476083,-4.716422877223216,-12.33481851476083,0.0,0.0,0.0,0.0,0.0,0.0,2.6523680576208575,2.6523680576208575,2.6523680576208575,2.6591537536666245,2.6591537536666245,5.440056269095072,5.440056269095072
290.0,0.29,0.001,0.499,67.22987023601154,7.862832210363974,1.1733825913069384,0.13723231060271476,5.621022269299991,-2.2634844338943285,5.621022269299991,-2.2634844338943285,5.621022269299991,-2.2634844338943285,-1.1564922063677878,0.9486235391389618,-4.650469872136244,-12.548427584428456,-4.650469872136244,-12.548427584428456,0.0,0.0,0.0,0.0,0.0,0.0,2.659245534315569,2.659245534315569,2.659245534315569,2.6659718268410755,2.6659718268410755,5.474250738673622,5.474250738673622
291.0,0.291,0.001,0.499,67.55180728274895,7.73487512890519,1.1790014527566532,0.13499903823001638,5.618861449714777,-2.233272372698394,5.618861449714777,-2.233272372698394,5.618861449714777,-2.233272372698394,-1.1610755515950277,0.9358593177808109,-4.583345227239879,-12.764221358150964,-4.583345227239879,-12.764221358150964,0.0,0.0,0.0,0.0,0.0,0.0,2.666061361499398,2.666061361499398,2.666061361499398,2.67272721166978,2.67272721166978,5.508345228178972,5.508345228178972
292.0,0.292,0.001,0.499,67.8736131727498,7.60865212410768,1.1846180250894789,0.13279603120453923,5.616572332825637,-2.203007025477167,5.616572332825637,-2.203007025477167,5.616572332825637,-2.203007025477167,-1.1655906120677206,0.9228771040815582,-4.515060472692927,-12.982213699252714,-4.515060472692927,-12.982213699252714,0.0,0.0,0.0,0.0,0.0,0.0,2.6728145225857305,2.6728145225857305,2.6728145225857305,2.6794189008096994,2.6794189008096994,5.542330345684578,5.542330345684578
293.0,0.293,0.001,0.499,68.19528061990817,7.484165884451213,1.1902321811388774,0.13062333644910715,5.614156049398438,-2.172694755432089,5.614156049398438,-2.172694755432089,5.614156049398438,-2.172694755432089,-1.170036240979767,0.9096746888187475,-4.445628912046464,-13.202415262810716,-4.445628912046464,-13.202415262810716,0.0,0.0,0.0,0.0,0.0,0.0,2.679504011185515,2.679504011185515,2.679504011185515,2.6860458974756916,2.6860458974756916,5.576196449649069,5.576196449649069
294.0,0.294,0.001,0.499,68.51680240244619,7.361418736635366,1.195843794861047,0.12848099457228845,5.611613722169513,-2.142341876818694,5.611613722169513,-2.142341876818694,5.611613722169513,-2.142341876818694,-1.1744113067735493,0.8962498558613919,-4.3750657937822535,-13.424832957355578,-4.3750657937822535,-13.424832957355578,0.0,0.0,0.0,0.0,0.0,0.0,2.6861288314222262,2.6861288314222262,2.6861288314222262,2.692607215741564,2.692607215741564,5.609933626803142,5.609933626803142
295.0,0.295,0.001,0.499,68.83817136243593,7.240412648505595,1.2014527413265776,0.12636903991946552,5.608946465530612,-2.111954652822941,5.608946465530612,-2.111954652822941,5.608946465530612,-2.111954652822941,-1.1787146952742502,0.8826003865157391,-4.303388500700876,-13.64946934565278,-4.303388500700876,-13.64946934565278,0.0,0.0,0.0,0.0,0.0,0.0,2.6926879982306025,2.6926879982306025,2.6926879982306025,2.699101880827654,2.699101880827654,5.6435316678609615,5.6435316678609615
296.0,0.296,0.001,0.499,69.15938040530425,7.121149232096409,1.2070588967118094,0.12428750062594819,5.606155385231715,-2.0815392935173223,5.606155385231715,-2.0815392935173223,5.606155385231715,-2.0815392935173223,-1.182945312032963,0.86872406453672,-4.230616758712662,-13.876321979019137,-4.230616758712662,-13.876321979019137,0.0,0.0,0.0,0.0,0.0,0.0,2.6991805376469844,2.6991805376469844,2.6991805376469844,2.705528929375285,2.705528929375285,5.67698004093722,5.67698004093722
297.0,0.297,0.001,0.499,69.48042249932168,7.003629746787142,1.2126621382899108,0.12223639867205237,5.6032415781012705,-2.0511019538958184,5.6032415781012705,-2.0511019538958184,5.6032415781012705,-2.0511019538958184,-1.1871020848996132,0.85461868187738,-4.156772866650175,-14.105382659340055,-4.156772866650175,-14.105382659340055,0.0,0.0,0.0,0.0,0.0,0.0,2.7056054870803035,2.7056054870803035,2.7056054870803035,2.7118874097082686,2.7118874097082686,5.710267862554769,5.710267862554769
298.0,0.298,0.001,0.499,69.80129067507615,6.887855102565845,1.2182623444216942,0.12021574994006572,5.600206131783411,-2.0206487319866455,5.600206131783411,-2.0206487319866455,5.600206131783411,-2.0206487319866455,-1.191183966848385,0.840282045254675,-4.081881948771771,-14.336636622705003,-4.081881948771771,-14.336636622705003,0.0,0.0,0.0,0.0,0.0,0.0,2.7119618955758007,2.7119618955758007,2.7119618955758007,2.7181763820818214,2.718176382081822,5.743383866134073,5.743383866134073
299.0,0.299,0.001,0.499,70.1219780249327,6.773825863396928,1.223859394546186,0.11822556427302404,5.597050124491689,-1.990185667041681,5.597050124491689,-1.990185667041681,5.597050124491689,-1.990185667041681,-1.1951899390800407,0.8257119836162838,-4.005972231655639,-14.57006163839115,-4.005972231655639,-14.57006163839115,0.0,0.0,0.0,0.0,0.0,0.0,2.7182488240640406,2.7182488240640406,2.7182488240640406,2.7243949189191454,2.7243949189191454,5.776316367865576,5.776316367865576
300.0,0.3,0.001,0.499,70.4424777024799,6.661542250688204,1.229453169170965,0.11626584553522266,5.593774624778853,-1.9597187378013747,5.593774624778853,-1.9597187378013747,5.593774624778853,-1.9597187378013747,-1.1991190144272261,0.8109063565994616,-3.9290753471855453,-14.805627016822172,-3.9290753471855453,-14.805627016822172,0.0,0.0,0.0,0.0,0.0,0.0,2.7244653455949495,2.7244653455949495,2.7244653455949495,2.7305421050359553,2.7305421050359553,5.809053229879917,5.809053229879917
301.0,0.301,0.001,0.499,70.7627829219641,6.551004146853104,1.2350435498622871,0.11433659167438878,5.590380691322169,-1.9292538608338832,5.590380691322169,-1.9292538608338832,5.590380691322169,-1.9292538608338832,-1.2029702410905205,0.7958630640793215,-3.851226663294301,-15.04329252014015,-3.851226663294301,-15.04329252014015,0.0,0.0,0.0,0.0,0.0,0.0,2.7306105455665466,2.7306105455665466,2.7306105455665466,2.736617037853303,2.736617037853303,5.841581820649767,5.841581820649767
302.0,0.302,0.001,0.499,71.08288695771208,6.442211098963863,1.240630419235011,0.11243779478544166,5.586869372723796,-1.8987968889471116,5.586869372723796,-1.8987968889471116,5.586869372723796,-1.8987968889471116,-1.2067427067345688,0.7805800569101323,-3.772465644048315,-15.283007169189146,-3.772465644048315,-15.283007169189146,0.0,0.0,0.0,0.0,0.0,0.0,2.7366835219342445,2.7366835219342445,2.736683521934244,2.7426188275989634,2.7426188275989634,5.8738889725818755,5.8738889725818755
303.0,0.303,0.001,0.499,71.40278314354326,6.335162322491608,1.2462136609423369,0.11056944117576938,5.583241707325718,-1.8683536096722937,5.583241707325718,-1.8683536096722937,5.583241707325718,-1.8683536096722937,-1.2104355429750824,0.7650553489690707,-3.6928362405136395,-15.52470794106167,-3.6928362405136395,-15.52470794106167,0.0,0.0,0.0,0.0,0.0,0.0,2.742683385414592,2.742683385414592,2.742683385414592,2.7485465974977,2.7485465974977,5.905960936789618,5.905960936789618
304.0,0.304,0.001,0.499,71.72246487217201,6.2298567051292935,1.2517931596653755,0.10873151143195169,5.579498723038705,-1.8379297438176967,5.579498723038705,-1.8379297438176967,5.579498723038705,-1.8379297438176967,-1.2140479302887084,0.7492870306171158,-3.612387313626018,-15.768318351954962,-3.612387313626018,-15.768318351954962,0.0,0.0,0.0,0.0,0.0,0.0,2.748609259675932,2.748609259675932,2.748609259675932,2.754399483950752,2.754399483950752,5.937783335076476,5.937783335076476
305.0,0.305,0.001,0.499,72.04192559460095,6.126292810693582,1.2573688011025603,0.10692398048786068,5.575641437184805,-1.8075309440910028,5.575641437184805,-1.8075309440910028,5.575641437184805,-1.8075309440910028,-1.2175791033786856,0.7332732836961345,-3.5311730899772136,-16.01374692098127,-3.5311730899772136,-16.01374692098127,0.0,0.0,0.0,0.0,0.0,0.0,2.7544602815176726,2.7544602815176726,2.754460281517673,2.760176636704803,2.760176636704803,5.969341109210371,5.969341109210371
306.0,0.306,0.001,0.499,72.36115881950602,6.024468883101801,1.2629404719589132,0.1051468176940718,5.571670856352845,-1.7771627937888865,5.571670856352845,-1.7771627937888865,5.571670856352845,-1.7771627937888865,-1.2210283570296931,0.7170123981842906,-3.449253651007607,-16.260885511843906,-3.449253651007607,-16.260885511843906,0.0,0.0,0.0,0.0,0.0,0.0,2.760235601039917,2.760235601039917,2.760235601039917,2.7658772190107865,2.7658772190107865,6.0006184676295575,6.0006184676295575
307.0,0.307,0.001,0.499,72.68015811261387,5.924382850420217,1.2685080599351797,0.10339998688851952,5.56758797626643,-1.7468308055522823,5.56758797626643,-1.7468308055522823,5.56758797626643,-1.7468308055522823,-1.2243950524852316,0.7005027906332848,-3.3666954555384163,-16.50960755100578,-3.3666954555384163,-16.50960755100578,0.0,0.0,0.0,0.0,0.0,0.0,2.7659343818034556,2.7659343818034556,2.7659343818034556,2.7715004077728262,2.7715004077728262,6.03159882979397,6.03159882979397
308.0,0.308,0.001,0.499,72.99891709607255,5.826032328979958,1.2740714537168436,0.1016834464683337,5.563393781663923,-1.7165404201858219,5.563393781663923,-1.7165404201858219,5.563393781663923,-1.7165404201858219,-1.2276786243800928,0.6837430245100589,-3.283571894861161,-16.759766123225976,-3.283571894861161,-16.759766123225976,0.0,0.0,0.0,0.0,0.0,0.0,2.771555800978458,2.771555800978458,2.771555800978458,2.7770453936876054,2.7770453936876054,6.062264768483373,6.062264768483373
309.0,0.309,0.001,0.499,73.31742944781578,5.729414627556972,1.2796305429630335,0.0999971494627938,5.559089246189902,-1.6862970055399022,5.559089246189902,-1.6862970055399022,5.559089246189902,-1.6862970055399022,-1.2308785882587934,0.6667318325618419,-3.199963878700479,-17.011191948217004,-3.199963878700479,-17.011191948217004,0.0,0.0,0.0,0.0,0.0,0.0,2.7770990494850456,2.7770990494850456,2.7770990494850456,2.7825113813744946,2.7825113813744946,6.092597950446874,6.092597950446874
310.0,0.31,0.001,0.499,73.63568890092185,5.6345267516125634,1.285185218295331,0.09834104360733995,5.554675332297585,-1.6561058554538466,5.554675332297585,-1.6561058554538466,5.554675332297585,-1.6561058554538466,-1.2339945487080444,0.6494681413160613,-3.1159604492509505,-17.263691245780556,-3.1159604492509505,-17.263691245780556,0.0,0.0,0.0,0.0,0.0,0.0,2.7825633321248735,2.7825633321248735,2.7825633321248735,2.787897589496717,2.7878975894967164,6.122579075928844,6.122579075928844
311.0,0.311,0.001,0.499,73.95368924296733,5.541365407591046,1.2907353712864926,0.09671507141858134,5.550152991161724,-1.6259721887586065,5.550152991161724,-1.6259721887586065,5.550152991161724,-1.6259721887586065,-1.2370262081271752,0.6319510978148458,-3.0316594191307695,-17.517043501215568,-3.0316594191307695,-17.517043501215568,0.0,0.0,0.0,0.0,0.0,0.0,2.7879478677015825,2.7879478677015825,2.7879478677015825,2.7932032508738676,2.7932032508738676,6.152187817735299,6.152187817735299
312.0,0.312,0.001,0.499,74.27142431537644,5.449927007271228,1.2962808944490942,0.09511917027024387,5.545523162601487,-1.595901148337468,5.545523162601487,-1.595901148337468,5.545523162601487,-1.595901148337468,-1.239973376154643,0.6141800986666871,-2.947168027467685,-17.770999148158698,-2.947168027467685,-17.770999148158698,0.0,0.0,0.0,0.0,0.0,0.0,2.793251889135326,2.793251889135326,2.793251889135326,2.798427612586062,2.798427612586062,6.181402760663419,6.181402760663419
313.0,0.313,0.001,0.499,74.58888801276657,5.360207672168471,1.301821681224107,0.09355327247000064,5.540786775012827,-1.5658978002432238,5.540786775012827,-1.5658978002432238,5.540786775012827,-1.5658978002432238,-1.2428359797610549,0.5961548214742833,-2.8626036064118168,-18.025277192403788,-2.8626036064118168,-18.025277192403788,0.0,0.0,0.0,0.0,0.0,0.0,2.7984746435682455,2.7984746435682455,2.7984746435682455,2.8035699360700215,2.8035699360700215,6.2102013422954965,6.2102013422954965
314.0,0.314,0.001,0.499,74.90607428229046,5.272203237984194,1.3073576259694168,0.09201730533713036,5.535944745309882,-1.5359671328702849,5.535944745309882,-1.5359671328702849,5.535944745309882,-1.5359671328702849,-1.2456140740091932,0.5778752586665605,-2.7780942481382764,-18.279562807722822,-2.7780942481382764,-18.279562807722822,0.0,0.0,0.0,0.0,0.0,0.0,2.803615392459009,2.803615392459009,2.803615392459009,2.8086294972073405,2.8086294972073405,6.238559796356899,6.238559796356899
315.0,0.315,0.001,0.499,75.22297712297538,5.185909259099738,1.3128886239482918,0.09051119128095013,5.530997978874936,-1.5061140561802249,5.530997978874936,-1.5061140561802249,5.530997978874936,-1.5061140561802249,-1.248307853469046,0.5593417537232471,-2.693779459852649,-18.5335049433134,-2.693779459852649,-18.5335049433134,0.0,0.0,0.0,0.0,0.0,0.0,2.808673411676502,2.808673411676502,2.808673411676502,2.8136055864052607,2.8136055864052607,6.266453100054543,6.266453100054543
316.0,0.316,0.001,0.499,75.53959058506008,5.101321013111636,1.3184145713178081,0.08903484787997086,5.5259473695164925,-1.476343400979263,5.5259473695164925,-1.476343400979263,5.5259473695164925,-1.476343400979263,-1.2509176642604978,0.5405550397310334,-2.6098107914518813,-18.78671399221376,-2.6098107914518813,-18.78671399221376,0.0,0.0,0.0,0.0,0.0,0.0,2.8136479915759347,2.8136479915759347,2.8136479915759347,2.8184975086701693,2.8184975086701693,6.293854927045137,6.293854927045137
317.0,0.317,0.001,0.499,75.8559087693297,5.018433505405387,1.3239353651172432,0.08758818796172464,5.520793799435018,-1.4466599182462174,5.520793799435018,-1.4466599182462174,5.520793799435018,-1.4466599182462174,-1.2534440166778478,0.5215162801502584,-2.5263524173500733,-19.03875958077492,-2.5263524173500733,-19.03875958077492,0.0,0.0,0.0,0.0,0.0,0.0,2.8185384370793987,2.8185384370793987,2.8185384370793987,2.8233045836741066,2.8233045836741066,6.320737607927063,6.320737607927063
318.0,0.318,0.001,0.499,76.17192582644908,4.9372414737649235,1.3294509032564392,0.08617111968321516,5.515538139195936,-1.4170682785094806,5.515538139195936,-1.4170682785094806,5.515538139195936,-1.4170682785094806,-1.255887598328456,0.5022271115993712,-2.4435816506082415,-19.289168550887233,-2.4435816506082415,-19.289168550887233,0.0,0.0,0.0,0.0,0.0,0.0,2.8233440677386006,2.8233440677386006,2.8233440677386006,2.8280261458145373,2.8280261458145373,6.347072100399963,6.347072100399963
319.0,0.319,0.001,0.499,76.48763595629495,4.857739393015056,1.3349610845041486,0.08478354661194355,5.510181247709456,-1.3875730712716028,5.510181247709456,-1.3875730712716028,5.510181247709456,-1.3875730712716028,-1.258249287692455,0.4826896883805353,-2.3616893639987677,-19.537423218835908,-2.3616893639987677,-19.537423218835908,0.0,0.0,0.0,0.0,0.0,0.0,2.8280642177983446,2.8280642177983446,2.8280642177983446,2.8326615442676113,2.8326615442676113,6.372827971483474,6.372827971483474
320.0,0.32,0.001,0.499,76.80303340728747,4.779921479694222,1.3404658084763654,0.08342536780746346,5.5047239722168415,-1.3581788044800913,5.5047239722168415,-1.3581788044800913,5.5047239722168415,-1.3581788044800913,-1.2605301679815748,0.46290672837356084,-2.2808802891198834,-19.782960006974452,-2.2808802891198834,-19.782960006974452,0.0,0.0,0.0,0.0,0.0,0.0,2.832698236249913,2.832698236249913,2.832698236249913,2.8372101430351626,2.8372101430351626,6.397973394419731,6.397973394419731
321.0,0.321,0.001,0.499,77.11811247572106,4.7037816967550095,1.3459649756246481,0.08209647790342038,5.499167148282732,-1.3288899040430706,5.499167148282732,-1.3288899040430706,5.499167148282732,-1.3288899040430706,-1.2627315411429072,0.44288155981730315,-2.201373161332447,-20.02516855625766,-2.201373161332447,-20.02516855625766,0.0,0.0,0.0,0.0,0.0,0.0,2.837245486880316,2.837245486880316,2.837245486880316,2.841671320985684,2.841671320985684,6.422475163089307,6.422475163089307
322.0,0.322,0.001,0.499,77.43286750509537,4.6293137582899115,1.3514584872244413,0.0807967671900319,5.493511599793153,-1.2997107133884782,5.493511599793153,-1.2997107133884782,5.493511599793153,-1.2997107133884782,-1.2648549418182602,0.42261816837902155,-2.123400675353096,-20.263391438281577,-2.123400675353096,-20.263391438281577,0.0,0.0,0.0,0.0,0.0,0.0,2.8417053483127956,2.8417053483127956,2.8417053483127956,2.8460444718894595,2.8460444718894595,6.446298726929656,6.446298726929656
323.0,0.323,0.001,0.499,77.74729288544629,4.556511134279939,1.3569462453634002,0.07952612169696639,5.487758138958865,-1.2706454930655104,5.487758138958865,-1.2706454930655104,5.487758138958865,-1.2706454930655104,-1.266902151032353,0.40212124378516356,-2.0472092140928035,-20.49692459385799,-2.0472092140928035,-20.49692459385799,0.0,0.0,0.0,0.0,0.0,0.0,2.846077214044993,2.846077214044993,2.846077214044993,2.8503290044481147,2.8503290044481147,6.469408249438841,6.469408249438841
324.0,0.324,0.001,0.499,78.06138305267747,4.4853670553636995,1.362428152929724,0.07828442327657933,5.481907566323709,-1.2416984203870645,5.481907566323709,-1.2416984203870645,5.481907566323709,-1.2416984203870645,-1.2688752093444724,0.3813962251550253,-1.9730583121192715,-20.725018630138255,-1.9730583121192715,-20.725018630138255,0.0,0.0,0.0,0.0,0.0,0.0,2.8503604924776376,2.8503604924776376,2.850360492477638,2.854524342318736,2.8545243423187356,6.491766693352057,6.491766693352057
325.0,0.325,0.001,0.499,78.37513248789266,4.415874517624699,1.3679041136005017,0.07707154968746736,5.4759606707776305,-1.212873589111964,5.4759606707776305,-1.212873589111964,5.4759606707776305,-1.212873589111964,-1.270776429159803,0.360449344046454,-1.9012198153304645,-20.94688110857129,-1.9012198153304645,-20.94688110857129,0.0,0.0,0.0,0.0,0.0,0.0,2.854554606941867,2.854554606941867,2.854554606941867,2.858629924132805,2.858629924132805,6.51333593546948,6.51333593546948
326.0,0.326,0.001,0.499,78.68853571672892,4.348026287394633,1.3733740318300758,0.07588737467830158,5.469918229574079,-1.1841750091657912,5.469918229574079,-1.1841750091657912,5.469918229574079,-1.1841750091657912,-1.2726084058602694,0.3392876640963437,-1.8319767004664227,-21.161679950110297,-1.8319767004664227,-21.161679950110297,0.0,0.0,0.0,0.0,0.0,0.0,2.858658995718352,2.858658995718352,2.8586589957183515,2.8626452035100836,2.8626452035100836,6.534076913865237,6.534076913865237
327.0,0.327,0.001,0.499,79.0015873086912,4.281814906070524,1.3788378128384273,0.07473176807190238,5.463781008351491,-1.155606606399192,5.463781008351491,-1.155606606399192,5.463781008351491,-1.155606606399192,-1.274374027382636,0.3179191160256989,-1.7656215223668086,-21.368548070644835,-1.7656215223668086,-21.368548070644835,0.0,0.0,0.0,0.0,0.0,0.0,2.8626731120521067,2.8626731120521067,2.8626731120521067,2.866569649067658,2.866569649067658,6.553949809793733,6.553949809793733
328.0,0.328,0.001,0.499,79.31428187648822,4.217232694943622,1.384295362599586,0.07360459584951982,5.457549761158593,-1.1271722223825544,5.457549761158593,-1.1271722223825544,5.457549761158593,-1.1271722223825544,-1.2760764818464077,0.29635252668836687,-1.7024544637715913,-21.566589337331994,-1.7024544637715913,-21.566589337331994,0.0,0.0,0.0,0.0,0.0,0.0,2.8665964241635873,2.8665964241635873,2.8665964241635873,2.8704027444242883,2.8704027444242883,6.572914266009343,6.572914266009343
329.0,0.329,0.001,0.499,79.62661407537014,4.1542717600380525,1.3897465878300692,0.07250572023528382,5.451225230483253,-1.098875614236006,5.451225230483253,-1.098875614236006,5.451225230483253,-1.098875614236006,-1.2777192628186482,0.2745976407840327,-1.6427809722406368,-21.75488590433414,-1.6427809722406368,-21.75488590433414,0.0,0.0,0.0,0.0,0.0,0.0,2.8704284152541173,2.8704284152541173,2.8704284152541177,2.8741439882002657,2.8741439882002657,6.590929642412012,6.590929642412012
330.0,0.33,0.001,0.499,79.938578602468,4.092923996957234,1.3951913959773539,0.0714349997807901,5.444808147284653,-1.0707204544937152,5.444808147284653,-1.0707204544937152,5.444808147284653,-1.0707204544937152,-1.2793061718002137,0.25266513384008876,-1.586908981565477,-21.93250694394396,-1.586908981565477,-21.93250694394396,0.0,0.0,0.0,0.0,0.0,0.0,2.8741685835058624,2.8741685835058624,2.8741685835058624,2.8777928940128583,2.877792894012858,6.607955308917638,6.607955308917638
331.0,0.331,0.001,0.499,80.25017019613517,4.033181095736158,1.4006296952083823,0.07039228944978858,5.438299231028555,-1.042710331001516,5.438299231028555,-1.042710331001516,5.438299231028555,-1.042710331001516,-1.2808413175309978,0.23056661510368243,-1.5351457307841951,-22.098518736406326,-1.5351457307841951,-22.098518736406326,0.0,0.0,0.0,0.0,0.0,0.0,2.8778164420801327,2.8778164420801327,2.8778164420801327,2.881348990467554,2.881348990467554,6.623950974233007,6.623950974233007
332.0,0.332,0.001,0.499,80.56138363529107,3.975034545697688,1.4060613943981077,0.06937744070294165,5.43169918972545,-1.0148487468469252,5.43169918972545,-1.0148487468469252,5.43169918972545,-1.0148487468469252,-1.2823291117432396,0.20831461908361878,-1.4877942122418015,-22.251996020063633,-1.4877942122418015,-22.251996020063633,0.0,0.0,0.0,0.0,0.0,0.0,2.8813715191088005,2.8813715191088005,2.8813715191088005,2.884811821145213,2.8848118211452136,6.6388770478113575,6.6388770478113575
333.0,0.333,0.001,0.499,80.8722137387671,3.9184756403110574,1.4114864031180792,0.068390301582621,5.425008719971391,-0.9871391203206512,5.425008719971391,-0.9871391203206512,5.425008719971391,-0.9871391203206512,-1.2837742610436453,0.18592258464865885,-1.4451493004056648,-22.39203443495993,-1.4451493004056648,-22.39203443495993,0.0,0.0,0.0,0.0,0.0,0.0,2.884833357682743,2.884833357682743,2.8848333576827434,2.888180944585248,2.888180944585248,6.652695030715732,6.652695030715732
334.0,0.334,0.001,0.499,81.18265536465516,3.8634954820508183,1.4169046316250704,0.06743071679771226,5.418228506991349,-0.9595847849087396,5.418228506991349,-0.9595847849087396,5.418228506991349,-0.9595847849087396,-1.285181754678005,0.1634048208275728,-1.4074936343597084,-22.517763821086056,-1.4074936343597084,-22.517763821086056,0.0,0.0,0.0,0.0,0.0,0.0,2.8882015158364736,2.8882015158364736,2.8882015158364736,2.8914559342649593,2.8914559342649593,6.665367929482262,6.665367929482262
335.0,0.335,0.001,0.499,81.4927034096588,3.8100849872545295,1.4223159908497554,0.06649852780839773,5.411359224684906,-0.9321889893145344,5.411359224684906,-0.9321889893145344,5.411359224684906,-0.9321889893145344,-1.2865568480257648,0.1407764587661079,-1.3750933477596676,-22.628362061464905,-1.3750933477596676,-22.628362061464905,0.0,0.0,0.0,0.0,0.0,0.0,2.8914755665284155,2.8914755665284155,2.8914755665284155,2.894636378575163,2.8946363785751634,6.676860685434574,6.676860685434574
336.0,0.336,0.001,0.499,81.80235280844695,3.758234890977531,1.4277203923854296,0.06559357291088805,5.404401535674148,-0.9049548975096746,5.404401535674148,-0.9049548975096746,5.404401535674148,-0.9049548975096746,-1.2879050417847455,0.11805338967053673,-1.3481937589808752,-22.723069095571155,-1.3481937589808752,-22.723069095571155,0.0,0.0,0.0,0.0,0.0,0.0,2.8946550976181573,2.8946550976181573,2.8946550976181573,2.8977218807921785,2.8977218807921785,6.687140610351265,6.687140610351265
337.0,0.337,0.001,0.499,82.11159853301073,3.7079357518431673,1.4331177484767832,0.06471568732207467,5.397356091353624,-0.8778855888133803,5.397356091353624,-0.8778855888133803,5.397356091353624,-0.8778855888133803,-1.2892320569342814,0.09525218899458181,-1.327015149536025,-22.801200675954927,-1.327015149536025,-22.801200675954927,0.0,0.0,0.0,0.0,0.0,0.0,2.8977397118385126,2.8977397118385126,2.8977397118385126,2.900712059046303,2.900712059046303,6.696177818042413,6.696177818042413
338.0,0.338,0.001,0.499,82.42043559202314,3.6591779568868894,1.4385079720087255,0.06386470326407534,5.390223531942244,-0.8509840579993205,5.390223531942244,-0.8509840579993205,5.390223531942244,-0.8509840579993205,-1.2905438057031877,0.072390027588433,-1.3117487689062393,-22.8621614061488,-1.3117487689062393,-22.8621614061488,0.0,0.0,0.0,0.0,0.0,0.0,2.9007290267668733,2.9007290267668733,2.9007290267668733,2.9036065462868628,2.9036065462868628,6.703945640365539,6.703945640365539
339.0,0.339,0.001,0.499,82.72885903020169,3.611951726392698,1.4438909764952625,0.06304045004864595,5.383004486537011,-0.8242532154293873,5.383004486537011,-0.8242532154293873,5.383004486537011,-0.8242532154293873,-1.291846358910431,0.04948457100239177,-1.3025532072433563,-22.905456586041236,-1.3025532072433563,-22.905456586041236,0.0,0.0,0.0,0.0,0.0,0.0,2.9036226747891143,2.9036226747891143,2.9036226747891143,2.9064049902439275,2.9064049902439275,6.710421015619325,6.710421015619325
340.0,0.34,0.001,0.499,83.03686392767452,3.5662471187204074,1.449266676068431,0.06224275416143221,5.375699573168486,-0.7976958872137369,5.375699573168486,-0.7976958872137369,5.375699573168486,-0.7976958872137369,-1.2931459101833291,0.026553868596821465,-1.2995512728980976,-22.930702405570308,-1.2995512728980976,-22.930702405570308,0.0,0.0,0.0,0.0,0.0,0.0,2.9064203030644804,2.9064203030644804,2.9064203030644804,2.9091070533867662,2.9091070533867662,6.715584837191779,6.715584837191779
341.0,0.341,0.001,0.499,83.3444453993495,3.5220540351222764,1.4546349854672889,0.061471439346035724,5.368309398857906,-0.7713148153964887,5.368309398857906,-0.7713148153964887,5.368309398857906,-0.7713148153964887,-1.2944487376822542,0.003616234526321406,-1.302827498925107,-22.93763407050006,-1.302827498925107,-22.93763407050006,0.0,0.0,0.0,0.0,0.0,0.0,2.909121573484032,2.909121573484032,2.9091215734840317,2.9117124128791287,2.9117124128791287,6.719422250876775,6.719422250876775
342.0,0.342,0.001,0.499,83.6515985942868,3.4793622245475615,1.4599958200269647,0.06072632668786922,5.360834559675885,-0.7451126581665073,5.360834559675885,-0.7451126581665073,5.360834559675885,-0.7451126581665073,-1.2957611640640958,-0.019309876988088545,-1.3124263818416038,-22.92611151440995,-1.3124263818416038,-22.92611151440995,0.0,0.0,0.0,0.0,0.0,0.0,2.911726162627031,2.911726162627031,2.911726162627031,2.914220760531416,2.914220760531416,6.7219228904377335,6.7219228904377335
343.0,0.343,0.001,0.499,83.95831869507496,3.4381612884335855,1.4653490956677673,0.0600072346977765,5.353275640802633,-0.7190919900927175,5.353275640802633,-0.7190919900927175,5.353275640802633,-0.7190919900927175,-1.297089515492059,-0.04220599943354941,-1.3283514279631736,-22.896122445460872,-1.3283514279631736,-22.896122445460872,0.0,0.0,0.0,0.0,0.0,0.0,2.914233761714323,2.914233761714323,2.914233761714323,2.916631802749815,2.9166318027498144,6.723081042770399,6.723081042770399
344.0,0.34400000000000003,0.001,0.499,84.26460091721049,3.3984406854819493,1.4706947288843568,0.05931397939539307,5.3456332165896425,-0.6932553023834376,5.3456332165896425,-0.6932553023834376,5.3456332165896425,-0.6932553023834376,-1.2984400805413734,-0.06505378202269911,-1.3505650493143624,-22.847782589149702,-1.3505650493143624,-22.847782589149702,0.0,0.0,0.0,0.0,0.0,0.0,2.9166440765582218,2.9166440765582218,2.9166440765582218,2.9189452604824533,2.9189452604824533,6.722895736326884,6.722895736326884
345.0,0.34500000000000003,0.001,0.499,84.57044050848093,3.360189736418534,1.4760326367349796,0.05864637439222383,5.337907850622806,-0.6676050031692371,5.337907850622806,-0.6676050031692371,5.337907850622806,-0.6676050031692371,-1.2998190698560619,-0.08783511513402992,-1.3789893146885364,-22.781333111330813,-1.3789893146885364,-22.781333111330813,0.0,0.0,0.0,0.0,0.0,0.0,2.9189568275103808,2.9189568275103808,2.9189568275103803,2.9211608691626374,2.9211608691626374,6.721370749190033,6.721370749190033
346.0,0.34600000000000003,0.001,0.499,84.87583274835178,3.3233976287359805,1.4813627368307665,0.058004230974414976,5.330100095786932,-0.6421434178088541,5.330100095786932,-0.6421434178088541,5.330100095786932,-0.6421434178088541,-1.3012325773805882,-0.11053225046434248,-1.4135075245263464,-22.69713533031256,-1.4135075245263464,-22.69713533031256,0.0,0.0,0.0,0.0,0.0,0.0,2.92117174940497,2.92117174940497,2.9211717494049703,2.923278378649214,2.923278378649214,6.718514536168836,6.718514536168836
347.0,0.34700000000000003,0.001,0.499,85.18077294735723,3.2880534214173416,1.486684947325098,0.057387358185197246,5.322210494331633,-0.6168727892177318,5.322210494331633,-0.6168727892177318,5.322210494331633,-0.6168727892177318,-1.3026865439241582,-0.13312791340802943,-1.4539665435700917,-22.59566294368696,-1.4539665435700917,-22.59566294368696,0.0,0.0,0.0,0.0,0.0,0.0,2.923288591500056,2.923288591500056,2.923288591500056,2.9252975531641274,2.9252975531641274,6.714340077333547,6.714340077333547
348.0,0.34800000000000003,0.001,0.499,85.48525644649449,3.254146049639637,1.4919991869030367,0.05679556290697849,5.314239577938583,-0.5917952782187548,5.314239577938583,-0.5917952782187548,5.314239577938583,-0.5917952782187548,-1.3041867237193345,-0.1556054055044219,-1.500179795176461,-22.477492096392474,-1.500179795176461,-22.477492096392474,0.0,0.0,0.0,0.0,0.0,0.0,2.925307117417355,2.925307117417355,2.925307117417355,2.927218171227197,2.927218171227197,6.708864653325991,6.708864653325991
349.0,0.34900000000000003,0.001,0.499,85.78927861662238,3.2216643294560674,1.4973053747708267,0.05622864994306371,5.306187867790129,-0.5669129639147875,5.306187867790129,-0.5669129639147875,5.306187867790129,-0.5669129639147875,-1.3057386545170238,-0.17794869519912948,-1.5519307976892367,-22.3432896947076,-1.5519307976892367,-22.3432896947076,0.0,0.0,0.0,0.0,0.0,0.0,2.9272271050759513,2.9272271050759513,2.9272271050759513,2.9290400255881623,2.9290400255881623,6.702109555379253,6.702109555379253
350.0,0.35000000000000003,0.001,0.499,86.09283485786369,3.1905969624556545,1.5026034306454659,0.05568642209898107,5.298055874639262,-0.5422278440826395,5.298055874639262,-0.5422278440826395,5.298055874639262,-0.5422278440826395,-1.3073476316246944,-0.20014249562124836,-1.6089771076706438,-22.193800422118887,-1.6089771076706438,-22.193800422118887,0.0,0.0,0.0,0.0,0.0,0.0,2.9290483466265735,2.9290483466265735,2.929048346626574,2.930762923156058,2.930762923156058,6.694099740103864,6.694099740103864
351.0,0.35100000000000003,0.001,0.499,86.39592059901176,3.1609325403991004,1.5078932747443468,0.05516868026339298,5.289844098880957,-0.5177418355880952,5.289844098880957,-0.5177418355880952,5.289844098880957,-0.5177418355880952,-1.3090186861522803,-0.2221723285568696,-1.6710545275859254,-22.029832935621236,-1.6710545275859254,-22.029832935621236,0.0,0.0,0.0,0.0,0.0,0.0,2.930770648381458,2.930770648381458,2.930770648381458,2.932386684925914,2.9323866849259135,6.684863440630935,6.684863440630935
352.0,0.352,0.001,0.499,86.6985312969411,3.1326595498296816,1.5131748277749717,0.05467522348857131,5.281553030624896,-0.4934567748216683,5.281553030624896,-0.4934567748216683,5.281553030624896,-0.4934567748216683,-1.3107565675887787,-0.24402457427276472,-1.7378814364984236,-21.85224571589511,-1.7378814364984236,-21.85224571589511,0.0,0.0,0.0,0.0,0.0,0.0,2.932393830741221,2.932393830741221,2.932393830741221,2.933911145902859,2.933911145902859,6.674431746584408,6.674431746584408
353.0,0.353,0.001,0.499,87.0006624360224,3.1057663766580053,1.5184480109247414,0.054205849070416555,5.273183149769593,-0.4693744181547529,5.273183149769593,-0.4693744181547529,5.273183149769593,-0.4693744181547529,-1.3125657306993557,-0.26568650728786125,-1.8091631105769848,-21.66193301509654,-1.8091631105769848,-21.66193301509654,0.0,0.0,0.0,0.0,0.0,0.0,2.933917728120784,2.933917728120784,2.9339177281207847,2.9353361550236268,2.9353361550236268,6.662838165578458,6.662838165578458
354.0,0.354,0.001,0.499,87.30230952754178,3.080241310719484,1.5237127458508193,0.0537603526280007,5.264734926077947,-0.4454964424158575,5.264734926077947,-0.4454964424158575,5.264734926077947,-0.4454964424158575,-1.314450326613727,-0.28714631858433537,-1.8845959143713567,-21.459811296474108,-1.8845959143713567,-21.459811296474108,0.0,0.0,0.0,0.0,0.0,0.0,2.935342188870142,2.935342188870142,2.935342188870142,2.936661575075524,2.936661575075524,6.650118178545691,6.650118178545691
355.0,0.355,0.001,0.499,87.60346810912449,3.0560725503033837,1.5289689546700735,0.05333852818261407,5.256208819254255,-0.42182444538662206,5.256208819254255,-0.42182444538662206,5.256208819254255,-0.42182444538662206,-1.3164141978759403,-0.3083931250807694,-1.963871262213263,-21.246806496434015,-1.963871262213263,-21.246806496434015,0.0,0.0,0.0,0.0,0.0,0.0,2.9366670751954134,2.9366670751954134,2.9366670751954134,2.937887282612852,2.937887282612852,6.636308800282835,6.636308800282835
356.0,0.356,0.001,0.499,87.90413374416306,3.0332482066523423,1.5342165599490962,0.05294016823629674,5.247605279022715,-0.39835994631732763,5.247605279022715,-0.39835994631732763,5.247605279022715,-0.39835994631732763,-1.3184608771459427,-0.329416967448787,-2.046679270002434,-21.023842368017654,-2.046679270002434,-21.023842368017654,0.0,0.0,0.0,0.0,0.0,0.0,2.9378922630755633,2.9378922630755633,2.937892263075563,2.9390131678708595,2.9390131678708595,6.621448155266906,6.621448155266906
357.0,0.357,0.001,0.499,88.2043020212501,3.0117563084312473,1.5394554846943036,0.05256506384983512,5.238924745207459,-0.3751043864616181,5.238924745207459,-0.3751043864616181,5.238924745207459,-0.3751043864616181,-1.320593589185321,-0.35020879753948986,-2.132712039378373,-20.791830090702838,-2.132712039378373,-20.791830090702838,0.0,0.0,0.0,0.0,0.0,0.0,2.9390176421760748,2.9390176421760748,2.9390176421760748,2.9400391346772077,2.9400391346772072,6.605575077175411,6.605575077175411
358.0,0.358,0.001,0.499,88.5039685536157,2.99158480616439,1.5446856523421177,0.05221300472020496,5.230167647814153,-0.3520591296301634,5.230167647814153,-0.3520591296301634,5.230167647814153,-0.3520591296301634,-1.3228152557227446,-0.37076045679935293,-2.2216665374235274,-20.55165925986306,-2.2216665374235274,-20.55165925986306,0.0,0.0,0.0,0.0,0.0,0.0,2.9400431157622253,2.9400431157622253,2.9400431157622253,2.940965100360986,2.940965100360986,6.588728738769047,6.588728738769047
359.0,0.359,0.001,0.499,88.80312897856975,2.9727215766398287,1.549906986749231,0.05188377925744196,5.22133440711321,-0.32922546276299663,5.22133440711321,-0.32922546276299663,5.22133440711321,-0.32922546276299663,-1.3251285027772066,-0.3910646471032678,-2.31324705446206,-20.304190303914908,-2.31324705446206,-20.304190303914908,0.0,0.0,0.0,0.0,0.0,0.0,2.940968600607945,2.940968600607945,2.940968600607945,2.94179099565933,2.94179099565933,6.570948316984809,6.570948316984809
360.0,0.36,0.001,0.499,89.10177895694882,2.955154427279906,1.5551194121829557,0.051577174660921696,5.21242543372466,-0.3066045965202678,5.21242543372466,-0.3066045965202678,5.21242543372466,-0.3066045965202678,-1.327535670016629,-0.4111148954240323,-2.4071672394222614,-20.050248320764442,-2.4071672394222614,-20.050248320764442,0.0,0.0,0.0,0.0,0.0,0.0,2.941794026903047,2.941794026903047,2.941794026903047,2.9425167646216264,2.9425167646216264,6.5522726963439855,6.5522726963439855
361.0,0.361,0.001,0.499,89.39991417256839,2.9388711004768737,1.5603228533116604,0.05129297699503054,5.203441128704716,-0.28419766589115786,5.203441128704716,-0.28419766589115786,5.203441128704716,-0.28419766589115786,-1.330038821742794,-0.43090551370312286,-2.503151726165086,-19.79061827909059,-2.503151726165086,-19.79061827909059,0.0,0.0,0.0,0.0,0.0,0.0,2.942519338158147,2.942519338158147,2.9425193381581467,2.9431423645113446,2.9431423645113446,6.532740212182395,6.532740212182395
362.0,0.362,0.001,0.499,89.69753033167984,2.923859277892607,1.5655172351952946,0.05103097126420984,5.194381883634094,-0.26200573082070155,5.194381883634094,-0.26200573082070155,5.194381883634094,-0.26200573082070155,-1.3326397591177814,-0.4504315551978511,-2.6009373749873945,-19.526041494728247,-2.6009373749873945,-19.526041494728247,0.0,0.0,0.0,0.0,0.0,0.0,2.9431444911067497,2.9431444911067497,2.9431444911067497,2.943667765705538,2.9436677657055386,6.512388433814576,6.512388433814576
363.0,0.363,0.001,0.499,89.99462316243273,2.9101065847213903,1.5707024832760028,0.05079094148735557,5.185248080708125,-0.2400297768542686,5.185248080708125,-0.2400297768542686,5.185248080708125,-0.2400297768542686,-1.3353400332790475,-0.46968876846542884,-2.700274161265955,-19.257213267577725,-2.700274161265955,-19.257213267577725,0.0,0.0,0.0,0.0,0.0,0.0,2.9436694556055483,2.9436694556055483,2.943669455605548,2.9440929515919945,2.9440929515919945,6.491253986581223,6.491253986581223
364.0,0.364,0.001,0.499,90.29118841434232,2.8976005939147824,1.5758785233688315,0.05057267077155612,5.176040092828711,-0.21827071579945434,5.176040092828711,-0.21827071579945434,5.176040092828711,-0.21827071579945434,-1.338140959027219,-0.4886735500145553,-2.800925748171544,-18.984781549126485,-2.800925748171544,-18.984781549126485,0.0,0.0,0.0,0.0,0.0,0.0,2.9440942145311495,2.9440942145311495,2.9440942145311495,2.944417918464108,2.944417918464108,6.4693724108105926,6.4693724108105926
365.0,0.365,0.001,0.499,90.58722185776247,2.88632883036757,1.5810452816525296,0.05037594138515099,5.166758283698167,-0.1967293864051306,5.166758283698167,-0.1967293864051306,5.166758283698167,-0.1967293864051306,-1.3410436288101368,-0.5073828965180689,-2.902669782917755,-18.709346503513597,-2.902669782917755,-18.709346503513597,0.0,0.0,0.0,0.0,0.0,0.0,2.944418763676533,2.944418763676533,2.944418763676533,2.9446426754134616,2.9446426754134616,6.4467780550446045,6.4467780550446045
366.0,0.366,0.001,0.499,90.88271928336407,2.8762787750638514,1.5862026846604445,0.05020053483009358,5.157403007915,-0.17540655505740643,5.157403007915,-0.17540655505740643,5.157403007915,-0.17540655505740643,-1.344048926766676,-0.5258143573426787,-3.005297956539039,-18.431460824609733,-3.005297956539039,-18.431460824609733,0.0,0.0,0.0,0.0,0.0,0.0,2.9446431116430642,2.9446431116430642,2.9446431116430642,2.94476724422016,2.9447672442201602,6.42350400042049,6.42350400042049
367.0,0.367,0.001,0.499,91.17767650161898,2.8674378691822864,1.591350659271516,0.05004623191360134,5.14797461107167,-0.15430291649224567,5.14797461107167,-0.15430291649224567,5.14797461107167,-0.15430291649224567,-1.3471575426328275,-0.543965988018993,-3.1086158661514287,-18.15163067631436,-3.1086158661514287,-18.15163067631436,0.0,0.0,0.0,0.0,0.0,0.0,2.9447672797313276,2.9447672797313276,2.9447672797313276,2.944791659240928,2.9447916592409276,6.399582012833294,6.399582012833294
368.0,0.368,0.001,0.499,91.47208934228975,2.859793518159576,1.5964891327013704,0.04991281281907685,5.1384734298543755,-0.1334190945244861,5.1384734298543755,-0.1334190945244861,5.1384734298543755,-0.1334190945244861,-1.350369985349278,-0.561836305150755,-3.2124427164505804,-17.87031713176198,-3.2124427164505804,-17.87031713176198,0.0,0.0,0.0,0.0,0.0,0.0,2.9447913018299765,2.9447913018299765,2.9447913018299765,2.9447159672950254,2.944715967295025,6.375042519402685,6.375042519402685
369.0,0.369,0.001,0.499,91.76595365392517,2.8533330957112524,1.6016180324935152,0.04980005717628385,5.128899792144896,-0.11275564279300078,5.128899792144896,-0.11275564279300078,5.128899792144896,-0.11275564279300078,-1.3536865962434939,-0.5794242431488686,-3.3166108942158132,-17.58793799811367,-3.3166108942158132,-17.58793799811367,0.0,0.0,0.0,0.0,0.0,0.0,2.9447152243012633,2.9447152243012633,2.9447152243012633,2.944540227547958,2.944540227547958,6.34991460579764,6.34991460579764
370.0,0.37,0.001,0.499,92.0592653033618,2.848043947808858,1.6067372865106397,0.049707744130762115,5.119254017124551,-0.09231304552173636,5.119254017124551,-0.09231304552173636,5.119254017124551,-0.09231304552173636,-1.3571075616896253,-0.5967291130748863,-3.4209654461315235,-17.304869926017698,-3.4209654461315235,-17.304869926017698,0.0,0.0,0.0,0.0,0.0,0.0,2.9445391058653634,2.9445391058653634,2.9445391058653634,2.9442645113930683,2.9442645113930683,6.324226031104037,6.324226031104037
371.0,0.371,0.001,0.499,92.35202017523149,2.8439133966126304,1.61184682292602,0.04963565241246575,5.109536415380292,-0.07209171829636009,5.109536415380292,-0.07209171829636009,5.109536415380292,-0.07209171829636009,-1.360632925176191,-0.6137505637906768,-3.525363486565749,-17.021450715790582,-3.525363486565749,-17.021450715790582,0.0,0.0,0.0,0.0,0.0,0.0,2.944263017482118,2.944263017482118,2.944263017482118,2.943888902330987,2.943888902330987,6.298003257124778,6.298003257124778
372.0,0.372,0.001,0.499,92.64421417147523,2.8409287443588096,1.6169465702150332,0.04958356040360951,5.099747289012974,-0.052092008856239005,5.099747289012974,-0.052092008856239005,5.099747289012974,-0.052092008856239005,-1.36426259873445,-0.6304885455359129,-3.6296735582589763,-16.737981745236148,-3.6296735582589763,-16.737981745236148,0.0,0.0,0.0,0.0,0.0,0.0,2.9438870422308137,2.9438870422308137,2.943887042230813,2.943413495847004,2.943413495847004,6.271271489255234,6.271271489255234
373.0,0.373,0.001,0.499,92.93584321086317,2.839077277200705,1.6220364571467811,0.04955124620570804,5.0898869317478335,-0.03231419790146845,5.0898869317478335,-0.03231419790146845,5.0898869317478335,-0.03231419790146845,-1.3679963736997713,-0.646943275992218,-3.7337749653211767,-16.45473045630508,-3.7337749653211767,-16.45473045630508,0.0,0.0,0.0,0.0,0.0,0.0,2.943411275187497,2.943411275187497,2.9434112751874966,2.942838399286373,2.942838399286373,6.244054726358091,6.244054726358091
374.0,0.374,0.001,0.499,93.22690322852131,2.838346269002677,1.6271164127758284,0.04953848770579338,5.0799556290472,-0.01275849991466086,5.0799556290472,-0.01275849991466086,5.0799556290472,-0.01275849991466086,-1.3718339307943836,-0.6631152088413972,-3.8375570946123583,-16.17193284917914,-3.8375570946123583,-16.17193284917914,0.0,0.0,0.0,0.0,0.0,0.0,2.942835823300592,2.942835823300592,2.942835823300592,2.9421637317275993,2.942163731727599,6.216375817354228,6.216375817354228
375.0,0.375,0.001,0.499,93.51739017546454,2.838722985086206,1.632186366434054,0.049545062641796186,5.06995365822547,0.006574936002802836,5.06995365822547,0.006574936002802836,5.06995365822547,0.006574936002802836,-1.3757748495329383,-0.6790050047840458,-3.940918738554574,-15.889795942648572,-3.940918738554574,-15.889795942648572,0.0,0.0,0.0,0.0,0.0,0.0,2.942160805263947,2.942160805263947,2.942160805263947,2.9413896238537305,2.9413896238537305,6.188256522537567,6.188256522537567
376.0,0.376,0.001,0.499,93.8073000181366,2.8401946859272376,1.6372462477226202,0.04957074866707655,5.059881288566356,0.02568602528036588,5.059881288566356,0.02568602528036588,5.059881288566356,0.02568602528036588,-1.3798186169626625,-0.694613504952792,-4.04376742972416,-15.608500168746147,-4.04376742972416,-15.608500168746147,0.0,0.0,0.0,0.0,0.0,0.0,2.9413863513887053,2.9413863513887053,2.9413863513887053,2.9405162178216777,2.9405162178216773,6.159717577902167,6.159717577902167
377.0,0.377,0.001,0.499,94.0966287379568,2.8427486308040057,1.6422959865040627,0.0496153234140906,5.049738781442439,0.04457474701404622,5.049738781442439,0.04457474701404622,5.049738781442439,0.04457474701404622,-1.3839646357578743,-0.709941706630283,-4.1460187952118535,-15.32820167749101,-4.1460187952118535,-15.32820167749101,0.0,0.0,0.0,0.0,0.0,0.0,2.940512603472892,2.940512603472892,2.940512603472892,2.939543667129631,2.939543667129631,6.130778761032996,6.130778761032996
378.0,0.378,0.001,0.499,94.38537233087364,2.8463720813945694,1.6473355128944998,0.04967856455717927,5.039526390437021,0.06324114308866848,5.039526390437021,0.06324114308866848,5.039526390437021,0.06324114308866848,-1.3882122316945829,-0.7249907411646014,-4.247595936708539,-15.049034534318421,-4.247595936708539,-15.049034534318421,0.0,0.0,0.0,0.0,0.0,0.0,2.9395397146678603,2.9395397146678603,2.9395397146678603,2.938472136482582,2.938472136482582,6.101458957353213,6.101458957353213
379.0,0.379,0.001,0.499,94.67352680692574,2.8510523053232966,1.652364757255968,0.04976024987446618,5.029244361468301,0.08168531728691052,5.029244361468301,0.08168531728691052,5.029244361468301,0.08168531728691052,-1.3925606605351404,-0.7397618539630043,-4.348428840557596,-14.771112798402955,-4.348428840557596,-14.771112798402955,0.0,0.0,0.0,0.0,0.0,0.0,2.938467849344201,2.938467849344201,2.938467849344201,2.937301801656006,2.9373018016560066,6.071776225738792,6.071776225738792
380.0,0.38,0.001,0.499,94.96108818980986,2.8567765796555666,1.657383650188884,0.04986015730885169,5.018892932915873,0.09990743438550753,5.018892932915873,0.09990743438550753,5.018892932915873,0.09990743438550753,-1.3970091143557262,-0.7542563864377242,-4.448453820585764,-14.494532474719911,-4.448453820585764,-14.494532474719911,0.0,0.0,0.0,0.0,0.0,0.0,2.937297182957082,2.937297182957082,2.9372971829570815,2.9360328493577286,2.9360328493577286,6.0417478627045815,6.0417478627045815
381.0,0.381,0.001,0.499,95.24805251645633,2.8635321943399727,1.6623921225246334,0.04997806502809066,5.008472335749541,0.11790771923896418,5.008472335749541,0.11790771923896418,5.008472335749541,0.11790771923896418,-1.40155672735108,-0.768475759774165,-4.547612995353957,-14.21937333644087,-4.547612995353957,-14.21937333644087,0.0,0.0,0.0,0.0,0.0,0.0,2.936027901904974,2.936027901904974,2.936027901904974,2.9346654770880525,2.9346654770880525,6.011390464535165,6.011390464535165
382.0,0.382,0.001,0.499,95.53441583661207,2.871306455597331,1.6673901053182938,0.050113751483941794,4.997982793660455,0.13568645585113873,4.997982793660455,0.13568645585113873,4.997982793660455,0.13568645585113873,-1.406202581151607,-0.7824214603914009,-4.64585380052691,-13.94570061723584,-4.64585380052691,-13.94570061723584,0.0,0.0,0.0,0.0,0.0,0.0,2.93466020339303,2.93466020339303,2.93466020339303,2.9331998929981427,2.933199892998143,5.980719986880088,5.980719986880088
383.0,0.383,0.001,0.499,95.82017421243117,2.880086689255821,1.6723775298414882,0.050266995470376864,4.987424523194544,0.1532439864350696,4.987424523194544,0.1532439864350696,4.987424523194544,0.1532439864350696,-1.4109457096879228,-0.7960950269667656,-4.743128536315653,-13.673566575364637,-4.743128536315653,-13.673566575364637,0.0,0.0,0.0,0.0,0.0,0.0,2.9331942952885535,2.9331942952885535,2.933194295288553,2.931636315746758,2.9316363157467578,5.94975180145772,5.94975180145772
384.0,0.384,0.001,0.499,96.10532371807322,2.8898602440316035,1.6773543275753764,0.050437576180838294,4.9767977338882545,0.170580710461427,4.9767977338882545,0.170580710461427,4.9767977338882545,0.170580710461427,-1.4157851036372935,-0.8094980388999518,-4.8393939493706375,-13.403011933186196,-4.8393939493706375,-13.403011933186196,0.0,0.0,0.0,0.0,0.0,0.0,2.9316303959801346,2.9316303959801346,2.931630395980135,2.929974974355351,2.9299749743553516,5.918500749617225,5.918500749617225
385.0,0.385,0.001,0.499,96.38986043930974,2.900614494754297,1.6823204302037829,0.050625273264534275,4.966102628406547,0.1876970836959817,4.966102628406547,0.1876970836959817,4.966102628406547,0.1876970836959817,-1.420719714485363,-0.8226321060969412,-4.934610848069512,-13.134067196989388,-4.934610848069512,-13.134067196989388,0.0,0.0,0.0,0.0,0.0,0.0,2.929968734230768,2.929968734230768,2.929968734230768,2.928216108061595,2.928216108061595,5.886981192595717,5.886981192595717
386.0,0.386,0.001,0.499,96.67378047313836,2.9123368455366903,1.687275769606466,0.05082986688176077,4.95533940268315,0.20459361722649186,4.95533940268315,0.20459361722649186,4.95533940268315,0.20459361722649186,-1.4257484582351907,-0.8354988599598774,-5.028743749827797,-12.866753862936193,-5.028743749827797,-12.866753862936193,0.0,0.0,0.0,0.0,0.0,0.0,2.928209549032359,2.928209549032359,2.9282095490323594,2.926359966171375,2.926359966171375,5.855207058379756,5.855207058379756
387.0,0.387,0.001,0.499,96.9570799274054,2.9250147328881217,1.692220277852529,0.05105113775824019,4.944508246063036,0.22127087647942,4.944508246063036,0.22127087647942,4.944508246063036,0.22127087647942,-1.4308702187940328,-0.848099945475358,-5.1217605588420865,-12.601085515480715,-5.1217605588420865,-12.601085515480715,0.0,0.0,0.0,0.0,0.0,0.0,2.926353089457308,2.926353089457308,2.926353089457308,2.9244068079093233,2.9244068079093233,5.823191885138969,5.823191885138969
388.0,0.388,0.001,0.499,97.23975492043665,2.9386356287709616,1.6971538871939762,0.05128886723846709,4.933609341447069,0.2377294802269013,4.933609341447069,0.2377294802269013,4.933609341447069,0.2377294802269013,-1.4360838510665679,-0.8604370143003068,-5.213632272535223,-12.337068824948766,-5.213632272535223,-12.337068824948766,0.0,0.0,0.0,0.0,0.0,0.0,2.9243996145086046,2.9243996145086046,2.9243996145086046,2.9223569022679174,2.9223569022679174,5.790948861246417,5.790948861246417
389.0,0.389,0.001,0.499,97.52180158067648,2.953187043599665,1.702076530059415,0.051542837338051484,4.922642865438821,0.25397009958439387,4.922642865438821,0.25397009958439387,4.922642865438821,0.25397009958439387,-1.4413881837814633,-0.8725117187513931,-5.304332714895467,-12.074704451086276,-5.304332714895467,-12.074704451086276,0.0,0.0,0.0,0.0,0.0,0.0,2.9223493929692093,2.9223493929692093,2.9223493929692093,2.9202105278552244,2.9202105278552244,5.758490861937323,5.758490861937323
390.0,0.39,0.001,0.499,97.80321604633568,2.9686565291818803,1.7069881390479085,0.05181283079505093,4.91160898849347,0.26999345699945027,4.91160898849347,0.26999345699945027,4.91160898849347,0.26999345699945027,-1.4467820220763368,-0.884325706610749,-5.393838294873479,-11.81398785935598,-5.393838294873479,-11.81398785935598,0.0,0.0,0.0,0.0,0.0,0.0,2.920202703249964,2.920202703249964,2.920202703249964,2.917967972741325,2.917967972741325,5.725830482686259,5.725830482686259
391.0,0.391,0.001,0.499,98.08399446504774,2.9850316816011433,1.7118886469229773,0.05209863112028299,4.9005078750687785,0.2858003252320599,4.9005078750687785,0.2858003252320599,4.9005078750687785,0.2858003252320599,-1.4522641498643476,-0.8958806166673671,-5.482127788010741,-11.554910056618052,-5.482127788010741,-11.554910056618052,0.0,0.0,0.0,0.0,0.0,0.0,2.917959833234715,2.917959833234715,2.917959833234715,2.915629534303492,2.915629534303492,5.692980069404435,5.692980069404435
392.0,0.392,0.001,0.499,98.36413299353406,3.002300144040688,1.7167779866067554,0.05240002264661001,4.889339683778056,0.3013915263270186,4.889339683778056,0.3013915263270186,4.889339683778056,0.3013915263270186,-1.4578333320038592,-0.9071780749199697,-5.569182139511537,-11.297458252602636,-5.569182139511537,-11.297458252602636,0.0,0.0,0.0,0.0,0.0,0.0,2.9156210801265643,2.9156210801265643,2.9156210801265643,2.913195519070173,2.9131955190701735,5.659951745574404,5.659951745574404
393.0,0.393,0.001,0.499,98.64362779727787,3.0204496095479456,1.7216560911743004,0.0527167905771888,4.8781045675450825,0.3167679305787922,4.8781045675450825,0.3167679305787922,4.8781045675450825,0.3167679305787922,-1.4634883162908894,-0.9182196913732651,-5.6549842870301745,-11.041616453295344,-5.6549842870301745,-11.041616453295344,0.0,0.0,0.0,0.0,0.0,0.0,2.9131867502902633,2.9131867502902633,2.9131867502902633,2.9106662425638388,2.9106662425638383,5.626757436450382,5.626757436450382
394.0,0.394,0.001,0.499,98.92247505020735,3.03946782373934,1.7265228938480612,0.05304872103267815,4.866802673760914,0.33193045548934685,4.866802673760914,0.33193045548934685,4.866802673760914,0.33193045548934685,-1.4692278352924089,-0.9290070573652961,-5.739519001519536,-10.787365992031026,-5.739519001519536,-10.787365992031026,0.0,0.0,0.0,0.0,0.0,0.0,2.9106571590967647,2.9106571590967647,2.9106571590967647,2.9080420291427536,2.9080420291427536,5.59340889045949,5.59340889045949
395.0,0.395,0.001,0.499,99.20067093438762,3.059342587444988,1.7313783279925037,0.05339560109739758,4.855434144442507,0.3468800647194269,4.855434144442507,0.3468800647194269,4.855434144442507,0.3468800647194269,-1.4750506080369803,-0.9395417433690383,-5.822772744571373,-10.534686003742188,-5.822772744571373,-10.534686003742188,0.0,0.0,0.0,0.0,0.0,0.0,2.908032630763092,2.908032630763092,2.908032630763092,2.905323211841749,2.905323211841749,5.559917697943149,5.559917697943149
396.0,0.396,0.001,0.499,99.47821163972205,3.080061759292968,1.7362223271088968,0.05375721886443135,4.8439991163931,0.36161776703376985,4.8439991163931,0.36161776703376985,4.8439991163931,0.36161776703376985,-1.4809553415777494,-0.949825297216487,-5.904733540769049,-10.283553847448669,-5.904733540769049,-10.283553847448669,0.0,0.0,0.0,0.0,0.0,0.0,2.905313498193372,2.905313498193372,2.9053134981933724,2.9025101322120297,2.9025101322120297,5.526295307379399,5.526295307379399
397.0,0.397,0.001,0.499,99.75509336366281,3.1016132582328355,1.741054824830261,0.0541333634796721,4.832497721364266,0.37614461524075127,4.832497721364266,0.37614461524075127,4.832497721364266,0.37614461524075127,-1.4869407324414161,-0.9598592426982012,-5.985390863666669,-10.033945481714225,-5.985390863666669,-10.033945481714225,0.0,0.0,0.0,0.0,0.0,0.0,2.9025001028190656,2.9025001028190656,2.9025001028190656,2.8996031401601163,2.8996031401601168,5.4925530392265545,5.4925530392265545
398.0,0.398,0.001,0.499,100.03131231093083,3.123985065998092,1.7458757549164807,0.05452382518479906,4.820930086219569,0.39046170512696204,4.820930086219569,0.39046170512696204,4.820930086219569,0.39046170512696204,-1.4930054679755185,-0.9696450784956416,-6.06473553410229,-9.78583579744041,-6.06473553410229,-9.78583579744041,0.0,0.0,0.0,0.0,0.0,0.0,2.8995927944368,2.8995927944368,2.8995927944367996,2.896602593785953,2.8966025937859534,5.45870209752674,5.45870209752674
399.0,0.399,0.001,0.499,100.30686469324519,3.147165229507352,1.7506850512495804,0.05492839535918629,4.809296333099735,0.40457017438722337,4.809296333099735,0.40457017438722337,4.809296333099735,0.40457017438722337,-1.499148227605164,-0.9791842774076656,-6.142759629645513,-9.539198912023924,-6.142759629645513,-9.539198912023924,0.0,0.0,0.0,0.0,0.0,0.0,2.896591931046794,2.896591931046794,2.896591931046794,2.8935088592202756,2.8935088592202756,5.424753579405035,5.424753579405035
400.0,0.4,0.001,0.499,100.58174672906205,3.171141863203967,1.7554826478291696,0.05534686656073684,4.797596579589259,0.4184712015505521,4.797596579589259,0.4184712015505521,4.797596579589259,0.4184712015505521,-1.5053676840092338,-0.9884782858362396,-6.219456404069763,-9.294008428574045,-6.219456404069763,-9.294008428574045,0.0,0.0,0.0,0.0,0.0,0.0,2.893497878689195,2.893497878689195,2.8934978786891947,2.89032231046128,2.89032231046128,5.390718482596219,5.390718482596219
401.0,0.401,0.001,0.499,100.85595464332326,3.1959031513339156,1.760268478768054,0.05577903256563943,4.785830938884351,0.43216600490259116,4.785830938884351,0.43216600490259116,4.785830938884351,0.43216600490259116,-1.51166250422506,-0.9975285234998139,-6.294820215826222,-9.050237663574242,-6.294820215826222,-9.050237663574242,0.0,0.0,0.0,0.0,0.0,0.0,2.8903110112825243,2.8903110112825243,2.8903110112825243,2.8870433292106923,2.887043329210692,5.356607711126975,5.356607711126975
402.0,0.402,0.001,0.499,101.12948466721457,3.221437350161775,1.765042478288016,0.056224688407044456,4.773999519962143,0.4456558414050258,4.773999519962143,0.4456558414050258,4.773999519962143,0.4456558414050258,-1.518031350689639,-1.006336383345892,-6.368846464578918,-8.807859846078147,-6.368846464578918,-8.807859846078147,0.0,0.0,0.0,0.0,0.0,0.0,2.887031710456365,2.887031710456365,2.887031710456365,2.883672304709264,2.883672304709264,5.32243207927687,5.32243207927687
403.0,0.403,0.001,0.499,101.4023330379337,3.247732790124641,1.7698045807157672,0.05668363041265696,4.762102427751041,0.45894200561250964,4.762102427751041,0.45894200561250964,4.762102427751041,0.45894200561250964,-1.5244728822245774,-1.0149032316371476,-6.441531534938532,-8.566848291255479,-6.441531534938532,-8.566848291255479,0.0,0.0,0.0,0.0,0.0,0.0,2.8836603653893476,2.8836603653893476,2.8836603653893476,2.8802096335718086,2.8802096335718086,5.288202313936698,5.288202313936698
404.0,0.404,0.001,0.499,101.67449599846819,3.2747778779238774,1.7745547204790693,0.057155656241244586,4.7501397633021485,0.4720258285876256,4.7501397633021485,0.4720258285876256,4.7501397633021485,0.4720258285876256,-1.5309857549711834,-1.023230408187996,-6.512872746605968,-8.327176550848334,-6.512872746605968,-8.327176550848334,0.0,0.0,0.0,0.0,0.0,0.0,2.880197372642948,2.880197372642948,2.880197372642948,2.8766557196218074,2.8766557196218074,5.2539290554781335,5.2539290554781335
405.0,0.405,0.001,0.499,101.94596979738306,3.3025610985546163,1.7792928321030308,0.057640564918058995,4.738111623961636,0.4849086768144107,4.738111623961636,0.4849086768144107,4.738111623961636,0.4849086768144107,-1.5375686232813888,-1.0313192267308584,-6.582868310205361,-8.088818542862414,-6.582868310205361,-8.088818542862414,0.0,0.0,0.0,0.0,0.0,0.0,2.8766431359948395,2.8766431359948395,2.87664313599484,2.8730109737256826,2.8730109737256826,5.219622857243734,5.219622857243734
406.0,0.406,0.001,0.499,102.21675068861855,3.331071017272955,1.7840188502065748,0.05813815686916997,4.726018103543975,0.4975919511109744,4.726018103543975,0.4975919511109744,4.726018103543975,0.4975919511109744,-1.544220140569539,-1.0391709753934588,-6.651517288150228,-7.851748662600517,-6.651517288150228,-7.851748662600517,0.0,0.0,0.0,0.0,0.0,0.0,2.8729980662746057,2.8729980662746057,2.8729980662746053,2.8692758136267913,2.8692758136267913,5.185294183761916,5.185294183761916
407.0,0.40700000000000003,0.001,0.499,102.48683493129766,3.3602962815008306,1.7887327094990808,0.05864823395471171,4.713859292505917,0.5100770855417417,4.713859292505917,0.5100770855417417,4.713859292505917,0.5100770855417417,-1.550938960129485,-1.0467869172704052,-6.7188195599458505,-7.615941876946393,-6.7188195599458505,-7.615941876946393,0.0,0.0,0.0,0.0,0.0,0.0,2.8692625811967445,2.8692625811967445,2.869262581196745,2.865450663779218,2.8654506637792183,5.150953407786904,5.150953407786904
408.0,0.40800000000000003,0.001,0.499,102.75621878954382,3.3902256226685763,1.7934343447772019,0.05917059950104157,4.7016352781211115,0.5223655463298523,4.7016352781211115,0.5223655463298523,4.7016352781211115,0.5223655463298523,-1.5577237359208709,-1.05416829107403,-6.784775791385961,-7.381373803624751,-6.784775791385961,-7.381373803624751,0.0,0.0,0.0,0.0,0.0,0.0,2.8654371051934104,2.8654371051934104,2.8654371051934104,2.86153595518143,2.86153595518143,5.116610806259428,5.116610806259428
409.0,0.40900000000000003,0.001,0.499,103.02489853230851,3.4208478579952084,1.7981236909218572,0.05970505833181181,4.689346144655263,0.534458830770246,4.689346144655263,0.534458830770246,4.689346144655263,0.534458830770246,-1.5645731233280236,-1.061316311851027,-6.849387407152575,-7.148020776996992,-6.849387407152575,-7.148020776996992,0.0,0.0,0.0,0.0,0.0,0.0,2.8615220692489225,2.8615220692489225,2.861522069248923,2.857532125209865,2.857532125209865,5.082276555279874,5.082276555279874
410.0,0.41000000000000003,0.001,0.499,103.29287043320902,3.452151892206499,1.8028006828953989,0.06025141679795578,4.6769919735417025,0.546358466143965,4.6769919735417025,0.546358466143965,4.6769919735417025,0.546358466143965,-1.5714857798943982,-1.0682321717528278,-6.912656566374568,-6.915859901800931,-6.912656566374568,-6.915859901800931,0.0,0.0,0.0,0.0,0.0,0.0,2.8575179107330966,2.8575179107330966,2.857517910733097,2.8534396174525374,2.853439617452538,5.047960724181682,5.047960724181682
411.0,0.41100000000000003,0.001,0.499,103.56013077037618,3.4841267191909497,1.8074652557389561,0.06080948280658998,4.664572843557266,0.5580660086342014,4.664572843557266,0.5580660086342014,4.664572843557266,0.5580660086342014,-1.5784603660351417,-1.0749170408489332,-6.97458614074364,-6.684869096105408,-6.97458614074364,-6.684869096105408,0.0,0.0,0.0,0.0,0.0,0.0,2.853425073232925,2.853425073232925,2.853425073232925,2.849258881542701,2.849258881542701,5.013673268789154,5.013673268789154
412.0,0.41200000000000003,0.001,0.499,103.82667582631234,3.5167614235937883,1.8121173445699545,0.061379065848834596,4.652088830998371,0.5695830422446165,4.652088830998371,0.5695830422446165,4.652088830998371,0.5695830422446165,-1.5854955457299675,-1.0813720679735594,-7.035179694825806,-6.455027124626162,-7.035179694825806,-6.455027124626162,0.0,0.0,0.0,0.0,0.0,0.0,2.849244006388739,2.849244006388739,2.849244006388739,2.844990372992669,2.8449903729926684,4.979424023940399,4.979424023940399
413.0,0.41300000000000003,0.001,0.499,104.09250188775924,3.550045182349144,1.8167568845798117,0.06195997702655505,4.639540009857163,0.5809111777204538,4.639540009857163,0.5809111777204538,4.639540009857163,0.5809111777204538,-1.5925899871982103,-1.087598381596996,-7.094441468242802,-6.226313623436678,-7.094441468242802,-6.226313623436678,0.0,0.0,0.0,0.0,0.0,0.0,2.844975165724647,2.844975165724647,2.844975165724647,2.840634553027844,2.8406345530278436,4.945222695352931,4.945222695352931
414.0,0.41400000000000003,0.001,0.499,104.35760524557614,3.5839672661506077,1.8213838110318092,0.06255202907802802,4.6269264519976385,0.5920520514729676,4.6269264519976385,0.5920520514729676,4.6269264519976385,0.5920520514729676,-1.5997423635576413,-1.093597090714002,-7.152376359431029,-5.998709117005879,-7.152376359431029,-5.998709117005879,0.0,0.0,0.0,0.0,0.0,0.0,2.8406190124852513,2.8406190124852513,2.8406190124852513,2.836191888421023,2.836191888421023,4.911078850906353,4.911078850906353
415.0,0.41500000000000004,0.001,0.499,104.62198219462798,3.618517040860374,1.825998059259141,0.06315503640253571,4.6142482273315935,0.6030073245076829,4.6142482273315935,0.6030073245076829,4.6142482273315935,0.6030073245076829,-1.6069513534683575,-1.0993692857424047,-7.208989910716069,-5.772195028402687,-7.208989910716069,-5.772195028402687,0.0,0.0,0.0,0.0,0.0,0.0,2.836176013467063,2.836176013467063,2.836176013467063,2.831662851327071,2.831662851327071,4.877001911413783,4.877001911413783
416.0,0.41600000000000004,0.001,0.499,104.88562903368349,3.6536839688572345,1.8305995646631352,0.0637688150838927,4.601505403994313,0.613778681356996,4.601505403994313,0.613778681356996,4.601505403994313,0.613778681356996,-1.6142156417628262,-1.1049160394258293,-7.264288294468617,-5.546753683424616,-7.264288294468617,-5.546753683424616,0.0,0.0,0.0,0.0,0.0,0.0,2.831646640855137,2.831646640855137,2.831646640855137,2.827047919117992,2.827047919117992,4.843001140950934,4.843001140950934
417.0,0.417,0.001,0.499,105.1485420653236,3.6894576103236902,1.8351882627116551,0.06439318291291032,4.588698048519868,0.6243678290176243,4.588698048519868,0.6243678290176243,4.588698048519868,0.6243678290176243,-1.6215339200629593,-1.1102384077351624,-7.318278300133183,-5.322368309333003,-7.318278300133183,-5.322368309333003,0.0,0.0,0.0,0.0,0.0,0.0,2.8270313720560187,2.8270313720560187,2.8270313720560187,2.8223475742184863,2.822347574218486,4.8090856368093045,4.8090856368093045
418.0,0.418,0.001,0.499,105.41071759585957,3.725827624472485,1.839764088937671,0.06502795940880372,4.575826226015904,0.6347764958934038,4.575826226015904,0.6347764958934038,4.575826226015904,0.6347764958934038,-1.6289048873849035,-1.1153374307639727,-7.370967321944117,-5.099023028810372,-7.370967321944117,-5.099023028810372,0.0,0.0,0.0,0.0,0.0,0.0,2.822330689534174,2.822330689534174,2.822330689534174,2.8175623039420876,2.817562303942088,4.775264319137492,4.775264319137492
419.0,0.419,0.001,0.499,105.67215193526138,3.7627837707129097,1.8443269789380088,0.06567296583954765,4.562890000337803,0.6450064307439293,4.562890000337803,0.6450064307439293,4.562890000337803,0.6450064307439293,-1.6363272507320683,-1.1202141336136677,-7.422363347164819,-4.8767028496950875,-7.422363347164819,-4.8767028496950875,0.0,0.0,0.0,0.0,0.0,0.0,2.817545080648127,2.817545080648127,2.8175450806481273,2.8126926003278774,2.8126926003278774,4.741545920332421,4.741545920332421
420.0,0.42,0.001,0.499,105.93284139709576,3.8003159097572197,1.848876868372271,0.06632802524118718,4.549889434262107,0.6550594016395238,4.549889434262107,0.6550594016395238,4.549889434262107,0.6550594016395238,-1.6437997256767736,-1.124869527264662,-7.47247494470536,-4.65539365099427,-7.47247494470536,-4.65539365099427,0.0,0.0,0.0,0.0,0.0,0.0,2.8126750374859175,2.8126750374859175,2.8126750374859175,2.807738959977906,2.807738959977906,4.70793897424009,4.70793897424009
421.0,0.421,0.001,0.499,106.1927822984744,3.838414004667576,1.85341369296193,0.06699296243611019,4.536824589659081,0.664937194923016,4.536824589659081,0.664937194923016,4.536824589659081,0.664937194923016,-1.6513210369307652,-1.1293046094302892,-7.521311253991478,-4.4350821656272625,-7.521311253991478,-4.4350821656272625,0.0,0.0,0.0,0.0,0.0,0.0,2.8077210567019435,2.8077210567019435,2.8077210567019435,2.8027018838953572,2.802701883895357,4.67445180522339,4.67445180522339
422.0,0.422,0.001,0.499,106.45197096001178,3.877068121843914,1.8579373884895944,0.06766760405028899,4.523695527664305,0.6746416141787976,4.523695527664305,0.6746416141787976,4.523695527664305,0.6746416141787976,-1.6588899189047392,-1.1335203653905974,-7.5688819739740625,-4.215755960308267,-7.5688819739740625,-4.215755960308267,0.0,0.0,0.0,0.0,0.0,0.0,2.802683639357266,2.802683639357266,2.802683639357266,2.7975818773235126,2.7975818773235126,4.641092517152527,4.641092517152527
423.0,0.423,0.001,0.499,106.71040370579286,3.9162684319531866,1.8624478907984436,0.06835177852949861,4.510502308849175,0.684174479209625,4.510502308849175,0.684174479209625,4.510502308849175,0.684174479209625,-1.6665051162569222,-1.137517768803535,-7.615197352182962,-3.9974034129376075,-7.615197352182962,-3.9974034129376075,0.0,0.0,0.0,0.0,0.0,0.0,2.797563290755824,2.797563290755824,2.797563290755824,2.792379449585595,2.792379449585595,4.607868982371661,4.607868982371661
424.0,0.424,0.001,0.499,106.96807686335045,3.956005210800452,1.8669451357918339,0.06904531615452023,4.497244993390202,0.6935376250216154,4.497244993390202,0.6935376250216154,4.497244993390202,0.6935376250216154,-1.6741653844306645,-1.1412977824913708,-7.66026817374239,-3.780013687835895,-7.66026817374239,-3.780013687835895,0.0,0.0,0.0,0.0,0.0,0.0,2.79236052028418,2.79236052028418,2.79236052028418,2.7870951139255373,2.7870951139255373,4.574788830693437,4.574788830693437
425.0,0.425,0.001,0.499,107.22498676365227,3.9962688401423025,1.871429059433071,0.06974804905533812,4.483923641236998,0.7027329008178855,4.483923641236998,0.7027329008178855,4.483923641236998,0.7027329008178855,-1.681869490180942,-1.1448613592004948,-7.704105750277382,-3.5635767091239217,-7.704105750277382,-3.5635767091239217,0.0,0.0,0.0,0.0,0.0,0.0,2.787075841254766,2.787075841254766,2.787075841254766,2.7817293873497446,2.7817293873497446,4.541859438471244,4.541859438471244
426.0,0.426,0.001,0.499,107.48112974109738,4.037049808443152,1.8758995977453496,0.07045981122433938,4.470538312278835,0.7117621690012659,4.470538312278835,0.7117621690012659,4.470538312278835,0.7117621690012659,-1.689616212089594,-1.1482094423330176,-7.746721908651921,-3.348083132522824,-7.746721908651921,-3.348083132522824,0.0,0.0,0.0,0.0,0.0,0.0,2.781709770743575,2.781709770743575,2.781709770743575,2.776282790469908,2.776282790469908,4.509087917797165,4.509087917797165
427.0,0.427,0.001,0.499,107.73650213352228,4.078338711574929,1.8803566868118593,0.07118043852852589,4.457089066509677,0.7206273041865136,4.457089066509677,0.7206273041865136,4.457089066509677,0.7206273041865136,-1.6974043410690833,-1.1513429666488413,-7.788128979489388,-3.1335243158237804,-7.788128979489388,-3.1335243158237804,0.0,0.0,0.0,0.0,0.0,0.0,2.7762628294356984,2.7762628294356984,2.7762628294356984,2.770755847346919,2.770755847346919,4.476481105871704,4.476481105871704
428.0,0.428,0.001,0.499,107.99110028221624,4.1201262534607395,1.884800262776051,0.07190976872074832,4.4435759641915595,0.7293301922224393,4.4435759641915595,0.7293301922224393,4.4435759641915595,0.7293301922224393,-1.7052326808545186,-1.1542628589370951,-7.828339785435183,-2.919892288253802,-7.828339785435183,-2.919892288253802,0.0,0.0,0.0,0.0,0.0,0.0,2.770735541467678,2.770735541467678,2.770735541467678,2.7651490853359513,2.7651490853359513,4.444045554589535,4.444045554589535
429.0,0.429,0.001,0.499,108.24492053194587,4.162403246663094,1.889230261842067,0.07264764144997267,4.429999066016234,0.7378727292243488,4.429999066016234,0.7378727292243488,4.429999066016234,0.7378727292243488,-1.7131000484836483,-1.156970038656039,-7.8673676291296495,-2.707179718943864,-7.8673676291296495,-2.707179718943864,0.0,0.0,0.0,0.0,0.0,0.0,2.765128434272598,2.765128434272598,2.765128434272598,2.759463034932758,2.759463034932758,4.411787520383645,4.411787520383645
430.0,0.43,0.001,0.499,108.49795923098895,4.20516061291731,1.8936466202753321,0.07339389827058986,4.416358433264953,0.7462568206171889,4.416358433264953,0.7462568206171889,4.416358433264953,0.7462568206171889,-1.7210052747645153,-1.1594654185407265,-7.9052262808669145,-2.495379884687381,-7.9052262808669145,-2.495379884687381,0.0,0.0,0.0,0.0,0.0,0.0,2.7594420384262714,2.7594420384262714,2.7594420384262714,2.753698229621235,2.753698229621235,4.379712954368265,4.379712954368265
431.0,0.431,0.001,0.499,108.75021273117727,4.2483893836107285,1.8980492744032984,0.07414838265077964,4.402654127966312,0.7544843801897799,4.402654127966312,0.7544843801897799,4.402654127966312,0.7544843801897799,-1.7289472047304373,-1.1617499051778872,-7.9419299659220455,-2.2844866371607204,-7.9419299659220455,-2.2844866371607204,0.0,0.0,0.0,0.0,0.0,0.0,2.7536768874945867,2.7536768874945867,2.7536768874945867,2.7478552057223107,2.7478552057223107,4.347827492819128,4.347827492819128
432.0,0.432,0.001,0.499,109.00167738794832,4.292080700208394,1.9024381606163505,0.07491093997994014,4.388886213052045,0.7625573291604965,4.388886213052045,0.7625573291604965,4.388886213052045,0.7625573291604965,-1.7369246980819724,-1.16382439954765,-7.977493351534977,-2.074494369762782,-7.977493351534977,-2.074494369762782,0.0,0.0,0.0,0.0,0.0,0.0,2.7478335178821274,2.7478335178821274,2.7478335178821274,2.7419345022442045,2.7419345022442045,4.31613644802754,4.31613644802754
433.0,0.433,0.001,0.499,109.25234956040583,4.33622581462588,1.9068132153688613,0.07568141757519489,4.375054752510662,0.7704775952547551,4.375054752510662,0.7704775952547551,4.375054752510662,0.7704775952547551,-1.7449366296155175,-1.1656897975318676,-8.011931533545125,-1.8653979842175477,-8.011931533545125,-1.8653979842175477,0.0,0.0,0.0,0.0,0.0,0.0,2.7419124686824827,2.7419124686824827,2.7419124686824827,2.735936660734106,2.735936660734106,4.284644799562711,4.284644799562711
434.0,0.434,0.001,0.499,109.50222561138908,4.38081608954996,1.9111743751804002,0.07645966468698955,4.361159811538867,0.778247111794646,4.361159811538867,0.778247111794646,4.361159811538867,0.778247111794646,-1.752981889638193,-1.1673469903889393,-8.045260022675471,-1.6571928570717336,-8.045260022675471,-1.6571928570717336,0.0,0.0,0.0,0.0,0.0,0.0,2.7359142815295123,2.7359142815295123,2.7359142815295123,2.729862225131316,2.729862225131316,4.253357185974749,4.253357185974749
435.0,0.435,0.001,0.499,109.75130190755057,4.425842998707819,1.9155215766370908,0.07724553250379058,4.347201456690634,0.7858678168010399,4.347201456690634,0.7858678168010399,4.347201456690634,0.7858678168010399,-1.7610593843686622,-1.1687968651951484,-8.07749473046922,-1.4498748062090887,-8.07749473046922,-1.4498748062090887,0.0,0.0,0.0,0.0,0.0,0.0,2.7298395004500278,2.7298395004500278,2.7298395004500278,2.7237117416219148,2.723711741621915,4.222277896968527,4.222277896968527
436.0,0.436,0.001,0.499,109.99957481944227,4.471298127085571,1.9198547563931148,0.07803887415589907,4.333179756023875,0.7933416521084833,4.333179756023875,0.7933416521084833,4.333179756023875,0.7933416521084833,-1.769168036323548,-1.1700403052526418,-8.108651954885952,-1.2434400574934268,-8.108651954885952,-1.2434400574934268,0.0,0.0,0.0,0.0,0.0,0.0,2.723688671718404,2.723688671718404,2.723688671718404,2.7174857584949685,2.717485758494968,4.19141086607644,4.19141086607644
437.0,0.437,0.001,0.499,110.24704072160998,4.517173171096796,1.9241738511723594,0.07883954471839225,4.319094779244606,0.8006705624931839,4.319094779244606,0.8006705624931839,4.319094779244606,0.8006705624931839,-1.7773067846891155,-1.1710781904642857,-8.138748365567535,-1.0378852116439483,-8.138748365567535,-1.0378852116439483,0.0,0.0,0.0,0.0,0.0,0.0,2.7174623437144927,2.7174623437144927,2.7174623437144927,2.711184826000339,2.711184826000339,4.160759663855835,4.160759663855835
438.0,0.438,0.001,0.499,110.49369599269592,4.563459938701892,1.928478797770208,0.07964740121320663,4.3049465978485335,0.8078564948143748,4.3049465978485335,0.8078564948143748,4.3049465978485335,0.8078564948143748,-1.7854745856779026,-1.1719113976757245,-8.167800988787011,-0.8332072114387825,-8.167800988787011,-0.8332072114387825,0.0,0.0,0.0,0.0,0.0,0.0,2.711161066776939,2.711161066776939,2.711161066776939,2.7048094962081493,2.7048094962081493,4.13032749163452,4.13032749163452
439.0,0.439,0.001,0.499,110.73953701554917,4.610150349479009,1.932769533055468,0.08046230261037596,4.290735285259977,0.8149013971693291,4.290735285259977,0.8149013971693291,4.290735285259977,0.8149013971693291,-1.7936704128699987,-1.1725408009850604,-8.195827192096123,-0.6294033093358194,-8.195827192096123,-0.6294033093358194,0.0,0.0,0.0,0.0,0.0,0.0,2.7047853930673216,2.7047853930673216,2.7047853930673216,2.6983603228699,2.6983603228698994,4.100117175825434,4.100117175825434
440.0,0.44,0.001,0.499,110.98456017734408,4.657236434647365,1.937045993972436,0.08128410982843824,4.276460916968063,0.821807218062288,4.276460916968063,0.821807218062288,4.276460916968063,0.821807218062288,-1.8018932575386881,-1.172967272020654,-8.222844668689332,-0.426471035593756,-8.222844668689332,-0.426471035593756,0.0,0.0,0.0,0.0,0.0,0.0,2.6983358764281475,2.6983358764281475,2.6983358764281475,2.6918378612813156,2.6918378612813156,4.070131162829094,4.070131162829094
441.0,0.441,0.001,0.499,111.22876186970613,4.704710337043762,1.9413081175430962,0.08211268573402579,4.262123570660112,0.8285759055875457,4.262123570660112,0.8285759055875457,4.262123570660112,0.8285759055875457,-1.810142128960192,-1.1731916801876248,-8.248871421503905,-0.22440816697075927,-8.248871421503905,-0.22440816697075927,0.0,0.0,0.0,0.0,0.0,0.0,2.6918130722461515,2.6918130722461515,2.6918130722461515,2.6852426681469512,2.6852426681469512,4.040371514539955,4.040371514539955
442.0,0.442,0.001,0.499,111.47213848884539,4.752564311053111,1.9455558408694482,0.08294789514065272,4.247723326352145,0.8352094066269244,4.247723326352145,0.8352094066269244,4.247723326352145,0.8352094066269244,-1.8184160547072692,-1.173214892883698,-8.273925747077149,-0.023212696073214495,-8.273925747077149,-0.023212696073214495,0.0,0.0,0.0,0.0,0.0,0.0,2.6852175373176226,2.6852175373176226,2.6852175373176226,2.678575301446554,2.678575301446554,4.010839904470322,4.010839904470322
443.0,0.443,0.001,0.499,111.7146864356972,4.800790722493821,1.9497891011359647,0.08378960480671457,4.233260266516463,0.841709666061856,4.233260266516463,0.841709666061856,4.233260266516463,0.841709666061856,-1.8267140809264522,-1.1730377756851207,-8.298026219182935,0.17711719857740188,-8.298026219182935,0.17711719857740188,0.0,0.0,0.0,0.0,0.0,0.0,2.6785498297130683,2.6785498297130683,2.6785498297130683,2.671836320303273,2.671836320303273,3.9815376145028374,3.9815376145028374
444.0,0.444,0.001,0.499,111.95640211607015,4.8493820484588905,1.9540078356121708,0.08463768343271484,4.218734476206214,0.8480786260002742,4.218734476206214,0.8480786260002742,4.218734476206214,0.8480786260002742,-1.8350352725987227,-1.1726611925034252,-8.321191672270574,0.37658318169542926,-8.321191672270574,0.37658318169542926,0.0,0.0,0.0,0.0,0.0,0.0,2.6718105086470443,2.6718105086470443,2.6718105086470443,2.6650262848536936,2.6650262848536936,3.9524655322800424,3.9524655322800424
445.0,0.445,0.001,0.499,112.19728194080082,4.898330877113558,1.9582119816553478,0.08549200165773335,4.204146043176911,0.8543182250185063,4.204146043176911,0.8543182250185063,4.204146043176911,0.8543182250185063,-1.8433787137834523,-1.172086005713886,-8.343441184729631,0.5751867895391338,-8.343441184729631,0.5751867895391338,0.0,0.0,0.0,0.0,0.0,0.0,2.6650001343470686,2.6650001343470686,2.6650001343470686,2.658145756119752,2.658145756119752,3.9236241492368342,3.9236241492368342
446.0,0.446,0.001,0.499,112.4373223259154,4.947629907450394,1.9624014767133526,0.0863524320551517,4.189495058004835,0.8604303974183392,4.189495058004835,0.8604303974183392,4.189495058004835,0.8604303974183392,-1.851743507845457,-1.1713130762565673,-8.364794062004604,0.7729294573185677,-8.364794062004604,0.7729294573185677,0.0,0.0,0.0,0.0,0.0,0.0,2.6581192679249495,2.6581192679249495,2.6581192679249495,2.65119529588256,2.65119529588256,3.895013559279056,3.895013559279056
447.0,0.447,0.001,0.499,112.67651969279801,4.99727194900269,1.966576258327555,0.08721884912765111,4.174781614202275,0.8664170724994196,4.174781614202275,0.8664170724994196,4.174781614202275,0.8664170724994196,-1.8601287776650404,-1.1703432637109188,-8.385269819583488,0.9698125456484725,-8.385269819583488,0.9698125456484725,0.0,0.0,0.0,0.0,0.0,0.0,2.651168471252097,2.651168471252097,2.651168471252097,2.644175466558146,2.644175466558146,3.8666334581088355,3.8666334581088355
448.0,0.448,0.001,0.499,112.91487046836521,5.047249921517069,1.9707362641358845,0.08809112930149825,4.1600058083295615,0.8722801738471351,4.1600058083295615,0.8722801738471351,4.1600058083295615,0.8722801738471351,-1.8685336658309244,-1.1691774263449248,-8.404888165884095,1.1658373659939398,-8.404888165884095,1.1658373659939398,0.0,0.0,0.0,0.0,0.0,0.0,2.644148306833796,2.644148306833796,2.644148306833796,2.637086831075149,2.6370868310751496,3.8384831431946735,3.8384831431946735
449.0,0.449,0.001,0.499,113.15237108524694,5.097556854586164,1.9748814318759884,0.08896915092013435,4.145167740103841,0.8780216186361087,4.145167740103841,0.8780216186361087,4.145167740103841,0.8780216186361087,-1.876957334815986,-1.1678164211398663,-8.423668985061665,1.3610052050586325,-8.423668985061665,1.3610052050586325,0.0,0.0,0.0,0.0,0.0,0.0,2.6370593376867784,2.6370593376867784,2.6370593376867784,2.6299299527544866,2.6299299527544866,3.8105615143816856,3.8105615143816856
450.0,0.45,0.001,0.499,113.38901798197345,5.148185887242306,1.979011699388493,0.08985279423708378,4.130267512504568,0.8836433169494239,4.130267512504568,0.8836433169494239,4.130267512504568,0.8836433169494239,-1.8853989671357467,-1.1662611037917991,-8.441632319760748,1.555317348067167,-8.441632319760748,1.555317348067167,0.0,0.0,0.0,0.0,0.0,0.0,2.629902127220162,2.629902127220162,2.6299021272201624,2.622705395191014,2.622705395191014,3.7828670751349156,3.7828670751349156
451.0,0.451,0.001,0.499,113.62480760316802,5.199130267513117,1.9831270046203686,0.09074194140819747,4.115305231875657,0.8891471711136848,4.115305231875657,0.8891471711136848,4.115305231875657,0.8891471711136848,-1.8938577654895803,-1.1645123286909045,-8.45879835383365,1.7487751008947607,-8.45879835383365,1.7487751008947607,0.0,0.0,0.0,0.0,0.0,0.0,2.62267723911521,2.62267723911521,2.62267723911521,2.615413722137189,2.615413722137189,3.755397934406084,3.755397934406084
452.0,0.452,0.001,0.499,113.85973639974547,5.2503833519399,1.987227285628393,0.09163647648324746,4.100281008024288,0.894535075050002,4.100281008024288,0.894535075050002,4.100281008024288,0.894535075050002,-1.9023329528846271,-1.162570948879906,-8.475187395046788,1.9413798109984848,-8.475187395046788,1.9413798109984848,0.0,0.0,0.0,0.0,0.0,0.0,2.6153852372104835,2.6153852372104835,2.6153852372104835,2.608055497388769,2.608055497388769,3.7281518091117842,3.7281518091117842
453.0,0.453,0.001,0.499,114.09380082911593,5.30193860505978,1.9913124805827094,0.09253628539688845,4.085194954316309,0.8998089136409793,4.085194954316309,0.8998089136409793,4.085194954316309,0.8998089136409793,-1.9108237727424224,-1.1604378159928006,-8.490819857795282,2.1331328871054236,-8.490819857795282,2.1331328871054236,0.0,0.0,0.0,0.0,0.0,0.0,2.6080266853864935,2.6080266853864935,2.6080266853864935,2.600631284672549,2.600631284672549,3.701126027208762,3.701126027208762
454.0,0.454,0.001,0.499,114.32699735539414,5.35378959885248,1.9953825277704775,0.09344125595900221,4.0700471877682345,0.9049705621137661,4.0700471877682345,0.9049705621137661,4.0700471877682345,0.9049705621137661,-1.9193294889882673,-1.1581137801751868,-8.5057162458449,2.3240358176137534,-8.5057162458449,2.3240358176137534,0.0,0.0,0.0,0.0,0.0,0.0,2.6006021474534413,2.6006021474534413,2.6006021474534413,2.5931416475361435,2.5931416475361435,3.674317531349712,3.674317531349712
455.0,0.455,0.001,0.499,114.55932244961362,5.405930012152686,1.9994373655996134,0.09435127784444143,4.054837829135801,0.910021885439224,4.054837829135801,0.910021885439224,4.054837829135801,0.910021885439224,-1.9278493861233863,-1.1555996899875236,-8.51989713511909,2.5140901876632005,-8.51989713511909,2.5140901876632005,0.0,0.0,0.0,0.0,0.0,0.0,2.5931121870419993,2.5931121870419993,2.593112187041999,2.5855871492398514,2.5855871492398514,3.6477228831009096,3.6477228831009096
456.0,0.456,0.001,0.499,114.79077258994577,5.458353630028896,2.0034769326026125,0.09526624258218867,4.039567002999075,0.9149647377472425,4.039567002999075,0.9149647377472425,4.039567002999075,0.9149647377472425,-1.9363827692799336,-1.152896392292692,-8.53338315654739,2.7032976948315315,-8.53338315654739,2.7032976948315315,0.0,0.0,0.0,0.0,0.0,0.0,2.585557367493049,2.585557367493049,2.585557367493049,2.577968352650583,2.577968352650583,3.6213382677009864,3.6213382677009864
457.0,0.457,0.001,0.499,115.02134426192376,5.511054343129717,2.0075011674404566,0.0961860435439469,4.024234837844086,0.9198009617582308,4.024234837844086,0.9198009617582308,4.024234837844086,0.9198009617582308,-1.9449289642589234,-1.1500047321292783,-8.546194978989863,2.8916601634136794,-8.546194978989863,2.8916601634136794,0.0,0.0,0.0,0.0,0.0,0.0,2.577938251753785,2.577938251753785,2.577938251753785,2.5702858201378804,2.5702858201378804,3.595159499338351,3.595159499338351
458.0,0.458,0.001,0.499,115.25103395867067,5.564026146998492,2.0115100089065976,0.09711057593217769,4.008841466140989,0.9245323882307923,4.008841466140989,0.9245323882307923,4.008841466140989,0.9245323882307923,-1.9534873175511738,-1.1469255525720385,-8.558353292250464,3.0791795572397804,-8.558353292250464,3.0791795572397804,0.0,0.0,0.0,0.0,0.0,0.0,2.570255402272877,2.570255402272877,2.570255402272877,2.5625401134720165,2.5625401134720165,3.5691820269230625,3.5691820269230625
459.0,0.459,0.001,0.499,115.47983818113217,5.617263141357228,2.0155033959310162,0.09803973676760327,3.993387024418732,0.9291608354255833,3.993387024418732,0.9291608354255833,3.993387024418732,0.9291608354255833,-1.9620571963413642,-1.1436596945810507,-8.569878790190447,3.2658579909878354,-8.569878790190447,3.2658579909878354,0.0,0.0,0.0,0.0,0.0,0.0,2.562509380896827,2.562509380896827,2.562509380896827,2.554731793724212,2.554731793724212,3.5434009403274596,3.5434009403274596
460.0,0.46,0.001,0.499,115.70775343831305,5.67075952936072,2.0194812675843523,0.09897342487618861,3.977871653336237,0.9336881085853377,3.977871653336237,0.9336881085853377,3.977871653336237,0.9336881085853377,-1.9706379884953151,-1.1402079968411047,-8.580792153950895,3.4516977399458617,-8.580792153950895,3.4516977399458617,0.0,0.0,0.0,0.0,0.0,0.0,2.55470074877338,2.55470074877338,2.5547007487733806,2.5468614211689315,2.546861421168932,3.5178109770685317,3.5178109770685317
461.0,0.461,0.001,0.499,115.93477624751783,5.724509616821815,2.0234435630821026,0.09991154087561965,3.96229549775009,0.938115999431036,3.96229549775009,0.938115999431036,3.96229549775009,0.938115999431036,-1.9792291025306066,-1.1365712955929275,-8.591114035291474,3.6367012481772965,-8.591114035291474,3.6367012481772965,0.0,0.0,0.0,0.0,0.0,0.0,2.5468300662512426,2.5468300662512426,2.5468300662512426,2.538929555188293,2.538929555188293,3.4924065294039055,3.4924065294039055
462.0,0.462,0.001,0.499,116.16090313459482,5.778507811408727,2.0273902217888815,0.10085398716129383,3.9466587067787424,0.9424462856741753,3.9466587067787424,0.9424462856741753,3.9466587067787424,0.9424462856741753,-1.9878299675706568,-1.1327504244578854,-8.600865040050287,3.8208711350420215,-8.600865040050287,3.8208711350420215,0.0,0.0,0.0,0.0,0.0,0.0,2.5388978927852777,2.5388978927852777,2.5388978927852777,2.5309367541785783,2.5309367541785783,3.4671816518124077,3.4671816518124077
463.0,0.463,0.001,0.499,116.38613063418389,5.832748621815322,2.0313211832227447,0.10180066789183893,3.9309614338632257,0.9466807305450963,3.9309614338632257,0.9466807305450963,3.9309614338632257,0.9466807305450963,-1.9964400332823844,-1.1287462142578617,-8.610065711727517,4.004210200023713,-8.610065711727517,4.004210200023713,0.0,0.0,0.0,0.0,0.0,0.0,2.53090478684314,2.53090478684314,2.53090478684314,2.522883575458849,2.522883575458849,3.4421300688294836,3.4421300688294836
464.0,0.464,0.001,0.499,116.61045528996735,5.887226656905311,2.035236387059569,0.10275148897417623,3.9152038368243973,0.9508210823373,3.9152038368243973,0.9508210823373,3.9152038368243973,0.9508210823373,-2.0050587697975777,-1.1245594928320495,-8.618736515193168,4.186721425812247,-8.618736515193168,4.186721425812247,0.0,0.0,0.0,0.0,0.0,0.0,2.5228513058136124,2.5228513058136124,2.5228513058136124,2.5147705751816596,2.5147705751816596,3.4172451832073047,3.4172451832073047
465.0,0.465,0.001,0.499,116.83387365492405,5.941936624831224,2.039135773137486,0.10370635804814392,3.8993860779167195,0.9548690739676879,3.8993860779167195,0.9548690739676879,3.8993860779167195,0.9548690739676879,-2.0136856676180943,-1.1201910848524619,-8.626897820516824,4.36840797958763,-8.626897820516824,4.36840797958763,0.0,0.0,0.0,0.0,0.0,0.0,2.514738005917297,2.514738005917297,2.514738005917297,2.5065983082458727,2.5065983082458727,3.3925200843691723,3.3925200843691723
466.0,0.466,0.001,0.499,117.05638229158622,5.996873332129118,2.0430192814613646,0.10466518447069656,3.883508323878595,0.9588264225526404,3.883508323878595,0.9588264225526404,3.883508323878595,0.9588264225526404,-2.022320237505009,-1.1156418116400126,-8.63456988691481,4.5492732124493225,-8.63456988691481,4.5492732124493225,0.0,0.0,0.0,0.0,0.0,0.0,2.506565442120408,2.506565442120408,2.506565442120408,2.4983673282115637,2.4983673282115637,3.3679475571278807,3.3679475571278807
467.0,0.467,0.001,0.499,117.27797777229911,6.0520316827898775,2.046886852207344,0.1056278792996964,3.867570745979271,0.9626948289998397,3.867570745979271,0.9626948289998397,3.867570745979271,0.9626948289998397,-2.030962010351817,-1.1109124909830808,-8.6417728468076,4.729320656931947,-8.6417728468076,4.729320656931947,0.0,0.0,0.0,0.0,0.0,0.0,2.498334168047032,2.498334168047032,2.498334168047032,2.490078187217015,2.490078187217015,3.343520090637983,3.343520090637983
468.0,0.468,0.001,0.499,117.49865667948302,6.107406677308039,2.050738425727406,0.10659435527731213,3.851573520062336,0.9664759776157377,3.851573520062336,0.9664759776157377,3.851573520062336,0.9664759776157377,-2.0396105370417943,-1.1060039369605357,-8.648526689977588,4.908554022545101,-8.648526689977588,4.908554022545101,0.0,0.0,0.0,0.0,0.0,0.0,2.4900447359000952,2.4900447359000952,2.4900447359000952,2.481731435897789,2.481731435897789,3.3192298875524537,3.3192298875524537
469.0,0.46900000000000003,0.001,0.499,117.7184156058978,6.162993411709011,2.054573942553992,0.10756452681304068,3.8355168265858333,0.9701715357285521,3.8355168265858333,0.9701715357285521,3.8355168265858333,0.9701715357285521,-2.048265388289609,-1.1009169597712642,-8.654851247814701,5.086977189271447,-8.654851247814701,5.086977189271447,0.0,0.0,0.0,0.0,0.0,0.0,2.4816976963756194,2.4816976963756194,2.4816976963756194,2.473327623307881,2.473327623307881,3.2950688733550724,3.2950688733550724
470.0,0.47000000000000003,0.001,0.499,117.93725115490923,6.21878707655557,2.058393343404651,0.10853830996636736,3.819400850659012,0.9737831533266728,3.819400850659012,0.9737831533266728,3.819400850659012,0.9737831533266728,-2.0569261544672437,-1.095652365572311,-8.660766177634429,5.264594198953278,-8.660766177634429,5.264594198953278,0.0,0.0,0.0,0.0,0.0,0.0,2.473293598589296,2.473293598589296,2.473293598589296,2.46486729684292,2.46486729684292,3.2710287058409366,3.2710287058409366
471.0,0.47100000000000003,0.001,0.499,118.15515994075751,6.2747829559345245,2.062196569186727,0.10951562242907971,3.8032257820757542,0.9773124627123441,3.8032257820757542,0.9773124627123441,3.8032257820757542,0.9773124627123441,-2.0655924454142935,-1.0902109563278175,-8.666290947050035,5.4414092444935225,-8.666290947050035,5.4414092444935225,0.0,0.0,0.0,0.0,0.0,0.0,2.46483298999385,2.46483298999385,2.4648329899938504,2.456351002165437,2.456351002165437,3.247100784718865,3.247100784718865
472.0,0.47200000000000003,0.001,0.499,118.37213858882735,6.330976426424393,2.0659835610020716,0.11049638350725019,3.7869918153447006,0.9807610781704863,3.7869918153447006,0.9807610781704863,3.7869918153447006,0.9807610781704863,-2.0742638902326713,-1.084593529671025,-8.671444818377756,5.617426656792441,-8.671444818377756,5.617426656792441,0.0,0.0,0.0,0.0,0.0,0.0,2.4563164163100963,2.4563164163100963,2.456316416310096,2.447779283132162,2.447779283132162,3.223276261311106,3.223276261311106
473.0,0.47300000000000003,0.001,0.499,118.58818373591966,6.387362956044978,2.0697542601517878,0.1114805141029027,3.770699149716113,0.9841305956525066,3.770699149716113,0.9841305956525066,3.770699149716113,0.9841305956525066,-2.082940137065722,-1.0788008787816887,-8.676246833050765,5.792650889336272,-8.676246833050765,5.792650889336272,0.0,0.0,0.0,0.0,0.0,0.0,2.4477444214499267,2.4477444214499267,2.4477444214499267,2.439152681723357,2.439152681723357,3.199546048327647,3.199546048327647
474.0,0.47400000000000003,0.001,0.499,118.80329203052457,6.443938103189658,2.0735086081409935,0.11246793669537765,3.754347989205509,0.987422592474943,3.754347989205509,0.987422592474943,3.754347989205509,0.987422592474943,-2.0916208528617366,-1.07283379228134,-8.680715796014647,5.96708650034869,-8.680715796014647,5.96708650034869,0.0,0.0,0.0,0.0,0.0,0.0,2.439117547446856,2.439117547446856,2.439117547446856,2.430471737974157,2.4304717379741576,3.175900829694668,3.175900829694668
475.0,0.47500000000000003,0.001,0.499,119.01746013309564,6.500697515541271,2.0772465466836074,0.11345857532241042,3.7379385426141107,0.9906386270327796,3.7379385426141107,0.9906386270327796,3.7379385426141107,0.9906386270327796,-2.1003057231218105,-1.06669305414893,-8.684870260073978,6.140738132410128,-8.684870260073978,6.140738132410128,0.0,0.0,0.0,0.0,0.0,0.0,2.4304363343886513,2.4304363343886513,2.4304363343886513,2.4217369899079184,2.4217369899079184,3.152331070419099,3.152331070419099
476.0,0.47600000000000003,0.001,0.499,119.23068471632506,6.5576369289723875,2.0809680177071535,0.11445235556093769,3.721471023546139,0.9937802385272606,3.721471023546139,0.9937802385272606,3.721471023546139,0.9937802385272606,-2.108994451631967,-1.060379443659486,-8.68872851015643,6.313610489443933,-8.68872851015643,6.313610489443933,0.0,0.0,0.0,0.0,0.0,0.0,2.4217013203488036,2.4217013203488036,2.4217013203488036,2.4129489734715386,2.412948973471539,3.1288270264740317,3.1288270264740317
477.0,0.47700000000000004,0.001,0.499,119.44296246541963,6.614752166430819,2.0846729633575762,0.11544920450764572,3.7049456504230074,0.9968489467080253,3.7049456504230074,0.9968489467080253,3.7049456504230074,0.9968489467080253,-2.1176867601794247,-1.0538937353485243,-8.692308547457591,6.485708310961752,-8.692308547457591,6.485708310961752,0.0,0.0,0.0,0.0,0.0,0.0,2.4129130413244324,2.4129130413244324,2.412913041324432,2.404108222472757,2.404108222472757,3.105378754692767,3.105378754692767
478.0,0.47800000000000004,0.001,0.499,119.65429007837747,6.672039136811158,2.0883613260040708,0.1164490507592751,3.688362646494454,0.9998462516293798,3.688362646494454,0.9998462516293798,3.688362646494454,0.9998462516293798,-2.126382388252851,-1.0472366990050705,-8.695628073426418,6.65703634345375,-8.695628073426418,6.65703634345375,0.0,0.0,0.0,0.0,0.0,0.0,2.4040720311697243,2.4040720311697243,2.4040720311697243,2.3952152685193937,2.3952152685193937,3.081976122662619,3.081976122662619
479.0,0.47900000000000004,0.001,0.499,119.86466426626501,6.729493833813152,2.0920330482439176,0.11745182439269561,3.6717222398466585,1.0027736334205146,3.6717222398466585,1.0027736334205146,3.6717222398466585,1.0027736334205146,-2.135081092726399,-1.0404090996962685,-8.698704473547933,6.827599308802029,-8.698704473547933,6.827599308802029,0.0,0.0,0.0,0.0,0.0,0.0,2.3951788215395666,2.3951788215395666,2.3951788215395666,2.3862706409605297,2.38627064096053,3.0586088186131906,3.0586088186131906
480.0,0.48,0.001,0.499,120.07408175349448,6.787112334787702,2.095688072907325,0.11845745694476507,3.6550246634073926,1.0056325520694707,3.6550246634073926,1.0056325520694707,3.6550246634073926,1.0056325520694707,-2.1437826475272757,-1.0334116978266803,-8.701554800876433,6.997401869588165,-8.701554800876433,6.997401869588165,0.0,0.0,0.0,0.0,0.0,0.0,2.3862339418266427,2.3862339418266427,2.3862339418266427,2.377274866829595,2.377274866829595,3.0352663612977744,3.0352663612977744
481.0,0.481,0.001,0.499,120.26267310872917,6.898151661838606,2.0989796129969687,0.12039545880100215,3.291540089643817,1.9380018562370736,3.291540089643817,1.9380018562370736,3.291540089643817,1.9380018562370736,-2.1524868432865447,-1.0262452492355223,-8.70419575926913,7.166448591157975,-8.70419575926913,7.166448591157975,0.0,0.0,0.0,0.0,0.0,0.0,2.37723791910818,2.37723791910818,2.37723791910818,2.4088108417708467,2.4088108417708467,3.01193810987074,3.01193810987074
482.0,0.482,0.001,0.499,120.43203660595375,7.0579004541282995,2.10193556365623,0.12318360120254183,2.955950659261325,2.788142401539682,2.955950659261325,2.788142401539682,2.955950659261325,2.788142401539682,-2.1611934869728113,-1.0189105053352236,-8.70664368626677,7.3347439002986485,-8.70664368626677,7.3347439002986485,0.0,0.0,0.0,0.0,0.0,0.0,2.4087404565943014,2.4087404565943014,2.4087404565943014,2.435172712926852,2.435172712926852,2.988613273768267,2.988613273768267
483.0,0.483,0.001,0.499,120.58365966864653,7.26197464339021,2.1045818853221765,0.12674536772350023,2.6463216659465916,3.561766520958404,2.6463216659465916,3.561766520958404,2.6463216659465916,3.561766520958404,-2.169902401508376,-1.0114082132948485,-8.708914535564482,7.502292040375212,-8.708914535564482,7.502292040375212,0.0,0.0,0.0,0.0,0.0,0.0,2.4350726261326434,2.4350726261326434,2.4350726261326434,2.4567135188783844,2.4567135188783844,2.9652809226046477,2.9652809226046477
484.0,0.484,0.001,0.499,120.71892615563904,7.506297154653363,2.106942730887802,0.1310095999817832,2.3608455656252727,4.264232258282969,2.3608455656252727,4.264232258282969,2.3608455656252727,4.264232258282969,-2.178613425367389,-1.0037391162720835,-8.711023859012734,7.669097022764992,-8.711023859012734,7.669097022764992,0.0,0.0,0.0,0.0,0.0,0.0,2.4565880572644296,2.4565880572644296,2.4565880572644296,2.473774777032837,2.473774777032837,2.9419299961015066,2.9419299961015066
485.0,0.485,0.001,0.499,120.83912318771388,7.787078571638799,2.109040564848633,0.13591016018659416,2.0978339608310295,4.900560204810979,2.0978339608310295,4.900560204810979,2.0978339608310295,4.900560204810979,-2.187326412155474,-0.995903953697663,-8.712986788085056,7.835162574420437,-8.712986788085056,7.835162574420437,0.0,0.0,0.0,0.0,0.0,0.0,2.4736284889048616,2.4736284889048616,2.4736284889048616,2.4866834383395457,2.4866834383395457,2.918549314072794,2.918549314072794
486.0,0.486,0.001,0.499,120.94544754093167,8.100798800958847,2.1108962748873368,0.14138561111834066,1.8557100387038636,5.475450931746508,1.8557100387038636,5.475450931746508,1.8557100387038636,5.475450931746508,-2.19604123017022,-0.9879034616162806,-8.714818014746022,8.00049208138242,-8.714818014746022,8.00049208138242,0.0,0.0,0.0,0.0,0.0,0.0,2.4865209034730507,2.4865209034730507,2.4865209034730507,2.495750309995588,2.495750309995588,2.895127586494235,2.895127586494235
487.0,0.487,0.001,0.499,121.03901163209805,8.444189740681752,2.1125292763398265,0.14737891363802275,1.633001452489681,5.993302519682087,1.633001452489681,5.993302519682087,1.633001452489681,5.993302519682087,-2.20475776194187,-0.9797383730882225,-8.716531771649915,8.16508852805809,-8.716531771649915,8.16508852805809,0.0,0.0,0.0,0.0,0.0,0.0,2.495576037326622,2.495576037326622,2.495576037326622,2.5012693840617506,2.5012693840617506,2.8716534236921167,2.8716534236921167
488.0,0.488,0.001,0.499,121.12084912092723,8.81421893881047,2.1139576099714597,0.1538371414738833,1.428333631633081,6.458227835860569,1.428333631633081,6.458227835860569,1.428333631633081,6.458227835860569,-2.2134759037534675,-0.9714094186561529,-8.718141811597599,8.32895443206959,-8.718141811597599,8.32895443206959,0.0,0.0,0.0,0.0,0.0,0.0,2.5010877489442915,2.5010877489442915,2.5010877489442915,2.5035177245681224,2.5035177245681224,2.848115346692871,2.848115346692871
489.0,0.489,0.001,0.499,121.19192015242744,9.20807421364404,2.115198033473927,0.16071121279607625,1.2404235024672936,6.874071322192958,1.2404235024672936,6.874071322192958,1.2404235024672936,6.874071322192958,-2.222195565139644,-0.9629173268816802,-8.71966138617644,8.492091774472767,-8.71966138617644,8.492091774472767,0.0,0.0,0.0,0.0,0.0,0.0,2.503332922097562,2.503332922097562,2.503332922097562,2.5027556979910868,2.5027556979910863,2.8245017977818714,2.8245017977818714
490.0,0.49,0.001,0.499,121.25311626189857,9.62314919919684,2.116266107073609,0.16795563793664053,1.068073599682023,7.244425140564292,1.068073599682023,7.244425140564292,1.068073599682023,7.244425140564292,-2.23091666836315,-0.9542628249565418,-8.721103223505681,8.654501925138414,-8.721103223505681,8.654501925138414,0.0,0.0,0.0,0.0,0.0,0.0,2.5025717023806937,2.5025717023806937,2.5025717023806937,2.4992274136119663,2.4992274136119663,2.8008011513272755,2.8008011513272755
491.0,0.491,0.001,0.499,121.30526496374485,10.057029773577566,2.1171762736214674,0.17552828252002836,0.9101665478582937,7.572644583387818,0.9101665478582937,7.572644583387818,0.9101665478582937,7.572644583387818,-2.239639147868157,-0.9454466393934589,-8.722479505007518,8.81618556308297,-8.722479505007518,8.81618556308297,0.0,0.0,0.0,0.0,0.0,0.0,2.4990479405576553,2.4990479405576553,2.4990479405576553,2.493161290620108,2.4931612906201077,2.7770017249325467,2.7770017249325467
492.0,0.492,0.001,0.499,121.34913404410699,10.507481325505921,2.1179419335136087,0.18339014522189634,0.7656598921413512,7.86186270186797,0.7656598921413512,7.86186270186797,0.7656598921413512,7.86186270186797,-2.24836294970928,-0.9364694968019277,-8.723801841122473,8.977142591531146,-8.723801841122473,8.977142591531146,0.0,0.0,0.0,0.0,0.0,0.0,2.4929897628181132,2.4929897628181132,2.4929897628181132,2.484770699846213,2.484770699846213,2.7530917909896018,2.7530917909896018
493.0,0.493,0.001,0.499,121.38543557613349,10.972436813234502,2.1185755147709893,0.1915051493579762,0.6335812573807308,8.115004136079863,0.6335812573807308,8.115004136079863,0.6335812573807308,8.115004136079863,-2.257088030955166,-0.9273321247544377,-8.725081245886315,9.137372047489974,-8.725081245886315,9.137372047489974,0.0,0.0,0.0,0.0,0.0,0.0,2.4846102169993998,2.4846102169993998,2.4846102169993998,2.4742546470957887,2.4742546470957887,2.729059588713297,2.729059588713297
494.0,0.494,0.001,0.499,121.41482967555999,11.449985570491496,2.1190885385866403,0.19983994751091788,0.5130238156508894,8.334798152941701,0.5130238156508894,8.334798152941701,0.5130238156508894,8.334798152941701,-2.265814359065451,-0.9180352527488251,-8.726328110285175,9.296872005612592,-8.726328110285175,9.296872005612592,0.0,0.0,0.0,0.0,0.0,0.0,2.4741079618713777,2.4741079618713777,2.4741079618713777,2.4617984767812264,2.4617984767812264,2.7048933367472685,2.7048933367472685
495.0,0.495,0.001,0.499,121.43792801316035,11.93836281525296,2.119491680629504,0.20836373842382366,0.4031420428638457,8.523790912905788,0.4031420428638457,8.523790912905788,0.4031420428638457,8.523790912905788,-2.2745419112397562,-0.9085796132726939,-8.72755217430547,9.455639476131225,-8.72755217430547,9.455639476131225,0.0,0.0,0.0,0.0,0.0,0.0,2.4616679778182537,2.4616679778182537,2.4616679778182537,2.447574581769509,2.447574581769509,2.6805812464409735,2.6805812464409735
496.0,0.496,0.001,0.499,121.45529709958157,12.435939818886773,2.1197948283756176,0.2170480954194415,0.30314774611358714,8.684356995617833,0.30314774611358714,8.684356995617833,0.30314774611358714,8.684356995617833,-2.2832706737373525,-0.8989659429760514,-8.728762497596081,9.613670296642486,-8.728762497596081,9.613670296642486,0.0,0.0,0.0,0.0,0.0,0.0,2.4474622842991223,2.4474622842991223,2.4474622842991227,2.431743109833745,2.431743109833745,2.6561115359081966,2.6561115359081966
497.0,0.497,0.001,0.499,121.46746135707893,12.9412146952613,2.120007134720007,0.22586680563978428,0.21230634438950183,8.81871022034279,0.21230634438950183,8.81871022034279,0.21230634438950183,8.81871022034279,-2.2920006411660143,-0.8891949839585163,-8.729967428661972,9.770959017535136,-8.729967428661972,9.770959017535136,0.0,0.0,0.0,0.0,0.0,0.0,2.431650653971572,2.431650653971572,2.431650653971572,2.414452659908794,2.414452659908794,2.6314724449882503,2.6314724449882503
498.0,0.498,0.001,0.499,121.47490599173284,13.452803771621975,2.1201370681063256,0.23479571943951474,0.12993338631888798,8.928913799730452,0.12993338631888798,8.928913799730452,0.12993338631888798,8.928913799730452,-2.3007318157385255,-0.8792674851776552,-8.731174572511362,9.927498780861109,-8.731174572511362,9.927498780861109,0.0,0.0,0.0,0.0,0.0,0.0,2.414381316215305,2.414381316215305,2.414381316215305,2.395840963170807,2.395840963170807,2.6066522512427466,2.6066522512427466
499.0,0.499,0.001,0.499,121.4780796788496,13.969433505296806,2.120192459395941,0.24381260930584198,0.055391289615690835,9.016889866327219,0.055391289615690835,9.016889866327219,0.055391289615690835,9.016889866327219,-2.3094642064952082,-0.8691842039851895,-8.732390756682689,10.083281192465764,-8.732390756682689,10.083281192465764,0.0,0.0,0.0,0.0,0.0,0.0,2.395791644774644,2.395791644774644,2.395791644774644,2.3760355451916317,2.3760355451916313,2.581639287133046,2.581639287133046
