step,time_s,dt_s,duration_s,mj_q1_deg,mj_q2_deg,mujoco_q1_rad,mujoco_q2_rad,mj_qd1_raw,mj_qd2_raw,mj_qd1_rad_s,mj_qd2_rad_s,mujoco_qdot1_rad_s,mujoco_qdot2_rad_s,bridge_q1_rad,bridge_q2_rad,bridge_qd1,bridge_qd2,bridge_qdot1_rad_s,bridge_qdot2_rad_s,tau0,tau1,tau1_Nm,tau2_Nm,tau1_applied_Nm,tau2_applied_Nm,mj_hand_speed_norm_fd,mujoco_ee_speed_fd_3d_m_s,mujoco_ee_speed_fd_xz_m_s,mujoco_ee_speed_jac_3d_m_s,mujoco_ee_speed_jac_xz_m_s,bridge_hand_speed_xz,bridge_ee_speed_xz_m_s
0.0,0.0,0.001,0.499,5.002095567031415,54.99735466619158,0.08730303714411092,0.95988491881211,0.03657454439444181,-0.04616978477120158,0.03657454439444181,-0.04616978477120158,0.03657454439444181,-0.04616978477120158,0.0872380181467784,0.9599605742204042,-0.028444452938073603,0.029485623522873917,-0.028444452938073603,0.029485623522873917,0.0,0.0,0.0,0.0,0.0,0.0,0.0,0.0,0.0,0.010474210592891041,0.010474210592891041,0.008949709514948934,0.008949709514948934
1.0,0.001,0.001,0.499,5.0062842105421606,54.992074109597226,0.08737614276456572,0.9597927557132006,0.07310562045479976,-0.09216309890950149,0.07310562045479976,-0.09216309890950149,0.07310562045479976,-0.09216309890950149,0.08718112934272855,0.9600195439091967,-0.05688880404985107,0.05896968879254372,-0.05688880404985107,0.05896968879254372,0.0,0.0,0.0,0.0,0.0,0.0,0.01047415787808392,0.01047415787808392,0.01047415787808392,0.020948516049075775,0.020948516049075775,0.017899622473945716,0.017899622473945716
2.0,0.002,0.001,0.499,5.012563501938918,54.98416797375701,0.08748573707413129,0.9596547676116789,0.10959430956556791,-0.13798810152169605,0.10959430956556791,-0.13798810152169605,0.10959430956556791,-0.13798810152169605,0.08709579647764934,0.9601079937086988,-0.08533286507921303,0.0884497995021192,-0.08533286507921303,0.0884497995021192,0.0,0.0,0.0,0.0,0.0,0.0,0.02094830718220672,0.02094830718220672,0.02094830718220672,0.03142226439062187,0.03142226439062186,0.02685001599445275,0.02685001599445275
3.0,0.003,0.001,0.499,5.020931073667111,54.973645438958776,0.08763177875118504,0.9594711147337941,0.14604167705374996,-0.18365287788480752,0.14604167705374996,-0.18365287788480752,0.14604167705374996,-0.18365287788480752,0.08698202002993549,0.9602259172676489,-0.11377644771385013,0.11792355895015451,-0.11377644771385013,0.11792355895015451,0.0,0.0,0.0,0.0,0.0,0.0,0.03142179876179727,0.03142179876179727,0.03142179876179727,0.041894806123939414,0.04189480612393942,0.03580116700492439,0.03580116700492439
4.0,0.004,0.001,0.499,5.031384618320573,54.960515226397426,0.0878142275238922,0.9592419492931118,0.18244877270716667,-0.22916544068226166,0.18244877270716667,-0.22916544068226166,0.18244877270716667,-0.22916544068226166,0.0868398006663716,0.9603733058375005,-0.14221936356388554,0.14738856985151136,-0.14221936356388554,0.14738856985151136,0.0,0.0,0.0,0.0,0.0,0.0,0.04189398573991626,0.04189398573991626,0.04189398573991626,0.0523654938719306,0.0523654938719306,0.044753352160391675,0.044753352160391675
5.0,0.005,0.001,0.499,5.043921887779933,54.94478560226633,0.08803304415516777,0.958967415561923,0.21881663127556658,-0.2745337311887466,0.21881663127556658,-0.2745337311887466,0.21881663127556658,-0.2745337311887466,0.08666913924223106,0.9605501482716492,-0.1706614241405501,0.17684243414870177,-0.1706614241405501,0.17684243414870177,0.0,0.0,0.0,0.0,0.0,0.0,0.052364223153176584,0.052364223153176584,0.052364223153176584,0.06283368201580951,0.06283368201580951,0.0537068477580689,0.0537068477580689
6.0,0.006,0.001,0.499,5.058540692378748,54.92646438178376,0.08828819042812278,0.9586476499415183,0.2551462729550013,-0.31976562040467016,0.2551462729550013,-0.31976562040467016,0.2551462729550013,-0.31976562040467016,0.08647003680139614,0.9607564310244731,-0.19910244083492235,0.20628275282387026,-0.19910244083492235,0.20628275282387026,0.0,0.0,0.0,0.0,0.0,0.0,0.06283186759429868,0.06283186759429868,0.06283186759429868,0.0732987263460882,0.0732987263460882,0.06266192965299162,0.06266192965299162
7.0,0.007,0.001,0.499,5.075238900096455,54.90555893315714,0.08857962913197868,0.9582827810313772,0.29143870385590914,-0.3648689101410789,0.29143870385590914,-0.3648689101410789,0.29143870385590914,-0.3648689101410789,0.08624249457649939,0.9609921381501846,-0.22754222489674622,0.23570712571157657,-0.22754222489674622,0.23570712571157657,0.0,0.0,0.0,0.0,0.0,0.0,0.07329627687153925,0.07329627687153925,0.07329627687153925,0.08375998372224457,0.08375998372224457,0.07161887317369645,0.07161887317369645
8.0,0.008,0.001,0.499,5.094014435777237,54.88207618148793,0.08890732404843402,0.9578729296973214,0.327694916455332,-0.4098513340558431,0.327694916455332,-0.4098513340558431,0.327694916455332,-0.4098513340558431,0.08598651398908605,0.9612572513014971,-0.25598058741333873,0.2651131513125389,-0.25598058741333873,0.2651131513125389,0.0,0.0,0.0,0.0,0.0,0.0,0.08375680967214609,0.08375680967214609,0.08375680967214609,0.09421681174060792,0.09421681174060792,0.08057795303795261,0.08057795303795261
9.0,0.009000000000000001,0.001,0.499,5.114865280373913,54.856022612619924,0.0892712399384677,0.9574182091386796,0.36391589003367353,-0.45472055864185695,0.36391589003367353,-0.45472055864185695,0.36391589003367353,-0.45472055864185695,0.08570209664979744,0.9615517497281055,-0.2844173392885993,0.2944984266084956,-0.2844173392885993,0.2944984266084956,0.0,0.0,0.0,0.0,0.0,0.0,0.09421282523156856,0.09421282523156856,0.09421282523156856,0.10466856841001637,0.10466856841001639,0.08953944326855637,0.08953944326855637
10.0,0.01,0.001,0.499,5.137789470215986,54.82740427693357,0.08967134252956409,0.9569187249545117,0.4001025910963866,-0.4994841841679462,0.4001025910963866,-0.4994841841679462,0.4001025910963866,-0.4994841841679462,0.08538924435857531,0.9618756102749839,-0.31285229122213254,0.32386054687834454,-0.31285229122213254,0.32386054687834454,0.0,0.0,0.0,0.0,0.0,0.0,0.10466368301865367,0.10466368301865367,0.10466368301865366,0.11511461183481966,0.11511461183481965,0.09850361710919896,0.09850361710919896
11.0,0.011,0.001,0.499,5.162785096301004,54.79622679308911,0.09010759850334504,0.9563745752089385,0.4362559737809617,-0.5441497455731185,0.4362559737809617,-0.5441497455731185,0.4362559737809617,-0.5441497455731185,0.08504795910488681,0.9622288073804997,-0.3412852536884953,0.35319710551571504,-0.3412852536884953,0.35319710551571504,0.0,0.0,0.0,0.0,0.0,0.0,0.11510874241816031,0.11510874241816031,0.11510874241816031,0.12555429990481756,0.12555429990481753,0.1074707469404197,0.1074707469404197
12.0,0.012,0.001,0.499,5.18985030360844,54.76249535172113,0.09057997548359462,0.9557858504956238,0.47237698024956826,-0.5887247133147342,0.47237698024956826,-0.5887247133147342,0.47237698024956826,-0.5887247133147342,0.08467824306797024,0.9626113130743478,-0.36971603691657895,0.3825056938481287,-0.36971603691657895,0.3825056938481287,0.0,0.0,0.0,0.0,0.0,0.0,0.12554736242706244,0.12554736242706244,0.12554736242706244,0.1359869899917435,0.13598698999174352,0.11644110419565637,0.11644110419565637
13.0,0.013000000000000001,0.001,0.499,5.218983290435233,54.726214719087054,0.09108844202466229,0.9551526340014527,0.5084665410676819,-0.6332164941711187,0.5084665410676819,-0.6332164941711187,0.5084665410676819,-0.6332164941711187,0.0842800986171011,0.9630230969753056,-0.3981444508691359,0.41178390095790257,-0.3981444508691359,0.41178390095790257,0.0,0.0,0.0,0.0,0.0,0.0,0.13597890135350743,0.13597890135350743,0.13597890135350743,0.14641203865191899,0.14641203865191899,0.1254149592774049,0.1254149592774049
14.0,0.014,0.001,0.499,5.250182307752269,54.68738924067232,0.0916329676002313,0.9544750015694536,0.5445255755690135,-0.6776324319990793,0.5445255755690135,-0.6776324319990793,0.5445255755690135,-0.6776324319990793,0.08385352831187864,0.9634641262888106,-0.42657030522246103,0.441029313504946,-0.42657030522246103,0.441029313504946,0.0,0.0,0.0,0.0,0.0,0.0,0.14640271652357445,0.14640271652357445,0.14640271652357445,0.1568288013347211,0.1568288013347211,0.1343925814735017,0.1343925814735017
15.0,0.015,0.001,0.499,5.283445658580983,54.64602284475466,0.09221352259243834,0.953753021761007,0.5805549922070357,-0.7219798084467313,0.5805549922070357,-0.7219798084467313,0.5805549922070357,-0.7219798084467313,0.0833985349025324,0.9639343658043622,-0.45499340934623544,0.47023951555160215,-0.45499340934623544,0.47023951555160215,0.0,0.0,0.0,0.0,0.0,0.0,0.15681816399324783,0.15681816399324783,0.15681816399324783,0.1672366320965237,0.1672366320965237,0.14337423887354248,0.14337423887354248
16.0,0.016,0.001,0.499,5.318771697389354,54.602119045930095,0.09283007828133172,0.952986755917385,0.616555688893383,-0.766265843621981,0.616555688893383,-0.766265843621981,0.616555688893383,-0.766265843621981,0.08291512133024886,0.9644337778927519,-0.48341357228354104,0.49941208838968143,-0.48341357228354104,0.49941208838968143,0.0,0.0,0.0,0.0,0.0,0.0,0.16722459826578556,0.16722459826578556,0.16722459826578553,0.17763488331978664,0.17763488331978664,0.15236019828545125,0.15236019828545125
17.0,0.017,0.001,0.499,5.356158829506562,54.55568094860314,0.0934826068346551,0.9521762582206681,0.6525285533233843,-0.8104976967169525,0.6525285533233843,-0.8104976967169525,0.6525285533233843,-0.8104976967169525,0.08240329072751781,0.9649623225031217,-0.5118306027310527,0.5285446103698335,-0.5118306027310527,0.5285446103698335,0.0,0.0,0.0,0.0,0.0,0.0,0.1776213720135225,0.1776213720135225,0.1776213720135225,0.18802290543698616,0.1880229054369862,0.16135072515221513,0.16135072515221513
18.0,0.018000000000000002,0.001,0.499,5.395605510555554,54.50671125044378,0.09417108129794408,0.9513215757540795,0.6884744632889654,-0.8546824665885859,0.6884744632889654,-0.8546824665885859,0.6884744632889654,-0.8546824665885859,0.0818630464184984,0.9655199571598552,-0.5402443090194148,0.557634656733401,-0.5402443090194148,0.557634656733401,0.0,0.0,0.0,0.0,0.0,0.0,0.188007835804775,0.188007835804775,0.18800783580477504,0.19840004665909367,0.19840004665909364,0.17034608346880026,0.17034608346880026
19.0,0.019,0.001,0.499,5.437110245902847,54.45521224581365,0.09489547558492321,0.9504227485617839,0.7243942869791394,-0.8988271922955776,0.7243942869791394,-0.8988271922955776,0.7243942869791394,-0.8988271922955776,0.08129439191940459,0.9661066369593021,-0.5686544990938059,0.586679799446897,-0.5686544990938059,0.586679799446897,0.0,0.0,0.0,0.0,0.0,0.0,0.19838333783563644,0.19838333783563644,0.19838333783563644,0.20876565270832567,0.20876565270832564,0.17934653569926576,0.17934653569926576
20.0,0.02,0.001,0.499,5.480671590124834,54.401185829163936,0.0956557644681915,0.9494798097081921,0.7602888832682846,-0.9429388535917668,0.7602888832682846,-0.9429388535917668,0.7602888832682846,-0.9429388535917668,0.08069733093890989,0.9667223145663414,-0.5970609804946987,0.6156776070392439,-0.5970609804946987,0.6156776070392439,0.0,0.0,0.0,0.0,0.0,0.0,0.20874722366567683,0.20874722366567683,0.20874722366567683,0.21911906655490632,0.21911906655490632,0.18835234269409282,0.18835234269409282
21.0,0.021,0.001,0.499,5.526288146489924,54.34463349840754,0.0964519235701839,0.9484927853368161,0.7961591019923867,-0.9870243713760166,0.7961591019923867,-0.9870243713760166,0.7961591019923867,-0.9870243713760166,0.08007186737857108,0.9673669402107833,-0.6254635603388146,0.6446256444419106,-0.6254635603388146,0.6446256444419106,0.0,0.0,0.0,0.0,0.0,0.0,0.21909883595664803,0.21909883595664803,0.21909883595664803,0.2294596281575945,0.2294596281575945,0.1973637636077472,0.1973637636077472
22.0,0.022,0.001,0.499,5.573958566455825,54.28555635826791,0.0972839293543973,0.9474616947287176,0.8320057842134045,-1.0310906080985724,0.8320057842134045,-1.0310906080985724,0.8320057842134045,-1.0310906080985724,0.0794180053332708,0.9680404616836153,-0.6538620453002791,0.673521472832081,-0.6538620453002791,0.673521472832081,0.0,0.0,0.0,0.0,0.0,0.0,0.22943751421683348,0.22943751421683348,0.22943751421683348,0.23978667420774818,0.23978667420774818,0.2063810558164942,0.2063810558164942
23.0,0.023,0.001,0.499,5.623681549181304,54.223955123607155,0.09815175911686919,0.9463865503605937,0.867829762471894,-1.0751443681238173,0.867829762471894,-1.0751443681238173,0.867829762471894,-1.0751443681238173,0.07873574909167882,0.9687428243330943,-0.6822562415919765,0.7023626494789832,-0.6822562415919765,0.7023626494789832,0.0,0.0,0.0,0.0,0.0,0.0,0.23976259454520665,0.23976259454520665,0.23976259454520663,0.25009953787671,0.25009953787671,0.21540447483648667,0.21540447483648667
24.0,0.024,0.001,0.499,5.675455841051762,54.15983012273581,0.0990553909778972,0.9452673579625445,0.9036318610280083,-1.1191923980492808,0.9036318610280083,-1.1191923980492808,0.9036318610280083,-1.1191923980492808,0.07802510313673172,0.9694739710606879,-0.7106459549471043,0.7311467275935082,-0.7106459549471043,0.7311467275935082,0.0,0.0,0.0,0.0,0.0,0.0,0.25007340938463124,0.25007340938463124,0.25007340938463124,0.26039754856631814,0.26039754856631814,0.22443427424214607,0.22443427424214607
25.0,0.025,0.001,0.499,5.729280235217936,54.093181300706874,0.09999480387398817,0.9441041165755638,0.9394128960909657,-1.1632413869806917,0.9394128960909657,-1.1632413869806917,0.9394128960909657,-1.1632413869806917,0.0772860721461308,0.9702338423168692,-0.7390309906009267,0.7598712561812402,-0.7390309906009267,0.7598712561812402,0.0,0.0,0.0,0.0,0.0,0.0,0.26036928727245556,0.26036928727245556,0.26036928727245556,0.27068003166235594,0.27068003166235594,0.2334707055848599,0.2334707055848599
26.0,0.026000000000000002,0.001,0.499,5.785153571147117,54.02400822259664,0.10096997755002522,0.942896818608801,0.9751736760370592,-1.2072979667627974,0.9751736760370592,-1.2072979667627974,0.9751736760370592,-1.2072979667627974,0.07651866099285808,0.9710223760967682,-0.7674111532727246,0.7885337798990202,-0.7674111532727246,0.7885337798990202,0.0,0.0,0.0,0.0,0.0,0.0,0.270649552596031,0.270649552596031,0.270649552596031,0.2809463082907769,0.2809463082907768,0.24251401831201763,0.24251401831201763
27.0,0.027,0.001,0.499,5.843074734186189,53.952310076774836,0.10198089255164147,0.9416454498966355,1.0109150016162567,-1.2513687121656065,1.0109150016162567,-1.2513687121656065,1.0109150016162567,-1.2513687121656065,0.07572287474571014,0.9718395079356834,-0.7957862471479364,0.8171318389151593,-0.7957862471479364,0.8171318389151593,0.0,0.0,0.0,0.0,0.0,0.0,0.28091352535137526,0.28091352535137526,0.28091352535137526,0.29119569507655163,0.29119569507655163,0.25156445968640906,0.25156445968640906
28.0,0.028,0.001,0.499,5.903042655135859,53.87808567816664,0.10302753021778889,0.9403499897556098,1.0466376661474177,-1.2954601410256406,1.0466376661474177,-1.2954601410256406,1.0466376661474177,-1.2954601410256406,0.07489871866984965,0.9726851709044568,-0.8241560758604877,0.8456629687734161,-0.8241560758604877,0.8456629687734161,0.0,0.0,0.0,0.0,0.0,0.0,0.29116052090638794,0.29116052090638794,0.29116052090638794,0.30142750390500334,0.30142750390500334,0.260622274706012,0.260622274706012
29.0,0.029,0.001,0.499,5.965056309835416,53.801333471509295,0.10410987267349102,0.939010411041268,1.0823424557021315,-1.3395787143417106,1.0823424557021315,-1.3395787143417106,1.0823424557021315,-1.3395787143417106,0.07404619822737435,0.9735592956047177,-0.8525204424752991,0.8741247002608468,-0.8525204424752991,0.8741247002608468,0.0,0.0,0.0,0.0,0.0,0.0,0.30138984975963007,0.30138984975963007,0.30138984975963007,0.3116410416855119,0.3116410416855119,0.2696877060241934,0.2696877060241934
30.0,0.03,0.001,0.499,6.029114718757378,53.72205153460578,0.10522790282276817,0.9376266802049433,1.1180301492771558,-1.3837308363246612,1.1180301492771558,-1.3837308363246612,1.1180301492771558,-1.3837308363246612,0.07316531907790338,0.9744618101639972,-0.8808791494709682,0.9025145592796352,-0.8808791494709682,0.9025145592796352,0.0,0.0,0.0,0.0,0.0,0.0,0.31160081731100536,0.31160081731100536,0.3116008173110053,0.3218356101174856,0.3218356101174856,0.27876099387035236,0.27876099387035236
31.0,0.031,0.001,0.499,6.095216946611355,53.64023758157837,0.10638160434172358,0.9361987573505429,1.1537015189554103,-1.4279228544004496,1.1537015189554103,-1.4279228544004496,1.1537015189554103,-1.4279228544004496,0.07225608707918077,0.9753926402307203,-0.9092319987226128,0.9308300667230041,-0.9092319987226128,0.9308300667230041,0.0,0.0,0.0,0.0,0.0,0.0,0.32179272362567474,0.32179272362567474,0.3217927236256747,0.33201050545851674,0.3320105054585167,0.28784237597103446,0.28784237597103446
32.0,0.032,0.001,0.499,6.163362101956482,53.555888966124655,0.10757096167177904,0.9347265962913771,1.189357330055456,-1.4721610591658545,1.189357330055456,-1.4721610591658545,1.189357330055456,-1.4721610591658545,0.0713185082876959,0.9763517089690755,-0.9375787914848662,0.9590687383553057,-0.9375787914848662,0.9590687383553057,0.0,0.0,0.0,0.0,0.0,0.0,0.33196486320728075,0.33196486320728075,0.33196486320728075,0.3421650182946512,0.3421650182946512,0.296932087471546,0.296932087471546
33.0,0.033,0.001,0.499,6.233549336821743,53.469002684778985,0.1087959600130484,0.9332101446070811,1.2249983412693672,-1.5164516842960265,1.2249983412693672,-1.5164516842960265,1.2249983412693672,-1.5164516842960265,0.07035258895932088,0.977338937053772,-0.965919328375011,0.9872280846963869,-0.965919328375011,0.9872280846963869,0.0,0.0,0.0,0.0,0.0,0.0,0.34211652476578175,0.34211652476578175,0.3421165247657817,0.3522984333127263,0.3522984333127263,0.30603036085809915,0.30603036085809915
34.0,0.034,0.001,0.499,6.305777846333538,53.379575380181905,0.11005658531783728,0.9316493437006781,1.2606253047888694,-1.560800906403016,1.2606253047888694,-1.560800906403016,1.2606253047888694,-1.560800906403016,0.06935833554996464,0.9783542426646823,-0.994253409356238,1.0153056109103171,-0.994253409356238,1.0153056109103171,0.0,0.0,0.0,0.0,0.0,0.0,0.35224699099793905,0.35224699099793905,0.35224699099793905,0.36241002907474246,0.3624100290747424,0.315137425880521,0.315137425880521
35.0,0.035,0.001,0.499,6.3800468683497815,53.287603344360576,0.11135282428425688,0.9300441288558338,1.2962389664196012,-1.605214844844329,1.2962389664196012,-1.605214844844329,1.2962389664196012,-1.605214844844329,0.06833575471624362,0.9793975414813808,-1.022580833721013,1.0432988166985655,-1.022580833721013,1.0432988166985655,0.0,0.0,0.0,0.0,0.0,0.0,0.36235553835658524,0.36235553835658524,0.3623555383565853,0.3724990777942587,0.3724990777942587,0.3242535094755595,0.3242535094755595
36.0,0.036000000000000004,0.001,0.499,6.456355683099862,53.19308252202316,0.1126846643499402,0.9283944292943532,1.33184006568332,-1.6496995614804804,1.33184006568332,-1.6496995614804804,1.33184006568332,-1.6496995614804804,0.06728485331616908,0.9804687466775786,-1.0509014000745356,1.0712051961977085,-1.0509014000745356,1.0712051961977085,0.0,0.0,0.0,0.0,0.0,0.0,0.3724414368345988,0.3724414368345988,0.3724414368345988,0.38256484511481886,0.38256484511481886,0.3333788356908203,0.3333788356908203
37.0,0.037,0.001,0.499,6.534703612829759,53.096008513870004,0.11405209368584805,0.9267001682339728,1.3674293359078482,-1.6942610603804193,1.3674293359078482,-1.6942610603804193,1.3674293359078482,-1.6942610603804193,0.06620563840985082,0.9815677689154603,-1.0792149063182692,1.0990222378817451,-1.0792149063182692,1.0990222378817451,0.0,0.0,0.0,0.0,0.0,0.0,0.3825039497407747,0.3825039497407747,0.3825039497407747,0.3926065898904365,0.3926065898904365,0.3425136256093715,0.3425136256093715
38.0,0.038,0.001,0.499,6.61509002145159,52.99637657992478,0.11545510119015258,0.9249612629464992,1.4030075043045287,-1.7389052874736246,1.4030075043045287,-1.7389052874736246,1.4030075043045287,-1.7389052874736246,0.06509811726021729,0.9826945163399293,-1.1075211496335224,1.1267474244690905,-1.1075211496335224,1.1267474244690905,0.0,0.0,0.0,0.0,0.0,0.0,0.3925423334848932,0.3925423334848932,0.3925423334848932,0.4026235639681864,0.4026235639681864,0.3516580972750523,0.3516580972750523
39.0,0.039,0.001,0.499,6.697514314196877,52.89418164288872,0.1168936764821855,0.9231776248163516,1.4385752920329236,-1.783638130147559,1.4385752920329236,-1.783638130147559,1.4385752920329236,-1.783638130147559,0.06396229733375224,0.9838488945727636,-1.1358199264650586,1.1543782328343184,-1.1358199264650586,1.1543782328343184,0.0,0.0,0.0,0.0,0.0,0.0,0.40255583736064765,0.40255583736064765,0.40255583736064765,0.41261501197297257,0.41261501197297257,0.36081246561852415,0.36081246561852415
40.0,0.04,0.001,0.499,6.781975937272754,52.78941829152107,0.11836780989643797,0.9213491593995625,1.474133414252465,-1.828465416789092,1.474133414252465,-1.828465416789092,1.474133414252465,-1.828465416789092,0.06279818630124753,0.9850308067066883,-1.1641110325047095,1.1819121339247123,-1.1641110325047095,1.1819121339247123,0.0,0.0,0.0,0.0,0.0,0.0,0.41254370333242424,0.41254370333242424,0.41254370333242424,0.4225801710945682,0.4225801710945682,0.36997694238410456,0.36997694238410456
41.0,0.041,0.001,0.499,6.868474377520384,52.68208078404919,0.1198774924765987,0.9194757664832941,1.5096825801607299,-1.87339291626839,1.5096825801607299,-1.87339291626839,1.5096825801607299,-1.87339291626839,0.06160579203857257,0.98624015329937,-1.1923942626749662,1.2093465926816875,-1.1923942626749662,1.2093465926816875,0.0,0.0,0.0,0.0,0.0,0.0,0.42250516582506775,0.42250516582506775,0.4225051658250678,0.43251827087703826,0.43251827087703826,0.3791517360574235,0.3791517360574235
42.0,0.042,0.001,0.499,6.957009162074777,52.572163051611504,0.12142271596961668,0.9175573401459304,1.5452234930179847,-1.9184263373636794,1.5452234930179847,-1.9184263373636794,1.5452234930179847,-1.9184263373636794,0.06038512262746005,0.9874768323673371,-1.22066941111252,1.236679067967134,-1.22066941111252,1.236679067967134,0.0,0.0,0.0,0.0,0.0,0.0,0.43243945151341967,0.43243945151341967,0.43243945151341967,0.44242853301069196,0.44242853301069196,0.3883370517939452,0.3883370517939452
43.0,0.043000000000000003,0.001,0.499,7.047579858025202,52.459658701737034,0.12300347281977428,0.9155937688178052,1.5807568501576024,-1.9635713281251777,1.5807568501576024,-1.9635713281251777,1.5807568501576024,-1.9635713281251777,0.05913618635630832,0.9887407393798318,-1.248936271151723,1.2639070124947325,-1.248936271151723,1.2639070124947325,0.0,0.0,0.0,0.0,0.0,0.0,0.44234577911728556,0.44234577911728556,0.44234577911728556,0.4523101711267252,0.4523101711267252,0.39753309134839643,0.39753309134839643
44.0,0.044,0.001,0.499,7.140186072075362,52.344561021864834,0.12461975616275621,0.9135849353426289,1.6162833429819323,-2.0088334751763828,1.6162833429819323,-2.0088334751763828,1.6162833429819323,-2.0088334751763828,0.05785899172100039,0.990031767252598,-1.2771946353079366,1.2910278727662858,-1.2771946353079366,1.2910278727662858,0.0,0.0,0.0,0.0,0.0,0.0,0.45222335919805945,0.45222335919805945,0.45222335919805945,0.46216239059475017,0.46216239059475017,0.4067400530051501,0.4067400530051501
45.0,0.045,0.001,0.499,7.23482745020248,52.22686298290722,0.12627155981969937,0.911530717039678,1.6518036569431562,-2.054218302950801,1.6518036569431562,-2.054218302950801,1.6518036569431562,-2.054218302950801,0.056553547425739654,0.9913498063416111,-1.3054442952607355,1.318039089013106,-1.3054442952607355,1.318039089013106,0.0,0.0,0.0,0.0,0.0,0.0,0.46207139395824964,0.46207139395824964,0.46207139395824964,0.4719843883234279,0.4719843883234279,0.4159581315096047,0.4159581315096047
46.0,0.046,0.001,0.499,7.33150367731439,52.106557242860596,0.127958878291208,0.9094309857668159,1.6873184715086342,-2.0997312728620696,1.6873184715086342,-2.0997312728620696,1.6873184715086342,-2.0997312728620696,0.055219862383902724,0.9926947444367535,-1.333685041836929,1.344938095142491,-1.333685041836929,1.344938095142491,0.0,0.0,0.0,0.0,0.0,0.0,0.47188907704230165,0.47188907704230165,0.47188907704230165,0.48177535256445736,0.4817753525644573,0.4251875180006102,0.4251875180006102
47.0,0.047,0.001,0.499,7.4302144769037275,51.98363615046763,0.1296817067513182,0.9072856079844106,1.7228284601102042,-2.1453777824053244,1.7228284601102042,-2.1453777824053244,1.7228284601102042,-2.1453777824053244,0.05385794571890935,0.9940664667554429,-1.3619166649933672,1.371722318689322,-1.3619166649933672,1.371722318689322,0.0,0.0,0.0,0.0,0.0,0.0,0.4816755933459946,0.4816755933459946,0.4816755933459946,0.49153446272019935,0.49153446272019935,0.43442839994398635,0.43442839994398635
48.0,0.048,0.001,0.499,7.530959610698263,51.85809174893515,0.13144004104139506,0.905094444820223,1.7583342900768593,-2.191163164187524,1.7583342900768593,-2.191163164187524,1.7583342900768593,-2.191163164187524,0.05246780676510986,0.9954648559362157,-1.3901389537994868,1.398389180772804,-1.3901389537994868,1.398389180772804,0.0,0.0,0.0,0.0,0.0,0.0,0.491430118823074,0.491430118823074,0.491430118823074,0.5012608891552466,0.5012608891552466,0.4436809610671832,0.4436809610671832
49.0,0.049,0.001,0.499,7.633738878306391,51.72991577971169,0.13323387766394526,0.9028573521353387,1.7938366225501878,-2.237092684884331,1.7938366225501878,-2.237092684884331,1.7938366225501878,-2.237092684884331,0.051049455068690304,0.9968897920322741,-1.4183516964195617,1.424936096058372,-1.4183516964195617,1.424936096058372,0.0,0.0,0.0,0.0,0.0,0.0,0.5011518203003794,0.5011518203003794,0.5011518203003794,0.5109537930122856,0.5109537930122856,0.45294538129513495,0.45294538129513495
50.0,0.05,0.001,0.499,7.738552116856745,51.59909968632919,0.13506321377632718,0.9005741805912176,1.8293361123819194,-2.283171544121003,1.8293361123819194,-2.283171544121003,1.8293361123819194,-2.283171544121003,0.049602900388595696,0.9983411525049989,-1.4465546800946107,1.4513604727247764,-1.4465546800946107,1.4513604727247764,0.0,0.0,0.0,0.0,0.0,0.0,0.5108398552969955,0.5108398552969955,0.5108398552969956,0.5206123260326327,0.5206123260326327,0.46222183668735634,0.46222183668735634
51.0,0.051000000000000004,0.001,0.499,7.845399200630881,51.465634618313345,0.13692804718434007,0.898244775717943,1.8648334080128761,-2.329404873274625,1.8648334080128761,-2.329404873274625,1.8648334080128761,-2.329404873274625,0.048128152697471775,0.9998188122174353,-1.474747691123921,1.4776597124363584,-1.474747691123921,1.4776597124363584,0.0,0.0,0.0,0.0,0.0,0.0,0.5204933718451972,0.5204933718451972,0.5204933718451972,0.5302356303818601,0.5302356303818601,0.4715104993763376,0.4715104993763376
52.0,0.052000000000000005,0.001,0.499,7.954280040687916,51.32951143516724,0.13882837633567266,0.8958689779837482,1.900329151332587,-2.3757977341948573,1.900329151332587,-2.3757977341948573,1.900329151332587,-2.3757977341948573,0.04662522218262564,1.0013226434277558,-1.502930514846138,1.5038312103205203,-1.502930514846138,1.5038312103205203,0.0,0.0,0.0,0.0,0.0,0.0,0.5301115083203954,0.5301115083203954,0.5301115083203954,0.5398228384809676,0.5398228384809677,0.4808115375072865,0.4808115375072865
53.0,0.053,0.001,0.499,8.06519458447997,51.19072071043308,0.14076420031319142,0.8934466228659079,1.935823977518775,-2.422355117840252,1.935823977518775,-2.422355117840252,1.935823977518775,-2.422355117840252,0.045094119247005765,1.0028525157827062,-1.5311029356198762,1.5298723549503919,-1.5311029356198762,1.5298723549503919,0.0,0.0,0.0,0.0,0.0,0.0,0.5396933932738467,0.5396933932738467,0.5396933932738467,0.5493730728436015,0.5493730728436015,0.49012511517927815,0.49012511517927815
54.0,0.054,0.001,0.499,8.178142815457209,51.04925273583713,0.1427355188280473,0.8909775409230809,1.9713185148558816,-2.4690819428270085,1.9713185148558816,-2.4690819428270085,1.9713185148558816,-2.4690819428270085,0.04353485451020197,1.0044082963110388,-1.559264736803797,1.5557805283326889,-1.559264736803797,1.5557805283326889,0.0,0.0,0.0,0.0,0.0,0.0,0.5492381452739955,0.5492381452739955,0.5492381452739954,0.5588854459198583,0.5588854459198583,0.49945139238786274,0.49945139238786274
55.0,0.055,0.001,0.499,8.293124752661242,50.90509752552297,0.14474233221257904,0.888461557869194,2.0068133845317426,-2.515983053886919,2.0068133845317426,-2.515983053886919,2.0068133845317426,-2.515983053886919,0.041947438809465866,1.0059898494169395,-1.587415700736106,1.5815531059007528,-1.587415700736106,1.5815531059007528,0.0,0.0,0.0,0.0,0.0,0.0,0.5587448727510195,0.5587448727510195,0.5587448727510195,0.5683590599472581,0.5683590599472581,0.508790524969191,0.508790524969191
56.0,0.056,0.001,0.499,8.410140450305558,50.75824482037852,0.14678464141299052,0.885898494648963,2.042309200411485,-2.563063220231062,2.042309200411485,-2.563063220231062,2.042309200411485,-2.563063220231062,0.040331883200752455,1.0075970368734521,-1.615555608713411,1.6071874565127608,-1.615555608713411,1.6071874565127608,0.0,0.0,0.0,0.0,0.0,0.0,0.5682126738551022,0.5682126738551022,0.5682126738551022,0.5777930068095255,0.5777930068095255,0.518142664545714,0.518142664545714
57.0,0.057,0.001,0.499,8.529189997341648,50.608684092462404,0.14886244798177817,0.8832881675151473,2.0778065687876537,-2.6103271338156673,2.0778065687876537,-2.6103271338156673,2.0778065687876537,-2.6103271338156673,0.038688198959783565,1.0092297178159073,-1.643684240968889,1.6326809424550852,-1.643684240968889,1.6326809424550852,0.0,0.0,0.0,0.0,0.0,0.0,0.577640636312799,0.577640636312799,0.577640636312799,0.5871863679038574,0.5871863679038574,0.5275079584735156,0.5275079584735156
58.0,0.058,0.001,0.499,8.650273517009397,50.456404549535506,0.1509757540698837,0.8806303881076409,2.1133060881055354,-2.6577794075063763,2.1133060881055354,-2.6577794075063763,2.1133060881055354,-2.6577794075063763,0.03701639758313386,1.010887748735358,-1.6718013766497017,1.658030919450781,-1.6718013766497017,1.658030919450781,0.0,0.0,0.0,0.0,0.0,0.0,0.5870278373028519,0.5870278373028519,0.5870278373028519,0.5965382140174186,0.5965382140174186,0.5368865497913367,0.5368865497913367
59.0,0.059000000000000004,0.001,0.499,8.773391166370239,50.30139513970378,0.15312456241854627,0.877924963534504,2.1488083486625853,-2.70542457313697,2.1488083486625853,-2.70542457313697,2.1488083486625853,-2.70542457313697,0.03531649078934026,1.0125709834720311,-1.699906793793603,1.6832347366731732,-1.699906793793603,1.6832347366731732,0.0,0.0,0.0,0.0,0.0,0.0,0.5963733433349591,0.5963733433349591,0.5963733433349591,0.6058476052138556,0.6058476052138556,0.5462785771713516,0.5462785771713516
60.0,0.06,0.001,0.499,8.898543135821553,50.1436445561785,0.15530887635082707,0.8751716964550456,2.1843139322808036,-2.7532670794584457,2.1843139322808036,-2.7532670794584457,2.1843139322808036,-2.7532670794584457,0.03358849052003558,1.0142792732087955,-1.7280002693046745,1.708289736764512,-1.7280002693046745,1.708289736764512,0.0,0.0,0.0,0.0,0.0,0.0,0.605676210138488,0.605676210138488,0.605676210138488,0.6151135907306807,0.6151135907306807,0.5556841748717578,0.5556841748717578
61.0,0.061,0.001,0.499,9.02572964859067,49.983141242160634,0.15752869976277795,0.8723703851650714,2.2198234119508657,-2.801311289974133,2.2198234119508657,-2.801311289974133,2.2198234119508657,-2.801311289974133,0.031832408941107455,1.0160124664646553,-1.7560815789281292,1.7331932558596594,-1.7560815789281292,1.7331932558596594,0.0,0.0,0.0,0.0,0.0,0.0,0.6149354825664854,0.6149354825664854,0.6149354825664854,0.6243352088884406,0.6243352088884406,0.5651034726912401,0.5651034726912401
62.0,0.062,0.001,0.499,9.15495096020678,49.81987339585597,0.15978403711422468,0.869520823684415,2.25533735144673,-2.8495614806563596,2.25533735144673,-2.8495614806563596,2.25533735144673,-2.8495614806563596,0.030048258443883338,1.01777040908827,-1.7841504972241164,1.7579426236147666,-1.7841504972241164,1.7579426236147666,0.0,0.0,0.0,0.0,0.0,0.0,0.6241501945083033,0.6241501945083033,0.6241501945083033,0.6335114870126494,0.6335114870126494,0.5745365959253709,0.5745365959253709
63.0,0.063,0.001,0.499,9.286207357949024,49.65382897562818,0.1620748934191341,0.866622801846875,2.2908563049094055,-2.8980218375399724,2.2908563049094055,-2.8980218375399724,2.2908563049094055,-2.8980218375399724,0.028236051646342873,1.019552944251511,-1.8122067975404648,1.782535163240897,-1.8122067975404648,1.782535163240897,0.0,0.0,0.0,0.0,0.0,0.0,0.6333193688155895,0.6333193688155895,0.6333193688155895,0.642641441369529,0.642641441369529,0.5839836653250112,0.5839836653250112
64.0,0.064,0.001,0.499,9.419499160268856,49.48499570529706,0.16440127423553258,0.8636761053926872,2.3263808163984883,-2.9466964541878173,2.3263808163984883,-2.9466964541878173,2.3263808163984883,-2.9466964541878173,0.02639580139435858,1.0213599124430535,-1.8402502519842927,1.8069681915425466,-1.8402502519842927,1.8069681915425466,0.0,0.0,0.0,0.0,0.0,0.0,0.642442017245664,0.642442017245664,0.6424420172456641,0.6517240771166859,0.6517240771166859,0.5934447970567757,0.5934447970567757
65.0,0.065,0.001,0.499,9.554826716184802,49.31336107958961,0.16676318565494258,0.8606805160636641,2.3619114194100144,-2.995589329023081,2.3619114194100144,-2.995589329023081,2.3619114194100144,-2.995589329023081,0.02452752076296616,1.0231911514620144,-1.86828063139242,1.8312390189610064,-1.86828063139242,1.8312390189610064,0.0,0.0,0.0,0.0,0.0,0.0,0.6515171404133415,0.6515171404133415,0.6515171404133415,0.6607583882699123,0.6607583882699123,0.602920102665623,0.602920102665623
66.0,0.066,0.001,0.499,9.692190404647574,49.138912369751964,0.16916063429130168,0.857635811701141,2.3974486363591123,-3.0447043625231753,2.3974486363591123,-3.0447043625231753,2.3974486363591123,-3.0447043625231753,0.022631223057665652,1.025046496411637,-1.896297705300508,1.8553449496225127,-1.896297705300508,1.8553449496225127,0.0,0.0,0.0,0.0,0.0,0.0,0.6605437277677277,0.6605437277677277,0.6605437277677277,0.669743357687393,0.669743357687393,0.6124096890396395,0.6124096890396395
67.0,0.067,0.001,0.499,9.831590633873422,48.96163662933026,0.17159362726932756,0.8545417663468714,2.4329929780258723,-3.0940453542696376,2.4329929780258723,-3.0940453542696376,2.4329929780258723,-3.0940453542696376,0.020706921815754797,1.0269257796930282,-1.9243012419108556,1.8792832813911222,-1.9243012419108556,1.8792832813911222,0.0,0.0,0.0,0.0,0.0,0.0,0.6695207575790635,0.6695207575790635,0.6695207575790635,0.6786779570726824,0.6786779570726824,0.6219136583770811,0.6219136583770811
68.0,0.068,0.001,0.499,9.973027840643551,48.78152070012915,0.17406217221229034,0.8513981503470232,2.468544942962779,-3.1436159998482887,2.468544942962779,-3.1436159998482887,2.468544942962779,-3.1436159998482887,0.018754630807696016,1.0288288309989544,-1.9522910080587825,1.903051305926248,-1.9522910080587825,1.903051305926248,0.0,0.0,0.0,0.0,0.0,0.0,0.6784471969517352,0.6784471969517352,0.6784471969517353,0.687561146997899,0.6875611469978989,0.6314321081557351,0.6314321081557351
69.0,0.069,0.001,0.499,10.11650248956728,48.59855121835689,0.17656627722915233,0.8482047304594295,2.504105016861984,-3.1934198875936723,2.504105016861984,-3.1934198875936723,2.504105016861984,-3.1934198875936723,0.016774364038518497,1.0307554773076992,-1.9802667691775167,1.9266463087447887,-1.9802667691775167,1.9266463087447887,0.0,0.0,0.0,0.0,0.0,0.0,0.6873220018495623,0.6873220018495623,0.6873220018495623,0.6963918769486838,0.6963918769486838,0.6409651311046729,0.6409651311046729
70.0,0.07,0.001,0.499,10.262015072306532,48.41271462096615,0.17910595090103296,0.8449612699642579,2.539673671880626,-3.2434604951715627,2.539673671880626,-3.2434604951715627,2.539673671880626,-3.2434604951715627,0.014766135749256979,1.032705542876987,-2.0082282892615178,1.950065569287779,-2.0082282892615178,1.950065569287779,0.0,0.0,0.0,0.0,0.0,0.0,0.6961441171521345,0.6961441171521345,0.6961441171521345,0.7051690853925695,0.7051690853925695,0.650512815178455,0.650512815178455
71.0,0.07100000000000001,0.001,0.499,10.409566106759183,48.22399715220033,0.18168120226695528,0.8416675287782648,2.5752513659223335,-3.293741185993091,2.5752513659223335,-3.293741185993091,2.5752513659223335,-3.293741185993091,0.012729960418428825,1.0346788492379784,-2.0361753308281534,1.9733063609914865,-2.0361753308281534,1.9733063609914865,0.0,0.0,0.0,0.0,0.0,0.0,0.7049124767292764,0.7049124767292764,0.7049124767292764,0.7138916998725066,0.7138916998725066,0.6600752435338573,0.6600752435338573
72.0,0.07200000000000001,0.001,0.499,10.559156136198594,48.03238487035537,0.18429204080882824,0.838323263572811,2.61083854187297,-3.3442652054538105,2.61083854187297,-3.3442652054538105,2.61083854187297,-3.3442652054538105,0.010665852763551172,1.0366752151893412,-2.0641076548776534,1.9963659513628762,-2.0641076548776534,1.9963659513628762,0.0,0.0,0.0,0.0,0.0,0.0,0.7136260035418246,0.7136260035418246,0.7136260035418247,0.7225586371274064,0.7225586371274064,0.6696524945091847,0.6696524945091847
73.0,0.073,0.001,0.499,10.710785728366638,47.83786365476747,0.18693847643561684,0.8349282278958202,2.646435626788603,-3.39503567699077,2.646435626788603,-3.39503567699077,2.646435626788603,-3.39503567699077,0.008573827742699911,1.0386944567914007,-2.09202502085126,2.0192416020593638,-2.09202502085126,2.0192416020593638,0.0,0.0,0.0,0.0,0.0,0.0,0.7222836097720353,0.7222836097720353,0.7222836097720353,0.7311688032416722,0.7311688032416721,0.6792446416062388,0.6792446416062388
74.0,0.074,0.001,0.499,10.864455474517339,47.640419213037475,0.18962051946665046,0.8314821722978698,2.6820430310336194,-3.446055597950427,2.6820430310336194,-3.446055597950427,2.6820430310336194,-3.446055597950427,0.0064539005561124185,1.0407363873603734,-2.1199271865874927,2.0419305689727723,-2.1199271865874927,2.0419305689727723,0.0,0.0,0.0,0.0,0.0,0.0,0.7308841969821399,0.7308841969821399,0.7308841969821399,0.7397210938258144,0.7397210938258144,0.688851753475003,0.688851753475003
75.0,0.075,0.001,0.499,11.020165988408138,47.44003708850345,0.19233818061401725,0.8279848444626098,2.717661147366805,-3.4973278352599793,2.717661147366805,-3.4973278352599793,2.717661147366805,-3.4973278352599793,0.004306086647835968,1.0428008174626908,-2.1478139082764502,2.0644301023174045,-2.1478139082764502,2.0644301023174045,0.0,0.0,0.0,0.0,0.0,0.0,0.7394266563033545,0.7394266563033545,0.7394266563033546,0.7482143942303703,0.7482143942303703,0.6984738939011189,0.6984738939011189
76.0,0.076,0.001,0.499,11.177917905235697,47.236702667972814,0.1950914709639904,0.8244359893417154,2.753290349973161,-3.54885512089446,2.753290349973161,-3.54885512089446,2.753290349973161,-3.54885512089446,0.0021304017074239077,1.044887554909413,-2.17568494041206,2.0867374467221462,-2.17568494041206,2.0867374467221462,0.0,0.0,0.0,0.0,0.0,0.0,0.7479098686610895,0.7479098686610895,0.7479098686610895,0.7566475797954849,0.7566475797954849,0.7081111217962117,0.7081111217962117
77.0,0.077,0.001,0.499,11.337711880512986,47.03040118972638,0.19788040195742954,0.8208353492945837,2.788930993439127,-3.6006400471316726,2.788930993439127,-3.6006400471316726,2.788930993439127,-3.6006400471316726,-7.313832831828959e-05,1.0469964047507394,-2.2035400357421975,2.1088498413265033,-2.2035400357421975,2.1088498413265033,0.0,0.0,0.0,0.0,0.0,0.0,0.756332705035864,0.756332705035864,0.756332705035864,0.7650195161386417,0.7650195161386417,0.7177634911911371,0.7177634911911371
78.0,0.078,0.001,0.499,11.499548588884274,46.82111775180697,0.20070498536909837,0.8171826642329969,2.824583411668823,-3.6526850615868205,2.824583411668823,-3.6526850615868205,2.824583411668823,-3.6526850615868205,-0.0023045172735348765,1.0491271692706199,-2.2313789452165866,2.1307645198804837,-2.2313789452165866,2.1307645198804837,0.0,0.0,0.0,0.0,0.0,0.0,0.764694026760385,0.764694026760385,0.764694026760385,0.7733290594831943,0.7733290594831943,0.7274310512322151,0.7274310512322151
79.0,0.079,0.001,0.499,11.663428722874494,46.60883732060554,0.2035652332858372,0.8134776717709785,2.860247916738827,-3.704992462018419,2.860247916738827,-3.704992462018419,2.860247916738827,-3.704992462018419,-0.004563718691467279,1.0512796479814681,-2.259201417932402,2.152478710848227,-2.259201417932402,2.152478710848227,0.0,0.0,0.0,0.0,0.0,0.0,0.7729926858629745,0.7729926858629745,0.7729926858629745,0.7815750570304808,0.7815750570304808,0.737113846180514,0.737113846180514
80.0,0.08,0.001,0.499,11.829352991569348,46.393544739758504,0.20646115808352614,0.8097201073800817,2.8959247976889477,-3.7575643908968512,2.8959247976889477,-3.7575643908968512,2.8959247976889477,-3.7575643908968512,-0.006850725892544757,1.0534536376189834,-2.2870072010774787,2.173989637515283,-2.2870072010774787,2.173989637515283,0.0,0.0,0.0,0.0,0.0,0.0,0.7812275254491013,0.7812275254491013,0.7812275254491013,0.7897563473784883,0.7897563473784883,0.7468119154142536,0.7468119154142536
81.0,0.081,0.001,0.499,11.997322119222282,46.175224739370464,0.20939277240277251,0.805909704550355,2.9316143192463655,-3.810402829726684,2.9316143192463655,-3.810402829726684,2.9316143192463655,-3.810402829726684,-0.009165521932415807,1.0556489321370828,-2.31479603987105,2.1952945180994443,-2.31479603987105,2.1952945180994443,0.0,0.0,0.0,0.0,0.0,0.0,0.7893973801369802,0.7893973801369802,0.7893973801369802,0.7978717609901829,0.7978717609901828,0.7565252934343887,0.7565252934343887
82.0,0.082,0.001,0.499,12.167336843784414,45.95386194557674,0.21236008912325297,0.8020461949572414,2.9673167204804374,-3.8635095931136316,2.9673167204804374,-3.8635095931136316,2.9673167204804374,-3.8635095931136316,-0.011508089609917732,1.0578653227029478,-2.3425676775019246,2.2163905658650265,-2.3425676775019246,2.2163905658650265,0.0,0.0,0.0,0.0,0.0,0.0,0.7975010765379734,0.7975010765379734,0.7975010765379733,0.8059201207148051,0.8059201207148051,0.7662540098734439,0.7662540098734439
83.0,0.083,0.001,0.499,12.339397915353228,45.72944089046115,0.21536312133663837,0.7981293086346746,3.003032213385402,-3.916886322566829,3.003032213385402,-3.916886322566829,3.003032213385402,-3.916886322566829,-0.013878411464981748,1.0601025976921883,-2.3703218550640157,2.2372749892404986,-2.3703218550640157,2.2372749892404986,0.0,0.0,0.0,0.0,0.0,0.0,0.8055374337917428,0.8055374337917428,0.8055374337917428,0.8139002423656173,0.8139002423656172,0.7759980895076581,0.7759980895076581
84.0,0.084,0.001,0.499,12.5135060945358,45.50194602234444,0.2184018823180265,0.7941587741546478,3.0387609813881413,-3.97053448002687,3.0387609813881413,-3.97053448002687,3.0387609813881413,-3.97053448002687,-0.01627646977647088,1.0623605426841276,-2.3980583114891325,2.2579449919393615,-2.3980583114891325,2.2579449919393615,0.0,0.0,0.0,0.0,0.0,0.0,0.8135052641644122,0.8135052641644122,0.8135052641644122,0.8218109353577662,0.8218109353577663,0.7857575522725053,0.7857575522725053
85.0,0.085,0.001,0.499,12.689662150722045,45.271361716459964,0.22147638549580462,0.7901343188135379,3.0745031777780922,-4.02445534110985,3.0745031777780922,-4.02445534110985,3.0745031777780922,-4.02445534110985,-0.01870224655994783,1.0646389404572119,-2.4257767834769517,2.2783977730841665,-2.4257767834769517,2.2783977730841665,0.0,0.0,0.0,0.0,0.0,0.0,0.8214033736978693,0.8214033736978693,0.8214033736978692,0.8296510034101431,0.8296510034101431,0.7955324132816555,0.7955324132816555
86.0,0.08600000000000001,0.001,0.499,12.867866860263373,45.037672286033185,0.22458664441986095,0.7860556688254804,3.1102589240563363,-4.078649988057482,3.1102589240563363,-4.078649988057482,3.1102589240563363,-4.078649988057482,-0.021155723565369905,1.0669375709845454,-2.4534770054220743,2.298630527333573,-2.4534770054220743,2.298630527333573,0.0,0.0,0.0,0.0,0.0,0.0,0.829230562932447,0.829230562932447,0.8292305629324471,0.837419245315309,0.837419245315309,0.805322682849437,0.805322682849437
87.0,0.08700000000000001,0.001,0.499,13.048121004551964,44.800861993782576,0.2277326727280618,0.7819225495230973,3.146028308200841,-4.133119302383158,3.146028308200841,-4.133119302383158,3.146028308200841,-4.133119302383158,-0.02363688227470799,1.0692562114295578,-2.4811587093380867,2.318640445012341,-2.4811587093380867,2.318640445012341,0.0,0.0,0.0,0.0,0.0,0.0,0.8369856276939859,0.8369856276939859,0.8369856276939859,0.8451144557817833,0.8451144557817833,0.8151283665168618,0.8151283665168618
88.0,0.088,0.001,0.499,13.230425367995654,44.560915063859845,0.23091448411090656,0.7777346855658935,3.1818113828447667,-4.187863957203722,3.1818113828447667,-4.187863957203722,3.1818113828447667,-4.187863957203722,-0.026145703899486523,1.071594636141802,-2.5088216247785318,2.338424712244149,-2.5088216247785318,2.338424712244149,0.0,0.0,0.0,0.0,0.0,0.0,0.8446673599559703,0.8446673599559703,0.8446673599559703,0.8527354263532059,0.8527354263532059,0.8249494650812762,0.8249494650812762
89.0,0.089,0.001,0.499,13.41478073588329,44.31781569424817,0.23413209227427126,0.7734918011566471,3.2176081633647073,-4.242884409246524,3.2176081633647073,-4.242884409246524,3.2176081633647073,-4.242884409246524,-0.028682169378241234,1.0739526166528892,-2.53646547875471,2.357980511087137,-2.53646547875471,2.357980511087137,0.0,0.0,0.0,0.0,0.0,0.0,0.8522745487803882,0.8522745487803882,0.8522745487803882,0.8602809464091195,0.8602809464091196,0.8347859746296962,0.8347859746296962
90.0,0.09,0.001,0.499,13.60118789213522,44.071548069637515,0.23738551090014695,0.7691936202661258,3.2534186258756956,-4.298180890521297,3.2534186258756956,-4.298180890521297,3.2534186258756956,-4.298180890521297,-0.031246259373891448,1.0763299216725613,-2.5640899956502134,2.3773050196720678,-2.5640899956502134,2.3773050196720678,0.0,0.0,0.0,0.0,0.0,0.0,0.8598059813364957,0.8598059813364957,0.8598059813364957,0.8677498042523479,0.8677498042523479,0.844637886575886,0.844637886575886
91.0,0.091,0.001,0.499,13.78964761693335,43.82209637479705,0.2406747536052767,0.7648398668664795,3.289242705129765,-4.35375339964626,3.289242705129765,-4.35375339964626,3.289242705129765,-4.35375339964626,-0.03383795427102357,1.0787263170849042,-2.5916948971321174,2.3963954123429994,-2.5916948971321174,2.3963954123429994,0.0,0.0,0.0,0.0,0.0,0.0,0.8672604440160073,0.8672604440160073,0.8672604440160073,0.8751407882882011,0.8751407882882011,0.8545051877012407,0.8545051877012407
92.0,0.092,0.001,0.499,13.980160684225115,43.56944480846484,0.24399983389759156,0.7604302651736616,3.325080292314836,-4.409601692817862,3.325080292314836,-4.409601692817862,3.325080292314836,-4.409601692817862,-0.036457234173082304,1.0811415659447046,-2.619279902058732,2.4152488598003674,-2.619279902058732,2.4152488598003674,0.0,0.0,0.0,0.0,0.0,0.0,0.8746367236306163,0.8746367236306163,0.8746367236306163,0.8824526883009768,0.8824526883009768,0.8643878601995268,0.8643878601995268
93.0,0.093,0.001,0.499,14.172727859095431,43.31357759777604,0.24736076513034225,0.7559645398992481,3.360931232750686,-4.465725274413549,3.360931232750686,-4.465725274413549,3.360931232750686,-4.465725274413549,-0.039104078899466134,1.083575428473951,-2.646844726383833,2.4338625292463725,-2.646844726383833,2.4338625292463725,0.0,0.0,0.0,0.0,0.0,0.0,0.8819336087181644,0.8819336087181644,0.8819336087181645,0.8896842968334928,0.8896842968334928,0.8742858817255388,0.8742858817255388
94.0,0.094,0.001,0.499,14.36734989500054,43.054479013251104,0.250757560453821,0.751442416512031,3.396795323478753,-4.522123387216997,3.396795323478753,-4.522123387216997,3.396795323478753,-4.522123387216997,-0.04177846798252342,1.0860276620584834,-2.6743890830572905,2.45223358453257,-2.6743890830572905,2.45223358453257,0.0,0.0,0.0,0.0,0.0,0.0,0.88914989094408,0.88914989094408,0.8891498909440799,0.8968344106756484,0.8968344106756483,0.8841992254477269,0.8841992254477269
95.0,0.095,0.001,0.499,14.564027530857507,42.792133384366274,0.25419023276456354,0.7468636215097757,3.4326723107425394,-4.578795002255341,3.4326723107425394,-4.578795002255341,3.4326723107425394,-4.578795002255341,-0.04448038066444543,1.088498021244793,-2.701912681922003,2.470359186309561,-2.701912681922003,2.470359186309561,0.0,0.0,0.0,0.0,0.0,0.0,0.896284366621324,0.896284366621324,0.896284366621324,0.9039018324682708,0.9039018324682708,0.8941278601048495,0.8941278601048495
96.0,0.096,0.001,0.499,14.762761487982901,42.52652511572923,0.25765879465191893,0.7422278827015376,3.468561887355401,-4.635738808238075,3.468561887355401,-4.635738808238075,3.468561887355401,-4.635738808238075,-0.047209795894052484,1.0909862577369718,-2.729415229607057,2.488236492178682,-2.729415229607057,2.488236492178682,0.0,0.0,0.0,0.0,0.0,0.0,0.903335838338901,0.903335838338901,0.903335838338901,0.9108853724287874,0.9108853724287874,0.9040717500667005,0.9040717500667005
97.0,0.097,0.001,0.499,14.963552466874026,42.25763870388315,0.2611632583418715,0.7375349295009501,3.504463689952555,-4.692953200587507,3.504463689952555,-4.692953200587507,3.504463689952555,-4.692953200587507,-0.049966692323469515,1.0934921203938173,-2.7568964294170297,2.505862656845598,-2.7568964294170297,2.505862656845598,0.0,0.0,0.0,0.0,0.0,0.0,0.910303116721008,0.910303116721008,0.9103031167210079,0.9177838502055258,0.9177838502055258,0.9140308553989682,0.9140308553989682
98.0,0.098,0.001,0.499,15.16640114382588,41.98545875476337,0.26470363563799565,0.7327844932308992,3.5403772961241913,-4.750436270050941,3.5403772961241913,-4.750436270050941,3.5403772961241913,-4.750436270050941,-0.052751048304686875,1.096015355226093,-2.784355981217357,2.5232348322757,-2.784355981217357,2.5232348322757,0.0,0.0,0.0,0.0,0.0,0.0,0.917185022309508,0.917185022309508,0.917185022309508,0.9245960968677224,0.9245960968677224,0.9240051319322684,0.9240051319322684
99.0,0.099,0.001,0.499,15.371308167376888,41.70997000183088,0.26827993785942233,0.7279763074400142,3.57630222142666,-4.808185790885079,3.57630222142666,-4.808185790885079,3.57630222142666,-4.808185790885079,-0.05556284188600255,1.098555705393944,-2.8117935813156736,2.540350167851209,-2.8117935813156736,2.540350167851209,0.0,0.0,0.0,0.0,0.0,0.0,0.9239803875902202,0.9239803875902202,0.9239803875902202,0.9313209570386075,0.9313209570386075,0.9339945313354066,0.9339945313354066
100.0,0.1,0.001,0.499,15.578274154576222,41.43115732490799,0.27189217577569114,0.7231101082314105,3.612237916268804,-4.8661992086036,3.612237916268804,-4.8661992086036,3.612237916268804,-4.8661992086036,-0.05840205080834161,1.101112911204474,-2.839208922339065,2.557205810529899,-2.839208922339065,2.557205810529899,0.0,0.0,0.0,0.0,0.0,0.0,0.9306880591555879,0.9306880591555879,0.9306880591555879,0.9379572911791804,0.9379572911791804,0.9439990011929106,0.9439990011929106
101.0,0.101,0.001,0.499,15.787299687065405,41.14900576974141,0.27554035953836176,0.7181856346041312,3.6481837626706284,-4.924473627279377,3.6481837626706284,-4.924473627279377,3.6481837626706284,-4.924473627279377,-0.06126865250144875,1.1036867101094794,-2.866601693107134,2.573798905005342,-2.866601693107134,2.573798905005342,0.0,0.0,0.0,0.0,0.0,0.0,0.9373069000275953,0.9373069000275953,0.9373069000275954,0.9445039780305852,0.9445039780305852,0.9540184850868838,0.9540184850868838
102.0,0.10200000000000001,0.001,0.499,15.998385306966746,40.86350056831884,0.2792244986092534,0.7132026288077378,3.6841390708916673,-4.983005796393417,3.6841390708916673,-4.983005796393417,3.6841390708916673,-4.983005796393417,-0.06416262407994958,1.106276836703348,-2.8939715785008238,2.5901265938685887,-2.8939715785008238,2.5901265938685887,0.0,0.0,0.0,0.0,0.0,0.0,0.9438357921358723,0.9438357921358723,0.9438357921358723,0.9509599172232416,0.9509599172232416,0.9640529226832188,0.9640529226832188
103.0,0.10300000000000001,0.001,0.499,16.211531512570975,40.57462715996553,0.28294460168518,0.7081608367105144,3.720103075926567,-5.041792097223359,3.720103075926567,-5.041792097223359,3.720103075926567,-5.041792097223359,-0.06708394233927648,1.1088830227211193,-2.921318259326906,2.606186017771202,-2.921318259326906,2.606186017771202,0.0,0.0,0.0,0.0,0.0,0.0,0.9502736389646909,0.9502736389646909,0.9502736389646909,0.9573240320611406,0.9573240320611406,0.9741022498222156,0.9741022498222156
104.0,0.10400000000000001,0.001,0.499,16.426738753816355,40.28237121324736,0.28670067661904564,0.7030600081817493,3.7560749338656416,-5.1008285287651765,3.7560749338656416,-5.1008285287651765,3.7560749338656416,-5.1008285287651765,-0.07003258375145455,1.1115049970367088,-2.948641412178076,2.6219743155895516,-2.948641412178076,2.6219743155895516,0.0,0.0,0.0,0.0,0.0,0.0,0.9566193683785523,0.9566193683785523,0.9566193683785523,0.9635952724899541,0.9635952724899541,0.9841663986136415,0.9841663986136415
105.0,0.105,0.001,0.499,16.644007427551433,39.986718648707665,0.29049273033716405,0.6978998974885665,3.7920537181183898,-5.160110693182761,3.7920537181183898,-5.160110693182761,3.7920537181183898,-5.160110693182761,-0.07300852446074312,1.1141424856612991,-2.975940709288573,2.637488624590298,-2.975940709288573,2.637488624590298,0.0,0.0,0.0,0.0,0.0,0.0,0.9628719356297253,0.9628719356297253,0.9628719356297252,0.9697726182578341,0.9697726182578341,0.9942452975362778,0.9942452975362778
106.0,0.106,0.001,0.499,16.86333787257343,39.68765566246499,0.29432076875266233,0.6926802637077853,3.8280384154982663,-5.219633780781144,3.8280384154982663,-5.219633780781144,3.8280384154982663,-5.219633780781144,-0.07601174027912838,1.1167952117418962,-3.0032158183852626,2.6527260805969815,-3.0032158183852626,2.6527260805969815,0.0,0.0,0.0,0.0,0.0,0.0,0.9690303265644823,0.9690303265644823,0.9690303265644823,0.9758550822779684,0.9758550822779685,1.0043388715419812,1.0043388715419812
107.0,0.107,0.001,0.499,17.084730364434325,39.38516875069933,0.29818479667482967,0.687400871153285,3.864027922167317,-5.279392554500401,3.864027922167317,-5.279392554500401,3.864027922167317,-5.279392554500401,-0.0790422066816625,1.1194628955600539,-3.030466402534114,2.6676838181576477,-3.030466402534114,2.6676838181576477,0.0,0.0,0.0,0.0,0.0,0.0,0.9750935610272666,0.9750935610272666,0.9750935610272665,0.9818417142021414,0.9818417142021414,1.0144470421643,1.0144470421643
108.0,0.108,0.001,0.499,17.30818511000644,39.079244735054274,0.3020848177142693,0.6820614898193562,3.900021039439665,-5.339381333928731,3.900021039439665,-5.339381333928731,3.900021039439665,-5.339381333928731,-0.08209989880164449,1.1221452545307673,-3.057692119982002,2.682358970713433,-3.057692119982002,2.682358970713433,0.0,0.0,0.0,0.0,0.0,0.0,0.9810606964829787,0.9810606964829787,0.9810606964829787,0.9877316042146981,0.9877316042146981,1.0245697276316783,1.0245697276316783
109.0,0.109,0.001,0.499,17.53370224179952,38.76987078898279,0.30602083418371256,0.6766618958405214,3.936016469443265,-5.399593978834801,3.936016469443265,-5.399593978834801,3.936016469443265,-5.399593978834801,-0.08518479142563827,1.1248420032015354,-3.084892623993778,2.696748670768044,-3.084892623993778,2.696748670768044,0.0,0.0,0.0,0.0,0.0,0.0,0.986930831855872,0.986930831855872,0.9869308318558719,0.9935238870563976,0.9935238870563977,1.0347068429852748,1.0347068429852748
110.0,0.11,0.001,0.499,17.76128181202108,38.457034465063835,0.30999284699435237,0.6712018719683002,3.9720128106398103,-5.460023872221263,3.9720128106398103,-5.460023872221263,3.9720128106398103,-5.460023872221263,-0.08829685898832282,1.1275528532515935,-3.112067562684546,2.7108500500580712,-3.112067562684546,2.7108500500580712,0.0,0.0,0.0,0.0,0.0,0.0,0.9927031116031302,0.9927031116031302,0.9927031116031302,0.9992177462877346,0.9992177462877346,1.044858300201427,1.044858300201427
111.0,0.111,0.001,0.499,17.990923786371958,38.14072372331725,0.3140008555475556,0.6656812080653968,4.00800855320321,-5.5206639029033635,4.00800855320321,-5.5206639029033635,4.00800855320321,-5.5206639029033635,-0.0914360755671699,1.1302775134913177,-3.139216578847088,2.724660239724069,-3.139216578847088,2.724660239724069,0.0,0.0,0.0,0.0,0.0,0.0,0.9983767300281805,0.9983767300281805,0.9983767300281805,1.0048124188012897,1.0048124188012895,1.055024008318789,1.055024008318789
112.0,0.112,0.001,0.499,18.22262803756907,37.82092696054364,0.3180448576218132,0.660099701617778,4.04400207425765,-5.581506447618797,4.04400207425765,-5.581506447618797,4.04400207425765,-5.581506447618797,-0.09460241487694428,1.1330156898618,-3.1663393097743784,2.738176370482352,-3.1663393097743784,2.738176370482352,0.0,0.0,0.0,0.0,0.0,0.0,1.003950935845705,1.003950935845705,1.003950935845705,1.010307199592646,1.010307199592646,1.0652038735701634,1.0652038735701634
113.0,0.113,0.001,0.499,18.456394338587337,37.49763304071562,0.3221248492547901,0.6544571582651005,4.0799916329769,-5.642543352677406,4.0799916329769,-5.642543352677406,4.0799916329769,-5.642543352677406,-0.09779585026402142,1.1357670854345974,-3.1934353870771464,2.7513955727974513,-3.1934353870771464,2.7513955727974513,0.0,0.0,0.0,0.0,0.0,0.0,1.0094250370015874,1.0094250370015874,1.0094250370015874,1.0157014467992824,1.0157014467992824,1.0753977995190527,1.0753977995190527
114.0,0.114,0.001,0.499,18.69222235561301,37.17083132644626,0.3262408246203374,0.6487533923499385,4.115975365547259,-5.703765915162064,4.115975365547259,-5.703765915162064,4.115975365547259,-5.703765915162064,-0.10101635470051784,1.1385314004116525,-3.220504436496422,2.764314977055183,-3.220504436496422,2.764314977055183,0.0,0.0,0.0,0.0,0.0,0.0,1.0147984057692494,1.0147984057692494,1.0147984057692494,1.0209945870166588,1.0209945870166588,1.085605687200944,1.085605687200944
115.0,0.115,0.001,0.499,18.930111640700794,36.84051171155942,0.33039277590033467,0.6429882274862434,4.151951279997317,-5.765164863695051,4.151951279997317,-5.765164863695051,4.151951279997317,-5.765164863695051,-0.10426390077822888,1.1413083321253887,-3.247546077711031,2.7769317137362868,-3.247546077711031,2.7769317137362868,0.0,0.0,0.0,0.0,0.0,0.0,1.0200704841170483,1.0200704841170483,1.0200704841170483,1.0261861209004306,1.0261861209004306,1.0958274352693567,1.0958274352693567
116.0,0.116,0.001,0.499,19.170061624127314,36.50666465478607,0.3345806931512333,0.637161497147456,4.187917250898603,-5.826730338787471,4.187917250898603,-5.826730338787471,4.187917250898603,-5.826730338787471,-0.10753846070236887,1.1440975750389792,-3.2745599241399908,2.789242913590589,-3.2745599241399908,2.789242913590589,0.0,0.0,0.0,0.0,0.0,0.0,1.0252407893698632,1.0252407893698632,1.0252407893698632,1.0312756290633385,1.0312756290633383,1.106062940146647,1.106062940146647
117.0,0.117,0.001,0.499,19.41207160643384,36.16928121460913,0.3388045641651754,0.6312730452746631,4.223871013942114,-5.888451872792835,4.223871013942114,-5.888451872792835,4.223871013942114,-5.888451872792835,-0.11084000628510864,1.146898820746791,-3.301545582739764,2.8012457078116615,-3.301545582739764,2.8012457078116615,0.0,0.0,0.0,0.0,0.0,0.0,1.0303089201568927,1.0303089201568927,1.0303089201568927,1.0362627782748262,1.0362627782748262,1.1163120961796082,1.1163120961796082
118.0,0.11800000000000001,0.001,0.499,19.656140750151526,35.8283530852782,0.3430643743255722,0.6253227269051733,4.259810160396791,-5.950318369489776,4.259810160396791,-5.950318369489776,4.259810160396791,-5.950318369489776,-0.11416850893890497,1.149711757975003,-3.3285026537963383,2.8129372282119363,-3.3285026537963383,2.8129372282119363,0.0,0.0,0.0,0.0,0.0,0.0,1.0352745626723021,1.0352745626723021,1.0352745626723021,1.041147327970794,1.041147327970794,1.126574795799849,1.126574795799849
119.0,0.11900000000000001,0.001,0.499,19.902268071202755,35.48387263401361,0.3473601064570293,0.6193104088218503,4.295732131457105,-6.012318083323045,4.295732131457105,-6.012318083323045,4.295732131457105,-6.012318083323045,-0.11752393966961706,1.1525360725824012,-3.355430730712095,2.8243146073982563,-3.355430730712095,2.8243146073982563,0.0,0.0,0.0,0.0,0.0,0.0,1.040137497238966,1.040137497238966,1.040137497238966,1.0459291370801356,1.0459291370801356,1.1368509296889784,1.1368509296889784
120.0,0.12,0.001,0.499,20.150452429972802,35.13583293941757,0.35169174066951747,0.6132359702235138,4.331634212488158,-6.0744385983364655,4.331634212488158,-6.0744385983364655,4.331634212488158,-6.0744385983364655,-0.12090626906940449,1.155371447561349,-3.382329399787435,2.8353749789478355,-3.382329399787435,2.8353749789478355,0.0,0.0,0.0,0.0,0.0,0.0,1.0448976051925158,1.0448976051925158,1.044897605192516,1.050608171173766,1.050608171173766,1.1471403869485883,1.1471403869485883
121.0,0.121,0.001,0.499,20.400692522046395,34.78422783110782,0.3560592541966955,0.6070993034166775,4.367513527178,-6.13666680683637,4.367513527178,-6.13666680683637,4.367513527178,-6.13666680683637,-0.12431546730940163,1.1582175630389335,-3.4091982399971377,2.8461154775846094,-3.4091982399971377,2.8461154775846094,0.0,0.0,0.0,0.0,0.0,0.0,1.0495548760855398,1.0495548760855398,1.0495548760855398,1.0551845099407138,1.0551845099407138,1.1574430552750417,1.1574430552750417
122.0,0.122,0.001,0.499,20.652986868604604,34.4290519305867,0.3604626212283038,0.6009003145288482,4.403367031608292,-6.198988887829277,4.403367031608292,-6.198988887829277,4.403367031608292,-6.198988887829277,-0.12775150413216305,1.1610740962782895,-3.436036822761428,2.856533239355964,-3.436036822761428,2.856533239355964,0.0,0.0,0.0,0.0,0.0,0.0,1.0541094152219792,1.0541094152219792,1.0541094152219792,1.0596583549945606,1.0596583549945606,1.1677588211390617,1.1677588211390617
123.0,0.123,0.001,0.499,20.907333806477983,34.07030069335576,0.36490181273655975,0.594638924243565,4.439191508255964,-6.261390285283148,4.439191508255964,-6.261390285283148,4.439191508255964,-6.261390285283148,-0.13121434884387478,1.1639407216800994,-3.4628447117117336,2.8666254018098356,-3.4628447117117336,2.8666254018098356,0.0,0.0,0.0,0.0,0.0,0.0,1.0585614515137212,1.0585614515137212,1.0585614515137212,1.0640300380119618,1.0640300380119618,1.1780875699701194,1.1780875699701194
124.0,0.124,0.001,0.499,21.163731477852977,33.70797045228282,0.36937679629649983,0.5883150685572974,4.474983559940103,-6.323855686267547,4.474983559940103,-6.323855686267547,4.474983559940103,-6.323855686267547,-0.1347039703063259,1.1668171107842715,-3.489621462451113,2.8763891041721696,-3.489621462451113,2.8763891041721696,0.0,0.0,0.0,0.0,0.0,0.0,1.062911345676274,1.062911345676274,1.0629113456762742,1.0683000292031994,1.0683000292031994,1.1884291863456091,1.1884291863456091
125.0,0.125,0.001,0.499,21.422177819629226,33.34205846222497,0.37388753590022994,0.5819286995582631,4.510739603730087,-6.386368999034331,4.510739603730087,-6.386368999034331,4.510739603730087,-6.386368999034331,-0.13822033692863522,1.1697029322717962,-3.516366622309348,2.885821487524748,-3.516366622309348,2.885821487524748,0.0,0.0,0.0,0.0,0.0,0.0,1.067159598745783,1.067159598745783,1.067159598745783,1.0724689461126955,1.0724689461126955,1.1987835541848073,1.1987835541848073
126.0,0.126,0.001,0.499,21.682670552426643,32.972562945906866,0.3784339917650627,0.5754797862271558,4.546455864832752,-6.448913331107266,4.546455864832752,-6.448913331107266,4.546455864832752,-6.448913331107266,-0.1417634166587279,1.1725978519667797,-3.543079730092687,2.8949196949833813,-3.543079730092687,2.8949196949833813,0.0,0.0,0.0,0.0,0.0,0.0,1.0713068609313943,1.0713068609313943,1.0713068609313943,1.076537562745076,1.076537562745076,1.2091505569475927,1.2091505569475927
127.0,0.127,0.001,0.499,21.94520716924221,32.59948314104967,0.38301612013554104,0.5689683152596997,4.58212837047835,-6.511470967456026,4.58212837047835,-6.511470967456026,4.58212837047835,-6.511470967456026,-0.14533317697455614,1.1755015328386562,-3.5697603158282383,2.9036808718764786,-3.5697603158282383,2.9036808718764786,0.0,0.0,0.0,0.0,0.0,0.0,1.0753539407843713,1.0753539407843713,1.0753539407843713,1.0805068190097498,1.0805068190097498,1.2195300778379186,1.2195300778379186
128.0,0.128,0.001,0.499,22.209784923757613,32.22281934874082,0.38763387307936814,0.5623942919108622,4.617752943827089,-6.574023348837523,4.617752943827089,-6.574023348837523,4.617752943827089,-6.574023348837523,-0.14892958487505917,1.1784136350045802,-3.5964079005030167,2.9121021659240087,-3.5964079005030167,2.9121021659240087,0.0,0.0,0.0,0.0,0.0,0.0,1.0793018146855637,1.0793018146855637,1.079301814685564,1.0843778304739862,1.0843778304739862,1.2299220000120095,1.2299220000120095
129.0,0.129,0.001,0.499,22.47640081830032,31.84257298303005,0.3922871982772883,0.5557577408604668,4.653325197920161,-6.636551050395355,4.653325197920161,-6.636551050395355,4.653325197920161,-6.636551050395355,-0.1525526068708568,1.181333815731997,-3.6230219957976404,2.9201807274168665,-3.6230219957976404,2.9201807274168665,0.0,0.0,0.0,0.0,0.0,0.0,1.083151636630767,1.083151636630767,1.0831516366307667,1.0881518984111562,1.0881518984111562,1.2403262067912666,1.2403262067912666
130.0,0.13,0.001,0.499,22.745051591462094,31.45874662173108,0.39697603880698973,0.5490587070998505,4.688840529701435,-6.699033760616301,4.688840529701435,-6.699033760616301,4.688840529701435,-6.699033760616301,-0.15620220897467152,1.1842617294413937,-3.6496021038146953,2.9279137093966723,-3.6496021038146953,2.9279137093966723,0.0,0.0,0.0,0.0,0.0,0.0,1.0869047483166825,1.0869047483166825,1.0869047483166825,1.091830520127086,1.091830520127086,1.2507425818798472,1.2507425818798472
131.0,0.131,0.001,0.499,23.015733705380715,31.0713440584024,0.401700332921128,0.5422972568390991,4.724294114138275,-6.761450260751315,4.724294114138275,-6.761450260751315,4.724294114138275,-6.761450260751315,-0.1598783566914733,1.1871970277092299,-3.676147716801776,2.935298267836026,-3.676147716801776,2.935298267836026,0.0,0.0,0.0,0.0,0.0,0.0,1.0905626894866551,1.0905626894866551,1.0905626894866551,1.0954153995433666,1.0954153995433666,1.2611710095868889,1.2611710095868889
132.0,0.132,0.001,0.499,23.288443332692218,30.680370355473855,0.4064600138196004,0.5354734784342818,4.75968089847239,-6.823778404817271,4.75968089847239,-6.823778404817271,4.75968089847239,-6.823778404817271,-0.16358101500834252,1.1901393592710492,-3.702658316869222,2.9423315618192514,-3.702658316869222,2.9423315618192514,0.0,0.0,0.0,0.0,0.0,0.0,1.0941272085350402,1.0941272085350402,1.0941272085350402,1.0989084580119033,1.0989084580119033,1.2716113750533475,1.2716113750533475
133.0,0.133,0.001,0.499,23.563176343163164,30.28583189847863,0.41125500941623444,0.5285874833339771,4.794995596634054,-6.885995100304699,4.794995596634054,-6.885995100304699,4.794995596634054,-6.885995100304699,-0.1673101483840451,1.1930883700247727,-3.729133375702572,2.949010753723658,-3.729133375702572,2.949010753723658,0.0,0.0,0.0,0.0,0.0,0.0,1.0976002733292143,1.0976002733292143,1.097600273329214,1.1023118453300123,1.1023118453300123,1.2820635644834049,1.2820635644834049
134.0,0.134,0.001,0.499,23.83992829001424,29.88773645134241,0.41608524210009007,0.521639407044251,4.830232683855625,-6.948076289726064,4.830232683855625,-6.948076289726064,4.830232683855625,-6.948076289726064,-0.17106572073831486,1.1960437030341742,-3.7555723542697668,2.9553330094013712,-3.7555723542697668,2.9553330094013712,0.0,0.0,0.0,0.0,0.0,0.0,1.100984082227099,1.100984082227099,1.100984082227099,1.1056279509199318,1.1056279509199318,1.2925274653804069,1.2925274653804069
135.0,0.135,0.001,0.499,24.118694395948882,29.48609321267335,0.4209506284916129,0.5146294101111025,4.8653863915228195,-7.009996933148509,4.8653863915228195,-7.009996933148509,4.8653863915228195,-7.009996933148509,-0.17484769544083797,1.199004998532536,-3.7819747025231245,2.9612954983617636,-3.7819747025231245,2.9612954983617636,0.0,0.0,0.0,0.0,0.0,0.0,1.1042810752453613,1.1042810752453613,1.1042810752453613,1.1088594151306697,1.1088594151306697,1.3030029667872847,1.3030029667872847
136.0,0.136,0.001,0.499,24.399469538902874,29.080912872987646,0.4258510791939178,0.507557679119238,4.900450702304858,-7.071730991864493,4.900450702304858,-7.071730991864493,4.900450702304858,-7.071730991864493,-0.17865603529993412,1.2019718939264905,-3.8083398590961366,2.9668953939545393,-3.8083398590961366,2.9668953939545393,0.0,0.0,0.0,0.0,0.0,0.0,1.107493945339101,1.107493945339101,1.107493945339101,1.1120091406137271,1.112009140613727,1.3134899595314071,1.3134899595314071
137.0,0.137,0.001,0.499,24.682248237533383,28.6722076727962,0.43078649853952494,0.5004244277058747,4.935419345607175,-7.13325141336328,4.935419345607175,-7.13325141336328,4.935419345607175,-7.13325141336328,-0.18249070255092925,1.204944023800044,-3.8346672509951176,2.9721298735535213,-3.8346672509951176,2.9721298735535213,0.0,0.0,0.0,0.0,0.0,0.0,1.1106256497438884,1.1106256497438884,1.1106256497438884,1.1150803037173354,1.1150803037173351,1.323988336473808,1.323988336473808
138.0,0.138,0.001,0.499,24.967024636468633,28.259991461467898,0.435756784332918,0.49322989758809904,4.97028579339302,-7.194530117775657,4.97028579339302,-7.194530117775657,4.97028579339302,-7.194530117775657,-0.186351658844215,1.207921019918785,-3.860956293285759,2.9769961187411997,-3.860956293285759,2.9769961187411997,0.0,0.0,0.0,0.0,0.0,0.0,1.113679421319423,1.113679421319423,1.113679421319423,1.1180763658365198,1.1180763658365198,1.334497992762736,1.334497992762736
139.0,0.139,0.001,0.499,25.253792491342075,27.844279756774764,0.4407618275893408,0.4859743596021255,5.005043256422805,-7.255537985973574,5.005043256422805,-7.255537985973574,5.005043256422805,-7.255537985973574,-0.19023886523298963,1.2109025112342793,-3.887206388774639,2.981491315494092,-3.887206388774639,2.981491315494092,0.0,0.0,0.0,0.0,0.0,0.0,1.116658779837259,1.116658779837259,1.116658779837259,1.1210010846484477,1.1210010846484477,1.3450188260914508,1.3450188260914508
140.0,0.14,0.001,0.499,25.542545153637963,27.425089805013204,0.44580151227030335,0.4786581147526101,5.039684680962572,-7.316244849515379,5.039684680962572,-7.316244849515379,5.039684680962572,-7.316244849515379,-0.19415228216067537,1.2138881238886483,-3.913416927685746,2.985612654368985,-3.913416927685746,2.985612654368985,0.0,0.0,0.0,0.0,0.0,0.0,1.1195675431298304,1.1195675431298304,1.1195675431298304,1.1238585251543234,1.1238585251543234,1.355550736960205,1.355550736960205
141.0,0.14100000000000001,0.001,0.499,25.833275555378336,27.00244064158419,0.4508757150163187,0.47128149526997415,5.074202746015308,-7.3766194826359435,5.074202746015308,-7.3766194826359435,5.074202746015308,-7.3766194826359435,-0.19809186944800744,1.2168774812193384,-3.9395872873320754,2.98935733069012,-3.9395872873320754,2.98935733069012,0.0,0.0,0.0,0.0,0.0,0.0,1.122409838035071,1.122409838035071,1.122409838035071,1.1266530704404525,1.1266530704404525,1.3660936289423402,1.3660936289423402
142.0,0.14200000000000002,0.001,0.499,26.125976193684473,26.57635315190329,0.4559843048774498,0.4638448656734851,5.108589861131083,-7.436629596489052,5.108589861131083,-7.436629596489052,5.108589861131083,-7.436629596489052,-0.2020575862797898,1.2198702037640758,-3.9657168317823728,2.9927225447373877,-3.9657168317823728,2.9927225447373877,0.0,0.0,0.0,0.0,0.0,0.0,1.1251901110338214,1.1251901110338214,1.1251901110338214,1.129389432062142,1.129389432062142,1.3766474089544103,1.3766474089544103
143.0,0.14300000000000002,0.001,0.499,26.420639115249415,26.146850132499292,0.46112714304230384,0.45634862383762825,5.14283816485405,-7.49624183585682,5.14283816485405,-7.49624183585682,5.14283816485405,-7.49624183585682,-0.2060493911913129,1.2228659092660115,-3.991804911523087,2.9957055019356065,-3.991804911523087,2.9957055019356065,0.0,0.0,0.0,0.0,0.0,0.0,1.1279131384907068,1.1279131384907068,1.1279131384907068,1.132072659944944,1.132072659944944,1.3872119875302538,1.3872119875302538
144.0,0.14400000000000002,0.001,0.499,26.717255900761412,25.713956352147296,0.46630408256617,0.4487932020590808,5.176939523866144,-7.555421778547469,5.176939523866144,-7.555421778547469,5.176939523866144,-7.555421778547469,-0.21006724205442853,1.2258642126790564,-4.017850863115624,2.99830341304496,-4.017850863115624,2.99830341304496,0.0,0.0,0.0,0.0,0.0,0.0,1.130584036388886,1.130584036388886,1.130584036388886,1.1347081516883246,1.1347081516883244,1.3977872790989259,1.3977872790989259
145.0,0.145,0.001,0.499,27.015817649321725,25.277698612869283,0.4715149680990589,0.4411790681213725,5.210885532888909,-7.614133937708326,5.210885532888909,-7.614133937708326,5.210885532888909,-7.614133937708326,-0.2141110960632775,1.2288647261734091,-4.043854008848969,3.0005134943526657,-4.043854008848969,3.0005134943526657,0.0,0.0,0.0,0.0,0.0,0.0,1.1332082694408678,1.1332082694408678,1.1332082694408678,1.1373016611475182,1.1373016611475182,1.4083732022663944,1.4083732022663944
146.0,0.146,0.001,0.499,27.316314962903856,24.838105810621894,0.476759635614465,0.4335067263540872,5.244667515406065,-7.672341767285251,5.244667515406065,-7.672341767285251,5.244667515406065,-7.672341767285251,-0.21818090971966528,1.231867059141275,-4.06981365638779,3.002332967865958,-4.06981365638779,3.002332967865958,0.0,0.0,0.0,0.0,0.0,0.0,1.1357916594527784,1.1357916594527784,1.1357916594527786,1.13985930615997,1.13985930615997,1.4189696801009042,1.4189696801009042
147.0,0.147,0.001,0.499,27.61873793090482,24.395208995477713,0.4820379121397353,0.42577671868322453,5.278276525270306,-7.730007670862676,5.278276525270306,-7.730007670862676,5.278276525270306,-7.730007670862676,-0.22227663881808135,1.2348708182027814,-4.0957290984160855,3.003759061506467,-4.0957290984160855,3.003759061506467,0.0,0.0,0.0,0.0,0.0,0.0,1.1383403928029507,1.1383403928029507,1.1383403928029507,1.1423875752737331,1.1423875752737331,1.4295766404218941,1.4295766404218941
148.0,0.148,0.001,0.499,27.92307611484282,23.94904143109284,0.4873496154889935,0.41798962566910475,5.3117033492582175,-7.787093014119758,5.3117033492582175,-7.787093014119758,5.3117033492582175,-7.787093014119758,-0.22639823843035786,1.2378756072120876,-4.121599612276505,3.004789009306072,-4.121599612276505,3.004789009306072,0.0,0.0,0.0,0.0,0.0,0.0,1.1408610268965544,1.1408610268965544,1.1408610268965544,1.1448933333266298,1.1448933333266298,1.440194016092368,1.440194016092368
149.0,0.149,0.001,0.499,28.22931853325927,23.499638653240176,0.49269455399963064,0.41014606752796706,5.344938510637111,-7.843558141137711,5.344938510637111,-7.843558141137711,5.344938510637111,-7.843558141137711,-0.2305456628899633,1.2408810272636919,-4.1474244596054355,3.0054200516043243,-4.1474244596054355,3.0054200516043243,0.0,0.0,0.0,0.0,0.0,0.0,1.1433604954390897,1.1433604954390897,1.1433604954390897,1.1473838257170186,1.1473838257170186,1.450821745314596,1.450821745314596
150.0,0.15,0.001,0.499,28.537453646886785,23.0470385271743,0.4980725262734376,0.4022467051331762,5.377972273806964,-7.899362394790914,5.377972273806964,-7.899362394790914,5.377972273806964,-7.899362394790914,-0.23471886577592727,1.2438866766989394,-4.173202885963965,3.0056494352475163,-4.173202885963965,3.0056494352475163,0.0,0.0,0.0,0.0,0.0,0.0,1.1458461123694403,1.1458461123694403,1.1458461123694406,1.1498666812000242,1.149866681200024,1.4614597719290188,1.4614597719290188
151.0,0.151,0.001,0.499,28.847469344148298,22.59128130358108,0.503483320923517,0.3942922409917265,5.410794650079376,-7.9544641414496535,5.410794650079376,-7.9544641414496535,5.410794650079376,-7.9544641414496535,-0.2389177998963921,1.2468921511127289,-4.198934120464843,3.005474413789495,-4.198934120464843,3.005474413789495,0.0,0.0,0.0,0.0,0.0,0.0,1.1483255742892147,1.1483255742892147,1.1483255742892147,1.152349913037253,1.152349913037253,1.4721080457162337,1.4721080457162337
152.0,0.152,0.001,0.499,29.159352927055853,22.132409672852162,0.5089267163281705,0.3862834201915113,5.443395404653558,-8.008820800215195,5.443395404653558,-8.008820800215195,5.443395404653558,-8.008820800215195,-0.24314241727178768,1.2498970433604233,-4.224617375395562,3.0048922476943036,-4.224617375395562,3.0048922476943036,0.0,0.0,0.0,0.0,0.0,0.0,1.1508069612137704,1.1508069612137704,1.1508069612137704,1.154841918323704,1.154841918323704,1.4827665227019202,1.4827665227019202
153.0,0.153,0.001,0.499,29.47309109758097,21.670468817412686,0.5144024803930173,0.37822103131461327,5.475764064846716,-8.06238887689803,5.475764064846716,-8.06238887689803,5.475764064846716,-8.06238887689803,-0.24739266911762536,1.252900943564964,-4.250251845837686,3.0039002045407446,-4.250251845837686,3.0039002045407446,0.0,0.0,0.0,0.0,0.0,0.0,1.1532987354665452,1.1532987354665452,1.1532987354665452,1.1573514753129979,1.1573514753129979,1.4934351654645632,1.4934351654645632
154.0,0.154,0.001,0.499,29.78866994457153,21.205506461819063,0.51991037032265,0.37010590731167586,5.507889929632741,-8.115124002937412,5.507889929632741,-8.115124002937412,5.507889929632741,-8.115124002937412,-0.2516685058269079,1.255903439124193,-4.2758367092825615,3.0024955592289597,-4.2758367092825615,3.0024955592289597,0.0,0.0,0.0,0.0,0.0,0.0,1.1558097385445663,1.1558097385445663,1.1558097385445665,1.1598877385617106,1.1598877385617106,1.5041139434458242,1.5041139434458242
155.0,0.155,0.001,0.499,30.10607493129302,20.73757292033327,0.5254501324031888,0.3619389263322313,5.539762080538882,-8.16698097944457,5.539762080538882,-8.16698097944457,5.539762080538882,-8.16698097944457,-0.25596987695215145,1.2589041147183822,-4.3013711252435565,3.0006755941891132,-4.3013711252435565,3.0006755941891132,0.0,0.0,0.0,0.0,0.0,0.0,1.158349185770755,1.158349185770755,1.158349185770755,1.162460231715662,1.162460231715662,1.514802833263404,1.514802833263404
156.0,0.156,0.001,0.499,30.42529088367442,20.26672114167073,0.5310215017971337,0.3537210125056984,5.571369393944889,-8.21791382653292,5.571369393944889,-8.21791382653292,5.571369393944889,-8.21791382653292,-0.2602967311870164,1.2619025523179743,-4.326854234864962,2.998437599592277,-4.326854234864962,2.998437599592277,0.0,0.0,0.0,0.0,0.0,0.0,1.1609266585622775,1.1609266585622775,1.1609266585622775,1.1650788377659744,1.1650788377659744,1.5255018190262335,1.5255018190262335
157.0,0.157,0.001,0.499,30.746301979341386,19.79300675061077,0.5366242023519567,0.34545313666762206,5.602700554823075,-8.267875838076304,5.602700554823075,-8.267875838076304,5.602700554823075,-8.267875838076304,-0.2646490163475441,1.2648983311915378,-4.352285160527724,2.9957788735636113,-4.352285160527724,2.9957788735636113,0.0,0.0,0.0,0.0,0.0,0.0,1.163552094140858,1.163552094140858,1.163552094140858,1.167753786610869,1.167753786610869,1.5362108926518148,1.5362108926518148
158.0,0.158,0.001,0.499,31.06909173752101,19.316488086152066,0.5422579464239075,0.33713631702561164,5.6337440719506935,-8.316819642010403,5.6337440719506935,-8.316819642010403,5.6337440719506935,-8.316819642010403,-0.2690266793529963,1.2678910279139357,-4.377663005452149,2.992696722397927,-4.377663005452149,2.992696722397927,0.0,0.0,0.0,0.0,0.0,0.0,1.1662357725303691,1.1662357725303691,1.1662357725303691,1.1704956397708284,1.1704956397708284,1.5469300541855473,1.5469300541855473
159.0,0.159,0.001,0.499,31.393643009903883,18.837226235890572,0.5479224347185255,0.32877161975934854,5.664488294618057,-8.364697266263107,5.664488294618057,-8.364697266263107,5.664488294618057,-8.364697266263107,-0.27342966620629405,1.2708802163747135,-4.40298685329776,2.9891884607777346,-4.40298685329776,2.9891884607777346,0.0,0.0,0.0,0.0,0.0,0.0,1.1689883006854342,1.1689883006854342,1.1689883006854342,1.173315272120309,1.173315272120309,1.5576593121218314,1.5576593121218314
160.0,0.16,0.001,0.499,31.71993797255001,18.355285066294343,0.5536173561493724,0.3203601595489819,5.694921430846833,-8.41146021036665,5.694921430846833,-8.41146021036665,5.694921430846833,-8.41146021036665,-0.2778579219740545,1.2738654677867074,-4.428255767760462,2.9852514119938633,-4.428255767760462,2.9852514119938633,0.0,0.0,0.0,0.0,0.0,0.0,1.1718205936250825,1.1718205936250825,1.1718205936250825,1.1762238505187774,1.1762238505187774,1.5683986837267778,1.5683986837267778
161.0,0.161,0.001,0.499,32.04795811892532,17.87073124854882,0.5593423877164954,0.3119031000262141,5.725031567123026,-8.457059522767839,5.725031567123026,-8.457059522767839,5.725031567123026,-8.457059522767839,-0.2823113907662217,1.2768463506948762,-4.453468792167206,2.9808829081687462,-4.453468792167206,2.9808829081687462,0.0,0.0,0.0,0.0,0.0,0.0,1.1747438524574447,1.1747438524574447,1.1747438524574447,1.1792328092477617,1.1792328092477617,1.5791481953622977,1.5791481953622977
162.0,0.162,0.001,0.499,32.37768425415525,17.38363427964749,0.5650971944061336,0.3034016541424014,5.754806689638243,-8.501445883812671,5.754806689638243,-8.501445883812671,5.754806689638243,-8.501445883812671,-0.28679001571529,1.2798224309853585,-4.478624949068317,2.9760802904824604,-4.478624949068317,2.9760802904824604,0.0,0.0,0.0,0.0,0.0,0.0,1.1777695392066012,1.1777695392066012,1.1777695392066012,1.1823538221889576,1.1823538221889578,1.5899078828113813,1.5899078828113813
163.0,0.163,0.001,0.499,32.70909649058064,16.894066498406513,0.5708814291131546,0.294857084448063,5.784234707021046,-8.544569694338376,5.784234707021046,-8.544569694338376,5.784234707021046,-8.544569694338376,-0.2912937389551177,1.2827932718947601,-4.5037232398276945,2.970840909401617,-4.5037232398276945,2.970840909401617,0.0,0.0,0.0,0.0,0.0,0.0,1.1809093483858375,1.1809093483858375,1.1809093483858375,1.1855987717111665,1.1855987717111665,1.6006777916043269,1.6006777916043269
164.0,0.164,0.001,0.499,33.042174244699815,16.402103096088698,0.5766947325876822,0.2862707032783036,5.81330347452755,-8.586381169759424,5.81330347452755,-8.586381169759424,5.81330347452755,-8.586381169759424,-0.2958225015993287,1.2857584340196713,-4.5287626442110565,2.965162124911185,-4.5287626442110565,2.965162124911185,0.0,0.0,0.0,0.0,0.0,0.0,1.18417517529449,1.18417517529449,1.18417517529449,1.1889797142709735,1.1889797142709735,1.6114579773457078,1.6114579773457078
165.0,0.165,0.001,0.499,33.37689623557755,15.907822121331229,0.5825367334073291,0.2776438728388188,5.842000819646967,-8.626830439484825,5.842000819646967,-8.626830439484825,5.842000819646967,-8.626830439484825,-0.30037624371930116,1.2887174753264206,-4.55374211997245,2.9590413067493357,-4.55374211997245,2.9590413067493357,0.0,0.0,0.0,0.0,0.0,0.0,1.1875790810479756,1.1875790810479756,1.1875790810479756,1.1925088427732844,1.1925088427732844,1.6222485060418304,1.6222485060418304
166.0,0.166,0.001,0.499,33.71324048479906,15.41130447908407,0.5884070479763929,0.2689780051873666,5.870314569063718,-8.665867651452237,5.870314569063718,-8.665867651452237,5.870314569063718,-8.665867651452237,-0.3049549043217404,1.2916699511610659,-4.578660602439218,2.952475834645399,-4.578660602439218,2.952475834645399,0.0,0.0,0.0,0.0,0.0,0.0,1.1911332543950126,1.1911332543950126,1.1911332543950126,1.196198445782824,1.196198445782824,1.633049454428433,1.633049454428433
167.0,0.167,0.001,0.499,34.051184318042175,14.912633923281176,0.5943052805532959,0.260274562105856,5.898232576903058,-8.703443081510613,5.898232576903058,-8.703443081510613,5.898232576903058,-8.703443081510613,-0.309558421325836,1.294615414259627,-4.60351700409564,2.945463098561007,-4.60351700409564,2.945463098561007,0.0,0.0,0.0,0.0,0.0,0.0,1.1948499704309548,1.1948499704309548,1.1948499704309548,1.2000608637258958,1.2000608637258958,1.643860910298385,1.643860910298385
168.0,0.168,0.001,0.499,34.390704368336465,14.411897042985297,0.600231023307468,0.2515350548585282,5.925742754172078,-8.739507247327788,5.925742754172078,-8.739507247327788,5.925742754172078,-8.739507247327788,-0.3141867315400015,1.2975534147585615,-4.628310214165473,2.938000498934511,-4.628310214165473,2.938000498934511,0.0,0.0,0.0,0.0,0.0,0.0,1.1987415463482434,1.1987415463482434,1.1987415463482434,1.2041084422724293,1.2041084422724293,1.654682972829101,1.654682972829101
169.0,0.169,0.001,0.499,34.73177658107171,13.909183241768861,0.6061838564067606,0.2427610438320851,5.952833099292636,-8.774011026443059,5.952833099292636,-8.774011026443059,5.952833099292636,-8.774011026443059,-0.3188397706381951,1.3004835002054902,-4.653039098193596,2.93008544692875,-4.653039098193596,2.93008544692875,0.0,0.0,0.0,0.0,0.0,0.0,1.2028202944253563,1.2028202944253563,1.2028202944253565,1.2083534831407603,1.2083534831407603,1.6655157529094107,1.6655157529094107
170.0,0.17,0.001,0.499,35.074376220811594,13.40458471011846,0.612163348136368,0.2339541380540568,5.979491729607341,-8.8069057780283,5.979491729607341,-8.8069057780283,5.979491729607341,-8.8069057780283,-0.3235174731358221,1.3034052155701725,-4.677702497627016,2.9217153646822425,-4.677702497627016,2.9217153646822425,0.0,0.0,0.0,0.0,0.0,0.0,1.2070984725092149,1.2070984725092149,1.2070984725092149,1.2128081926206808,1.2128081926206808,1.6763593734655913,1.6763593734655913
171.0,0.171,0.001,0.499,35.41847787996055,12.898196390678685,0.6181690550500925,0.2251159945861919,6.0057069137244605,-8.838143467864919,6.0057069137244605,-8.838143467864919,6.0057069137244605,-8.838143467864919,-0.32821977236521754,1.3063181032557365,-4.702299229395447,2.9128876855638794,-4.702299229395447,2.9128876855638794,0.0,0.0,0.0,0.0,0.0,0.0,1.2115882322994438,1.2115882322994438,1.2115882322994438,1.2174846281629077,1.2174846281629077,1.687213969786269,1.687213969786269
172.0,0.17200000000000001,0.001,0.499,35.764055489323404,12.390115936182418,0.6242005221546452,0.21624831779020282,6.03146710455268,-8.86767679598908,6.03146710455268,-8.86767679598908,6.03146710455268,-8.86767679598908,-0.3329466004507093,1.3092217031101676,-4.726828085491716,2.9035998544311865,-4.726828085491716,2.9035998544311865,0.0,0.0,0.0,0.0,0.0,0.0,1.2163015657776346,1.2163015657776346,1.2163015657776346,1.2223946434340045,1.2223946434340045,1.698079689845889,1.698079689845889
173.0,0.17300000000000001,0.001,0.499,36.11108233058797,11.88044365994914,0.6302572831275075,0.20735285846379808,6.056760972862298,-8.89545932640474,6.056760972862298,-8.89545932640474,6.056760972862298,-8.89545932640474,-0.3376978882832615,1.3121155524380599,-4.7512878325522525,2.893849327892218,-4.7512878325522525,2.893849327892218,0.0,0.0,0.0,0.0,0.0,0.0,1.2212502502110816,1.2212502502110816,1.2212502502110816,1.2275498322836003,1.2275498322836003,1.708956694626431,1.708956694626431
174.0,0.17400000000000002,0.001,0.499,36.45953105075046,11.369282478869994,0.6363388605687034,0.19843141284558405,6.081577441195881,-8.921445618214038,6.081577441195881,-8.921445618214038,6.081577441195881,-8.921445618214038,-0.34247356549469943,1.314999186012631,-4.775677211437889,2.8836335745711534,-4.775677211437889,2.8836335745711534,0.0,0.0,0.0,0.0,0.0,0.0,1.226445792161765,1.226445792161765,1.2264457921617653,1.2329614721140378,1.2329614721140378,1.7198451584370533,1.7198451584370533
175.0,0.17500000000000002,0.001,0.499,36.809373678493166,10.856737848838344,0.6424447662866424,0.18948582148811555,6.105905717938955,-8.945591357468516,6.105905717938955,-8.945591357468516,6.105905717938955,-8.945591357468516,-0.3472735604315147,1.3178721360880088,-4.799994936815264,2.872950075377646,-4.799994936815264,2.872950075377646,0.0,0.0,0.0,0.0,0.0,0.0,1.2318993710166728,1.2318993710166728,1.2318993710166728,1.2386404671800137,1.2386404671800137,1.7307452692313212,1.7307452692313212
176.0,0.176,0.001,0.499,37.16058164251175,10.342917692626793,0.6485745016179925,0.18051796799911238,6.129735331350094,-8.967853489003165,6.129735331350094,-8.967853489003165,6.129735331350094,-8.967853489003165,-0.35209780012825376,1.3207339324117888,-4.8242396967390695,2.861796323779986,-4.8242396967390695,2.861796323779986,0.0,0.0,0.0,0.0,0.0,0.0,1.2376217825581939,1.2376217825581939,1.2376217825581939,1.244597292375976,1.2445972923759763,1.7416572289216816,1.7416572289216816
177.0,0.177,0.001,0.499,37.5131257917781,9.827932320255993,0.6547275577813326,0.17152977765163288,6.15305616334017,-8.98819034747951,6.15305616334017,-8.98819034747951,6.15305616334017,-8.98819034747951,-0.3569462102804892,1.323584102237871,-4.848410152235426,2.8501698260821295,-4.848410152235426,2.8501698260821295,0.0,0.0,0.0,0.0,0.0,0.0,1.2436233831380226,1.2436233831380226,1.2436233831380226,1.250841938090744,1.250841938090744,1.752581253690819,1.752581253690819
178.0,0.178,0.001,0.499,37.86697641771162,9.311894341946568,0.6609034162641153,0.16252321586479831,6.175858482782679,-9.006561786834563,6.175858482782679,-9.006561786834563,6.175858482782679,-9.006561786834563,-0.36181871521737585,1.3264221703395755,-4.872504936886666,2.838068101704633,-4.872504936886666,2.838068101704633,0.0,0.0,0.0,0.0,0.0,0.0,1.2499140350422986,1.2499140350422986,1.2499140350422986,1.2573838567209767,1.2573838567209767,1.763517574299529,1.763517574299529
179.0,0.179,0.001,0.499,38.222103278219386,8.794918573792785,0.6671015492422465,0.15350028655748796,6.198132978131208,-9.022929307310369,6.198132978131208,-9.022929307310369,6.198132978131208,-9.022929307310369,-0.3667152378737936,1.329247659023045,-4.8965226564177895,2.8254886834695423,-4.8965226564177895,2.8254886834695423,0.0,0.0,0.0,0.0,0.0,0.0,1.2565030536240798,1.2565030536240798,1.2565030536240798,1.264231911436869,1.264231911436869,1.7744664363907299,1.7744664363907299
180.0,0.18,0.001,0.499,38.578475623552464,8.277121936344683,0.673321420031363,0.14446303037826322,6.2198707891164915,-9.037256179224734,6.2198707891164915,-9.037256179224734,6.2198707891164915,-9.037256179224734,-0.37163569976207855,1.3320600881409344,-4.920461888284908,2.8124291178892733,-4.920461888284908,2.8124291178892733,0.0,0.0,0.0,0.0,0.0,0.0,1.26339915680591,1.26339915680591,1.26339915680591,1.2713943277841788,1.271394327784179,1.7854281007892197,1.7854281007892197
181.0,0.181,0.001,0.499,38.936062223912415,7.758623346333792,0.6795624835686572,0.135413522815625,6.241063537294206,-9.04950756263823,6.241063537294206,-9.04950756263823,6.241063537294206,-9.04950756263823,-0.37658002094334453,1.334858975106394,-4.944321181265951,2.7988869654595137,-4.944321181265951,2.7988869654595137,0.0,0.0,0.0,0.0,0.0,0.0,1.270610417522668,1.270610417522668,1.270610417522668,1.2788786486861021,1.2788786486861021,1.7964028437967818,1.7964028437967818
182.0,0.182,0.001,0.499,39.294831398729194,7.239543601825758,0.6858241869238731,0.12635387219354885,6.261703355215935,-9.05965062207613,6.261703355215935,-9.05965062207613,6.261703355215935,-9.05965062207613,-0.3815481199983985,1.33764383490735,-4.968099055053941,2.7848598009561774,-4.968099055053941,2.7848598009561774,0.0,0.0,0.0,0.0,0.0,0.0,1.27814421966358,1.27814421966358,1.27814421966358,1.2866916933766641,1.2866916933766641,1.807390957482224,1.807390957482224
183.0,0.183,0.001,0.499,39.654751047518765,6.720005261130682,0.6921059698378728,0.11728621755807173,6.2817829139995744,-9.067654635477117,6.2817829139995744,-9.067654635477117,6.2817829139995744,-9.067654635477117,-0.38653991399825166,1.3404141801210865,-4.9917939998531455,2.770345213736433,-4.9917939998531455,2.770345213736433,0.0,0.0,0.0,0.0,0.0,0.0,1.2860072180325475,1.2860072180325475,1.2860072180325475,1.294839520754561,1.294839520754561,1.8183927499659296,1.8183927499659296
184.0,0.184,0.001,0.499,40.015788682216154,6.200132515848069,0.6984072652869547,0.10821272646150831,6.3012954490820166,-9.073491096563409,6.3012954490820166,-9.073491096563409,6.3012954490820166,-9.073491096563409,-0.3915553184742301,1.3431695209291303,-5.0154044759784195,2.755340808043824,-5.0154044759784195,2.755340808043824,0.0,0.0,0.0,0.0,0.0,0.0,1.2942053028038973,1.2942053028038973,1.2942053028038973,1.30332739759349,1.30332739759349,1.8294085456984845,1.8294085456984845
185.0,0.185,0.001,0.499,40.37791146086805,5.680051058467603,0.7047275000709009,0.0991355926516486,6.320234783946158,-9.077133809859713,6.320234783946158,-9.077133809859713,6.320234783946158,-9.077133809859713,-0.3965942473876881,1.3459093651324479,-5.038928913458044,2.739844203317497,-5.038928913458044,2.739844203317497,0.0,0.0,0.0,0.0,0.0,0.0,1.3027435688994904,1.3027435688994904,1.3027435688994902,1.3121597719830267,1.3121597719830267,1.8404386857329413,1.8404386857329413
186.0,0.186,0.001,0.499,40.74108622255747,5.159887944988754,0.7110660954225271,0.09005703367401781,6.338595351626229,-9.078558977630799,6.338595351626229,-9.078558977630799,6.338595351626229,-9.078558977630799,-0.4016566130993285,1.3486332181669534,-5.062365711640393,2.723853034505533,-5.062365711640393,2.723853034505533,0.0,0.0,0.0,0.0,0.0,0.0,1.3116262906392586,1.3116262906392586,1.3116262906392586,1.32134025230439,1.32134025230439,1.8514835279902526,1.8514835279902526
187.0,0.187,0.001,0.499,41.105279523423,4.639771453061142,0.717422467636337,0.08097928839595847,6.3563722138099115,-9.07774527805934,6.3563722138099115,-9.07774527805934,6.3563722138099115,-9.07774527805934,-0.40674232633813323,1.3513405831193357,-5.085713238804758,2.707364952382404,-5.085713238804758,2.707364952382404,0.0,0.0,0.0,0.0,0.0,0.0,1.3208569019587235,1.3208569019587235,1.3208569019587235,1.3308715919696141,1.3308715919696141,1.8625434475174223,1.8625434475174223
188.0,0.188,0.001,0.499,41.47045767362531,4.119830936182892,0.7237960287137096,0.07190461446191186,6.373561077372668,-9.074673934046602,6.373561077372668,-9.074673934046602,6.373561077372668,-9.074673934046602,-0.4118512961699099,1.3540309607432062,-5.108969831776655,2.690377623870528,-5.108969831776655,2.690377623870528,0.0,0.0,0.0,0.0,0.0,0.0,1.3304379824021775,1.3304379824021775,1.3304379824021775,1.3407556800724856,1.3407556800724856,1.8736188367378834,1.8736188367378834
189.0,0.189,0.001,0.499,41.83658677510557,3.6001966745256997,0.7301861870219086,0.06283528568982412,6.390158308198973,-9.069328772087742,6.390158308198973,-9.069328772087742,6.390158308198973,-9.069328772087742,-0.41698342996545784,1.356703849475572,-5.132133795547952,2.6728887323659274,-5.132133795547952,2.6728887323659274,0.0,0.0,0.0,0.0,0.0,0.0,1.3403712490247324,1.3403712490247324,1.3403712490247324,1.3509935380170812,1.3509935380170812,1.8847101056936224,1.8847101056936224
190.0,0.19,0.001,0.499,42.20363275997325,3.0809997229822716,0.736592347964075,0.05377358941907385,6.406160942166407,-9.061696270750268,6.406160942166407,-9.061696270750268,6.406160942166407,-9.061696270750268,-0.42213863336836,1.35935874545364,-5.155203402902172,2.6548959780679713,-5.155203402902172,2.6548959780679713,0.0,0.0,0.0,0.0,0.0,0.0,1.3506575542510244,1.3506575542510244,1.3506575542510244,1.3615853221068022,1.3615853221068022,1.8958176822785495,1.8958176822785495
191.0,0.191,0.001,0.499,42.57156142935492,2.5623717570540925,0.7430139146572667,0.04472182382070615,6.421566693191698,-9.0517655983677,6.421566693191698,-9.0517655983677,6.421566693191698,-9.0517655983677,-0.4273168102624053,1.3619951425319532,-5.178176894045311,2.6363970783131747,-5.178176894045311,2.6363970783131747,0.0,0.0,0.0,0.0,0.0,0.0,1.3612968896555335,1.3612968896555335,1.3612968896555335,1.3725303319954367,1.3725303319954367,1.9069420124626053,1.9069420124626053
192.0,0.192,0.001,0.499,42.94033849253127,2.0444449172145527,0.7494502886155291,0.03568229518105684,6.436373958262358,-9.039528639649312,6.436373958262358,-9.039528639649312,6.436373958262358,-9.039528639649312,-0.43251786273864784,1.3646125322998661,-5.201052476242518,2.6173897679130356,-5.201052476242518,2.6173897679130356,0.0,0.0,0.0,0.0,0.0,0.0,1.3722883955557965,1.3722883955557965,1.3722883955557965,1.3838270248238027,1.3838270248238027,1.9180835605060846,1.9180835605060846
193.0,0.193,0.001,0.499,43.30992960618689,1.5273516523943134,0.7559008704349324,0.026657315170056702,6.450581819403313,-9.024980011000137,6.450581819403313,-9.024980011000137,6.450581819403313,-9.024980011000137,-0.43774169106210886,1.367210404099362,-5.223828323461014,2.5978717994958664,-5.223828323461014,2.5978717994958664,0.0,0.0,0.0,0.0,0.0,0.0,1.3836303762182809,1.3836303762182809,1.3836303762182809,1.395473034792772,1.395473034792772,1.9292428091636513,1.9292428091636513
194.0,0.194,0.001,0.499,43.68030041359576,1.0112245632420316,0.7623650604774869,0.017649198105615074,6.464190042554462,-9.008117064441628,6.464190042554462,-9.008117064441628,6.464190042554462,-9.008117064441628,-0.44298819363812847,1.3697882450432146,-5.246502576019593,2.577840943852588,-5.246502576019593,2.577840943852588,0.0,0.0,0.0,0.0,0.0,0.0,1.3953203204291316,1.3953203204291316,1.3953203204291316,1.4074651978572654,1.4074651978572654,1.9404202598775024,1.9404202598775024
195.0,0.195,0.001,0.499,44.05141658356545,0.4961962458142532,0.7688422595508488,0.00866025822549385,6.477199073362021,-8.988939880121224,6.477199073362021,-8.988939880121224,6.477199073362021,-8.988939880121224,-0.44825726697837354,1.372345540033501,-5.269073340245094,2.5572949902864344,-5.269073340245094,2.5572949902864344,0.0,0.0,0.0,0.0,0.0,0.0,1.4073549270863857,1.4073549270863857,1.4073549270863857,1.4197995811675337,1.4197995811675337,1.9516164329591374,1.9516164329591374
196.0,0.196,0.001,0.499,44.423243848965264,-0.017600863656660602,0.7753318695807624,-0.00030719302200333626,6.4896100299134964,-8.967451247497186,6.4896100299134964,-8.967451247497186,6.4896100299134964,-8.967451247497186,-0.45354880566650974,1.3748817717804676,-5.2915386881361925,2.5362317469665143,-5.2915386881361925,2.5362317469665143,0.0,0.0,0.0,0.0,0.0,0.0,1.4197301354489646,1.4197301354489646,1.4197301354489649,1.43247151683464,1.43247151683464,1.9628318677591736,1.9628318677591736
197.0,0.197,0.001,0.499,44.784316512463356,-0.48235014141753074,0.7816337763977497,-0.00841859811519618,6.301906816987254,-8.111405093192843,6.301906816987254,-8.111405093192843,6.301906816987254,-8.111405093192843,-0.45886270232354465,1.3773964208217528,-5.313896657034914,2.5146490412851787,-5.313896657034914,2.5146490412851787,0.0,0.0,0.0,0.0,0.0,0.0,1.4324411595955202,1.4324411595955202,1.4324411595955202,1.5461406585757078,1.5461406585757076,1.9740671228246445,1.9740671228246445
198.0,0.198,0.001,0.499,45.13501774194631,-0.8996518617669246,0.7877546675430194,-0.015701887109529723,6.120891145269682,-7.283288994333543,6.120891145269682,-7.283288994333543,6.120891145269682,-7.283288994333543,-0.4641988475728509,1.379888965541972,-5.336145249306235,2.492544720219119,-5.336145249306235,2.492544720219119,0.0,0.0,0.0,0.0,0.0,0.0,1.5461431969546715,1.5461431969546715,1.5461431969546715,1.6564743893158471,1.6564743893158471,1.98532277604321,1.98532277604321
199.0,0.199,0.001,0.499,45.476231128837014,-1.273194546899477,0.7937099645961435,-0.022221436861833234,5.955297053124182,-6.5195497523035115,5.955297053124182,-6.5195497523035115,5.955297053124182,-6.5195497523035115,-0.4695571300048771,1.382358882192666,-5.358282432026165,2.4699166506941306,-5.358282432026165,2.4699166506941306,0.0,0.0,0.0,0.0,0.0,0.0,1.6564846738516976,1.6564846738516976,1.6564846738516976,1.759008948150625,1.759008948150625,1.9965994247736931,1.9965994247736931
200.0,0.2,0.001,0.499,45.808777896006944,-1.6064085711803875,0.7995140006001218,-0.028037118699355455,5.804036003978243,-5.815681837522223,5.804036003978243,-5.815681837522223,5.804036003978243,-5.815681837522223,-0.47493743614155576,1.3848056449126194,-5.380306136678696,2.44676271995346,-5.380306136678696,2.44676271995346,0.0,0.0,0.0,0.0,0.0,0.0,1.7590151132425302,1.7590151132425302,1.75901511324253,1.8542643533223155,1.8542643533223153,2.007897685962362,2.007897685962362
201.0,0.201,0.001,0.499,46.13342087617054,-1.9024831366895607,0.8051800894974631,-0.03320459469890217,5.666088897341356,-5.167475999546712,5.666088897341356,-5.167475999546712,5.666088897341356,-5.167475999546712,-0.48033965040041776,1.387228725748549,-5.402214258862023,2.423080835929653,-5.402214258862023,2.423080835929653,0.0,0.0,0.0,0.0,0.0,0.0,1.854261955170692,1.854261955170692,1.854261955170692,1.9427402497043011,1.9427402497043011,2.019218196244359,2.019218196244359
202.0,0.202,0.001,0.499,46.450868307068035,-2.1643822241367277,0.8107205923686216,-0.037775596082823784,5.540502871158451,-4.571001383921615,5.540502871158451,-4.571001383921615,5.540502871158451,-4.571001383921615,-0.4857636550584222,1.3896275946761687,-5.424004658004431,2.398868927619814,-5.424004658004431,2.398868927619814,0.0,0.0,0.0,0.0,0.0,0.0,1.9427286556745953,1.9427286556745953,1.9427286556745953,2.0249096507885183,2.0249096507885183,2.0305616120296786,2.0305616120296786
203.0,0.203,0.001,0.499,46.76177743310346,-2.3948595636114294,0.8161469802924378,-0.04179818450789402,5.4263879238162085,-4.022588425070239,5.4263879238162085,-4.022588425070239,5.4263879238162085,-4.022588425070239,-0.49120933021551244,1.3920017196216328,-5.445675157090245,2.3741249454641724,-5.445675157090245,2.3741249454641724,0.0,0.0,0.0,0.0,0.0,0.0,2.024890050913536,2.024890050913536,2.024890050913536,2.1012168326044796,2.1012168326044796,2.0419286095730946,2.0419286095730946
204.0,0.20400000000000001,0.001,0.499,47.066757909291354,-2.5964726719856746,0.8214698937562167,-0.04531699706420476,5.322913463778879,-3.518812556310739,5.322913463778879,-3.518812556310739,5.322913463778879,-3.518812556310739,-0.4966765537579087,1.3943505664833606,-5.467223542396265,2.348846861727863,-5.467223542396265,2.348846861727863,0.0,0.0,0.0,0.0,0.0,0.0,2.1011911510683454,2.1011911510683454,2.1011911510683454,2.1720772909171897,2.1720772909171897,2.0533198850274115,2.0533198850274115
205.0,0.20500000000000002,0.001,0.499,47.366375007895805,-2.771596004813475,0.8266991986221369,-0.04837347581911575,5.229304865920246,-3.056478754910991,5.229304865920246,-3.056478754910991,5.229304865920246,-3.056478754910991,-0.5021652013211478,1.3966735991542465,-5.488647563239092,2.3230326708858,-5.488647563239092,2.3230326708858,0.0,0.0,0.0,0.0,0.0,0.0,2.172047604526605,2.172047604526605,2.172047604526605,2.2378787037283874,2.2378787037283874,2.064736154479447,2.064736154479447
206.0,0.20600000000000002,0.001,0.499,47.661152631396035,-2.9224332706061764,0.8318440387134202,-0.0510060827419042,5.144840091283216,-2.63260692278845,5.144840091283216,-2.63260692278845,5.144840091283216,-2.63260692278845,-0.5076751462528816,1.3989702795442571,-5.509944931733751,2.296680390010532,-5.509944931733751,2.296680390010532,0.0,0.0,0.0,0.0,0.0,0.0,2.23784694763892,2.23784694763892,2.23784694763892,2.2989823517198387,2.2989823517198387,2.076178153968116,2.076178153968116
207.0,0.20700000000000002,0.001,0.499,47.95157613768039,-3.0510289546697114,0.8369128851232686,-0.05325050083266728,5.068846409848357,-2.2444180907630806,5.068846409848357,-2.2444180907630806,5.068846409848357,-2.2444180907630806,-0.5132062595754456,1.40124006760342,-5.531113322564056,2.26978805916296,-5.531113322564056,2.26978805916296,0.0,0.0,0.0,0.0,0.0,0.0,2.2989501871811555,2.2989501871811555,2.2989501871811555,2.3557247112281248,2.3557247112281248,2.087646639484002,2.087646639484002
208.0,0.20800000000000002,0.001,0.499,48.23809498488949,-3.1592790984756585,0.8419135823760859,-0.05513982225783841,5.000697252817337,-1.8893214251711277,5.000697252817337,-1.8893214251711277,5.000697252817337,-1.8893214251711277,-0.5187584099482108,1.4034824213452057,-5.552150372765104,2.2423537417857755,-5.552150372765104,2.2423537417857755,0.0,0.0,0.0,0.0,0.0,0.0,2.3556934830781935,2.3556934830781935,2.355693483078194,2.4084190721691905,2.4084190721691905,2.0991423869497905,2.0991423869497905
209.0,0.209,0.001,0.499,48.5211252042815,-3.248941378962115,0.8468533915871185,-0.05670472426717373,4.939809211032547,-1.5649020093353225,4.939809211032547,-1.5649020093353225,4.939809211032547,-1.5649020093353225,-0.5243314636297292,1.4056967968703051,-5.573053681518369,2.2143755250994994,-5.573053681518369,2.2143755250994994,0.0,0.0,0.0,0.0,0.0,0.0,2.4083898141756057,2.4083898141756057,2.4083898141756057,2.457357107021224,2.4573571070212243,2.110666192180954,2.110666192180954
210.0,0.21,0.001,0.499,48.80105171002104,-3.321644530345641,0.8517390307758762,-0.05797363363539214,4.885639188757767,-1.268909368218408,4.885639188757767,-1.268909368218408,4.885639188757767,-1.268909368218408,-0.5299252844396889,1.407882648390806,-5.593820809959784,2.185851520500967,-5.593820809959784,2.185851520500967,0.0,0.0,0.0,0.0,0.0,0.0,2.457330570834598,2.457330570834598,2.4573305708345985,2.5028103566161333,2.5028103566161333,2.1222188708260643,2.1222188708260643
211.0,0.211,0.001,0.499,49.07823045500871,-3.37889714906555,0.8565767124924567,-0.05897288033744349,4.837681716580452,-0.9992467020513496,4.837681716580452,-0.9992467020513496,4.837681716580452,-0.9992467020513496,-0.5355397337206902,1.4100394282547701,-5.614449281001277,2.1567798639641182,-5.614449281001277,2.1567798639641182,0.0,0.0,0.0,0.0,0.0,0.0,2.5027870504973824,2.5027870504973824,2.5027870504973824,2.545031619697672,2.545031619697672,2.1338012582861037,2.1338012582861037
212.0,0.212,0.001,0.499,49.35299044185618,-3.42209592044705,0.8613721789156814,-0.05972684113086696,4.795466423224754,-0.7539607934234703,4.795466423224754,-0.7539607934234703,4.795466423224754,-0.7539607934234703,-0.5411746702998563,1.412166586971213,-5.634936579166185,2.1271587164429344,-5.634936579166185,2.1271587164429344,0.0,0.0,0.0,0.0,0.0,0.0,2.5450118493249354,2.5450118493249354,2.5450118493249354,2.5842562443075643,2.5842562443075643,2.1454142096121784,2.1454142096121784
213.0,0.213,0.001,0.499,49.625635597937894,-3.45253330361285,0.8661307345789212,-0.06025807368280127,4.758555663239796,-0.5312325519343115,4.758555663239796,-0.5312325519343115,4.758555663239796,-0.5312325519343115,-0.5468299504502954,1.4142635732354893,-5.655280150438985,2.096986264276363,-5.655280150438985,2.096986264276363,0.0,0.0,0.0,0.0,0.0,0.0,2.584240151591883,2.584240151591883,2.584240151591883,2.6207033246003824,2.6207033246003824,2.1570585993810063,2.1570585993810063
214.0,0.214,0.001,0.499,49.89644652316463,-3.47140470913217,0.8708572768744998,-0.06058744184359243,4.726542295578593,-0.32936816079116177,4.726542295578593,-0.32936816079116177,4.726542295578593,-0.32936816079116177,-0.5525054278524252,1.4163298339550845,-5.6754774021297925,2.066260719595063,-5.6754774021297925,2.066260719595063,0.0,0.0,0.0,0.0,0.0,0.0,2.6206909225674666,2.6206909225674666,2.6206909225674666,2.654576809178432,2.654576809178432,2.168735321547578,2.168735321547578
215.0,0.215,0.001,0.499,50.16568211876514,-3.4798152018993274,0.8755563244812967,-0.0607342326340945,4.699047606796984,-0.14679079050206412,4.699047606796984,-0.14679079050206412,4.699047606796984,-0.14679079050206412,-0.5582009535551793,1.4183648142758143,-5.695525702754074,2.0349803207298,-5.695525702754074,2.0349803207298,0.0,0.0,0.0,0.0,0.0,0.0,2.6545680121846353,2.6545680121846353,2.6545680121846353,2.6860665278861484,2.6860665278861484,2.1804452892743895,2.1804452892743895
216.0,0.216,0.001,0.499,50.43358110495762,-3.478785759800432,0.8802320438531103,-0.060716265480010134,4.675719371813497,0.017967154084364893,4.675719371813497,0.017967154084364893,4.675719371813497,0.017967154084364893,-0.5639163759371073,1.4203679576084356,-5.715422381928023,2.003143332621308,-5.715422381928023,2.003143332621308,0.0,0.0,0.0,0.0,0.0,0.0,2.6860611771237166,2.6860611771237166,2.6860611771237166,2.7153491439992385,2.715349143999238,2.1921894347366515,2.1921894347366515
217.0,0.217,0.001,0.499,50.70036343496391,-3.469259116868995,0.8848882738978622,-0.06054999419419471,4.656230044751867,0.16627128581542502,4.656230044751867,0.16627128581542502,4.656230044751867,0.16627128581542502,-0.5696515406673873,1.4223387056556671,-5.7351647302800455,1.970748047231437,-5.7351647302800455,1.970748047231437,0.0,0.0,0.0,0.0,0.0,0.0,2.7153470285914163,2.7153470285914163,2.7153470285914163,2.742589038328239,2.742589038328239,2.2039687089028934,2.2039687089028934
218.0,0.218,0.001,0.499,50.96623161238296,-3.452105217857496,0.889528548970101,-0.060250602176889455,4.640275072238801,0.2993920173052568,4.640275072238801,0.2993920173052568,4.640275072238801,0.2993920173052568,-0.5754062906667662,1.4242764984396226,-5.754749999378829,1.9377927839553943,-5.754749999378829,1.9377927839553943,0.0,0.0,0.0,0.0,0.0,0.0,2.7425899124832114,2.7425899124832114,2.7425899124832114,2.7679391311724206,2.7679391311724206,2.2157840812903804,2.2157840812903804
219.0,0.219,0.001,0.499,51.23137191850495,-3.42812630946648,0.8941561202916753,-0.05983209127443213,4.62757132157431,0.4185109024573301,4.62757132157431,0.4185109024573301,4.62757132157431,0.4185109024573301,-0.5811804660684446,1.4261807743296575,-5.774175401678432,1.9042758900348826,-5.774175401678432,1.9042758900348826,0.0,0.0,0.0,0.0,0.0,0.0,2.7679427279170756,2.7679427279170756,2.7679427279170756,2.7915416474379233,2.7915416474379233,2.2276365396947813,2.2276365396947813
220.0,0.22,0.001,0.499,51.49595555572387,-3.398061691877216,0.8987739759080478,-0.05930736470914647,4.617855616372417,0.524726565285656,4.617855616372417,0.524726565285656,4.617855616372417,0.524726565285656,-0.5869739041789255,1.4280509700706294,-5.793438110480876,1.870195740971933,-5.793438110480876,1.870195740971933,0.0,0.0,0.0,0.0,0.0,0.0,2.7915476894433775,2.7915476894433775,2.7915476894433775,2.813528829639259,2.813528829639259,2.239527089893541,2.239527089893541
221.0,0.221,0.001,0.499,51.76013971279758,-3.362592152728092,0.90338485928059,-0.05868830446682923,4.610883372542223,0.6190602423172413,4.610883372542223,0.6190602423172413,4.610883372542223,0.6190602423172413,-0.5927864394388421,1.4298865208115727,-5.812535259916687,1.8355507409432248,-5.812535259916687,1.8355507409432248,0.0,0.0,0.0,0.0,0.0,0.0,2.8135370376135462,2.8135370376135462,2.8135370376135467,2.834023602965224,2.834023602965224,2.251456755322412,2.251456755322412
222.0,0.222,0.001,0.499,52.02406855731483,-3.3223441042569597,0.9079912866084,-0.057985843503505705,4.606427327810074,0.7024609633235245,4.606427327810074,0.7024609633235245,4.606427327810074,0.7024609633235245,-0.598617903383786,1.4316868601347874,-5.831463944943866,1.8003393232146787,-5.831463944943866,1.8003393232146787,0.0,0.0,0.0,0.0,0.0,0.0,2.834033702037224,2.834033702037224,2.834033702037224,2.853140196118556,2.8531401961185563,2.263426576724625,2.263426576724625
223.0,0.223,0.001,0.499,52.28787416036005,-3.277893442998968,0.9125955629667484,-0.05721003310986506,4.604276358348317,0.7758103936406399,4.604276358348317,0.7758103936406399,4.604276358348317,0.7758103936406399,-0.6044681246051518,1.4334514200853434,-5.85022122136575,1.764559950556103,-5.85022122136575,1.764559950556103,0.0,0.0,0.0,0.0,0.0,0.0,2.853151920576637,2.853151920576637,2.853151920576637,2.870984721232418,2.870984721232418,2.2754376117721975,2.2754376117721975
224.0,0.224,0.001,0.499,52.55167735802008,-3.229769150178633,0.9171997973432052,-0.05637010574995635,4.604234376456882,0.8399273599087078,4.604234376456882,0.8399273599087078,4.604234376456882,0.8399273599087078,-0.61033692871102,1.435179631200999,-5.868804105868241,1.7282111156556683,-5.868804105868241,1.7282111156556683,0.0,0.0,0.0,0.0,0.0,0.0,2.870997817933989,2.870997817933989,2.870997817933989,2.887655715820492,2.887655715820492,2.2874909346588916,2.2874909346588916
225.0,0.225,0.001,0.499,52.81558855405168,-3.178456649762298,0.9218059166468329,-0.05547453367026034,4.606119303627633,0.8955720796960084,4.606119303627633,0.8955720796960084,4.606119303627633,0.8955720796960084,-0.6162241382870969,1.436870922542533,-5.8872095760768675,1.691291341533981,-5.8872095760768675,1.691291341533981,0.0,0.0,0.0,0.0,0.0,0.0,2.8876699465322653,2.8876699465322653,2.8876699465322653,2.903244649423208,2.903244649423208,2.2995876356643477,2.2995876356643477
226.0,0.226,0.001,0.499,53.079708467725936,-3.1244009400387207,0.9264156787605319,-0.054531083556081605,4.60976211369897,0.943450114178735,4.60976211369897,0.943450114178735,4.60976211369897,0.943450114178735,-0.6221295728577311,1.4385247217244905,-5.905434570634162,1.6537991819575184,-5.905434570634162,1.6537991819575184,0.0,0.0,0.0,0.0,0.0,0.0,2.9032597923117955,2.9032597923117955,2.9032597923117955,2.91783639736268,2.91783639736268,2.311728820688962,2.311728820688962
227.0,0.227,0.001,0.499,53.34412883058297,-3.0680095135673007,0.9310306847017051,-0.053546867494259034,4.615005941173304,0.9842160618225734,4.615005941173304,0.9842160618225734,4.615005941173304,0.9842160618225734,-0.628053048847029,1.4401404549463417,-5.92347598929783,1.6157332218511857,-5.92347598929783,1.6157332218511857,0.0,0.0,0.0,0.0,0.0,0.0,2.9178522478179993,2.9178522478179993,2.9178522478179993,2.931509683805577,2.931509683805577,2.323915610759077,2.323915610759077
228.0,0.228,0.001,0.499,53.60893303556822,-3.0096550793713095,0.9356523899518239,-0.05252839048440062,4.621705250118699,1.018477009858415,4.621705250118699,1.018477009858415,4.621705250118699,1.018477009858415,-0.6339943795400892,1.4417175470240515,-5.941330693060193,1.5770920777097466,-5.941330693060193,1.5770920777097466,0.0,0.0,0.0,0.0,0.0,0.0,2.9315260547422253,2.9315260547422253,2.9315260547422253,2.944337496150072,2.944337496150072,2.3361491415020916,2.3361491415020916
229.0,0.229,0.001,0.499,53.87419674177813,-2.949678100353534,0.9402821150112296,-0.05148159472514088,4.6297250594057395,1.0467957592597334,4.6297250594057395,1.0467957592597334,4.6297250594057395,1.0467957592597334,-0.6399533750443785,1.4432554214220594,-5.9589955042893745,1.5378743980078766,-5.9589955042893745,1.5378743980078766,0.0,0.0,0.0,0.0,0.0,0.0,2.944354217909778,2.944354217909778,2.944354217909778,2.9563874725944075,2.9563874725944075,2.3484305625911204,2.3484305625911204
230.0,0.23,0.001,0.499,54.13998843781711,-2.888389158070066,0.9449210552315699,-0.0504119008872296,4.638940220340326,1.069693837911284,4.638940220340326,1.069693837911284,4.638940220340326,1.069693837911284,-0.6459298422512713,1.444753500285668,-5.9764672068927265,1.4980788636085833,-5.9764672068927265,1.4980788636085833,0.0,0.0,0.0,0.0,0.0,0.0,2.956404392548624,2.956404392548624,2.956404392548624,2.9677222646060275,2.9677222646060275,2.36076103715886,2.36076103715886
231.0,0.231,0.001,0.499,54.40636996655901,-2.8260711562109737,0.949570289974612,-0.04932424657152449,4.649234743042164,1.0876543157051053,4.649234743042164,1.0876543157051053,4.649234743042164,1.0876543157051053,-0.6519235847977742,1.4462112044738378,-5.993742546502975,1.457704188169728,-5.993742546502975,1.457704188169728,0.0,0.0,0.0,0.0,0.0,0.0,2.9677392465359342,2.9677392465359342,2.967739246535934,2.978399875887759,2.978399875887759,2.373141741180349,2.373141741180349
232.0,0.232,0.001,0.499,54.67339701391195,-2.762981373400712,0.9542307911427995,-0.0482231221371173,4.6605011681875315,1.101124434407196,4.6605011681875315,1.101124434407196,4.6605011681875315,1.101124434407196,-0.6579344030284618,1.4476279535923862,-6.01081823068757,1.416749118548386,-6.01081823068757,1.416749118548386,0.0,0.0,0.0,0.0,0.0,0.0,2.9784167992053106,2.9784167992053106,2.9784167992053106,2.988473979328281,2.988473979328281,2.385573862824348,2.385573862824348
233.0,0.233,0.001,0.499,54.94111956400642,-2.699353375243086,0.9589034311237835,-0.047112604072813834,4.672639980983983,1.1105180643034605,4.672639980983983,1.1105180643034605,4.672639980983983,1.1105180643034605,-0.6639620939576436,1.4490031660275888,-6.027690929181721,1.3752124352027706,-6.027690929181721,1.3752124352027706,0.0,0.0,0.0,0.0,0.0,0.0,2.9884907381930126,2.9884907381930126,2.9884907381930126,2.9979942133256925,2.997994213325692,2.3980586017730787,2.3980586017730787
234.0,0.234,0.001,0.499,55.2095823230601,-2.635398794892256,0.9635889901882584,-0.04599638607396058,4.685559064474931,1.11621799885325,4.685559064474931,1.11621799885325,4.685559064474931,1.11621799885325,-0.6700064512317893,1.4503362589801803,-6.044357274145619,1.3330929525914446,-6.044357274145619,1.3330929525914446,0.0,0.0,0.0,0.0,0.0,0.0,2.9980107156920495,2.9980107156920495,2.998010715692049,3.0070064587833842,3.0070064587833842,2.4105971685101233,2.4105971685101233
235.0,0.23500000000000001,0.001,0.499,55.4788251140186,-2.5713089908296927,0.968288163377743,-0.044877807976110816,4.699173189484656,1.1185780978497617,4.699173189484656,1.1185780978497617,4.699173189484656,1.1185780978497617,-0.6760672650922356,1.4516266484997498,-6.060813860446328,1.290389519569538,-6.060813860446328,1.290389519569538,0.0,0.0,0.0,0.0,0.0,0.0,3.00702262541617,3.00702262541617,3.00702262541617,3.015553097995451,3.015553097995451,2.423190783576296,2.423190783576296
236.0,0.23600000000000002,0.001,0.499,55.748883243928724,-2.5072565899644648,0.9730015669164533,-0.04375988268720533,4.713403538710253,1.1179252889054907,4.713403538710253,1.1179252889054907,4.713403538710253,1.1179252889054907,-0.6821443223382004,1.4528737495195314,-6.077057245964828,1.247101019781686,-6.077057245964828,1.247101019781686,0.0,0.0,0.0,0.0,0.0,0.0,3.015568861472808,3.015568861472808,3.015568861472808,3.023673256563032,3.023673256563032,2.4358406767933576,2.4358406767933576
237.0,0.23700000000000002,0.001,0.499,56.01978784586815,-2.443396923648142,0.977729744179101,-0.04264532125076057,4.728177262647605,1.1145614364447565,4.728177262647605,1.1145614364447565,4.728177262647605,1.1145614364447565,-0.6882374062901292,1.4540769758915828,-6.093083951928711,1.203226372051395,-6.093083951928711,1.203226372051395,0.0,0.0,0.0,0.0,0.0,0.0,3.023688560290315,3.023688560290315,3.023688560290315,3.031403029412773,3.0314030294127727,2.448548086455464,2.448548086455464
238.0,0.23800000000000002,0.001,0.499,56.29156619713252,-2.3798693637035555,0.9824731712443058,-0.04153655616396947,4.743427065204794,1.1087650867910999,4.743427065204794,1.1087650867910999,4.743427065204794,1.1087650867910999,-0.6943462967534002,1.4552357404223493,-6.108890463271018,1.1587645307665426,-6.108890463271018,1.1587645307665426,0.0,0.0,0.0,0.0,0.0,0.0,3.0314178266603533,3.0314178266603533,3.0314178266603538,3.038775691922987,3.0387756919229867,2.4613142584882945,2.4613142584882945
239.0,0.23900000000000002,0.001,0.499,56.56424201526663,-2.316798565106419,0.9872322620613153,-0.04043576306658722,4.7590908170095885,1.100793097382253,4.7590908170095885,1.100793097382253,4.7590908170095885,1.100793097382253,-0.7004707699824159,1.45634945490861,-6.124473229015705,1.113714486260713,-6.124473229015705,1.113714486260713,0.0,0.0,0.0,0.0,0.0,0.0,3.0387899448975153,3.0387899448975153,3.0387899448975153,3.0458218971018045,3.0458218971018045,2.4741404455758484,2.4741404455758484
240.0,0.24,0.001,0.499,56.83783573342052,-2.2542956215282777,0.9920073732558741,-0.03934488090896041,4.775111194558768,1.09088215762681,4.775111194558768,1.09088215762681,4.775111194558768,1.09088215762681,-0.7066105986451061,1.4574175301738002,-6.139828662690235,1.0680752651900605,-6.139828662690235,1.0680752651900605,0.0,0.0,0.0,0.0,0.0,0.0,3.045835576060359,3.045835576060359,3.045835576060359,3.0525698597041067,3.0525698597041067,2.487027906254923,2.487027906254923
241.0,0.241,0.001,0.499,57.112364756412155,-2.1924591395464996,0.9967988085993613,-0.038265630700528235,4.791435343487195,1.079250208432179,4.791435343487195,1.079250208432179,4.791435343487195,1.079250208432179,-0.7127655517878719,1.4584393761047056,-6.154953142765777,1.0218459309053975,-6.154953142765777,1.0218459309053975,0.0,0.0,0.0,0.0,0.0,0.0,3.0525829421153783,3.0525829421153783,3.0525829421153783,3.0590455281199325,3.0590455281199325,2.4999779039773617,2.4999779039773617
242.0,0.242,0.001,0.499,57.3878436987871,-2.1313762369501905,1.0016068231637159,-0.03719953293354765,4.808014564354546,1.0660977669805831,4.808014564354546,1.0660977669805831,4.808014564354546,1.0660977669805831,-0.7189353948009974,1.4594144016885249,-6.169843013125521,0.975025583819193,-6.169843013125521,0.975025583819193,0.0,0.0,0.0,0.0,0.0,0.0,3.059057997875949,3.059057997875949,3.059057997875949,3.0652727448162325,3.0652727448162325,2.512991706140182,2.512991706140182
243.0,0.243,0.001,0.499,57.66428460607982,-2.0711234702183554,1.0064316271831741,-0.03614792377064102,4.824804019458389,1.051609162906627,4.824804019458389,1.051609162906627,4.824804019458389,1.051609162906627,-0.7251198893845591,1.4603420150502922,-6.184494583561579,0.9276133617671657,-6.184494583561579,0.9276133617671657,0.0,0.0,0.0,0.0,0.0,0.0,3.0652845914980063,3.0652845914980063,3.0652845914980063,3.0712733960659278,3.0712733960659278,2.5260705830837447,2.5260705830837447
244.0,0.244,0.001,0.499,57.94169716040171,-2.011767695916715,1.0112733896424588,-0.03511197007900675,4.841762459284637,1.0359536916342722,4.841762459284637,1.0359536916342722,4.841762459284637,1.0359536916342722,-0.7313187935148601,1.4612216234906563,-6.198904130300975,0.8796084403641561,-6.198904130300975,0.8796084403641561,0.0,0.0,0.0,0.0,0.0,0.0,3.071284614259768,3.071284614259768,3.0712846142597683,3.0770675516530686,3.0770675516530686,2.5392158070581963,2.5392158070581963
245.0,0.245,0.001,0.499,58.220088871406894,-1.9533668704508964,1.0161322416097598,-0.03409268338874567,4.858851967301037,1.019286690261082,4.858851967301037,1.019286690261082,4.858851967301037,1.019286690261082,-0.7375318614114212,1.4620526335240103,-6.213067896561208,0.8310100333539526,-6.213067896561208,0.8310100333539526,0.0,0.0,0.0,0.0,0.0,0.0,3.077078140322046,3.077078140322046,3.077078140322046,3.082673595200432,3.082673595200432,2.5524286511584284,2.5524286511584284
246.0,0.246,0.001,0.499,58.49946525361759,-1.8959707923248394,1.0210082793316466,-0.03309093284771408,4.876037721886903,1.0017505410315883,4.876037721886903,1.0017505410315883,4.876037721886903,1.0017505410315883,-0.7437588435045571,1.462834450916963,-6.226982093135881,0.7818173929527482,-6.226982093135881,0.7818173929527482,0.0,0.0,0.0,0.0,0.0,0.0,3.0826835571048696,3.0826835571048696,3.0826835571048696,3.0881083457257703,3.0881083457257703,2.5657103882278913,2.5657103882278913
247.0,0.247,0.001,0.499,58.77982999102643,-1.8396217907829129,1.0259015671059202,-0.032107457240596105,4.893287774273451,0.9834756071179787,4.893287774273451,0.9834756071179787,4.893287774273451,0.9834756071179787,-0.749999486403568,1.463566480727149,-6.2406428990108695,0.7320298101858997,-6.2406428990108695,0.7320298101858997,0.0,0.0,0.0,0.0,0.0,0.0,3.0881176868957247,3.0881176868957247,3.0881176868957247,3.093387170995246,3.093387170995246,2.5790622897316102,2.5790622897316102
248.0,0.248,0.001,0.499,59.06118481106568,-1.7843542014394365,1.0308121350819612,-0.031142855836912307,4.910567976041139,0.9646014036837958,4.910567976041139,0.9646014036837958,4.910567976041139,0.9646014036837958,-0.7562535328655795,1.4642481273423666,-6.254046462011528,0.6816466152176603,-6.254046462011528,0.6816466152176603,0.0,0.0,0.0,0.0,0.0,0.0,3.093395900249606,3.093395900249606,3.093395900249606,3.0985265485620523,3.098526548562052,2.5924856245988397,2.5924856245988397
249.0,0.249,0.001,0.499,59.343520913982765,-1.730158610886545,1.035739829675114,-0.030196964341701618,4.927694593152597,0.9458914952106884,4.927694593152597,0.9458914952106884,4.927694593152597,0.9458914952106884,-0.7625207217650609,1.46487879452004,-6.267188899481407,0.6306671776735528,-6.267188899481407,0.6306671776735528,0.0,0.0,0.0,0.0,0.0,0.0,3.098534677318323,3.098534677318323,3.098534677318323,3.1036184451727666,3.103618445172766,2.605981658035822,2.605981658035822
250.0,0.25,0.001,0.499,59.62682942206758,-1.6770254527213087,1.040684495940107,-0.029269615789735335,4.944666264992927,0.9273485519662835,4.944666264992927,0.9273485519662835,4.944666264992927,0.9273485519662835,-0.7688007880640538,1.465457885426995,-6.280066298992958,0.5790909069550507,-6.280066298992958,0.5790909069550507,0.0,0.0,0.0,0.0,0.0,0.0,3.1036259944726616,3.1036259944726616,3.1036259944726616,3.1086628049162854,3.1086628049162854,2.6195516503091825,2.6195516503091825
251.0,0.251,0.001,0.499,59.91110137998185,-1.6249450076717358,1.0456459775768017,-0.028360640547716306,4.9614816366947245,0.9089752420190288,4.9614816366947245,0.9089752420190288,4.9614816366947245,0.9089752420190288,-0.7750934627831445,1.4659848026795412,-6.292674719090718,0.5269172525462317,-6.292674719090718,0.5269172525462317,0.0,0.0,0.0,0.0,0.0,0.0,3.108669795330973,3.108669795330973,3.108669795330973,3.1136595738555304,3.1136595738555304,2.6331968555005405,2.6331968555005405
252.0,0.252,0.001,0.499,60.196327755114396,-1.5739074038078553,1.050624116936393,-0.027469866317963013,4.978139359591412,0.8907742297532929,4.978139359591412,0.8907742297532929,4.978139359591412,0.8907742297532929,-0.781398472973212,1.4664589483838533,-6.305010190067423,0.4741457043120691,-6.305010190067423,0.4741457043120691,0.0,0.0,0.0,0.0,0.0,0.0,3.113666025486038,3.113666025486038,3.113666025486038,3.118608699897227,3.118608699897227,2.6469185202329775,2.6469185202329775
253.0,0.253,0.001,0.499,60.48249943796256,-1.5239026168388452,1.0556187550280665,-0.02659711814359543,4.994638091673356,0.8727481743675823,4.994638091673356,0.8727481743675823,4.994638091673356,0.8727481743675823,-0.7877155416879855,1.4668797241766414,-6.317068714773539,0.4207757927880254,-6.317068714773539,0.4207757927880254,0.0,0.0,0.0,0.0,0.0,0.0,3.1186146323746904,3.1186146323746904,3.1186146323746904,3.1235101326599235,3.1235101326599235,2.6607178823700512,2.6607178823700512
254.0,0.254,0.001,0.499,60.76960724253987,-1.4749204704971135,1.060629731526113,-0.025742218415238518,5.010976498046494,0.8548997283569107,5.010976498046494,0.8548997283569107,5.010976498046494,0.8548997283569107,-0.7940443879574461,1.467246531266102,-6.3288462694606675,0.36680708946061213,-6.3288462694606675,0.36680708946061213,0.0,0.0,0.0,0.0,0.0,0.0,3.123515565146383,3.123515565146383,3.123515565146383,3.1283638233403437,3.1283638233403437,2.6745961696881144,2.6745961696881144
255.0,0.255,0.001,0.499,61.057641906810176,-1.426950637010182,1.0656568847775063,-0.024904986879258132,5.027153251393215,0.8372315359803849,5.027153251393215,0.8372315359803849,5.027153251393215,0.8372315359803849,-0.8003847267621055,1.4675587704731405,-6.340338804659291,0.312239207038583,-6.340338804659291,0.312239207038583,0.0,0.0,0.0,0.0,0.0,0.0,3.128368774528833,3.128368774528833,3.1283687745288336,3.13316972457818,3.1331697245781798,2.688554598522725,2.688554598522725
256.0,0.256,0.001,0.499,61.34659409314823,-1.379982637661154,1.0707000518099414,-0.024085240647543037,5.043167032435198,0.8197462317150953,5.043167032435198,0.8197462317150953,5.043167032435198,0.8197462317150953,-0.8067362690081968,1.4678158422728549,-6.351542246091306,0.2570717997144272,-6.351542246091306,0.2570717997144272,0.0,0.0,0.0,0.0,0.0,0.0,3.133174212695882,3.133174212695882,3.1331742126958826,3.1379277903194427,3.1379277903194422,2.702594372390031,2.702594372390031
257.0,0.257,0.001,0.499,61.63645438882694,-1.3340058434384883,1.0757590683403393,-0.023282794208845613,5.05901653039795,0.8024464386974246,5.05901653039795,0.8024464386974246,5.05901653039795,0.8024464386974246,-0.8130987215038147,1.4680171468362708,-6.362452495617797,0.20130456341583342,-6.362452495617797,0.20130456341583342,0.0,0.0,0.0,0.0,0.0,0.0,3.137931833127761,3.137931833127761,3.137931833127761,3.1426379756784466,3.142637975678447,2.716716680584023,2.716716680584023
258.0,0.258,0.001,0.499,61.92721330653133,-1.289009475775737,1.080833768783816,-0.0224974594416927,5.074700443476742,0.7853347671529115,5.074700443476742,0.7853347671529115,5.074700443476742,0.7853347671529115,-0.8194717869360372,1.4681620840723175,-6.373065432222507,0.1449372360467982,-6.373065432222507,0.1449372360467982,0.0,0.0,0.0,0.0,0.0,0.0,3.14264159047668,3.14264159047668,3.14264159047668,3.1473002367985994,3.1473002367985994,2.7309226967506395,2.7309226967506395
259.0,0.259,0.001,0.499,62.21886128489915,-1.2449826073818344,1.0859239862631198,-0.02172904562887687,5.090217479303667,0.7684138128158308,5.090217479303667,0.7684138128158308,5.090217479303667,0.7684138128158308,-0.8258551638490685,1.4682500536700356,-6.383376913031422,0.08796959771805574,-6.383376913031422,0.08796959771805574,0.0,0.0,0.0,0.0,0.0,0.0,3.147303440425219,3.147303440425219,3.147303440425219,3.1519145307120353,3.1519145307120353,2.745213577439749,2.745213577439749
260.0,0.26,0.001,0.499,62.511388689088456,-1.201914163162456,1.0910295526185354,-0.020977359473537197,5.105566355415523,0.7516861553396735,5.105566355415523,0.7516861553396735,5.105566355415523,0.7516861553396735,-0.8322485466234375,1.468280455141002,-6.393382774368918,0.030401470966512814,-6.393382774368918,0.030401470966512814,0.0,0.0,0.0,0.0,0.0,0.0,3.151917339548498,3.151917339548498,3.151917339548498,3.1564808151982877,3.1564808151982877,2.7595904606360726,2.7595904606360726
261.0,0.261,0.001,0.499,62.80478581137188,-1.1597929212329061,1.0961502984182576,-0.020242205116837463,5.12074579972223,0.7351543566997347,5.12074579972223,0.7351543566997347,5.12074579972223,0.7351543566997347,-0.8386516254562884,1.4682526878619655,-6.403078832850879,-0.027767279036621746,-6.403078832850879,-0.027767279036621746,0.0,0.0,0.0,0.0,0.0,0.0,3.1564832451717093,3.1564832451717093,3.1564832451717093,3.1609990486420667,3.1609990486420667,2.774054464270203,2.774054464270203
262.0,0.262,0.001,0.499,63.099042871757874,-1.1186075140229106,1.101286052969233,-0.01952338415724843,5.135754550975475,0.7188209595890331,5.135754550975475,0.7188209595890331,5.135754550975475,0.7188209595890331,-0.8450640863428036,1.4681661511176762,-6.412460886515214,-0.08653674428931672,-6.412460886515214,-0.08653674428931672,0.0,0.0,0.0,0.0,0.0,0.0,3.1610011152287134,3.1610011152287134,3.161001115228713,3.1654691898902803,3.1654691898902803,2.7886066847108886,2.7886066847108886
263.0,0.263,0.001,0.499,63.394150018638726,-1.0783464294736271,1.1064366443284703,-0.018820695671439618,5.150591359237296,0.7026884858088145,5.150591359237296,0.7026884858088145,5.150591359237296,0.7026884858088145,-0.8514856110587938,1.468020244143902,-6.421524715990173,-0.14590697377410095,-6.421524715990173,-0.14590697377410095,0.0,0.0,0.0,0.0,0.0,0.0,3.1654709081200845,3.1654709081200845,3.1654709081200845,3.16989119810846,3.16989119810846,2.8032481952398136,2.8032481952398136
264.0,0.264,0.001,0.499,63.69009732946539,-1.0389980123271108,1.1116018993148187,-0.018133936236784713,5.16525498634828,0.686759434654904,5.16525498634828,0.686759434654904,5.16525498634828,0.686759434654904,-0.8579158771444947,1.4678143661706164,-6.4302660857008505,-0.20587797328563298,-6.4302660857008505,-0.20587797328563298,0.0,0.0,0.0,0.0,0.0,0.0,3.1698925825687447,3.1698925825687447,3.1698925825687447,3.1742650326366477,3.1742650326366477,2.817980044510185,2.817980044510185
265.0,0.265,0.001,0.499,63.98687481144916,-1.0005504655083985,1.1167816435212137,-0.017462899955483516,5.1797442063950925,0.6710362813011961,5.1797442063950925,0.6710362813011961,5.1797442063950925,0.6710362813011961,-0.864354557889609,1.4675479164653458,-6.438680745114283,-0.2664497052707302,-6.438680745114283,-0.2664497052707302,0.0,0.0,0.0,0.0,0.0,0.0,3.1742660974761097,3.1742660974761097,3.1742660974761097,3.178590652844957,3.178590652844957,2.8328032549904276,2.8328032549904276
266.0,0.266,0.001,0.499,64.28447240229009,-0.9629918516003041,1.1219757013273908,-0.01680737848030193,5.1940578061770015,0.6555214751815854,5.1940578061770015,0.6555214751815854,5.1940578061770015,0.6555214751815854,-0.8708013223196325,1.4672202943766646,-6.446764430023491,-0.3276220886811165,-6.446764430023491,-0.3276220886811165,0.0,0.0,0.0,0.0,0.0,0.0,3.1785914117794336,3.1785914117794336,3.1785914117794336,3.182868017988879,3.182868017988879,2.8477188213944005,2.8477188213944005
267.0,0.267,0.001,0.499,64.58287997093193,-0.926310094410931,1.1271838959130618,-0.01616716104193027,5.208194585671104,0.64021743837166,5.208194585671104,0.64021743837166,5.208194585671104,0.64021743837166,-0.8772558351835034,1.4668308993778254,-6.454512863870853,-0.38939499883913203,-6.454512863870853,-0.38939499883913203,0.0,0.0,0.0,0.0,0.0,0.0,3.182868484305991,3.182868484305991,3.182868484305991,3.1870970870644997,3.1870970870644997,2.8627277090995364,2.8627277090995364
268.0,0.268,0.001,0.499,64.8820873183438,-0.8904929806338496,1.1324060492715577,-0.015542034477958776,5.222153358495923,0.6251265639714944,5.222153358495923,0.6251265639714944,5.222153358495923,0.6251265639714944,-0.8837177569426146,1.4663791311105088,-6.461921759111148,-0.45176826731663294,-6.461921759111148,-0.45176826731663294,0.0,0.0,0.0,0.0,0.0,0.0,3.187097273628296,3.187097273628296,3.187097273628296,3.191277818663765,3.1912778186637647,2.877830852554404,2.877830852554404
269.0,0.269,0.001,0.499,65.18208417832825,-0.8555281616007886,1.1376419822239308,-0.014931783263467882,5.235932952373071,0.610251214490894,5.235932952373071,0.610251214490894,5.235932952373071,0.610251214490894,-0.8901867437612292,1.4658643894286816,-6.468986818614613,-0.514741681827288,-6.468986818614613,-0.514741681827288,0.0,0.0,0.0,0.0,0.0,0.0,3.1912777379213013,3.1912777379213013,3.191277737921301,3.1954101708299247,3.1954101708299247,2.893029153677181,2.893029153677181
270.0,0.27,0.001,0.499,65.48286021835555,-0.8214031551266294,1.1428915144335174,-0.014336189543229424,5.249532209586647,0.5955937202384568,5.249532209586647,0.5955937202384568,5.249532209586647,0.5955937202384568,-0.8966624474983396,1.465286074442549,-6.475703737110336,-0.5783149861324595,-6.475703737110336,-0.5783149861324595,0.0,0.0,0.0,0.0,0.0,0.0,3.195409834816711,3.195409834816711,3.195409834816711,3.199494100913302,3.1994941009133018,2.9083234802466094,2.9083234802466094
271.0,0.271,0.001,0.499,65.7844050404243,-0.7881053474464018,1.1481544644209576,-0.013755033165513597,5.262949987440057,0.5811563777158261,5.262949987440057,0.5811563777158261,5.262949987440057,0.5811563777158261,-0.9031445157010098,1.4646435865625882,-6.482068202670306,-0.6424878799608318,-6.482068202670306,-0.6424878799608318,0.0,0.0,0.0,0.0,0.0,0.0,3.1994935212592566,3.1994935212592566,3.1994935212592566,3.2035295654275306,3.2035295654275306,2.9237146642870258,2.9237146642870258
272.0,0.272,0.001,0.499,66.08670818194796,-0.7556219952439047,1.1534306495796676,-0.013188091717495071,5.276185158709929,0.5669414480185271,5.276185158709929,0.5669414480185271,5.276185158709929,0.5669414480185271,-0.9096325915992443,1.4639363265436462,-6.488075898234408,-0.7072600189419241,-6.488075898234408,-0.7072600189419241,0.0,0.0,0.0,0.0,0.0,0.0,3.2035287533631918,3.2035287533631918,3.2035287533631918,3.207516519906409,3.2075165199064086,2.9392035004490884,2.9392035004490884
273.0,0.273,0.001,0.499,66.38975911666718,-0.7239402277714957,1.1587198861917645,-0.012635140562250291,5.289236612096797,0.55295115524478,5.289236612096797,0.55295115524478,5.289236612096797,0.55295115524478,-0.9161263141024208,1.4631636955290928,-6.493722503176638,-0.7726310145535974,-6.493722503176638,-0.7726310145535974,0.0,0.0,0.0,0.0,0.0,0.0,3.2075154862691817,3.2075154862691817,3.2075154862691817,3.211454918761504,3.211454918761504,2.954790744387872,2.954790744387872
274.0,0.274,0.001,0.499,66.69354725558789,-0.6930470490605111,1.1640219894444368,-0.012095952877336592,5.302103252672241,0.5391876849136991,5.302103252672241,0.5391876849136991,5.302103252672241,0.5391876849136991,-0.9226253177973337,1.462325095095009,-6.499003694912827,-0.8386004340836304,-6.499003694912827,-0.8386004340836304,0.0,0.0,0.0,0.0,0.0,0.0,3.2114536740029083,3.2114536740029083,3.2114536740029083,3.2153447151406818,3.2153447151406818,2.970477111140024,2.970477111140024
275.0,0.275,0.001,0.499,66.9980619479446,-0.662929340221698,1.169336773446759,-0.011570299694942306,5.314784002322137,0.5256531823942856,5.314784002322137,0.5256531823942856,5.314784002322137,0.5256531823942856,-0.9291292329478837,1.4614199272944037,-6.503915150550091,-0.9051678006054096,-6.503915150550091,-0.9051678006054096,0.0,0.0,0.0,0.0,0.0,0.0,3.2153432693332316,3.2153432693332316,3.2153432693332316,3.2191858607876704,3.21918586078767,2.986263273501708,2.986263273501708
276.0,0.276,0.001,0.499,67.30329248218898,-0.6335738618349586,1.1746640512469446,-0.01105794994359567,5.327277800185714,0.512349751346637,5.327277800185714,0.512349751346637,5.327277800185714,0.512349751346637,-0.935637685496462,1.460447594701436,-6.508452548578259,-0.9723325929677356,-6.508452548578259,-0.9723325929677356,0.0,0.0,0.0,0.0,0.0,0.0,3.2191842236311436,3.2191842236311436,3.2191842236311436,3.222978305902853,3.222978305902853,3.002149860409077,3.002149860409077
277.0,0.277,0.001,0.499,67.60922808700329,-0.6049672564276248,1.1800036348500347,-0.010558670491418882,5.339583603090079,0.49927945217678693,5.339583603090079,0.49927945217678693,5.339583603090079,0.49927945217678693,-0.9421502970670654,1.4594075004556373,-6.512611570603488,-1.0400942457987103,-6.512611570603488,-1.0400942457987103,0.0,0.0,0.0,0.0,0.0,0.0,3.2229764867315702,3.2229764867315702,3.22297648673157,3.226721999005395,3.226721999005395,3.0181374553230618,3.0181374553230618
278.0,0.278,0.001,0.499,67.91585793233848,-0.5770960510404028,1.1853553352360147,-0.010072226190912277,5.351700385979888,0.48644430050660503,5.351700385979888,0.48644430050660503,5.351700385979888,0.48644430050660503,-0.9486666849701897,1.4582990483061136,-6.516387903124238,-1.108452149523624,-6.516387903124238,-1.108452149523624,0.0,0.0,0.0,0.0,0.0,0.0,3.22672000679698,3.22672000679698,3.2267200067969797,3.2304168867968928,3.2304168867968928,3.034226594620267,3.034226594620267
279.0,0.279,0.001,0.499,68.22317113047647,-0.54994665988004,1.1907189623783565,-0.009598379925252101,5.36362714234184,0.4738462656601753,5.36362714234184,0.4738462656601753,5.36362714234184,0.4738462656601753,-0.9551864622095395,1.4571216426557168,-6.519777239349817,-1.1774056503967085,-6.519777239349817,-1.1774056503967085,0.0,0.0,0.0,0.0,0.0,0.0,3.230414730177656,3.230414730177656,3.230414730177656,3.2340629140266746,3.2340629140266746,3.050417765991784,3.050417765991784
280.0,0.28,0.001,0.499,68.53115673711667,-0.5235053870576912,1.19609432526298,-0.009136892656084023,5.375362884623667,0.4614872691680776,5.375362884623667,0.4614872691680776,5.375362884623667,0.4614872691680776,-0.9617092374906011,1.45587468860517,-6.522775281061605,-1.2469540505465782,-6.522775281061605,-1.2469540505465782,0.0,0.0,0.0,0.0,0.0,0.0,3.2340606012802606,3.2340606012802606,3.2340606012802606,3.237660023358918,3.237660023358918,3.0667114068517547,3.0667114068517547
281.0,0.281,0.001,0.499,68.83980375248595,-0.49775842941187687,1.2014812319076273,-0.008687523472793033,5.386906644647309,0.44936918329099046,5.386906644647309,0.44936918329099046,5.386906644647309,0.44936918329099046,-0.9682346152311182,1.454557591997135,-6.525377740517134,-1.3170966080351114,-6.525377740517134,-1.3170966080351114,0.0,0.0,0.0,0.0,0.0,0.0,3.237657562434053,3.237657562434053,3.237657562434053,3.2412081552417162,3.2412081552417162,3.083107902757527,3.083107902757527
282.0,0.28200000000000003,0.001,0.499,69.149101122472,-0.4726918794148422,1.2068794893816432,-0.008250029643229004,5.398257474015935,0.4374938295640298,5.398257474015935,0.4374938295640298,5.398257474015935,0.4374938295640298,-0.9747621955735153,1.4531697594602055,-6.5275803423970915,-1.3878325369294757,-6.5275803423970915,-1.3878325369294757,0.0,0.0,0.0,0.0,0.0,0.0,3.2412055537599582,3.2412055537599582,3.241205553759958,3.2447072477782615,3.2447072477782615,3.099607585843252,3.099607585843252
283.0,0.28300000000000003,0.001,0.499,69.45903773977979,-0.44829172816105367,1.2122889038261577,-0.007824166665865771,5.409414444514512,0.4258629773632329,5.409414444514512,0.4258629773632329,5.409414444514512,0.4258629773632329,-0.9812915743993107,1.4517105984528187,-6.529378825795379,-1.4591610073869214,-6.529378825795379,-1.4591610073869214,0.0,0.0,0.0,0.0,0.0,0.0,3.24470451304103,3.24470451304103,3.24470451304103,3.248157236600306,3.2481572366003055,3.11621073326878,3.11621073326878
284.0,0.28400000000000003,0.001,0.499,69.76960244511031,-0.42454386843647873,1.2177092804746612,-0.007409688323370185,5.420376648503588,0.4144783424955862,5.420376648503588,0.4144783424955862,5.420376648503588,0.4144783424955862,-0.987822343345563,1.4501795173070668,-6.530768946252259,-1.531081145751906,-6.530768946252259,-1.531081145751906,0.0,0.0,0.0,0.0,0.0,0.0,3.2481543755977276,3.2481543755977276,3.2481543755977276,3.2515580547440024,3.2515580547440024,3.132917565685717,3.132917565685717
285.0,0.28500000000000003,0.001,0.499,70.08078402836172,-0.4014340978672235,1.2231404236739671,-0.007006346737556197,5.43114319930599,0.4033415858139884,5.43114319930599,0.4033415858139884,5.43114319930599,0.4033415858139884,-0.9943540898233936,1.4485759252724018,-6.531746477830658,-1.6035920346650259,-6.531746477830658,-1.6035920346650259,0.0,0.0,0.0,0.0,0.0,0.0,3.251555074162365,3.251555074162365,3.251555074162365,3.2549096325283418,3.254909632528342,3.149728245722504,3.149728245722504
286.0,0.28600000000000003,0.001,0.499,70.3925712298521,-0.3789481221460188,1.2285821369055532,-0.006613892425697669,5.441713231586119,0.3924543118585279,5.441713231586119,0.3924543118585279,5.441713231586119,0.3924543118585279,-1.0008863970386292,1.4468992325592187,-6.53230721523564,-1.6766927131831544,-6.53230721523564,-1.6766927131831544,0.0,0.0,0.0,0.0,0.0,0.0,3.2549065387583167,3.2549065387583167,3.2549065387583167,3.258211897436279,3.2582118974362784,3.1666428764903687,3.1666428764903687
287.0,0.28700000000000003,0.001,0.499,70.70495274156352,-0.3570715583349701,1.2340342228072747,-0.00623207435817223,5.452085901721538,0.3818180675254382,5.452085901721538,0.3818180675254382,5.452085901721538,0.3818180675254382,-1.0074188440146064,1.4451488503823087,-6.532446975977057,-1.7503821769100945,-6.532446975977057,-1.7503821769100945,0.0,0.0,0.0,0.0,0.0,0.0,3.2582086965807413,3.2582086965807413,3.2582086965807417,3.2614647739987177,3.261464773998718,3.183661500112016,3.183661500112016
288.0,0.28800000000000003,0.001,0.499,71.01791720840694,-0.33578993824290687,1.2394964831954411,-0.005860640017407147,5.462260388166546,0.37143434076508325,5.462260388166546,0.37143434076508325,5.462260388166546,0.37143434076508325,-1.0139510056171817,1.4433241910041716,-6.532161602575343,-1.8246593781369556,-6.532161602575343,-1.8246593781369556,0.0,0.0,0.0,0.0,0.0,0.0,3.2614614718807484,3.2614614718807484,3.2614614718807484,3.2646681836815064,3.2646681836815064,3.200784096274889,3.200784096274889
289.0,0.289,0.001,0.499,71.33145322950752,-0.3150887118755923,1.2449687190872485,-0.005499335458096843,5.472235891807446,0.3613045593103042,5.472235891807446,0.3613045593103042,5.472235891807446,0.3613045593103042,-1.020482452581992,1.4414246677781803,-6.531446964810427,-1.8995232259913646,-6.531446964810427,-1.8995232259913646,0.0,0.0,0.0,0.0,0.0,0.0,3.2646647858524567,3.2646647858524567,3.2646647858524567,3.2678220447755644,3.2678220447755644,3.218010580810824,3.218010580810824
290.0,0.29,0.001,0.499,71.64554935950964,-0.29495325095697905,1.2504507307235577,-0.0051479053686604,5.48201163630921,0.3514300894364421,5.48201163630921,0.3514300894364421,5.48201163630921,0.3514300894364421,-1.0270127515440057,1.4394496951915858,-6.530298962013686,-1.974972586594512,-6.530298962013686,-1.974972586594512,0.0,0.0,0.0,0.0,0.0,0.0,3.2678185565233644,3.2678185565233644,3.2678185565233644,3.2709262722903154,3.2709262722903154,3.2353408043039398,3.2353408043039398
291.0,0.291,0.001,0.499,71.96019410990148,-0.27536885251962107,1.255942317592011,-0.004806093133906071,5.491586868453241,0.34181223475432954,5.491586868453241,0.34181223475432954,5.491586868453241,0.34181223475432954,-1.0335414650694086,1.437398688908361,-6.5287135254028525,-2.051006283224914,-6.5287135254028525,-2.051006283224914,0.0,0.0,0.0,0.0,0.0,0.0,3.270922698646463,3.270922698646463,3.270922698646463,3.27398077785052,3.27398077785052,3.252774550728523,3.252774550728523
292.0,0.292,0.001,0.499,72.27537595035824,-0.2563207425622798,1.261443278450477,-0.004473640898868549,5.500960858465969,0.3324522350375219,5.500960858465969,0.3324522350375219,5.500960858465969,0.3324522350375219,-1.0400681516898684,1.4352710658118732,-6.526686620459778,-2.1276230964876475,-6.526686620459778,-2.1276230964876475,0.0,0.0,0.0,0.0,0.0,0.0,3.2739771235992885,3.2739771235992885,3.2739771235992885,3.276985469596701,3.2769854695967013,3.2703115361187183,3.2703115361187183
293.0,0.293,0.001,0.499,72.59108331010378,-0.23779407977269254,1.266953411350815,-0.004150289633783534,5.510132900337982,0.3233512650850149,5.510132900337982,0.3233512650850149,5.510132900337982,0.3233512650850149,-1.0465923659392193,1.4330662440473856,-6.524214249350911,-2.2048217644876886,-6.524214249350911,-2.2048217644876886,0.0,0.0,0.0,0.0,0.0,0.0,3.276981739282013,3.276981739282013,3.276981739282013,3.2799402520892422,3.2799402520892422,3.2879514072717466,3.2879514072717466
294.0,0.294,0.001,0.499,72.90730457928993,-0.2197739593133989,1.2724725136629484,-0.0038357792001628673,5.519102312133433,0.3145104336206669,5.519102312133433,0.3145104336206669,5.519102312133433,0.3145104336206669,-1.0531136583926097,1.4307836430643797,-6.52129245339035,-2.282600983005829,-6.52129245339035,-2.282600983005829,0.0,0.0,0.0,0.0,0.0,0.0,3.279936450022891,3.279936450022891,3.2799364500228916,3.282845026216324,3.282845026216324,3.3056937404863875,3.3056937404863875
295.0,0.295,0.001,0.499,73.2240281103929,-0.2022454166684542,1.2780003820992378,-0.0035298484179323466,5.527868436289441,0.3059307822305205,5.527868436289441,0.3059307822305205,5.527868436289441,0.3059307822305205,-1.0596315757081551,1.4284226836587042,-6.51791731554531,-2.3609594056755108,-6.51791731554531,-2.3609594056755108,0.0,0.0,0.0,0.0,0.0,0.0,3.2828411564856577,3.2828411564856577,3.2828411564856577,3.2856996891058254,3.2856996891058254,3.3235380403384083,3.3235380403384083
296.0,0.296,0.001,0.499,73.54124221962638,-0.1851934315487921,1.283536812739143,-0.0032322351335931634,5.536430639905245,0.29761328433918316,5.536430639905245,0.29761328433918316,5.536430639905245,0.29761328433918316,-1.066145660671139,1.4259827880145455,-6.514084962983804,-2.4398956441587503,-6.514084962983804,-2.4398956441587503,0.0,0.0,0.0,0.0,0.0,0.0,3.285695755581158,3.285695755581158,3.285695755581158,3.2885041340412955,3.2885041340412955,3.3414837384946185,3.3414837384946185
297.0,0.297,0.001,0.499,73.85893518837052,-0.16860293185393335,1.289081601054164,-0.002942676289366764,5.544788315020848,0.28955884422639927,5.544788315020848,0.28955884422639927,5.544788315020848,0.28955884422639927,-1.0726554522408034,1.4234633797462264,-6.509791569664365,-2.5194082683191557,-6.509791569664365,-2.5194082683191557,0.0,0.0,0.0,0.0,0.0,0.0,3.2885001403840297,3.2885001403840297,3.2885001403840293,3.2912582503821404,3.2912582503821404,3.359530192567138,3.359530192567138
298.0,0.298,0.001,0.499,74.17709526461628,-0.1524587976876754,1.2946345419330487,-0.002660907993281853,5.552940878884897,0.2817682960849108,5.552940878884897,0.2817682960849108,5.552940878884897,0.2817682960849108,-1.079160485599771,1.4208638839398364,-6.505033358967567,-2.5994958063898608,-6.505033358967567,-2.5994958063898608,0.0,0.0,0.0,0.0,0.0,0.0,3.291254200051196,3.291254200051196,3.291254200051196,3.2939619234881174,3.2939619234881174,3.3776766850094964,3.3776766850094964
299.0,0.299,0.001,0.499,74.49571066442451,-0.1367458654253357,1.3001954297072602,-0.0023866655901611843,5.560887774211577,0.2742424031206689,5.560887774211577,0.2742424031206689,5.560887774211577,0.2742424031206689,-1.08566029220614,1.4181837271947024,-6.499806606369145,-2.6801567451340116,-6.499806606369145,-2.6801567451340116,0.0,0.0,0.0,0.0,0.0,0.0,3.2939578197481265,3.2939578197481265,3.2939578197481265,3.29661503464829,3.29661503464829,3.3959224220560773,3.3959224220560773
300.0,0.3,0.001,0.499,74.81476957339903,-0.12144893183006408,1.3057640581766865,-0.0021196837334647605,5.568628469426282,0.2669818566964238,5.568628469426282,0.2669818566964238,5.568628469426282,0.2669818566964238,-1.0921543998482945,1.4154223376647073,-6.494107642154468,-2.7613895299952373,-6.494107642154468,-2.7613895299952373,0.0,0.0,0.0,0.0,0.0,0.0,3.2966108805765346,3.2966108805765346,3.296610880576535,3.299217461014505,3.299217461014505,3.4142665327064265,3.4142665327064265
301.0,0.301,0.001,0.499,75.13426014817328,-0.10655275821568154,1.3113402206355864,-0.001859696457945081,5.576162458899837,0.25998727551967954,5.576162458899837,0.25998727551967954,5.576162458899837,0.25998727551967954,-1.0986423327024686,1.412579145099472,-6.487932854174127,-2.8431925652353263,-6.487932854174127,-2.8431925652353263,0.0,0.0,0.0,0.0,0.0,0.0,3.299213259507389,3.299213259507389,3.299213259507389,3.30176907553954,3.3017690755395397,3.43270806775586,3.43270806775586
302.0,0.302,0.001,0.499,75.45417051790959,-0.09204207465344981,1.3169237098987574,-0.001606437253069118,5.58348926317106,0.25325920487596293,5.58348926317106,0.25325920487596293,5.58348926317106,0.25325920487596293,-1.1051236113931089,1.4096535808854158,-6.481278690640389,-2.9255642140561,-6.481278690640389,-2.9255642140561,0.0,0.0,0.0,0.0,0.0,0.0,3.301764829320128,3.301764829320128,3.301764829320128,3.3042697469199895,3.3042697469199895,3.451245998873779,3.451245998873779
303.0,0.303,0.001,0.499,75.77448878581058,-0.07790158422012289,1.3225143183279149,-0.0013596391371608035,5.5906084291574665,0.24679811590831446,5.5906084291574665,0.24679811590831446,5.5906084291574665,0.24679811590831446,-1.1115977530560732,1.4066450780867135,-6.4741416629642705,-3.0085027987022466,-6.4741416629642705,-3.0085027987022466,0.0,0.0,0.0,0.0,0.0,0.0,3.3042654585442897,3.3042654585442897,3.304265458544289,3.3067193395440277,3.3067193395440273,3.46987921773104,3.46987921773104
304.0,0.304,0.001,0.499,76.09520303064191,-0.06411596728458281,1.3281118378582688,-0.0011190347322169382,5.597519530353908,0.2406044049438652,5.597519530353908,0.2406044049438652,5.597519530353908,0.2406044049438652,-1.1180642714047062,1.403553071486172,-6.466518348632988,-3.092006600541617,-6.466518348632988,-3.092006600541617,0.0,0.0,0.0,0.0,0.0,0.0,3.306715011407802,3.306715011407802,3.306715011407802,3.3091177134440763,3.3091177134440763,3.488606535177685,3.488606535177685
305.0,0.305,0.001,0.499,76.41630130826576,-0.050669885830315044,1.3337160600252878,-0.0008843563393486183,5.604222167018972,0.23467839286831987,5.604222167018972,0.23467839286831987,5.604222167018972,0.23467839286831987,-1.1245226767988337,1.4003769976260527,-6.458405394127536,-3.1760738601192298,-6.458405394127536,-3.1760738601192298,0.0,0.0,0.0,0.0,0.0,0.0,3.309113347789037,3.309113347789037,3.3091133477890367,3.3114647242545368,3.3114647242545368,3.507426680472257,3.507426680472257
306.0,0.306,0.001,0.499,76.73777165318421,-0.03754798781093396,1.3393267759916367,-0.0006553360147994957,5.610715966348963,0.22902032454912266,5.610715966348963,0.22902032454912266,5.610715966348963,0.22902032454912266,-1.130972476316714,1.3971162948488718,-6.449799517880173,-3.26070277718095,-6.449799517880173,-3.26070277718095,0.0,0.0,0.0,0.0,0.0,0.0,3.31146032317415,3.31146032317415,3.31146032317415,3.313760223174618,3.313760223174618,3.526338300563898,3.526338300563898
307.0,0.307,0.001,0.499,77.05960208009198,-0.024734911535927457,1.344943776574276,-0.0004317056464914618,5.617000582639289,0.22363036830803384,5.617000582639289,0.22363036830803384,5.617000582639289,0.22363036830803384,-1.1374131738299855,1.3937704033382092,-6.440697513271584,-3.3458915106625136,-6.440697513271584,-3.3458915106625136,0.0,0.0,0.0,0.0,0.0,0.0,3.313755788621227,3.313755788621227,3.313755788621227,3.316004056936346,3.316004056936346,3.5453399594283574,3.5453399594283574
308.0,0.308,0.001,0.499,77.38178058543747,-0.012215290083750734,1.3505668522717091,-0.00021319703104766418,5.62307569743311,0.21850861544379763,5.62307569743311,0.21850861544379763,5.62307569743311,0.21850861544379763,-1.1438442700816531,1.39033876515957,-6.431096251667531,-3.431638178639263,-6.431096251667531,-3.431638178639263,0.0,0.0,0.0,0.0,0.0,0.0,3.315999590725109,3.315999590725109,3.315999590725109,3.318196067777841,3.3181960677778406,3.564430137458955,3.564430137458955
309.0,0.309,0.001,0.499,77.70429514899189,2.6244260637176018e-05,1.3561957932913662,4.580487578702664e-07,5.628941019657105,0.21365507980553444,5.628941019657105,0.21365507980553444,5.628941019657105,0.21365507980553444,-1.150265262767148,1.3868208243013385,-6.420992685494812,-3.5179408582316363,-6.420992685494812,-3.5179408582316363,0.0,0.0,0.0,0.0,0.0,0.0,3.318191571594427,3.318191571594427,3.318191571594427,3.320336093421924,3.320336093421924,3.583607230913525,3.583607230913525
310.0,0.31,0.001,0.499,78.02713373542512,0.01200505554673355,1.3618303895771104,0.00020952774617530843,5.634596285744201,0.20906969741743817,5.634596285744201,0.20906969741743817,5.634596285744201,0.20906969741743817,-1.1566756466185042,1.3832160267158773,-6.4103838513563725,-3.6047975854611134,-6.4103838513563725,-3.6047975854611134,0.0,0.0,0.0,0.0,0.0,0.0,3.3203315688255324,3.3203315688255324,3.3203315688255324,3.322423967060083,3.322423967060083,3.602869551418262,3.602869551418262
311.0,0.311,0.001,0.499,78.35028429588806,0.023736499680918906,1.3674704308368537,0.0004142800723306183,5.6400412597431755,0.20475232615530992,5.6400412597431755,0.20475232615530992,5.6400412597431755,0.20475232615530992,-1.1630749134916896,1.3795238203608264,-6.399266873185469,-3.6922063550509616,-6.399266873185469,-3.6922063550509616,0.0,0.0,0.0,0.0,0.0,0.0,3.322419415490751,3.322419415490751,3.3224194154907507,3.3244595173419076,3.3244595173419076,3.622215325529351,3.622215325529351
312.0,0.312,0.001,0.499,78.67373476960036,0.03523591993334814,1.3731157065702686,0.0006149828178060259,5.645275733414981,0.20070274547540756,5.645275733414981,0.20070274547540756,5.645275733414981,0.20070274547540756,-1.1694625524571283,1.3757436552406608,-6.387638965438805,-3.7801651201657567,-6.387638965438805,-3.7801651201657567,0.0,0.0,0.0,0.0,0.0,0.0,3.324454940123968,3.324454940123968,3.3244549401239674,3.3264425683699703,3.3264425683699708,3.641642694353188,3.641642694353188
313.0,0.313,0.001,0.499,78.997473085443,0.046518642432327756,1.3787660060965843,0.0008119034740020627,5.65029952631572,0.19692065619603683,5.65029952631572,0.19692065619603683,5.65029952631572,0.19692065619603683,-1.1758380498934569,1.3718749834485775,-6.375497436328614,-3.868671792083258,-6.375497436328614,-3.868671792083258,0.0,0.0,0.0,0.0,0.0,0.0,3.3264379667171387,3.3264379667171387,3.3264379667171387,3.328372939700277,3.328372939700277,3.6611497132259307,3.6611497132259307
314.0,0.314,0.001,0.499,79.32148716355488,0.05759997164922239,1.3844211185824504,0.001005309154334319,5.655112485866166,0.19340568033225625,5.655112485866166,0.19340568033225625,5.655112485866166,0.19340568033225625,-1.1822008895845506,1.3679172592087856,-6.362839691093716,-3.957724239791806,-6.362839691093716,-3.957724239791806,0.0,0.0,0.0,0.0,0.0,0.0,3.328368314720165,3.328368314720165,3.3283683147201653,3.33025044634823,3.33025044634823,3.6807343514530584,3.6807343514530584
315.0,0.315,0.001,0.499,79.6457649169324,0.06849518587695216,1.3900808330698582,0.0011954665153183347,5.65971448740775,0.1901573609840157,5.65971448740775,0.1901573609840157,5.65971448740775,0.1901573609840157,-1.1885505528198603,1.3638699389192797,-6.349663235309643,-4.047320289505989,-6.349663235309643,-4.047320289505989,0.0,0.0,0.0,0.0,0.0,0.0,3.330245799046384,3.330245799046384,3.330245799046384,3.332074898800219,3.332074898800219,3.700394492109543,3.700394492109543
316.0,0.316,0.001,0.499,79.97029425303174,0.07921953270515734,1.3957449385041032,0.0013826416775963258,5.664105434244959,0.18717516227799105,5.664105434244959,0.18717516227799105,5.664105434244959,0.18717516227799105,-1.1948865184980983,1.3597324811951867,-6.335965678237992,-4.137457724092861,-6.335965678237992,-4.137457724092861,0.0,0.0,0.0,0.0,0.0,0.0,3.3320702300845895,3.3320702300845895,3.3320702300845895,3.3338461030308144,3.3338461030308144,3.7201279319011795,3.7201279319011795
317.0,0.317,0.001,0.499,80.2950630753727,0.08978822449511902,1.4014132237617773,0.00156710014695965,5.668285257674074,0.18445846936332416,5.668285257674074,0.18445846936332416,5.668285257674074,0.18445846936332416,-1.2012082632343135,1.3555043469127863,-6.321744736215233,-4.228134282400541,-6.321744736215233,-4.228134282400541,0.0,0.0,0.0,0.0,0.0,0.0,3.333841413714457,3.333841413714457,3.3338414137144565,3.335563860525568,3.335563860525568,3.7399323810875313,3.7399323810875313
318.0,0.318,0.001,0.499,80.62005928514324,0.1002164338575329,1.4070854776787756,0.0017491067354210709,5.6722539169982165,0.1820065884614208,5.6722539169982165,0.1820065884614208,5.6722539169982165,0.1820065884614208,-1.2075152614703948,1.3511849992543057,-6.306998236081311,-4.319347658480527,-6.306998236081311,-4.319347658480527,0.0,0.0,0.0,0.0,0.0,0.0,3.3355591513307417,3.3355591513307417,3.3355591513307417,3.3372279683094805,3.3372279683094805,3.759805463466925,3.759805463466925
319.0,0.319,0.001,0.499,80.94527078280439,0.11051928913623921,1.4127614890783042,0.0019289254823909741,5.676011399528666,0.17981874696990313,5.676011399528666,0.17981874696990313,5.676011399528666,0.17981874696990313,-1.2138069855890432,1.346773903753611,-6.291724118648447,-4.411095500694527,-6.291724118648447,-4.411095500694527,0.0,0.0,0.0,0.0,0.0,0.0,3.33722323987101,3.33722323987101,3.33722323987101,3.3388382189811003,3.3388382189811003,3.779744716423797,3.779744716423797
320.0,0.32,0.001,0.499,81.27068546969411,0.12071186990101383,1.4184410467988766,0.002106819576011733,5.679557720572431,0.17789409362075856,5.679557720572431,0.17789409362075856,5.679557720572431,0.17789409362075856,-1.220082906031254,1.3422705283429148,-6.275920442210666,-4.503375410696123,-6.275920442210666,-4.503375410696123,0.0,0.0,0.0,0.0,0.0,0.0,3.3388334718491537,3.3388334718491537,3.3388334718491532,3.340394400752242,3.3403944007522424,3.7997475910386918,3.7997475910386918
321.0,0.321,0.001,0.499,81.59629124963006,0.13080920245252486,1.4241239397222827,0.0022830512747044,5.682892923406066,0.17623169869266733,5.682892923406066,0.17623169869266733,5.682892923406066,0.17623169869266733,-1.2263424914173486,1.337674343400638,-6.259585386094686,-4.596184942276959,-6.259585386094686,-4.596184942276959,0.0,0.0,0.0,0.0,0.0,0.0,3.340389635394663,3.340389635394663,3.3403896353946636,3.341896297493371,3.341896297493371,3.8198114522611095,3.8198114522611095
322.0,0.322,0.001,0.499,81.92207603050956,0.14082625534255494,1.4298099568015183,0.0024578818289818388,5.686017079235737,0.17483055427743863,5.686017079235737,0.17483055427743863,5.686017079235737,0.17483055427743863,-1.2325852086716016,1.3329848218005713,-6.242717254252942,-4.689521600066642,-6.242717254252942,-4.689521600066642,0.0,0.0,0.0,0.0,0.0,0.0,3.341891514299009,3.341891514299009,3.341891514299009,3.343343688784556,3.3433436887845556,3.8399335791453426,3.8399335791453426
323.0,0.323,0.001,0.499,82.24802772590702,0.15077793491258204,1.4354988870886618,0.002631571403582265,5.688930287143553,0.1736895746004261,5.688930287143553,0.1736895746004261,5.688930287143553,0.1736895746004261,-1.238810523150501,1.3282014389624965,-6.225314478899618,-4.7833828380748695,-6.225314478899618,-4.7833828380748695,0.0,0.0,0.0,0.0,0.0,0.0,3.343338888064636,3.343338888064636,3.343338888064636,3.3447363499720475,3.3447363499720475,3.860111165149387,3.860111165149387
324.0,0.324,0.001,0.499,82.57413425666714,0.16067908085380064,1.441190519762682,0.002804378999977003,5.691632674020198,0.1728075963947379,5.691632674020198,0.1728075963947379,5.691632674020198,0.1728075963947379,-1.2450178987746918,1.3233236729044329,-6.207375624190757,-4.877766058063721,-6.207375624190757,-4.877766058063721,0.0,0.0,0.0,0.0,0.0,0.0,3.3447315319623825,3.3447315319623825,3.344731531962382,3.346074052230391,3.346074052230391,3.8803413184969564,3.8803413184969564
325.0,0.325,0.001,0.499,82.90038355249355,0.1705444617916525,1.4468846441571659,0.0029765623793060036,5.694124394483888,0.17218337932900077,5.694124394483888,0.17218337932900077,5.694124394483888,0.17218337932900077,-1.2512067981646415,1.3183510042966955,-6.188899389949631,-4.972668607737372,-6.188899389949631,-4.972668607737372,0.0,0.0,0.0,0.0,0.0,0.0,3.3460692170935133,3.3460692170935133,3.3460692170935133,3.3473565626300763,3.3473565626300763,3.9006210626025473,3.9006210626025473
326.0,0.326,0.001,0.499,83.22676355353214,0.18038877089791738,1.4525810497879517,0.003148377985794386,5.696405630785722,0.1718156064883827,5.696405630785722,0.1718156064883827,5.696405630785722,0.1718156064883827,-1.2573766827800803,1.3132829165179596,-6.169884615438749,-5.068087778735821,-6.169884615438749,-5.068087778735821,0.0,0.0,0.0,0.0,0.0,0.0,3.3473517104565333,3.3473517104565333,3.3473517104565333,3.3485836442106574,3.3485836442106574,3.9209473365594696,3.9209473365594696
327.0,0.327,0.001,0.499,83.55326221194802,0.19022662153339617,1.4582795263806532,0.0033200808707029078,5.698476592701488,0.1717028849085216,5.698476592701488,0.1717028849085216,5.698476592701488,0.1717028849085216,-1.2635270130632603,1.308118895713541,-6.150330283180047,-5.164020804418521,-6.150330283180047,-5.164020804418521,0.0,0.0,0.0,0.0,0.0,0.0,3.34857877501966,3.34857877501966,3.34857877501966,3.3497550560593212,3.3497550560593212,3.941316995690711,3.941316995690711
328.0,0.328,0.001,0.499,83.8798674934957,0.2000725429241936,1.4639798638980632,0.003491924616864862,5.700337517409988,0.1718437461619543,5.700337517409988,0.1718437461619543,5.700337517409988,0.1718437461619543,-1.2696572485860853,1.302858430856118,-6.130235522825006,-5.260464857423066,-6.130235522825006,-5.260464857423066,0.0,0.0,0.0,0.0,0.0,0.0,3.3497501698010286,3.3497501698010286,3.3497501698010286,3.3508705533948095,3.3508705533948095,3.9617268121624156,3.9617268121624156
329.0,0.329,0.001,0.499,84.20656737908132,0.20994097587458255,1.4696818525674211,0.0036641612638614474,5.701988669357985,0.1722366469965852,5.701988669357985,0.1722366469965852,5.701988669357985,0.1722366469965852,-1.275766848201162,1.2975010138091345,-6.109599615076653,-5.357417046983349,-6.109599615076653,-5.357417046983349,0.0,0.0,0.0,0.0,0.0,0.0,3.35086564994934,3.35086564994934,3.35086564994934,3.351929887656672,3.351929887656672,3.98217347565976,3.98217347565976
330.0,0.33,0.001,0.499,84.53334986631658,0.21984626851940223,1.475385282907533,0.0038370412338871282,5.703430340111863,0.17287997002568084,5.703430340111863,0.17287997002568084,5.703430340111863,0.17287997002568084,-1.2818552701968275,1.2920461393931437,-6.088421995665589,-5.454874415990814,-6.088421995665589,-5.454874415990814,0.0,0.0,0.0,0.0,0.0,0.0,3.351924966836591,3.351924966836591,3.351924966836591,3.352932806599768,3.352932806599768,4.002653594124932,4.002653594124932
331.0,0.331,0.001,0.499,84.8602029710633,0.22980267211890987,1.481089945755729,0.0040108132583559514,5.7046628481961115,0.17377202446882312,5.7046628481961115,0.17377202446882312,5.7046628481961115,0.17377202446882312,-1.28792197245621,1.286493305455362,-6.066702259382464,-5.552833937781619,-6.066702259382464,-5.552833937781619,0.0,0.0,0.0,0.0,0.0,0.0,3.3529278681490453,3.3529278681490453,3.3529278681490453,3.3538790543939307,3.3538790543939303,4.023163694556892,4.023163694556892
332.0,0.332,0.001,0.499,85.18711472896796,0.23982433689897,1.4867956322946476,0.004185724305299154,5.705686538918759,0.17491104694320284,5.705686538918759,0.17491104694320284,5.705686538918759,0.17491104694320284,-1.2939664126203796,1.2808420129427303,-6.044440164169514,-5.651292512631714,-6.044440164169514,-5.651292512631714,0.0,0.0,0.0,0.0,0.0,0.0,3.3538740979887542,3.3538740979887542,3.353874097988754,3.354768371728737,3.354768371728737,4.043700223872577,4.043700223872577
333.0,0.333,0.001,0.499,85.51407319698556,0.24992530793942766,1.4925021340788316,0.004362019507603738,5.706501784183887,0.1762952023045836,5.706501784183887,0.1762952023045836,5.706501784183887,0.1762952023045836,-1.2999880482556536,1.2750917659787893,-6.021635635274064,-5.750246963940957,-6.021635635274064,-5.750246963940957,0.0,0.0,0.0,0.0,0.0,0.0,3.3547633969767703,3.3547633969767703,3.3547633969767703,3.3556004959232757,3.3556004959232757,4.064259549829154,4.064259549829154
334.0,0.334,0.001,0.499,85.84106645489206,0.26011952111346975,1.498209243061123,0.004539942092140954,5.7071089822913645,0.17792258453721627,5.7071089822913645,0.17792258453721627,5.7071089822913645,0.17792258453721627,-1.3059863370251208,1.2692420719447026,-5.998288769467147,-5.8496940340865375,-5.998288769467147,-5.8496940340865375,0.0,0.0,0.0,0.0,0.0,0.0,3.3555955023643955,3.3555955023643955,3.3555955023643955,3.3563751610408374,3.3563751610408374,4.08483796200693,4.08483796200693
335.0,0.335,0.001,0.499,86.16808260678445,0.2704207990807354,1.503916751618847,0.004719733309832888,5.707508557723968,0.17979121769193446,5.707508557723968,0.17979121769193446,5.707508557723968,0.17979121769193446,-1.3119607368644515,1.2632924415647775,-5.974399839330679,-5.949630379925049,-5.974399839330679,-5.949630379925049,0.0,0.0,0.0,0.0,0.0,0.0,3.3563701481453094,3.3563701481453094,3.3563701481453094,3.3570920980084304,3.3570920980084304,4.105431672852498,4.105431672852498
336.0,0.336,0.001,0.499,86.49510978256805,0.2808428473368891,1.509624452579769,0.004901632366704503,5.707700960922041,0.18189905687161537,5.707700960922041,0.18189905687161537,5.707700960922041,0.18189905687161537,-1.3179107061620683,1.2572423889968558,-5.949969297616909,-6.050052567921639,-5.949969297616909,-6.050052567921639,0.0,0.0,0.0,0.0,0.0,0.0,3.3570870651772253,3.3570870651772253,3.3570870651772258,3.3577510347410024,3.3577510347410024,4.126036818781693,4.126036818781693
337.0,0.337,0.001,0.499,86.82213613943017,0.2913992503223208,1.515332139247815,0.005085876355967645,5.707686668045875,0.18424398926314137,5.707686668045875,0.18424398926314137,5.707686668045875,0.18424398926314137,-1.3238357039437525,1.251091431927972,-5.924997781684185,-6.1509570688837165,-5.924997781684185,-6.1509570688837165,0.0,0.0,0.0,0.0,0.0,0.0,3.357745981304649,3.357745981304649,3.357745981304649,3.3583516962702786,3.3583516962702786,4.146649461341928,4.146649461341928
338.0,0.338,0.001,0.499,87.14914986329941,0.30210346759258516,1.5210396054285409,0.005272700191182598,5.707466180726003,0.18682383521495366,5.707466180726003,0.18682383521495366,5.707466180726003,0.18682383521495366,-1.3297351900617658,1.2448390916756964,-5.899486118013356,-6.252340252275719,-5.899486118013356,-6.252340252275719,0.0,0.0,0.0,0.0,0.0,0.0,3.358346621487373,3.358346621487373,3.358346621487373,3.3588938048780985,3.358893804878098,4.167265588433499,4.167265588433499
339.0,0.339,0.001,0.499,87.47613917029008,0.3129688300531383,1.5267466454543426,0.005462336540541843,5.70704002580158,0.18963634935924503,5.70704002580158,0.18963634935924503,5.70704002580158,0.18963634935924503,-1.3356086253885753,1.2384848932956058,-5.873435326809485,-6.3541983800904465,-5.873435326809485,-6.3541983800904465,0.0,0.0,0.0,0.0,0.0,0.0,3.358888707934619,3.358888707934619,3.358888707934619,3.3593770802341245,3.3593770802341245,4.187881115589423,4.187881115589423
340.0,0.34,0.001,0.499,87.80309230813079,0.3240085362608711,1.5324530542093897,0.005655015762319638,5.706408755047084,0.1926792217777956,5.706408755047084,0.1926792217777956,5.706408755047084,0.1926792217777956,-1.3414554720152692,1.2320283656953543,-5.846846626693856,-6.4565276002515,-5.846846626693856,-6.4565276002515,0.0,0.0,0.0,0.0,0.0,0.0,3.3593719602420418,3.3593719602420418,3.359371960242042,3.3598012395378176,3.359801239537818,4.208491887313453,4.208491887313453
341.0,0.341,0.001,0.499,88.12999755757687,0.33523564879488205,1.5381586271542773,0.005850965841530053,5.7055729448875345,0.19595007921041413,5.7055729448875345,0.19595007921041413,5.7055729448875345,0.19595007921041413,-1.3472751934547609,1.225469041755834,-5.819721439491612,-6.55932393952029,-5.819721439491612,-6.55932393952029,0.0,0.0,0.0,0.0,0.0,0.0,3.359796095533126,3.359796095533126,3.359796095533126,3.360165997664531,3.3601659976645304,4.229093678475884,4.229093678475884
342.0,0.342,0.001,0.499,88.45684323380583,0.3466630906988671,1.5438631603503798,0.006050412327834961,5.704533196102451,0.19944648630490822,5.704533196102451,0.19944648630490822,5.704533196102451,0.19944648630490822,-1.3530672548498817,1.218806458459954,-5.792061395120688,-6.6625832958800935,-5.792061395120688,-6.6625832958800935,0.0,0.0,0.0,0.0,0.0,0.0,3.360160828605675,3.360160828605675,3.360160828605675,3.3604710673156006,3.3604710673156006,4.2496821957668445,4.2496821957668445
343.0,0.343,0.001,0.499,88.78361768779506,0.3583036419974439,1.5495664504838986,0.0062535782747424285,5.703290133518796,0.20316594690746764,5.703290133518796,0.20316594690746764,5.703290133518796,0.20316594690746764,-1.3588311231864698,1.2120401570295856,-5.763868336588072,-6.766301430368591,-5.763868336588072,-6.766301430368591,0.0,0.0,0.0,0.0,0.0,0.0,3.3604658720816385,3.3604658720816385,3.3604658720816385,3.360716159172314,3.3607161591723145,4.270253079206821,4.270253079206821
344.0,0.34400000000000003,0.001,0.499,89.11030930768155,0.3701699362886589,1.5552682948895917,0.0064606841801347365,5.701844405693131,0.2071059053923082,5.701844405693131,0.2071059053923082,5.701844405693131,0.2071059053923082,-1.3645662675115695,1.2051696830712564,-5.735144325099774,-6.870473958329249,-5.735144325099774,-6.870473958329249,0.0,0.0,0.0,0.0,0.0,0.0,3.360710936561374,3.360710936561374,3.360710936561374,3.3609009820535705,3.3609009820535705,4.290801903714167,4.290801903714167
345.0,0.34500000000000003,0.001,0.499,89.43690652010264,0.3822744574148582,1.560968491574175,0.006671947928164126,5.700196684583242,0.21126374802939005,5.700196684583242,0.21126374802939005,5.700196684583242,0.21126374802939005,-1.3702721591568607,1.1981945867312054,-5.70589164529123,-6.975096340050919,-5.70589164529123,-6.975096340050919,0.0,0.0,0.0,0.0,0.0,0.0,3.3608957307803897,3.3608957307803897,3.3608957307803897,3.361025243077147,3.361025243077147,4.3113241807295095,4.3113241807295095
346.0,0.34600000000000003,0.001,0.499,89.76339779151736,0.39462953621403535,1.5666668392393845,0.006887584732553115,5.69834766520949,0.21563680438898816,5.69834766520949,0.21563680438898816,5.69834766520949,0.21563680438898816,-1.375948271967446,1.1911144228604413,-5.67611281058523,-7.08016387076394,-5.67611281058523,-7.08016387076394,0.0,0.0,0.0,0.0,0.0,0.0,3.3610199617706527,3.3610199617706527,3.3610199617706527,3.361088647824367,3.3610886478243667,4.331815359896952,4.331815359896952
347.0,0.34700000000000003,0.001,0.499,90.08977162950795,0.4072473473536941,1.5723631373046907,0.0071078070813349785,5.6962980653061495,0.22022234878186317,5.6962980653061495,0.22022234878186317,5.6962980653061495,0.22022234878186317,-1.3815940825361308,1.1839287511904812,-5.645810568684826,-7.185671669960071,-5.645810568684826,-7.185671669960071,0.0,0.0,0.0,0.0,0.0,0.0,3.3610833350259073,3.3610833350259073,3.3610833350259077,3.3610909005080707,3.3610909005080707,4.352270830802155,4.352270830802155
348.0,0.34800000000000003,0.001,0.499,90.4160165840606,0.4201399062491936,1.5780571859296537,0.007332824683068728,5.694048624963006,0.22501760173375007,5.694048624963006,0.22501760173375007,5.694048624963006,0.22501760173375007,-1.3872090704433397,1.1766371365204786,-5.614987907208982,-7.291614670002524,-5.614987907208982,-7.291614670002524,0.0,0.0,0.0,0.0,0.0,0.0,3.3610855546689673,3.3610855546689673,3.361085554668967,3.3610317041436875,3.3610317041436875,4.372685924767406,4.372685924767406
349.0,0.34900000000000003,0.001,0.499,90.74212124882536,0.43331906606846654,1.5837487860359112,0.007562844414561581,5.691600106257495,0.230019731492853,5.691600106257495,0.230019731492853,5.691600106257495,0.230019731492853,-1.3927927185028188,1.1692391489164873,-5.583648059479107,-7.397987603991436,-5.583648059479107,-7.397987603991436,0.0,0.0,0.0,0.0,0.0,0.0,3.36102632362245,3.36102632362245,3.36102632362245,3.3609107607232884,3.3609107607232884,4.393055916703959,4.393055916703959
350.0,0.35000000000000003,0.001,0.499,91.0680742623543,0.44679651482492466,1.5894377393287888,0.007798070270130591,5.688953292877663,0.2352258555690097,5.688953292877663,0.2352258555690097,5.688953292877663,0.2352258555690097,-1.3983445130132837,1.1617343639236382,-5.551794510464916,-7.504784992849179,-5.551794510464916,-7.504784992849179,0.0,0.0,0.0,0.0,0.0,0.0,3.3609053437833105,3.3609053437833105,3.3609053437833105,3.360727771392434,3.360727771392434,4.413376027022033,4.413376027022033
351.0,0.35100000000000003,0.001,0.499,91.39386430931758,0.4605837725602889,1.595123848318525,0.008038703312433754,5.686108989736253,0.24063304230316165,5.686108989736253,0.24063304230316165,5.686108989736253,0.24063304230316165,-1.403863944016182,1.1541223627920492,-5.519431002898358,-7.612001131589004,-5.519431002898358,-7.612001131589004,0.0,0.0,0.0,0.0,0.0,0.0,3.360722316199876,3.360722316199876,3.360722316199876,3.3604824366296713,3.3604824366296713,4.433641423599007,4.433641423599007
352.0,0.352,0.001,0.499,91.71948012169695,0.4746921886189997,1.6008069163411012,0.008284941624899499,5.683068022576188,0.24623831246574612,5.683068022576188,0.24623831246574612,5.683068022576188,0.24623831246574612,-1.4093505055597466,1.1464027327173194,-5.486561543564672,-7.719630074729728,-5.486561543564672,-7.719630074729728,0.0,0.0,0.0,0.0,0.0,0.0,3.3604769412496176,3.3604769412496176,3.3604769412496176,3.3601744564285037,3.3601744564285037,4.453847223806504,4.453847223806504
353.0,0.353,0.001,0.499,92.04491047995616,0.48913293901578625,1.606486747578669,0.008536980265782102,5.679831237567787,0.2520386408826028,5.679831237567787,0.2520386408826028,5.679831237567787,0.2520386408826028,-1.4148036959695265,1.1385750670965011,-5.45319040977985,-7.827665620818376,-5.45319040977985,-7.827665620818376,0.0,0.0,0.0,0.0,0.0,0.0,3.360168918823892,3.360168918823892,3.360168918823892,3.3598035304816762,3.3598035304816762,4.473988496597225,4.473988496597225
354.0,0.354,0.001,0.499,92.37014421418777,0.5039170238978866,1.612163147079567,0.008795011223869071,5.676399500897998,0.25803095808696924,5.676399500897998,0.25803095808696924,5.676399500897998,0.25803095808696924,-1.4202230181255906,1.130638965800479,-5.419322156064047,-7.936101296022068,-5.419322156064047,-7.936101296022068,0.0,0.0,0.0,0.0,0.0,0.0,3.3597979485094935,3.3597979485094935,3.3597979485094935,3.359369358367584,3.359369358367584,4.494060264652579,4.494060264652579
355.0,0.355,0.001,0.499,92.69517020523617,0.5190552651033334,1.617835920777919,0.009059223375865193,5.672773698351969,0.26421215199612175,5.672773698351969,0.26421215199612175,5.672773698351969,0.26421215199612175,-1.4256079797466112,1.1225940354637292,-5.384961621020647,-8.044930336749848,-5.384961621020647,-8.044930336749848,0.0,0.0,0.0,0.0,0.0,0.0,3.3593637297768155,3.3593637297768155,3.3593637297768155,3.358871639738683,3.358871639738683,4.51405750659235,4.51405750659235
356.0,0.356,0.001,0.499,93.01997738579591,0.5345583038166318,1.6235048755128063,0.009329802445476395,5.668954734887282,0.27057906961120237,5.668954734887282,0.27057906961120237,5.668954734887282,0.27057906961120237,-1.430958093681042,1.1144398897924643,-5.350113934430853,-8.154145671264745,-5.350113934430853,-8.154145671264745,0.0,0.0,0.0,0.0,0.0,0.0,3.3588659621670933,3.3588659621670933,3.3588659621670933,3.3583100745116576,3.3583100745116576,4.533975159247838,4.533975159247838
357.0,0.357,0.001,0.499,93.34455474148557,0.5504365983230749,1.6291698190470074,0.009606930964215155,5.664943534201152,0.2771285187387597,5.664943534201152,0.2771285187387597,5.664943534201152,0.2771285187387597,-1.4362728782056158,1.1061761498922182,-5.314784524573755,-8.263739900246021,-5.314784524573755,-8.263739900246021,0.0,0.0,0.0,0.0,0.0,0.0,3.3583043454837767,3.3583043454837767,3.358304345483777,3.3576843630592452,3.3576843630592452,4.5538081200001574,4.5538081200001574
358.0,0.358,0.001,0.499,93.66889131189613,0.5667004218628547,1.6348305600852984,0.009890788233947673,5.660741038290945,0.28385726973251735,5.660741038290945,0.28385726973251735,5.660741038290945,0.28385726973251735,-1.4415518573313977,1.0978024446159567,-5.278979125781863,-8.373705276261472,-5.278979125781863,-8.373705276261472,0.0,0.0,0.0,0.0,0.0,0.0,3.357678579983049,3.357678579983049,3.357678579983049,3.356994206403481,3.3569942064034812,4.573551249185566,4.573551249185566
359.0,0.359,0.001,0.499,93.9929761916141,0.583359860586043,1.6404869082923066,0.010181550291201548,5.656348207008322,0.29076205725387577,5.656348207008322,0.29076205725387577,5.656348207008322,0.29076205725387577,-1.4467945611176398,1.089318410933847,-5.242703786242069,-8.48403368210967,-5.242703786242069,-8.48403368210967,0.0,0.0,0.0,0.0,0.0,0.0,3.3569883665684106,3.3569883665684106,3.3569883665684106,3.3562393064102434,3.356239306410244,4.593199372569979,4.593199372569979
360.0,0.36,0.001,0.499,94.31679853121847,0.600424811609428,1.646138674309914,0.01047938987325119,5.651766017607345,0.29783958204964267,5.651766017607345,0.29783958204964267,5.651766017607345,0.29783958204964267,-1.4520005259936917,1.0807236943258547,-5.20596487605188,-8.59471660799232,-5.20596487605188,-8.59471660799232,0.0,0.0,0.0,0.0,0.0,0.0,3.3562334069838546,3.3562334069838546,3.3562334069838546,3.355419365984874,3.355419365984874,4.61274728389505,4.61274728389505
361.0,0.361,0.001,0.499,94.64034753825162,0.6179049811761083,1.6517856697742008,0.010784476385996673,5.646995464286895,0.3050865127454823,5.646995464286895,0.3050865127454823,5.646995464286895,0.3050865127454823,-1.4571692950892323,1.0720179491983772,-5.168769095540548,-8.705745127477424,-5.168769095540548,-8.705745127477424,0.0,0.0,0.0,0.0,0.0,0.0,3.355413404011494,3.355413404011494,3.355413404011494,3.3545340892687205,3.3545340892687205,4.632189747498475,4.632189747498475
362.0,0.362,0.001,0.499,94.96361247816371,0.6358098829186583,1.6574277073319286,0.011096975873650241,5.642037557727718,0.3124994876535677,5.642037557727718,0.3124994876535677,5.642037557727718,0.3124994876535677,-1.4623004185730968,1.0632008393261625,-5.1311234838644735,-8.817109872214733,-5.1311234838644735,-8.817109872214733,0.0,0.0,0.0,0.0,0.0,0.0,3.354528061665764,3.354528061665764,3.3545280616657642,3.3535831818364374,3.3535831818364374,4.651521501011398,4.651521501011398
363.0,0.363,0.001,0.499,95.28658267523016,0.6541488362265901,1.663064600656553,0.011417050990243158,5.636893324624462,0.32007511659291765,5.636893324624462,0.32007511659291765,5.636893324624462,0.32007511659291765,-1.4673934540009825,1.0542720383207964,-5.09303542788577,-8.928801005366061,-5.09303542788577,-8.928801005366061,0.0,0.0,0.0,0.0,0.0,0.0,3.3535770853928013,3.3535770853928013,3.3535770853928013,3.352566350893833,3.352566350893833,4.670737258136162,4.670737258136162
364.0,0.364,0.001,0.499,95.6092475134421,0.672930964718754,1.6686961644637661,0.011744860972964056,5.6315638072130225,0.3278099827208979,5.6315638072130225,0.3278099827208979,5.6315638072130225,0.3278099827208979,-1.472447966672325,1.0452312301270819,-5.054512671342406,-9.04080819371454,-5.054512671342406,-9.04080819371454,0.0,0.0,0.0,0.0,0.0,0.0,3.352560182266772,3.352560182266772,3.352560182266772,3.3514833054761226,3.3514833054761226,4.689831711507802,4.689831711507802
365.0,0.365,0.001,0.499,95.93159643736949,0.6921651948212275,1.6743222145265597,0.012080561617338424,5.626050062793567,0.33570064437436703,5.626050062793567,0.33570064437436703,5.626050062793567,0.33570064437436703,-1.4774635299966425,1.0360781095486633,-5.015563324317622,-9.15312057841865,-5.015563324317622,-9.15312057841865,0.0,0.0,0.0,0.0,0.0,0.0,3.351477061190396,3.351477061190396,3.351477061190396,3.3503337566463816,3.3503337566463816,4.708799535643053,4.708799535643053
366.0,0.366,0.001,0.499,96.25361895299669,0.7118602544511606,1.6799425676898092,0.012424305254257372,5.6203531632495585,0.3437436369189492,5.6203531632495585,0.3437436369189492,5.6203531632495585,0.3437436369189492,-1.482439725869658,1.026812382804284,-4.976195873015512,-9.26572674437925,-4.976195873015512,-9.26572674437925,0.0,0.0,0.0,0.0,0.0,0.0,3.3503274330908415,3.3503274330908415,3.3503274330908415,3.3491174176940546,3.3491174176940546,4.727635389980856,4.727635389980856
367.0,0.367,0.001,0.499,96.57530462853026,0.7320246718069561,1.6855570418843724,0.012776240728862291,5.614474194563139,0.3519354746049189,5.614474194563139,0.3519354746049189,5.614474194563139,0.3519354746049189,-1.4873761450595067,1.0174337681160937,-4.936419189848623,-9.378614688190526,-4.936419189848623,-9.378614688190526,0.0,0.0,0.0,0.0,0.0,0.0,3.349111011120157,3.349111011120157,3.3491110111201565,3.347834004333306,3.347834004333306,4.746333922018636,4.746333922018636
368.0,0.368,0.001,0.499,96.89664309517882,0.7526667742650749,1.6911654561406997,0.01313651338129048,5.608414256327215,0.3602726524281896,5.608414256327215,0.3602726524281896,5.608414256327215,0.3602726524281896,-1.492272387603349,1.0079419963314447,-4.896242543842271,-9.491771784649089,-4.896242543842271,-9.491771784649089,0.0,0.0,0.0,0.0,0.0,0.0,3.347827510853186,3.347827510853186,3.347827510853186,3.346483234901083,3.346483234901083,4.764889770548881,4.764889770548881
369.0,0.369,0.001,0.499,97.21762404790469,0.7737946873836765,1.6967676306019543,0.013505265029285382,5.602174461254585,0.3687516479949021,5.602174461254585,0.3687516479949021,5.602174461254585,0.3687516479949021,-1.497128063214708,0.9983368115796453,-4.855675611358845,-9.605184751799404,-4.855675611358845,-9.605184751799404,0.0,0.0,0.0,0.0,0.0,0.0,3.3464766504858567,3.3464766504858567,3.3464766504858567,3.3450648305546764,3.345064830554677,4.7832975690007835,4.7832975690007835
370.0,0.37,0.001,0.499,97.53823724614739,0.7954163340132115,1.7023633865366388,0.013882633952673503,5.59575593468447,0.3773689233881202,5.59575593468447,0.3773689233881202,5.59575593468447,0.3773689233881202,-1.5019427917018517,0.9886179719651471,-4.814728487143756,-9.718839614498188,-4.814728487143756,-9.718839614498188,0.0,0.0,0.0,0.0,0.0,0.0,3.3450581510324775,3.3450581510324775,3.3450581510324775,3.34357851546865,3.34357851546865,4.801551948891932,4.801551948891932
371.0,0.371,0.001,0.499,97.85847251451868,0.8175394335140044,1.7079525463507255,0.014268754879708651,5.5891598140867735,0.3861209270351484,5.5891598140867735,0.3861209270351484,5.5891598140867735,0.3861209270351484,-1.5067162033975445,0.9787852502986614,-4.773411695692813,-9.832721666485751,-4.773411695692813,-9.832721666485751,0.0,0.0,0.0,0.0,0.0,0.0,3.343571736523557,3.343571736523557,3.343571736523557,3.3420240170309268,3.342024017030927,4.81964754339526,4.81964754339526
372.0,0.372,0.001,0.499,98.17831974346907,0.8401715010807767,1.71353493359929,0.014663758975282649,5.582387248564436,0.39500409557399774,5.582387248564436,0.39500409557399774,5.582387248564436,0.39500409557399774,-1.5114479396004832,0.9688384348677032,-4.731736202938661,-9.946815430958246,-4.731736202938661,-9.946815430958246,0.0,0.0,0.0,0.0,0.0,0.0,3.342017134201517,3.342017134201517,3.342017134201517,3.3404010660379,3.3404010660379004,4.837578991026581,4.837578991026581
373.0,0.373,0.001,0.499,98.49776888992574,0.8633198471739787,1.7191103729976442,0.01506777383100019,5.575439398354213,0.4040148557175417,5.575439398354213,0.4040148557175417,5.575439398354213,0.4040148557175417,-1.5161376530287347,0.9587773302480614,-4.689713428251507,-10.06110461964168,-4.689713428251507,-10.06110461964168,0.0,0.0,0.0,0.0,0.0,0.0,3.340394074715936,3.340394074715936,3.340394074715936,3.338709396888383,3.338709396888383,4.8553409394582365,4.8553409394582365
374.0,0.374,0.001,0.499,98.81680997790174,0.8869915770577138,1.7246786904319704,0.015480923457114102,5.5683174343262225,0.4131496261139126,5.5683174343262225,0.4131496261139126,5.5683174343262225,0.4131496261139126,-1.5207850082854812,0.9486017581576851,-4.64735525674658,-10.175572090376354,-4.64735525674658,-10.175572090376354,0.0,0.0,0.0,0.0,0.0,0.0,3.3387022923175955,3.3387022923175955,3.338702292317596,3.3369487477762414,3.336948747776241,4.8729280494644,4.8729280494644
375.0,0.375,0.001,0.499,99.13543309907664,0.9111935904439583,1.7302397129694531,0.015903328276315812,5.561022537482616,0.42240481920171036,5.561022537482616,0.42240481920171036,5.561022537482616,0.42240481920171036,-1.525389682337369,0.9383115583544559,-4.604674051887721,-10.290199803229168,-4.604674051887721,-10.290199803229168,0.0,0.0,0.0,0.0,0.0,0.0,3.3369415250522945,3.3369415250522945,3.3369415250522945,3.335118860881544,3.335118860881544,4.890334999003682,4.890334999003682
376.0,0.376,0.001,0.499,99.45362841334813,0.9359325812426991,1.7357932688679087,0.01633510511937442,5.553555898455692,0.4317768430586076,5.553555898455692,0.4317768430586076,5.553555898455692,0.4317768430586076,-1.529951365005742,0.9279065895792948,-4.561682668373056,-10.404968775161096,-4.561682668373056,-10.404968775161096,0.0,0.0,0.0,0.0,0.0,0.0,3.33511151495,3.33511151495,3.33511151495,3.3332194825600707,3.3332194825600707,4.907556487444616,4.907556487444616
377.0,0.377,0.001,0.499,99.77138614935515,0.961215037417529,1.7413391875849145,0.016776367222616374,5.545918717005806,0.4412621032419551,5.545918717005806,0.4412621032419551,5.545918717005806,0.4412621032419551,-1.5344697594710268,0.9173867305460067,-4.518394465284843,-10.51985903328815,-4.518394465284843,-10.51985903328815,0.0,0.0,0.0,0.0,0.0,0.0,3.3332120082169117,3.3332120082169117,3.3332120082169117,3.331250363531042,3.331250363531042,4.924587239939499,4.924587239939499
378.0,0.378,0.001,0.499,100.08869660497213,0.9870472409461659,1.746877299786434,0.017227224227236385,5.538112201519403,0.4508570046200118,5.538112201519403,0.4508570046200118,5.538112201519403,0.4508570046200118,-1.5389445827905082,0.9067518809792203,-4.474823319481407,-10.634849566786343,-4.474823319481407,-10.634849566786343,0.0,0.0,0.0,0.0,0.0,0.0,3.33124275542266,3.33124275542266,3.33124275542266,3.329211259062864,3.329211259062864,4.941422011951959,4.941422011951959
379.0,0.379,0.001,0.499,100.40555014777435,1.0134352678852765,1.7524074373549414,0.017687782180428827,5.53013756850751,0.4605579531924412,5.53013756850751,0.4605579531924412,5.53013756850751,0.4605579531924412,-1.5433755664297124,0.8960019627017156,-4.430983639204352,-10.749918277504754,-4.430983639204352,-10.749918277504754,0.0,0.0,0.0,0.0,0.0,0.0,3.3292035116845247,3.3292035116845247,3.329203511684524,3.32710192915682,3.32710192915682,4.958055593943232,4.958055593943232
380.0,0.38,0.001,0.499,100.72193721547491,1.0403849885389167,1.7579294333970465,0.018158143538327565,5.5219960421050205,0.4703613578987387,5.5219960421050205,0.4703613578987387,5.5219960421050205,0.4703613578987387,-1.5477624568075816,0.88513692077235,-4.386890377869161,-10.865041929365612,-4.386890377869161,-10.865041929365612,0.0,0.0,0.0,0.0,0.0,0.0,3.327094036853927,3.327094036853927,3.327094036853927,3.324922138728466,3.324922138728466,4.974482816221896,4.974482816221896
381.0,0.381,0.001,0.499,101.03784831633287,1.0679020677298199,1.7634431222506177,0.018638407170740844,5.5136888535710815,0.4802636324132797,5.5136888535710815,0.4802636324132797,5.5136888535710815,0.4802636324132797,-1.5521050158555834,0.8741567246757032,-4.342559048001672,-10.980196096646758,-4.342559048001672,-10.980196096646758,0.0,0.0,0.0,0.0,0.0,0.0,3.324914095696557,3.324914095696557,3.324914095696557,3.3226716577866657,3.3226716577866657,4.990698553961212,4.990698553961212
382.0,0.382,0.001,0.499,101.35327402953286,1.0959919651726944,1.7689483394914087,0.01912866836766654,5.505217240790932,0.49026119692569703,5.505217240790932,0.49026119692569703,5.505217240790932,0.49026119692569703,-1.5564030215908602,0.8630613695644435,-4.298005735276834,-11.095355111259657,-4.298005735276834,-11.095355111259657,0.0,0.0,0.0,0.0,0.0,0.0,3.3226634580715877,3.3226634580715877,3.3226634580715877,3.320350261610079,3.3203502616100784,5.0066977323876785,5.0066977323876785
383.0,0.383,0.001,0.499,101.66820500553631,1.124659935948615,1.7744449219391882,0.019629018847571865,5.496582447779491,0.5003504799053246,5.496582447779491,0.5003504799053246,5.496582447779491,0.5003504799053246,-1.5606562687034697,0.8518508775552879,-4.253247112609551,-11.21049200915561,-4.253247112609551,-11.21049200915561,0.0,0.0,0.0,0.0,0.0,0.0,3.3203418991086395,3.3203418991086395,3.3203418991086395,3.3179577309209742,3.317957730920974,5.022475332143629,5.022475332143629
384.0,0.384,0.001,0.499,101.98263196640437,1.1539110310795253,1.7799327076633753,0.020139546767420333,5.487785724187018,0.510527919848468,5.487785724187018,0.510527919848468,5.487785724187018,0.510527919848468,-1.56486456915771,0.840525299079274,-4.208300454240266,-11.325578476013868,-4.208300454240266,-11.325578476013868,0.0,0.0,0.0,0.0,0.0,0.0,3.3179491993823116,3.3179491993823116,3.3179491993823116,3.315493852056228,3.3154938520562274,5.038026394825777,5.038026394825777
385.0,0.385,0.001,0.499,102.29654570609254,1.1837500982018003,1.7854115359881824,0.020660336734427624,5.47882832480716,0.5207899670072912,5.47882832480716,0.5207899670072912,5.47882832480716,0.5207899670072912,-1.5690277528074603,0.8290847142868858,-4.163183649750311,-11.440584792388153,-4.163183649750311,-11.440584792388153,0.0,0.0,0.0,0.0,0.0,0.0,3.31548514508233,3.31548514508233,3.31548514508233,3.312958417135397,3.312958417135397,5.053346028700575,5.053346028700575
386.0,0.386,0.001,0.499,102.6099370907174,1.2141817823377434,1.79088124749727,0.021191469819526756,5.469711509087695,0.5311330850991325,5.469711509087695,0.5311330850991325,5.469711509087695,0.5311330850991325,-1.5731456680253941,0.8175292345083733,-4.117915217933817,-11.555479778512472,-4.117915217933817,-11.555479778512472,0.0,0.0,0.0,0.0,0.0,0.0,3.3129495281824592,3.3129495281824592,3.312949528182459,3.310351224225713,3.310351224225713,5.068429414595953,5.068429414595953
387.0,0.387,0.001,0.499,102.92279705879533,1.2452105267638327,1.7963416840379143,0.02173302357252185,5.4604365406442605,0.5415537529950943,5.4604365406442605,0.5415537529950943,5.4604365406442605,0.5415537529950943,-1.5772181823458384,0.80585900376938,-4.072514320444249,-11.670230738993368,-4.072514320444249,-11.670230738993368,0.0,0.0,0.0,0.0,0.0,0.0,3.3103421466061653,3.3103421466061653,3.3103421466061653,3.3076720775038777,3.3076720775038773,5.083271811967585,5.083271811967585
388.0,0.388,0.001,0.499,103.2351166214537,1.2768405739744648,1.8017926887246916,0.02228507203890863,5.451004686777385,0.5520484663867797,5.451004686777385,0.5520484663867797,5.451004686777385,0.5520484663867797,-1.5812451831209628,0.7940742003617365,-4.027000775124386,-11.784803407643503,-4.027000775124386,-11.784803407643503,0.0,0.0,0.0,0.0,0.0,0.0,3.307662804387216,3.307662804387216,3.307662804387216,3.3049207874145528,3.3049207874145528,5.0978685651361415,5.0978685651361415
389.0,0.389,0.001,0.499,103.54688686261451,1.3090759667398812,1.8072341059426846,0.022847685778338706,5.4414172179931,0.5626137394300754,5.4414172179931,0.5626137394300754,5.4414172179931,0.5626137394300754,-1.5852265781898816,0.7821750384689954,-3.9813950689187596,-11.8991618927411,-3.9813950689187596,-11.8991618927411,0.0,0.0,0.0,0.0,0.0,0.0,3.304911311829893,3.304911311829893,3.3049113118298936,3.302097170825417,3.302097170825417,5.112215109690125,5.112215109690125
390.0,0.39,0.001,0.499,103.85809893915084,1.3419205492568984,1.812665781350212,0.023420931884703622,5.431675407527431,0.5732461063649164,5.431675407527431,0.5732461063649164,5.431675407527431,0.5732461063649164,-1.5891622965601389,0.7701617698459646,-3.9357183702573413,-12.013268623030807,-3.9357183702573413,-12.013268623030807,0.0,0.0,0.0,0.0,0.0,0.0,3.3020874856630864,3.3020874856630864,3.3020874856630864,3.299201051178678,3.299201051178678,5.126306979046772,5.126306979046772
391.0,0.391,0.001,0.499,104.16874408101617,1.3753779683910097,1.818087561881087,0.024004874007813613,5.421780530875041,0.5839421231099926,5.421780530875041,0.5839421231099926,5.421780530875041,0.5839421231099926,-1.5930522891009273,0.7580346855511504,-3.889992540788564,-12.127084294814233,-3.889992540788564,-12.127084294814233,0.0,0.0,0.0,0.0,0.0,0.0,3.2991911491935024,3.2991911491935024,3.2991911491935024,3.296232258638928,3.296232258638928,5.140139811161139,5.140139811161139
392.0,0.392,0.001,0.499,104.47881359134716,1.409451675008363,1.8234992957464093,0.02459957237664501,5.411733865322318,0.5946983688313955,5.411733865322318,0.5946983688313955,5.411733865322318,0.5946983688313955,-1.5968965292472561,0.7457941177306381,-3.844240146328682,-12.240567820512354,-3.844240146328682,-12.240567820512354,0.0,0.0,0.0,0.0,0.0,0.0,3.296222132451366,3.296222132451366,3.2962221324513656,3.2931906302372447,3.2931906302372447,5.153709355370923,5.153709355370923
393.0,0.393,0.001,0.499,104.78829884653973,1.4441449253960668,1.8289008324358944,0.02520508382412924,5.401536689485161,0.6055114474842288,5.401536689485161,0.6055114474842288,5.401536689485161,0.6055114474842288,-1.6006950137141391,0.7334404414515209,-3.798484466883065,-12.353676279117183,-3.798484466883065,-12.353676279117183,0.0,0.0,0.0,0.0,0.0,0.0,3.293180272336658,3.293180272336658,3.293180272336658,3.2900760100114375,3.2900760100114375,5.167011479361704,5.167011479361704
394.0,0.394,0.001,0.499,105.09719129629907,1.4794607827692203,1.8342920227187463,0.025821461813455484,5.391190282851745,0.616377989326245,5.391190282851745,0.616377989326245,5.391190282851745,0.616377989326245,-1.6044477632197225,0.7209740765825347,-3.7527495055833824,-12.46636486898624,-3.7527495055833824,-12.46636486898624,0.0,0.0,0.0,0.0,0.0,0.0,3.290065412759795,3.290065412759795,3.290065412759795,3.286888249142321,3.286888249142321,5.180042176234217,5.180042176234217
395.0,0.395,0.001,0.499,105.40548246366374,1.5154021188630153,1.8396727186440767,0.026448756465858085,5.380695925330518,0.6272946524026001,5.380695925330518,0.6272946524026001,5.380695925330518,0.6272946524026001,-1.6081548232160954,0.7083954897190645,-3.7070599963728506,-12.578586863470157,-3.7070599963728506,-12.578586863470157,0.0,0.0,0.0,0.0,0.0,0.0,3.286877404776245,3.286877404776245,3.286877404776245,3.2836272060859675,3.2836272060859675,5.192797571651916,5.192797571651916
396.0,0.396,0.001,0.499,105.71316394500415,1.5519716156082017,1.8450427735408803,0.02708701458985894,5.370054896803686,0.6382581240008525,5.370054896803686,0.6382581240008525,5.370054896803686,0.6382581240008525,-1.6118162646263552,0.6957051961491636,-3.6614414102598967,-12.690293569900929,-3.6614414102598967,-12.690293569900929,0.0,0.0,0.0,0.0,0.0,0.0,3.283616106720428,3.283616106720428,3.283616106720428,3.280292746701791,3.2802927467017904,5.2052739310435285,5.2052739310435285
397.0,0.397,0.001,0.499,106.02022740999578,1.5891717668881664,1.8504020420175666,0.027736279711934306,5.359268476686431,0.6492651220753674,5.359268476686431,0.6492651220753674,5.359268476686431,0.6492651220753674,-1.6154321845863042,0.6829037618566581,-3.6159199599489233,-12.80143429250543,-3.6159199599489233,-12.80143429250543,0.0,0.0,0.0,0.0,0.0,0.0,3.280281384333538,3.280281384333538,3.280281384333538,3.2768847443764373,3.2768847443764373,5.217467666831536,5.217467666831536
398.0,0.398,0.001,0.499,106.32666460156757,1.6270048803758252,1.8557503799610588,0.028396592108574627,5.3483379434921074,0.6603123966403202,5.3483379434921074,0.6603123966403202,5.3483379434921074,0.6603123966403202,-1.6190027071889497,0.6699918055568127,-3.570522602645437,-12.911956299845402,-3.570522602645437,-12.911956299845402,0.0,0.0,0.0,0.0,0.0,0.0,3.276873110888106,3.276873110888106,3.276873110888106,3.2734030801433542,3.2734030801433542,5.229375345653451,5.229375345653451
399.0,0.399,0.001,0.499,106.6324673358256,1.6654730794484842,1.8610876445354625,0.029067988839705156,5.337264574403651,0.6713967311305299,5.337264574403651,0.6713967311305299,5.337264574403651,0.6713967311305299,-1.6225279842297715,0.656970000759392,-3.5252770408218663,-13.021804797420627,-3.5252770408218663,-13.021804797420627,0.0,0.0,0.0,0.0,0.0,0.0,3.273391167306584,3.273391167306584,3.273391167306584,3.2698476427980023,3.2698476427980023,5.240993695538705,5.240993695538705
400.0,0.4,0.001,0.499,106.93762750195273,1.7045783051787868,1.866413694180314,0.02975050378343454,5.326049644851423,0.6825149437293854,5.326049644851423,0.6825149437293854,5.326049644851423,0.6825149437293854,-1.6260081959504917,0.6438390778532862,-3.4802117207201237,-13.130922906105889,-3.4802117207201237,-13.130922906105889,0.0,0.0,0.0,0.0,0.0,0.0,3.269835442277891,3.269835442277891,3.269835442277891,3.2662183290085993,3.2662183290085998,5.2523196129995835,5.2523196129995835
401.0,0.401,0.001,0.499,107.24213706208442,1.7443223183998189,1.8717283886084117,0.030444167672097705,5.314694428097717,0.6936638886631644,5.314694428097717,0.6936638886631644,5.314694428097717,0.6936638886631644,-1.6294435517788493,0.6305998262061624,-3.4353558283576016,-13.239251647123789,-3.4353558283576016,-13.239251647123789,0.0,0.0,0.0,0.0,0.0,0.0,3.26620583236812,3.26620583236812,3.26620583236812,3.262515043422368,3.262515043422368,5.2633501699903045,5.2633501699903045
402.0,0.402,0.001,0.499,107.54598805116103,1.784706701842409,1.8770315888032398,0.031149008129558786,5.303200194828134,0.7048404574610816,5.303200194828134,0.7048404574610816,5.303200194828134,0.7048404574610816,-1.6328342910616442,0.6172530962718785,-3.3907392827950806,-13.346729934283896,-3.3907392827950806,-13.346729934283896,0.0,0.0,0.0,0.0,0.0,0.0,3.2625022421260708,3.2625022421260708,3.2625022421260708,3.2587376987671934,3.2587376987671934,5.274082620683914,5.274082620683914
403.0,0.403,0.001,0.499,107.8491725767572,1.825732862342626,1.88232315701599,0.03186504970973922,5.291568212750051,0.7160415801804326,5.291568212750051,0.7160415801804326,5.291568212750051,0.7160415801804326,-1.6361806837880626,0.6037998016976354,-3.3463927264182702,-13.453294574243126,-3.3463927264182702,-13.453294574243126,0.0,0.0,0.0,0.0,0.0,0.0,3.258724584186452,3.258724584186452,3.258724584186452,3.254886215948659,3.254886215948659,5.2845144080122815,5.2845144080122815
404.0,0.404,0.001,0.499,108.15168281888862,1.867402033117437,1.8876029567621884,0.032592313936335465,5.279799746198354,0.7272642265962453,5.279799746198354,0.7272642265962453,5.279799746198354,0.7272642265962453,-1.6394830313000424,0.5902409214220735,-3.3023475119796655,-13.558880275561801,-3.3023475119796655,-13.558880275561801,0.0,0.0,0.0,0.0,0.0,0.0,3.2548727793657863,3.2548727793657863,3.2548727793657863,3.2509605241423802,3.2509605241423802,5.2946431699102,5.2946431699102
405.0,0.405,0.001,0.499,108.45351102979662,1.9097152761064609,1.892870852817937,0.03333081934369034,5.267896055748655,0.738505407354874,5.267896055748655,0.738505407354874,5.267896055748655,0.738505407354874,-1.6427416669861867,0.5765775017547299,-3.2586356861444457,-13.663419667343632,-3.2586356861444457,-13.663419667343632,0.0,0.0,0.0,0.0,0.0,0.0,3.250946756756024,3.250946756756024,3.250946756756024,3.246960560881612,3.246960560881612,5.304466745200514,5.304466745200514
406.0,0.406,0.001,0.499,108.75464953371113,1.952673484377725,1.8981267112157751,0.03408058151878136,5.255858397838161,0.7497621750910194,5.255858397838161,0.7497621750910194,5.255858397838161,0.7497621750910194,-1.6459569569554704,0.5628106584264752,-3.215289969283568,-13.766843328254689,-3.215289969283568,-13.766843328254689,0.0,0.0,0.0,0.0,0.0,0.0,3.2469464538110597,3.2469464538110597,3.2469464538110597,3.242886272140072,3.242886272140072,5.313983179053381,5.313983179053381
407.0,0.40700000000000003,0.001,0.499,109.05509072659223,1.9962773845952957,1.9033703992401696,0.03484161314428904,5.2436880243943795,0.7610316255076852,5.2436880243943795,0.7610316255076852,5.2436880243943795,0.7610316255076852,-1.6491293006867298,0.5489415785997597,-3.172343731259386,-13.86907982671545,-3.172343731259386,-13.86907982671545,0.0,0.0,0.0,0.0,0.0,0.0,3.242871816430764,3.242871816430764,3.2428718164307644,3.238737612409934,3.238737612409934,5.323190727949362,5.323190727949362
408.0,0.40800000000000003,0.001,0.499,109.35482707585092,2.04052753954664,1.9086017854226414,0.03561392404270766,5.231386182471831,0.7723108984186218,5.231386182471831,0.7723108984186218,5.231386182471831,0.7723108984186218,-1.6522591316496842,0.5349715228267098,-3.1298309629544114,-13.970055773049928,-3.1298309629544114,-13.970055773049928,0.0,0.0,0.0,0.0,0.0,0.0,3.238722799038695,3.238722799038695,3.238722799038695,3.2345145447749712,3.2345145447749712,5.332087864073166,5.332087864073166
409.0,0.40900000000000003,0.001,0.499,109.65385112004965,2.085424350727536,1.9138207395365383,0.036397521221460505,5.218954113896921,0.7835971787528406,5.218954113896921,0.7835971787528406,5.218954113896921,0.7835971787528406,-1.6553469178929867,0.5209018269423541,-3.087786243302568,-14.06969588435573,-3.087786243302568,-14.06969588435573,0.0,0.0,0.0,0.0,0.0,0.0,3.2344993646553184,3.2344993646553184,3.2344993646553184,3.2302170409788054,3.2302170409788054,5.340673279062531,5.340673279062531
410.0,0.41000000000000003,0.001,0.499,109.95215546858286,2.1309680609823505,1.9190271325914594,0.037192408918981325,5.206393054921139,0.794887697520823,5.206393054921139,0.794887697520823,5.206393054921139,0.794887697520823,-1.6583931625945816,0.5067339038795267,-3.0462447015948477,-14.167923062827429,-3.0462447015948477,-14.167923062827429,0.0,0.0,0.0,0.0,0.0,0.0,3.230201484965869,3.230201484965869,3.230201484965869,3.2258450814882376,3.2258450814882376,5.34894588703526,5.34894588703526
411.0,0.41100000000000003,0.001,0.499,110.24973280133815,2.177158757197456,1.9242208368273421,0.037998588651723404,5.193704235882718,0.8061797327420773,5.193704235882718,0.8061797327420773,5.193704235882718,0.8061797327420773,-1.6613984045694297,0.4924692453913046,-3.005241974847978,-14.264658488222082,-3.005241974847978,-14.264658488222082,0.0,0.0,0.0,0.0,0.0,0.0,3.225829140385035,3.225829140385035,3.225829140385035,3.2213986555516407,3.2213986555516407,5.35690482681681,5.35690482681681
412.0,0.41200000000000003,0.001,0.499,110.54657586833865,2.223996373045563,1.929401725708219,0.03881605926205714,5.180888880876908,0.8174706103337386,5.180888880876908,0.8174706103337386,5.180888880876908,0.8174706103337386,-1.6643632187294755,0.47810942366620596,-2.964814160045845,-14.359821725098659,-2.964814160045845,-14.359821725098659,0.0,0.0,0.0,0.0,0.0,0.0,3.2213823201145804,3.2213823201145804,3.2213823201145804,3.2168777612523933,3.2168777612523933,5.364549463291169,5.364549463291169
413.0,0.41300000000000003,0.001,0.499,110.84267748936688,2.2714806917787156,1.934569673915654,0.03964481696701708,5.167948207434971,0.828757704959938,5.167948207434971,0.828757704959938,5.167948207434971,0.828757704959938,-1.6672882164905647,0.46365609282081377,-2.924997761089306,-14.453330845392195,-2.924997761089306,-14.453330845392195,0.0,0.0,0.0,0.0,0.0,0.0,3.2168610221969183,3.2168610221969183,3.2168610221969187,3.212282405557326,3.212282405557326,5.371879387799389,5.371879387799389
414.0,0.41400000000000003,0.001,0.499,111.13803055357076,2.3196113490676953,1.939724557341866,0.04048485540785878,5.154883426212048,0.8400384408417035,5.154883426212048,0.8400384408417035,5.154883426212048,0.8400384408417035,-1.6701740461208856,0.44911099025401624,-2.8858296303208437,-14.545102566797507,-2.8858296303208437,-14.545102566797507,0.0,0.0,0.0,0.0,0.0,0.0,3.2122652535630127,3.2122652535630127,3.2122652535630127,3.2076126043602144,3.2076126043602144,5.378894417512929,5.378894417512929
415.0,0.41500000000000004,0.001,0.499,111.43262801905234,2.368387835885551,1.94486625308255,0.04133616570038597,5.141695740683983,0.8513102925271918,5.141695740683983,0.8513102925271918,5.141695740683983,0.8513102925271918,-1.673021393025412,0.43447593784668026,-2.8473469045264244,-14.63505240733598,-2.8473469045264244,-14.63505240733598,0.0,0.0,0.0,0.0,0.0,0.0,3.2075950300779126,3.2075950300779126,3.2075950300779126,3.2028683825202457,3.2028683825202457,5.385594593713277,5.385594593713277
416.0,0.41600000000000004,0.001,0.499,111.72646291243956,2.4178095014329797,1.9499946394294032,0.042198736486008054,5.128386346853235,0.8625707856220832,5.128386346853235,0.8625707856220832,5.128386346853235,0.8625707856220832,-1.6758309799607702,0.41975284299031845,-2.809586935358057,-14.723094856361834,-2.809586935358057,-14.723094856361834,0.0,0.0,0.0,0.0,0.0,0.0,3.202850376577158,3.202850376577158,3.202850376577158,3.1980497738955176,3.1980497738955176,5.391980178914988,5.391980178914988
417.0,0.417,0.001,0.499,112.01952832844168,2.4678755561032677,1.9551095958623672,0.04307255398348806,5.114956432963957,0.8738174974800056,5.114956432963957,0.8738174974800056,5.114956432963957,0.8738174974800056,-1.678603567174937,0.4049436994281871,-2.77258721416683,-14.809143562131387,-2.77258721416683,-14.809143562131387,0.0,0.0,0.0,0.0,0.0,0.0,3.1980313269007774,3.1980313269007774,3.198031326900777,3.193156821371543,3.193156821371543,5.398051652776707,5.398051652776707
418.0,0.418,0.001,0.499,112.3118174293891,2.5185850744844887,1.9602110030415936,0.04395760204134095,5.101407179226346,0.8850480578528908,5.101407179226346,0.8850480578528908,5.101407179226346,0.8850480578528908,-1.6813399524662247,0.39005058789227676,-2.7363852912875766,-14.89311153591035,-2.7363852912875766,-14.89311153591035,0.0,0.0,0.0,0.0,0.0,0.0,3.193137923924312,3.193137923924312,3.1931379239243114,3.188189576884758,3.1881895768847586,5.4038097067536786,5.4038097067536786
419.0,0.419,0.001,0.499,112.60332344475763,2.5699369983966713,1.965298742799144,0.04485386219084215,5.087739757550327,0.8962601495011978,5.087739757550327,0.8962601495011978,5.087739757550327,0.8962601495011978,-1.6840409711560973,0.375075676519846,-2.7010186898725417,-14.97491137243075,-2.7010186898725417,-14.97491137243075,0.0,0.0,0.0,0.0,0.0,0.0,3.188170219577012,3.188170219577012,3.188170219577012,3.183148101441085,3.183148101441085,5.4092552374559615,5.4092552374559615
420.0,0.42,0.001,0.499,112.89403967067838,2.6219301399616257,1.9703726981304326,0.04576131369960612,5.07395533128867,0.9074515087639708,5.07395533128867,0.9074515087639708,5.07395533128867,0.9074515087639708,-1.6867074959705295,0.3600212210335144,-2.6665248144321296,-15.054455486331616,-2.6665248144321296,-15.054455486331616,0.0,0.0,0.0,0.0,0.0,0.0,3.183128274867,3.183128274867,3.183128274867,3.178032465129501,3.1780324651295015,5.414389338688824,5.414389338688824
421.0,0.421,0.001,0.499,113.18395946943312,2.67456318470313,1.975432753185422,0.04667993362569486,5.060055054989574,0.9186199260887355,5.060055054989574,0.9186199260887355,5.060055054989574,0.9186199260887355,-1.689340436824835,0.34488956466948695,-2.6329408543055473,-15.131656364027492,-2.6329408543055473,-15.131656364027492,0.0,0.0,0.0,0.0,0.0,0.0,3.178012159888792,3.178012159888792,3.178012159888792,3.172842747130702,3.172842747130702,5.4192132921658605,5.4192132921658605
422.0,0.422,0.001,0.499,113.4730762689363,2.72783469467518,1.9804787932595809,0.047609696872216126,5.046040074158801,0.9297632465212678,5.046040074158801,0.9297632465212678,5.046040074158801,0.9297632465212678,-1.6919407405071873,0.32968313783923897,-2.600303682352259,-15.206426830247988,-2.600303682352259,-15.206426830247988,0.0,0.0,0.0,0.0,0.0,0.0,3.1728219538366536,3.1728219538366536,3.1728219538366536,3.1675790357208156,3.1675790357208156,5.423728556900693,5.423728556900693
423.0,0.423,0.001,0.499,113.76138356220383,2.7817431116160063,1.9855107047846123,0.04855057624237143,5.031911525031394,0.9408793701553014,5.031911525031394,0.9408793701553014,5.031911525031394,0.9408793701553014,-1.6945093902564132,0.31440445751095686,-2.568649749225885,-15.278680328282132,-2.568649749225885,-15.278680328282132,0.0,0.0,0.0,0.0,0.0,0.0,3.1675577450056527,3.1675577450056527,3.1675577450056527,3.162241428270253,3.162241428270253,5.4279367573001345,5.4279367573001345
424.0,0.424,0.001,0.499,114.04887490680942,2.8362867601255637,1.9905283753189653,0.049502542494913704,5.017670534353019,0.9519662525422753,5.017670534353019,0.9519662525422753,5.017670534353019,0.9519662525422753,-1.697047405230078,0.29905612629821077,-2.538014973664586,-15.34833121274607,-2.538014973664586,-15.34833121274607,0.0,0.0,0.0,0.0,0.0,0.0,3.1622196307910473,3.1622196307910473,3.1622196307910473,3.1568300312376723,3.1568300312376723,5.431839669999539,5.431839669999539
425.0,0.425,0.001,0.499,114.33554392432882,2.8914638508642216,1.9955316935381362,0.05046556439997495,5.003318219170964,0.96302190506125,5.003318219170964,0.96302190506125,5.003318219170964,0.96302190506125,-1.6995558398593829,0.28364083124473605,-2.5084346293049946,-15.415295053474706,-2.5084346293049946,-15.415295053474706,0.0,0.0,0.0,0.0,0.0,0.0,3.1568077176825007,3.1568077176825007,3.156807717682501,3.1513449601591335,3.1513449601591335,5.43543920950017,5.43543920950017
426.0,0.426,0.001,0.499,114.62138429977283,2.9472724837703708,2.000520549224771,0.05143960879522411,4.988855686634831,0.9740443952491543,4.988855686634831,0.9740443952491543,4.988855686634831,0.9740443952491543,-1.7020357830879822,0.2681613422958153,-2.4799432285992498,-15.479488948920764,-2.4799432285992498,-15.479488948920764,0.0,0.0,0.0,0.0,0.0,0.0,3.1513221212534015,3.1513221212534015,3.1513221212534015,3.145786339632443,3.1457863396324424,5.4387374126879555,5.4387374126879555
427.0,0.427,0.001,0.499,114.90638978100927,3.0037106512946927,2.005494833258578,0.05242464064231566,4.974284033806909,0.9850318470915556,4.974284033806909,0.9850318470915556,4.974284033806909,0.9850318470915556,-1.7044883574924674,0.2526205104485829,-2.452574404485283,-15.540831847232369,-2.452574404485283,-15.540831847232369,0.0,0.0,0.0,0.0,0.0,0.0,3.1457629661448134,3.1457629661448134,3.1457629661448134,3.140154303296759,3.140154303296759,5.441736422332854,5.441736422332854
428.0,0.428,0.001,0.499,115.19055417817474,3.0607762416488393,2.01045443760606,0.05342062308358984,4.959604347482264,0.9959824412741745,4.959604347482264,0.9959824412741745,4.959604347482264,0.9959824412741745,-1.7069147182829953,0.23702126557560613,-2.4263607905278985,-15.59924487297678,-2.4263607905278985,-15.59924487297678,0.0,0.0,0.0,0.0,0.0,0.0,3.1401303860448366,3.1401303860448366,3.1401303860448366,3.1344489938074913,3.1344489938074913,5.444438469687881,5.444438469687881
429.0,0.429,0.001,0.499,115.47387136307655,3.1184670420662877,2.0153992553100784,0.05442751749898523,4.944817704018524,1.0068944153953958,4.944817704018524,1.0068944153953958,4.944817704018524,1.0068944153953958,-1.7093160521833062,0.2213666139183184,-2.4013339003108243,-15.654651657287705,-2.4013339003108243,-15.654651657287705,0.0,0.0,0.0,0.0,0.0,0.0,3.134424523664117,3.134424523664117,3.134424523664117,3.1286705628065272,3.1286705628065272,5.446845856326108,5.446845856326108
430.0,0.43,0.001,0.499,115.75633526858562,3.176780742073154,2.0203291804792536,0.05544528356312529,4.9299251691753625,1.0177660641400557,4.9299251691753625,1.0177660641400557,4.9299251691753625,1.0177660641400557,-1.7116935761902226,0.20565963524927716,-2.377524006916388,-15.706978669041257,-2.377524006916388,-15.706978669041257,0.0,0.0,0.0,0.0,0.0,0.0,3.1286455307050445,3.1286455307050445,3.128645530705045,3.1228191708878597,3.12281917088786,5.448960935372158,5.448960935372158
431.0,0.431,0.001,0.499,116.03793988802046,3.235714936766761,2.0252441082772172,0.0564738793025401,4.914927797963658,1.0285957394148129,4.914927797963658,1.0285957394148129,4.914927797963658,1.0285957394148129,-1.7140485362136009,0.18990347970476168,-2.354960023378238,-15.756155544515483,-2.354960023378238,-15.756155544515483,0.0,0.0,0.0,0.0,0.0,0.0,3.1227935678290417,3.1227935678290417,3.122793567829042,3.116894987558659,3.1168949875586587,5.450786092301568,5.450786092301568
432.0,0.432,0.001,0.499,116.31867927452335,3.2952671300997824,2.0301439349117216,0.057513261152985544,4.899826634504308,1.039381850445441,4.899826634504308,1.039381850445441,4.899826634504308,1.039381850445441,-1.716382205598633,0.17410136429189665,-2.3336693850321826,-15.802115412865021,-2.3336693850321826,-15.802115412865021,0.0,0.0,0.0,0.0,0.0,0.0,3.1168688046146933,3.1168688046146933,3.1168688046146933,3.110898191195842,3.110898191195842,5.452323725496322,5.452323725496322
433.0,0.433,0.001,0.499,116.59854754042878,3.3554347381678,2.0350285576236185,0.05856338401682195,4.884622711896658,1.0501228638364042,4.884622711896658,1.0501228638364042,4.884622711896658,1.0501228638364042,-1.7186958835333526,0.15825656907724686,-2.313677934719385,-15.844795214649787,-2.313677934719385,-15.844795214649787,0.0,0.0,0.0,0.0,0.0,0.0,3.110871419517924,3.110871419517924,3.110871419517924,3.104828968998201,3.104828968998201,5.453576226757256,5.453576226757256
434.0,0.434,0.001,0.499,116.877538856625,3.4162150924981325,2.039897874675715,0.05962420132041505,4.869317052096521,1.060817303593104,4.869317052096521,1.060817303593104,4.869317052096521,1.060817303593104,-1.720990893345166,0.14237243306664832,-2.295009811813613,-15.884136010598557,-2.295009811813613,-15.884136010598557,0.0,0.0,0.0,0.0,0.0,0.0,3.1048015998203553,3.1048015998203553,3.104801599820355,3.098687516934168,3.098687516934168,5.454545961983807,5.454545961983807
435.0,0.435,0.001,0.499,117.15564745190909,3.4776054433378314,2.0447517853415187,0.06069566507152226,4.853910665803719,1.0714637511072147,4.853910665803719,1.0714637511072147,4.853910665803719,1.0714637511072147,-1.7232685806912151,0.12645234978888034,-2.2776873460489426,-15.920083277767988,-2.2776873460489426,-15.920083277767988,0.0,0.0,0.0,0.0,0.0,0.0,3.0986595415796874,3.0986595415796874,3.0986595415796874,3.092474039685257,3.092474039685257,5.455235252238008,5.455235252238008
436.0,0.436,0.001,0.499,117.43286761233615,3.5396029629387384,2.0495901898938778,0.06177772591662781,4.838404552359103,1.0820608451055438,4.838404552359103,1.0820608451055438,4.838404552359103,1.0820608451055438,-1.7255303116483305,0.11049976259860267,-2.2617309571154554,-15.952587190277667,-2.2617309571154554,-15.952587190277667,0.0,0.0,0.0,0.0,0.0,0.0,3.0924454495725544,3.0924454495725544,3.0924454495725544,3.0861887505852725,3.0861887505852725,5.455646355412548,5.455646355412548
437.0,0.437,0.001,0.499,117.7091936805631,3.6022047488375533,2.0544129895935286,0.06287033319819069,4.822799699650999,1.0926072815628853,4.822799699650999,1.0926072815628853,4.822799699650999,1.0926072815628853,-1.7277774707092979,0.0945181597167388,-2.247159060967422,-15.981602881863864,-2.247159060967422,-15.981602881863864,0.0,0.0,0.0,0.0,0.0,0.0,3.086159537231207,3.086159537231207,3.0861595372312065,3.0798318715553505,3.0798318715553505,5.4557814487218455,5.4557814487218455
438.0,0.438,0.001,0.499,117.98462005518772,3.665407827128877,2.0592200866775596,0.06397343501177004,4.807097084030986,1.103101813579349,4.807097084030986,1.103101813579349,4.807097084030986,1.103101813579349,-1.7300114586930488,0.0785110690291389,-2.2339879837510157,-16.007090687599902,-2.2339879837510157,-16.007090687599902,0.0,0.0,0.0,0.0,0.0,0.0,3.0798020265823562,3.0798020265823562,3.079802026582356,3.073403633034898,3.073403633034898,5.455642612230282,5.455642612230282
439.0,0.439,0.001,0.499,118.2591411900833,3.7292091557292126,2.0640113843477987,0.06508697826299271,4.791297670238952,1.1135432512226793,4.791297670238952,1.1135432512226793,4.791297670238952,1.1135432512226793,-1.7322336905772555,0.06248205266685973,-2.222231884206716,-16.02901636227917,-2.222231884206716,-16.02901636227917,0.0,0.0,0.0,0.0,0.0,0.0,3.073373148175331,3.073373148175331,3.073373148175331,3.066904273908521,3.066904273908521,5.455231813622798,5.455231813622798
440.0,0.44,0.001,0.499,118.5327515937295,3.793605627629962,2.068786786759136,0.0662109087243288,4.775402411337325,1.1239304613360934,4.775402411337325,1.1239304613360934,4.775402411337325,1.1239304613360934,-1.734445593262591,0.046434701393712745,-2.2119026853356614,-16.047351273146987,-2.2119026853356614,-16.047351273146987,0.0,0.0,0.0,0.0,0.0,0.0,3.066873141009135,3.066873141009135,3.066873141009135,3.0603340414290088,3.060334041429009,5.454550894410222,5.454550894410222
441.0,0.441,0.001,0.499,118.80544582854026,3.8585940741374682,2.07354619900779,0.067345171091641,4.759412248654413,1.1342623673121952,4.759412248654413,1.1342623673121952,4.759412248654413,1.1342623673121952,-1.736648603278631,0.0303726288288152,-2.203010016039946,-16.062072564897544,-2.203010016039946,-16.062072564897544,0.0,0.0,0.0,0.0,0.0,0.0,3.0603022524555605,3.0603022524555605,3.0603022524555605,3.0536931911364644,3.0536931911364644,5.453601557744969,5.453601557744969
442.0,0.442,0.001,0.499,119.07721851018854,3.92417126809819,2.078289527119527,0.06848970904047454,4.7433281117367265,1.144537948833534,4.7433281117367265,1.144537948833534,4.7433281117367265,1.144537948833534,-1.7388441644419863,0.014299465533696137,-2.195561163355302,-16.073163295119063,-2.195561163355302,-16.073163295119063,0.0,0.0,0.0,0.0,0.0,0.0,3.0536607381800875,3.0536607381800875,3.0536607381800875,3.046981986773649,3.046981986773649,5.452385358002375,5.452385358002375
443.0,0.443,0.001,0.499,119.3480643069291,3.9903339271071365,2.083016678037837,0.06964446528205494,4.727150918310207,1.1547562415804073,4.727150918310207,1.1547562415804073,4.727150918310207,1.1547562415804073,-1.7410337254777783,-0.0017811470049738862,-2.1895610357920745,-16.08061253867002,-2.1895610357920745,-16.08061253867002,0.0,0.0,0.0,0.0,0.0,0.0,3.0469488620532,3.0469488620532,3.0469488620532,3.0402007001976585,3.0402007001976585,5.450903692259411,5.450903692259411
444.0,0.444,0.001,0.499,119.6179779389196,4.05707871669772,2.0877275596120874,0.07080938161896146,4.710881574250231,1.1649163369065147,4.710881574250231,1.1649163369065147,4.710881574250231,1.1649163369065147,-1.743218737615967,-0.017865562464770807,-2.185012138188578,-16.08441545979692,-2.185012138188578,-16.08441545979692,0.0,0.0,0.0,0.0,0.0,0.0,3.0401668960656303,3.0401668960656303,3.04016689606563,3.0333496112879783,3.0333496112879783,5.449157793776124,5.449157793776124
445.0,0.445,0.001,0.499,119.88695417754026,4.124402253511215,2.092422080585648,0.07198439900044455,4.694520973560285,1.1750173814830984,4.694520973560285,1.1750173814830984,4.694520973560285,1.1750173814830984,-1.7454006521743286,-0.03395013581592474,-2.1819145583616195,-16.08457335115393,-2.1819145583616195,-16.08457335115393,0.0,0.0,0.0,0.0,0.0,0.0,3.033315120232983,3.033315120232983,3.033315120232983,3.026429007851034,3.026429007851034,5.4471487275566215,5.4471487275566215
446.0,0.446,0.001,0.499,120.15498784471302,4.192301108444064,2.0971001505840072,0.07316945757735677,4.678069998359186,1.185058576912213,4.678069998359186,1.185058576912213,4.678069998359186,1.185058576912213,-1.747580918140043,-0.05003122945517538,-2.180265965714409,-16.08109363925064,-2.180265965714409,-16.08109363925064,0.0,0.0,0.0,0.0,0.0,0.0,3.026393822504307,3.026393822504307,3.026393822504307,3.01943918552133,3.01943918552133,5.444877388036208,5.444877388036208
447.0,0.447,0.001,0.499,120.39590212002571,4.331561304876073,2.10130489790327,0.07560000652206937,4.20474731926254,2.4305489447125983,4.20474731926254,2.4305489447125983,4.20474731926254,2.4305489447125983,-1.7497609797618774,-0.06610521931140438,-2.180061621834357,-16.073989856229005,-2.180061621834357,-16.073989856229005,0.0,0.0,0.0,0.0,0.0,0.0,3.019403298658619,3.019403298658619,3.019403298658619,3.0686728454963985,3.0686728454963985,5.442344498910119,5.442344498910119
448.0,0.448,0.001,0.499,120.61180314958027,4.536342252037547,2.1050730817274426,0.07917410829538964,3.7681838241727346,3.5741017733202614,3.7681838241727346,3.5741017733202614,3.7681838241727346,3.5741017733202614,-1.7519422741648623,-0.0821685008896525,-2.181294402984829,-16.06328157824812,-2.181294402984829,-16.06328157824812,0.0,0.0,0.0,0.0,0.0,0.0,3.068600931107225,3.068600931107225,3.0686009311072255,3.1127014932554493,3.1127014932554498,5.439550615087944,5.439550615087944
449.0,0.449,0.001,0.499,120.80464966546357,4.80120465855771,2.1084388883806056,0.08379682935392219,3.365806653163183,4.6227210585325516,3.365806653163183,4.6227210585325516,3.365806653163183,4.6227210585325516,-1.7541262289991304,-0.09821749522078005,-2.183954834268065,-16.048994331127545,-2.183954834268065,-16.048994331127545,0.0,0.0,0.0,0.0,0.0,0.0,3.112595500885503,3.112595500885503,3.1125955008855026,3.1518526910578006,3.1518526910578006,5.4364961267268885,5.4364961267268885
450.0,0.45,0.001,0.499,120.9762627711178,5.121085481880724,2.111434102113845,0.08937980293489904,2.9952137332392246,5.582973580976861,2.9952137332392246,5.582973580976861,2.9952137332392246,5.582973580976861,-1.7563142601342439,-0.11424865468504075,-2.1880311351135573,-16.031159464260707,-2.1880311351135573,-16.031159464260707,0.0,0.0,0.0,0.0,0.0,0.0,3.1517150191857426,3.1517150191857426,3.1517150191857426,3.186443938338196,3.186443938338196,5.433181265267192,5.433181265267192
451.0,0.451,0.001,0.499,121.12833510497833,5.4912739912927755,2.114088265040903,0.09584081127718937,2.654162927058183,6.461008342290331,2.654162927058183,6.461008342290331,2.654162927058183,6.461008342290331,-1.7585077694098732,-0.13025846867919263,-2.1935092756293475,-16.009813994151884,-2.1935092756293475,-16.009813994151884,0.0,0.0,0.0,0.0,0.0,0.0,3.1862773907331827,3.1862773907331827,3.1862773907331823,3.216779856473566,3.216779856473566,5.429606111365032,5.429606111365032
452.0,0.452,0.001,0.499,121.26243941530056,5.907389051779482,2.1164288267971423,0.10310338914981776,2.34056175623916,7.262577872628394,2.34056175623916,7.262577872628394,2.34056175623916,7.262577872628394,-1.7607081424531184,-0.1462434690984407,-2.200373043245073,-15.98500041924804,-2.200373043245073,-15.98500041924804,0.0,0.0,0.0,0.0,0.0,0.0,3.216587711523397,3.216587711523397,3.216587711523397,3.24315091155345,3.24315091155345,5.425770604592624,5.425770604592624
453.0,0.453,0.001,0.499,121.38003657965368,6.3653576745399425,2.118481284506113,0.11109644948781162,2.0524577089705938,7.993060337993861,2.0524577089705938,7.993060337993861,2.0524577089705938,7.993060337993861,-1.7629167465720952,-0.16220023560646493,-2.208604118976939,-15.956766508024243,-2.208604118976939,-15.956766508024243,0.0,0.0,0.0,0.0,0.0,0.0,3.2429369879156678,3.2429369879156678,3.2429369879156678,3.265832973398334,3.265832973398334,5.421674554752458,5.421674554752458
454.0,0.454,0.001,0.499,121.48248310228088,6.861394836933915,2.1202693136331767,0.11975393118383625,1.7880291270635709,8.657481696024622,1.7880291270635709,8.657481696024622,1.7880291270635709,8.657481696024622,-1.765134928734653,-0.1781254006689994,-2.2181821625576728,-15.925165062534477,-2.2181821625576728,-15.925165062534477,0.0,0.0,0.0,0.0,0.0,0.0,3.2656016458130606,3.2656016458130606,3.2656016458130606,3.285087315053344,3.285087315053344,5.417317654633223,5.417317654633223
455.0,0.455,0.001,0.499,121.57103812167215,7.391984545340875,2.1218148902907217,0.12901446857273433,1.545576657544872,9.26053738889808,1.545576657544872,9.26053738889808,1.545576657544872,9.26053738889808,-1.767364013640253,-0.19401565432885368,-2.229084905600234,-15.890253659854269,-2.229084905600234,-15.890253659854269,0.0,0.0,0.0,0.0,0.0,0.0,3.2848434711818086,3.2848434711818086,3.284843471181808,3.3011608361441067,3.3011608361441067,5.412699494019216,5.412699494019216
456.0,0.456,0.001,0.499,121.64686995945956,7.953862095310348,2.1231384055379503,0.1388210818127406,1.323515247228837,9.806613240006282,1.323515247228837,9.806613240006282,1.323515247228837,9.806613240006282,-1.7696053018921565,-0.20986774870286873,-2.2412882519034927,-15.852094374015044,-2.2412882519034927,-15.852094374015044,0.0,0.0,0.0,0.0,0.0,0.0,3.300909782922747,3.300909782922747,3.300909782922747,3.3142863964812865,3.3142863964812865,5.407819574753091,5.407819574753091
457.0,0.457,0.001,0.499,121.7110622402743,8.543997471751547,2.1242587721925323,0.1491208871641357,1.1203666545820967,10.299805351395108,1.1203666545820967,10.299805351395108,1.1203666545820967,10.299805351395108,-1.7718600682761183,-0.22567850218402963,-2.254766383961864,-15.81075348116089,-2.254766383961864,-15.81075348116089,0.0,0.0,0.0,0.0,0.0,0.0,3.3140337312504493,3.3140337312504493,3.3140337312504493,3.3246832039175014,3.3246832039175014,5.402677326643909,5.402677326643909
458.0,0.458,0.001,0.499,121.76461961060187,9.159579825664025,2.1251935246434583,0.15986482605708544,0.9347524509261581,10.743938892949712,0.9347524509261581,10.743938892949712,0.9347524509261581,10.743938892949712,-1.7741295601508276,-0.24144480333477522,-2.26949187470929,-15.766301150745596,-2.26949187470929,-15.766301150745596,0.0,0.0,0.0,0.0,0.0,0.0,3.3244346665281297,3.3244346665281297,3.3244346665281297,3.332557231374789,3.332557231374789,5.39727212400848,5.39727212400848
459.0,0.459,0.001,0.499,121.80847308301792,9.798002961473374,2.125958912125551,0.1710074117978655,0.7653874820927131,11.14258574078006,0.7653874820927131,11.14258574078006,0.7653874820927131,11.14258574078006,-1.7764149959543385,-0.2571636144604071,-2.285435803510838,-15.718811125631866,-2.285435803510838,-15.718811125631866,0.0,0.0,0.0,0.0,0.0,0.0,3.332318551611488,3.332318551611488,3.332318551611488,3.3381016534697365,3.3381016534697365,5.391603302633873,5.391603302633873
460.0,0.46,0.001,0.499,121.84348503053238,10.45685176922318,2.1265699858872136,0.18250649276593872,0.6110737616625136,11.499080968073217,0.6110737616625136,11.499080968073217,0.6110737616625136,11.499080968073217,-1.7787175638297508,-0.2728319748543638,-2.3025678754122487,-15.668360393956709,-2.3025678754122487,-15.668360393956709,0.0,0.0,0.0,0.0,0.0,0.0,3.337878405112956,3.337878405112956,3.337878405112956,3.3414973000506323,3.3414973000506323,5.3856701769525746,5.3856701769525746
461.0,0.461,0.001,0.499,121.87045385415388,11.133889537806178,2.1270406806547983,0.1943230309880675,0.47069476758484413,11.816538222128774,0.47069476758484413,11.816538222128774,0.47069476758484413,11.816538222128774,-1.781038420372419,-0.28844700370995296,-2.320856542668266,-15.615028855589209,-2.320856542668266,-15.615028855589209,0.0,0.0,0.0,0.0,0.0,0.0,3.341294769687726,3.341294769687726,3.341294769687726,3.3429131262520353,3.3429131262520353,5.3794720572286705,5.3794720572286705
462.0,0.462,0.001,0.499,121.8901183452336,11.827046088446863,2.1273838907698686,0.20642089502851424,0.3432101150702749,12.09786404044673,0.3432101150702749,12.09786404044673,0.3432101150702749,12.09786404044673,-1.7833786895000125,-0.3040059026958851,-2.340269127593645,-15.558898985932183,-2.340269127593645,-15.558898985932183,0.0,0.0,0.0,0.0,0.0,0.0,3.342736201985806,3.342736201985806,3.3427362019858053,3.3425066987110026,3.3425066987110026,5.373008266563518,5.373008266563518
463.0,0.463,0.001,0.499,121.90316176267196,12.534406671304879,2.12761154134988,0.21876666619821278,0.22765058001140295,12.345771169698537,0.22765058001140295,12.345771169698537,0.22765058001140295,12.345771169698537,-1.7857394614458277,-0.319505958195596,-2.3607719458152268,-15.5000554997109,-2.3607719458152268,-15.5000554997109,0.0,0.0,0.0,0.0,0.0,0.0,3.3423597814495203,3.3423597814495203,3.3423597814495203,3.3404246967013376,3.3404246967013376,5.3662781575418945,5.3662781575418945
464.0,0.464,0.001,0.499,121.91021564368351,13.254201572019653,2.1277346547985756,0.23132945715475128,0.12311344869576403,12.562790956538493,0.12311344869576403,12.562790956538493,0.12311344869576403,12.562790956538493,-1.7881217918748757,-0.3349445432128502,-2.3823304290480727,-15.438585017254207,-2.3823304290480727,-15.438585017254207,0.0,0.0,0.0,0.0,0.0,0.0,3.3403116347407873,3.3403116347407873,3.3403116347407873,3.336803425841917,3.336803425841917,5.359281128354531,5.359281128354531
465.0,0.465,0.001,0.499,121.91186336551671,13.984796379028715,2.127763412969722,0.24408074203503197,0.028758171146420687,12.751284880280677,0.028758171146420687,12.751284880280677,0.028758171146420687,12.751284880280677,-1.7905267011214479,-0.35031911894846046,-2.4049092465720063,-15.374575735610255,-2.4049092465720063,-15.374575735610255,0.0,0.0,0.0,0.0,0.0,0.0,3.336727472023571,3.336727472023571,3.3367274720235716,3.331769341076245,3.331769341076245,5.352016638249455,5.352016638249455
466.0,0.466,0.001,0.499,121.9086434743164,14.724682866409143,2.1277072152667205,0.2569941973308359,-0.056197703001311786,12.913455295803919,-0.056197703001311786,12.913455295803919,-0.056197703001311786,12.913455295803919,-1.7929551735460934,-0.3656272360551156,-2.4284724246454577,-15.308117106655118,-2.4284724246454577,-15.308117106655118,0.0,0.0,0.0,0.0,0.0,0.0,3.3317331307809175,3.3317331307809175,3.3317331307809175,3.3254395749490726,3.3254395749490726,5.344484222182453,5.344484222182453
467.0,0.467,0.001,0.499,121.90105279619684,15.472470450712972,2.127574732941075,0.2700455527824724,-0.13248232564527784,13.051355451636493,-0.13248232564527784,13.051355451636493,-0.13248232564527784,13.051355451636493,-1.795408157009253,-0.38086653557926814,-2.452983463159797,-15.239299524152514,-2.452983463159797,-15.239299524152514,0.0,0.0,0.0,0.0,0.0,0.0,3.3254451225685533,3.3254451225685533,3.3254451225685533,3.3179224668537532,3.3179224668537532,5.336683504555593,5.336683504555593
468.0,0.468,0.001,0.499,121.88954934455604,16.226878183734456,2.1273739598345993,0.2832124516262036,-0.20077310647590552,13.16689884373126,-0.20077310647590552,13.16689884373126,-0.20077310647590552,13.16689884373126,-1.7978865624581608,-0.3960347496007793,-2.478405448907823,-15.168214021511162,-2.478405448907823,-15.168214021511162,0.0,0.0,0.0,0.0,0.0,0.0,3.3179711780329186,3.3179711780329186,3.3179711780329186,3.309318088863967,3.3093180888639666,5.328614211951826,5.328614211951826
469.0,0.46900000000000003,0.001,0.499,121.874555036705,16.98672724633012,2.127112259793541,0.29647431958669046,-0.2617000410586918,13.261867960486823,-0.2617000410586918,13.261867960486823,-0.2617000410586918,13.261867960486823,-1.8003912636230741,-0.4111297015825466,-2.504701164913278,-15.094951981767329,-2.504701164913278,-15.094951981767329,0.0,0.0,0.0,0.0,0.0,0.0,3.309410785697499,3.309410785697499,3.309410785697499,3.2997187639415797,3.2997187639415797,5.320276184792704,5.320276184792704
470.0,0.47000000000000003,0.001,0.499,121.85645823200194,17.75093391130309,2.126796410967382,0.309812242056154,-0.31584882615860765,13.337922469463502,-0.31584882615860765,13.337922469463502,-0.31584882615860765,13.337922469463502,-1.802923096818417,-0.4261493064436448,-2.531833195342824,-15.019604861098207,-2.531833195342824,-15.019604861098207,0.0,0.0,0.0,0.0,0.0,0.0,3.299855720356382,3.299855720356382,3.299855720356382,3.2892095726681054,3.2892095726681054,5.311669387864889,5.311669387864889
471.0,0.47100000000000003,0.001,0.499,121.83561610286695,18.518502945966564,2.1264326471908506,0.3232088489473861,-0.3637637765313298,13.39660689123211,-0.3637637765313298,13.39660689123211,-0.3637637765313298,13.39660689123211,-1.8054828608440134,-0.4410915703705952,-2.559764025596523,-14.942263926950439,-2.559764025596523,-14.942263926950439,0.0,0.0,0.0,0.0,0.0,0.0,3.289390557390802,3.289390557390802,3.289390557390802,3.2778688451215454,3.277868845121546,5.302793919679044,5.302793919679044
472.0,0.47200000000000003,0.001,0.499,121.8123568492995,19.28852142733234,2.1260266966345425,0.3366482067484255,-0.4059505563081293,13.439357801039383,-0.4059505563081293,13.439357801039383,-0.4059505563081293,13.439357801039383,-1.80807131698126,-0.45595459038224634,-2.5884561372463626,-14.863020011651153,-2.5884561372463626,-14.863020011651153,0.0,0.0,0.0,0.0,0.0,0.0,3.278093169868573,3.278093169868573,3.2780931698685727,3.2657686350623676,3.2657686350623676,5.293650020641665,5.293650020641665
473.0,0.47300000000000003,0.001,0.499,121.78698176682782,20.06015294494916,2.1255838178974464,0.3501157173429996,-0.4428787370960763,13.467510594574149,-0.4428787370960763,13.467510594574149,-0.4428787370960763,13.467510594574149,-1.8106891890788237,-0.4707365536644054,-2.6178720975637195,-14.781963282159076,-2.6178720975637195,-14.781963282159076,0.0,0.0,0.0,0.0,0.0,0.0,3.2660352058676265,3.2660352058676265,3.2660352058676265,3.252975174159933,3.252975174159933,5.284238080036112,5.284238080036112
474.0,0.47400000000000003,0.001,0.499,121.75976717717629,20.83263216826581,2.125108833703448,0.36359802319312373,-0.47498419399822756,13.482305850124105,-0.47498419399822756,13.482305850124105,-0.47498419399822756,13.482305850124105,-1.8133371637222686,-0.48543573669081874,-2.6479746434449782,-14.699183026413339,-2.6479746434449782,-14.699183026413339,0.0,0.0,0.0,0.0,0.0,0.0,3.2532825440613276,3.2532825440613276,3.2532825440613276,3.2395493045518524,3.2395493045518524,5.2745586418235195,5.2745586418235195
475.0,0.47500000000000003,0.001,0.499,121.73096623034351,21.605259757039313,2.1246061623535244,0.37708291850896614,-0.5026713499238258,13.484895315842405,-0.5026713499238258,13.484895315842405,-0.5026713499238258,13.484895315842405,-1.8160158904818777,-0.5000505041473684,-2.6787267596090794,-14.614767456549632,-2.6787267596090794,-14.614767456549632,0.0,0.0,0.0,0.0,0.0,0.0,3.239895726147175,3.239895726147175,3.2398957261471755,3.2255468885594505,3.2255468885594505,5.264612409287069,5.264612409287069
476.0,0.47600000000000003,0.001,0.499,121.70081058623232,22.377397594773527,2.1240798470757243,0.39055926605665786,-0.5263152777998958,13.476347547691736,-0.5263152777998958,13.476347547691736,-0.5263152777998958,13.476347547691736,-1.8187259822328787,-0.5145793076764473,-2.7100917510009657,-14.52880352907897,-2.7100917510009657,-14.52880352907897,0.0,0.0,0.0,0.0,0.0,0.0,3.2259303652356595,3.2259303652356595,3.2259303652356595,3.211019194867315,3.2110191948673146,5.254400248554422,5.254400248554422
477.0,0.47700000000000004,0.001,0.499,121.66951198346253,23.148464326480653,2.1235335834061178,0.40401691927753897,-0.5462636696064055,13.457653220881099,-0.5462636696064055,13.457653220881099,-0.5462636696064055,13.457653220881099,-1.8214680155422691,-0.5290206844584122,-2.742033309390304,-14.441376781964884,-2.742033309390304,-14.441376781964884,0.0,0.0,0.0,0.0,0.0,0.0,3.2114375297615414,3.2114375297615414,3.2114375297615414,3.196013260903801,3.196013260903801,5.243923191042839,5.243923191042839
478.0,0.47800000000000004,0.001,0.499,121.63726370252141,23.917931183228863,2.122970744725587,0.4174466494127668,-0.5628386805308994,13.429730135227857,-0.5628386805308994,13.429730135227857,-0.5628386805308994,13.429730135227857,-1.8242425311164743,-0.5433732556468033,-2.7745155742051484,-14.352571188391034,-2.7745155742051484,-14.352571188391034,0.0,0.0,0.0,0.0,0.0,0.0,3.196464102905011,3.196464102905011,3.1964641029050105,3.1805722315279517,3.1805722315279517,5.233182434879523,5.233182434879523
479.0,0.47900000000000004,0.001,0.499,121.60424192996416,24.685318076992647,2.1223944060696183,0.43084007734559676,-0.5763386559688952,13.393427932829946,-0.5763386559688952,13.393427932829946,-0.5763386559688952,13.393427932829946,-1.8270500343041596,-0.5576357246736868,-2.8075031876852137,-14.262469026883597,-2.8075031876852137,-14.262469026883597,0.0,0.0,0.0,0.0,0.0,0.0,3.1810531178203485,3.1810531178203485,3.1810531178203485,3.1647356744357023,3.1647356744357023,5.222179345356323,5.222179345356323
480.0,0.48,0.001,0.499,121.57060702996424,25.450189950275558,2.1218073663210406,0.44418960989028045,-0.5870397485775309,13.349532544683672,-0.5870397485775309,13.349532544683672,-0.5870397485775309,13.349532544683672,-1.8298909956486387,-0.5718068754410282,-2.8409613444790924,-14.171150767341372,-2.8409613444790924,-14.171150767341372,0.0,0.0,0.0,0.0,0.0,0.0,3.165244069278874,3.165244069278874,3.165244069278874,3.148539872946586,3.148539872946586,5.210915454482934,5.210915454482934
481.0,0.481,0.001,0.499,121.53650472912693,26.21215336584303,2.121212168888924,0.4574883802716746,-0.5951974321164596,13.298770381394142,-0.5951974321164596,13.298770381394142,-0.5951974321164596,13.298770381394142,-1.8327658514844827,-0.5858855704134593,-2.874855835844058,-14.078694972431187,-2.874855835844058,-14.078694972431187,0.0,0.0,0.0,0.0,0.0,0.0,3.1490732025276387,3.1490732025276387,3.1490732025276387,3.132018097025377,3.132018097025377,5.199392459706362,5.199392459706362
482.0,0.482,0.001,0.499,121.50206722011882,26.970853322698243,2.120611120970547,0.47073019255353704,-0.6010479183768359,13.24181228186243,-0.6010479183768359,13.24181228186243,-0.6010479183768359,13.24181228186243,-1.835675004573119,-0.5998707486271858,-2.9091530886362453,-13.985178213726451,-2.9091530886362453,-13.985178213726451,0.0,0.0,0.0,0.0,0.0,0.0,3.132573780347981,3.132573780347981,3.132573780347981,3.115200853536366,3.1152008535363667,5.1876122218667815,5.1876122218667815
483.0,0.483,0.001,0.499,121.46741418932758,27.72597028516842,2.1200063114874452,0.4839094697863,-0.6048094831019054,13.17927723276299,-0.6048094831019054,13.17927723276299,-0.6048094831019054,13.17927723276299,-1.838618824772422,-0.6137614236290877,-2.943820199303108,-13.890675001901865,-2.943820199303108,-13.890675001901865,0.0,0.0,0.0,0.0,0.0,0.0,3.1157763294022622,3.1157763294022622,3.1157763294022622,3.098116116827215,3.0981161168272155,5.175576762460995,5.175576762460995
484.0,0.484,0.001,0.499,121.43265377344939,28.47721741265073,2.119399627781008,0.49702120565701596,-0.6066837064371834,13.111735870715968,-0.6066837064371834,13.111735870715968,-0.6066837064371834,13.111735870715968,-1.8415976497355315,-0.6275566813593343,-2.9788249631094357,-13.795257730246602,-2.9788249631094357,-13.795257730246602,0.0,0.0,0.0,0.0,0.0,0.0,3.0987088670496354,3.0987088670496354,3.0987088670496354,3.0807895408006063,3.0807895408006063,5.163288260284887,5.163288260284887
485.0,0.485,0.001,0.499,121.3978834496026,29.224337978205057,2.118792771147897,0.5100609194353011,-0.6068566331108917,13.039713778285067,-0.6068566331108917,13.039713778285067,-0.6068566331108917,13.039713778285067,-1.8446117856343747,-0.641255677990055,-3.0141358988431217,-13.698996630720721,-3.0141358988431217,-13.698996630720721,0.0,0.0,0.0,0.0,0.0,0.0,3.0813971098437865,3.0813971098437865,3.0813971098437865,3.0632446536612665,3.0632446536612665,5.1507490475253235,5.1507490475253235
486.0,0.486,0.001,0.499,121.36319086328737,29.96710296478024,2.118187271290664,0.5230246140195695,-0.6054998572330758,12.963694584268355,-0.6054998572330758,12.963694584268355,-0.6054998572330758,12.963694584268355,-1.8476615079036323,-0.654857637731809,-3.0497222692576713,-13.601959741754092,-3.0497222692576713,-13.601959741754092,0.0,0.0,0.0,0.0,0.0,0.0,3.063864664932414,3.063864664932414,3.063864664932414,3.045503036528933,3.045503036528933,5.1379616053704105,5.1379616053704105
487.0,0.487,0.001,0.499,121.32865459824609,30.705308828427693,2.117584499754352,0.5359087368977459,-0.6027715363118903,12.884122878176417,-0.6027715363118903,12.884122878176417,-0.6027715363118903,12.884122878176417,-1.8507470620011477,-0.6683618506187817,-3.0855540975154714,-13.504212886972633,-3.0855540975154714,-13.504212886972633,0.0,0.0,0.0,0.0,0.0,0.0,3.04613320559115,3.04613320559115,3.04613320559115,3.027584487090045,3.027584487090045,5.124928559204629,5.124928559204629
488.0,0.488,0.001,0.499,121.29434489203271,31.438775418394254,2.1169856824155366,0.5487101438460376,-0.5988173388155177,12.801406948291673,-0.5988173388155177,12.801406948291673,-0.5988173388155177,12.801406948291673,-1.8538686641810471,-0.6817676702828137,-3.1216021798994715,-13.405819664032004,-3.1216021798994715,-13.405819664032004,0.0,0.0,0.0,0.0,0.0,0.0,3.0282226320597623,3.0282226320597623,3.0282226320597623,3.009507169426645,3.009507169426645,5.111652673452567,5.111652673452567
489.0,0.489,0.001,0.499,121.26032430086475,32.16734404449903,2.116391911086181,0.5614260651982974,-0.5937713293560065,12.715921352259862,-0.5937713293560065,12.715921352259862,-0.5937713293560065,12.715921352259862,-1.8570265022761085,-0.6950745117255567,-3.1578380950615297,-13.306841442742948,-3.1578380950615297,-13.306841442742948,0.0,0.0,0.0,0.0,0.0,0.0,3.0101512188408446,3.0101512188408446,3.0101512188408446,2.991287751114707,2.9912877511147076,5.09813684613162,5.09813684613162
490.0,0.49,0.001,0.499,121.22664831711191,32.89087568268921,2.1158041542908457,0.5740540745270645,-0.587756795335179,12.628009328767112,-0.587756795335179,12.628009328767112,-0.587756795335179,12.628009328767112,-1.8602207364861822,-0.7082818490972408,-3.194234210073622,-13.20733737168408,-3.194234210073622,-13.20733737168408,0.0,0.0,0.0,0.0,0.0,0.0,2.991935749540623,2.991935749540623,2.991935749540623,2.9729415286291125,2.972941528629113,5.0843841031704455,5.0843841031704455
491.0,0.491,0.001,0.499,121.19336594256811,33.60924931013899,2.1152232672721745,0.5865920595855583,-0.5808870186711313,12.53798505849376,-0.5808870186711313,12.53798505849376,-0.5808870186711313,12.53798505849376,-1.863451500169726,-0.7213892134897568,-3.230763683543752,-13.107364392516017,-3.230763683543752,-13.107364392516017,0.0,0.0,0.0,0.0,0.0,0.0,2.973591640283224,2.973591640283224,2.973591640283224,2.9544825420319523,2.9544825420319523,5.0703975925460565,5.0703975925460565
492.0,0.492,0.001,0.499,121.16052022045805,34.32236036170586,2.114650001276159,0.5990381953677592,-0.5732659960154108,12.446135782200889,-0.5732659960154108,12.446135782200889,-0.5732659960154108,12.446135782200889,-1.866718900635778,-0.7343961907509912,-3.267400466052078,-13.006977261234304,-3.267400466052078,-13.006977261234304,0.0,0.0,0.0,0.0,0.0,0.0,2.955133052668011,2.955133052668011,2.9551330526680113,2.9359236798571327,2.9359236798571327,5.056180578288436,5.056180578288436
493.0,0.493,0.001,0.499,121.12814872894555,35.03011929999077,2.1140850121654844,0.6113909191512502,-0.5649891106745538,12.352723783491072,-0.5649891106745538,12.352723783491072,-0.5649891106745538,12.352723783491072,-1.870023019933933,-0.7473024193266178,-3.304119298154817,-12.906228575626587,-3.304119298154817,-12.906228575626587,0.0,0.0,0.0,0.0,0.0,0.0,2.9365729971591708,2.9365729971591708,2.9365729971591708,2.917276775039353,2.9172767750393525,5.041736434397491,5.041736434397491
494.0,0.494,0.001,0.499,121.09628403873715,35.732450291663504,2.11352886840622,0.6236489073947362,-0.5561437592643595,12.25798824348606,-0.5561437592643595,12.25798824348606,-0.5561437592643595,12.25798824348606,-1.8733639156401272,-0.7601075881348489,-3.340895706194192,-12.805168808231098,-3.340895706194192,-12.805168808231098,0.0,0.0,0.0,0.0,0.0,0.0,2.917923427742451,2.917923427742451,2.917923427742451,2.8985526926710845,2.8985526926710845,5.027068638713038,5.027068638713038
495.0,0.495,0.001,0.499,121.06495413721139,36.42928998311312,2.1129820584702697,0.6358110543691134,-0.5468099359501867,12.162146974377269,-0.5468099359501867,12.162146974377269,-0.5468099359501867,12.162146974377269,-1.8767416216362696,-0.7728114344789767,-3.3777059961423452,-12.703846344127847,-3.3777059961423452,-12.703846344127847,0.0,0.0,0.0,0.0,0.0,0.0,2.8991953286184713,2.8991953286184713,2.8991953286184713,2.8797614103082605,2.8797614103082605,5.0121807667745095,5.0121807667745095
496.0,0.496,0.001,0.499,121.03418282134952,37.12058636886616,2.112444997693309,0.6478764524076407,-0.5370607769610027,12.065398038527245,-0.5370607769610027,12.065398038527245,-0.5370607769610027,12.065398038527245,-1.8801561488819656,-0.785413742001907,-3.4145272456959717,-12.602307522930264,-3.4145272456959717,-12.602307522930264,0.0,0.0,0.0,0.0,0.0,0.0,2.880398793626304,2.880398793626304,2.880398793626304,2.8609120914850177,2.8609120914850177,4.99707648570312,4.99707648570312
497.0,0.497,0.001,0.499,121.00399006159911,37.806297746582096,2.1119180346254005,0.6598443736671704,-0.5269630679082268,11.96792125952974,-0.5269630679082268,11.96792125952974,-0.5269630679082268,11.96792125952974,-1.8836074861767924,-0.7979143386862897,-3.451337294826723,-12.500596684382712,-3.451337294826723,-12.500596684382712,0.0,0.0,0.0,0.0,0.0,0.0,2.8615430990473407,2.8615430990473407,2.8615430990473407,2.8420131530405093,2.8420131530405093,4.9817595481354235,4.9817595481354235
498.0,0.498,0.001,0.499,120.97439233866507,38.48639175278797,2.1114014569091086,0.6717142532985416,-0.5165777162920645,11.869879631371253,-0.5165777162920645,11.869879631371253,-0.5165777162920645,11.869879631371253,-1.8870956009117728,-0.8103130949032974,-3.4881147349803157,-12.398756217007676,-3.4881147349803157,-12.398756217007676,0.0,0.0,0.0,0.0,0.0,0.0,2.842636770365025,2.842636770365025,2.8426367703650253,2.8230723268070124,2.8230723268070124,4.966233786233591,4.966233786233591
499.0,0.499,0.001,0.499,120.94540295509408,39.160844473850574,2.110895496717671,0.6834856739301189,-0.5059601914375559,11.771420631577323,-0.5059601914375559,11.771420631577323,-0.5059601914375559,11.771420631577323,-1.8906204398088777,-0.8226099215125825,-3.5248388971049938,-12.296826609285104,-3.5248388971049938,-12.296826609285104,0.0,0.0,0.0,0.0,0.0,0.0,2.823687643522761,2.823687643522761,2.8236876435227614,2.804096716158475,2.804096716158475,4.950503105794289,4.950503105794289
