step,time_s,dt_s,duration_s,mj_q1_deg,mj_q2_deg,mujoco_q1_rad,mujoco_q2_rad,mj_qd1_raw,mj_qd2_raw,mj_qd1_rad_s,mj_qd2_rad_s,mujoco_qdot1_rad_s,mujoco_qdot2_rad_s,bridge_q1_rad,bridge_q2_rad,bridge_qd1,bridge_qd2,bridge_qdot1_rad_s,bridge_qdot2_rad_s,tau0,tau1,tau1_Nm,tau2_Nm,tau1_applied_Nm,tau2_applied_Nm,mj_hand_speed_norm_fd,mujoco_ee_speed_fd_3d_m_s,mujoco_ee_speed_fd_xz_m_s,mujoco_ee_speed_jac_3d_m_s,mujoco_ee_speed_jac_xz_m_s,bridge_hand_speed_xz,bridge_ee_speed_xz_m_s
0.0,0.0,0.001,0.499,5.002093048701785,54.99736502899532,0.08730299319096722,0.959885099677155,0.03653059125075046,-0.045988919726273066,0.03653059125075046,-0.045988919726273066,0.03653059125075046,-0.045988919726273066,0.0872380181467784,0.9599605742204042,-0.028444452938073603,0.029485623522873917,-0.028444452938073603,0.029485623522873917,0.0,0.0,0.0,0.0,0.0,0.0,0.0,0.0,0.0,0.010474794451431386,0.010474794451431386,0.008949709514948934,0.008949709514948934
1.0,0.001,0.001,0.499,5.006274160423334,54.99211545292957,0.08737596735690197,0.9597934772904737,0.0729741659347479,-0.09162238668125777,0.0729741659347479,-0.09162238668125777,0.0729741659347479,-0.09162238668125777,0.08718112934272855,0.9600195439091967,-0.05688880404985107,0.05896968879254372,-0.05688880404985107,0.05896968879254372,0.0,0.0,0.0,0.0,0.0,0.0,0.010474742757211655,0.010474742757211655,0.010474742757211657,0.020950431167140193,0.020950431167140193,0.017899622473945716,0.017899622473945716
2.0,0.002,0.001,0.499,5.012538433543281,54.98427106735125,0.08748529954808924,0.9596565669343361,0.10933219118728141,-0.13691035613759367,0.10933219118728141,-0.13691035613759367,0.10933219118728141,-0.13691035613759367,0.08709579647764934,0.9601079937086988,-0.08533286507921303,0.0884497995021192,-0.08533286507921303,0.0884497995021192,0.0,0.0,0.0,0.0,0.0,0.0,0.02095022836879636,0.02095022836879636,0.02095022836879636,0.031426421177505645,0.03142642117750564,0.02685001599445275,0.02685001599445275
3.0,0.003,0.001,0.499,5.020881048513288,54.97385110649557,0.08763090564754202,0.9594747043094757,0.14560609945277161,-0.18186262486040972,0.14560609945277161,-0.18186262486040972,0.14560609945277161,-0.18186262486040972,0.08698202002993549,0.9602259172676489,-0.11377644771385013,0.11792355895015451,-0.11377644771385013,0.11792355895015451,0.0,0.0,0.0,0.0,0.0,0.0,0.03142597358781213,0.03142597358781213,0.03142597358781213,0.04190227753789127,0.04190227753789127,0.03580116700492439,0.03580116700492439
4.0,0.004,0.001,0.499,5.031297265928774,54.96087425218199,0.08781270293704581,0.9592482154751519,0.18179728950379873,-0.2264888343237873,0.18179728950379873,-0.2264888343237873,0.18179728950379873,-0.2264888343237873,0.0868398006663716,0.9603733058375005,-0.14221936356388554,0.14738856985151136,-0.14221936356388554,0.14738856985151136,0.0,0.0,0.0,0.0,0.0,0.0,0.041901496884237346,0.041901496884237346,0.041901496884237346,0.05237751504233941,0.05237751504233941,0.044753352160391675,0.044753352160391675
5.0,0.005,0.001,0.499,5.043782424655636,54.94535864253485,0.08803061006446368,0.9589774170013552,0.21790712741787158,-0.2707984737967935,0.21790712741787158,-0.2707984737967935,0.21790712741787158,-0.2707984737967935,0.08666913924223106,0.9605501482716492,-0.1706614241405501,0.17684243414870177,-0.1706614241405501,0.17684243414870177,0.0,0.0,0.0,0.0,0.0,0.0,0.0523763181642297,0.0523763181642297,0.0523763181642297,0.06285164995341637,0.06285164995341637,0.0537068477580689,0.0537068477580689
6.0,0.006,0.001,0.499,5.058331940010591,54.92732188053458,0.0882845470119771,0.9586626161180518,0.25393694751342183,-0.3148008833034256,0.25393694751342183,-0.3148008833034256,0.25393694751342183,-0.3148008833034256,0.08647003680139614,0.9607564310244731,-0.19910244083492235,0.20628275282387026,-0.19910244083492235,0.20628275282387026,0.0,0.0,0.0,0.0,0.0,0.0,0.0628499585175017,0.0628499585175017,0.0628499585175017,0.0733241997474338,0.0733241997474338,0.06266192965299162,0.06266192965299162
7.0,0.007,0.001,0.499,5.074941301992876,54.906781042406124,0.08857443506522356,0.9583041108615912,0.28988805324644673,-0.3585052564606056,0.28988805324644673,-0.3585052564606056,0.28988805324644673,-0.3585052564606056,0.08624249457649939,0.9609921381501846,-0.22754222489674622,0.23570712571157657,-0.22754222489674622,0.23570712571157657,0.0,0.0,0.0,0.0,0.0,0.0,0.07332193996904628,0.07332193996904628,0.07332193996904626,0.08379468287431178,0.08379468287431178,0.07161887317369645,0.07161887317369645
8.0,0.008,0.001,0.499,5.09360607356517,54.88375268585168,0.08890019678329272,0.957902190218393,0.3257617180691675,-0.40192064319817933,0.3257617180691675,-0.40192064319817933,0.3257617180691675,-0.40192064319817933,0.08598651398908605,0.9612572513014971,-0.25598058741333873,0.2651131513125389,-0.25598058741333873,0.2651131513125389,0.0,0.0,0.0,0.0,0.0,0.0,0.08379178525103642,0.08379178525103642,0.08379178525103642,0.09426261853138634,0.09426261853138633,0.08057795303795261,0.08057795303795261
9.0,0.009000000000000001,0.001,0.499,5.114321888981595,54.858252858134016,0.08926175596954473,0.9574571342660283,0.3615591862520136,-0.4450559523646892,0.3615591862520136,-0.4450559523646892,0.3615591862520136,-0.4450559523646892,0.08570209664979744,0.9615517497281055,-0.2844173392885993,0.2944984266084956,-0.2844173392885993,0.2944984266084956,0.0,0.0,0.0,0.0,0.0,0.0,0.09425901759015476,0.09425901759015476,0.09425901759015476,0.10472752645050205,0.10472752645050205,0.08953944326855637,0.08953944326855637
10.0,0.01,0.001,0.499,5.13708445216079,54.83029710401685,0.08965903764321492,0.9569692143118058,0.3972816736701905,-0.4879199542225159,0.3972816736701905,-0.4879199542225159,0.3972816736701905,-0.4879199542225159,0.08538924435857531,0.9618756102749839,-0.31285229122213254,0.32386054687834454,-0.31285229122213254,0.32386054687834454,0.0,0.0,0.0,0.0,0.0,0.0,0.10472316049880766,0.10472316049880766,0.10472316049880766,0.1151889266977634,0.1151889266977634,0.09850361710919896,0.09850361710919896
11.0,0.011,0.001,0.499,5.161889535102095,54.79990047356849,0.09009196801177095,0.95643869302897,0.43293036855603556,-0.5305212828358167,0.43293036855603556,-0.5305212828358167,0.43293036855603556,-0.5305212828358167,0.08504795910488681,0.9622288073804997,-0.3412852536884953,0.35319710551571504,-0.3412852536884953,0.35319710551571504,0.0,0.0,0.0,0.0,0.0,0.0,0.11518373758885653,0.11518373758885653,0.11518373758885653,0.12564633948535348,0.1256463394853535,0.1074707469404197,0.1074707469404197
12.0,0.012,0.001,0.499,5.188732976342936,54.76707752983452,0.09056047444398928,0.9558658245906154,0.4685064322183177,-0.5728684383545246,0.4685064322183177,-0.5728684383545246,0.4685064322183177,-0.5728684383545246,0.08467824306797024,0.9626113130743478,-0.36971603691657895,0.3825056938481287,-0.36971603691657895,0.3825056938481287,0.0,0.0,0.0,0.0,0.0,0.0,0.12564027239177494,0.12564027239177494,0.12564027239177494,0.13609928499486035,0.13609928499486035,0.11644110419565637,0.11644110419565637
13.0,0.013000000000000001,0.001,0.499,5.2176106794556105,54.73184235638546,0.09106448544371887,0.9552508548014179,0.5040109997295877,-0.6149697891975187,0.5040109997295877,-0.6149697891975187,0.5040109997295877,-0.6149697891975187,0.0842800986171011,0.9630230969753056,-0.3981444508691359,0.41178390095790257,-0.3981444508691359,0.41178390095790257,0.0,0.0,0.0,0.0,0.0,0.0,0.13609228818917524,0.13609228818917524,0.13609228818917524,0.14654728321158159,0.14654728321158159,0.1254149592774049,0.1254149592774049
14.0,0.014,0.001,0.499,5.248518611581669,54.69420856474486,0.0916039306243015,0.95459402122728,0.5394451805826385,-0.6568335741379229,0.5394451805826385,-0.6568335741379229,0.5394451805826385,-0.6568335741379229,0.08385352831187864,0.9634641262888106,-0.42657030522246103,0.441029313504946,-0.42657030522246103,0.441029313504946,0.0,0.0,0.0,0.0,0.0,0.0,0.1465393078561268,0.1465393078561268,0.1465393078561268,0.15698985376930927,0.15698985376930927,0.1343925814735017,0.1343925814735017
15.0,0.015,0.001,0.499,5.281452802002202,54.654189301703504,0.09217874068361859,0.9538955533229866,0.5748100593170901,-0.6984679042933509,0.5748100593170901,-0.6984679042933509,0.5748100593170901,-0.6984679042933509,0.0833985349025324,0.9639343658043622,-0.45499340934623544,0.47023951555160215,-0.45499340934623544,0.47023951555160215,0.0,0.0,0.0,0.0,0.0,0.0,0.15698085371543763,0.15698085371543763,0.15698085371543763,0.16742651580512335,0.16742651580512335,0.14337423887354248,0.14337423887354248
16.0,0.016,0.001,0.499,5.31640934074238,54.61179725652473,0.09278884737973565,0.9531556725579629,0.6101066961170707,-0.73988076502377,0.6101066961170707,-0.73988076502377,0.6101066961170707,-0.73988076502377,0.08291512133024886,0.9644337778927519,-0.48341357228354104,0.49941208838968143,-0.48341357228354104,0.49941208838968143,0.0,0.0,0.0,0.0,0.0,0.0,0.16741644739928446,0.16741644739928446,0.16741644739928446,0.1778567878237525,0.1778567878237525,0.15236019828545125,0.15236019828545125
17.0,0.017,0.001,0.499,5.3533843772086245,54.56704466804625,0.09343418350711657,0.9523745925402233,0.6453361273809215,-0.7810800177395272,0.6453361273809215,-0.7810800177395272,0.6453361273809215,-0.7810800177395272,0.08240329072751781,0.9649623225031217,-0.5118306027310527,0.5285446103698335,-0.5118306027310527,0.5285446103698335,0.0,0.0,0.0,0.0,0.0,0.0,0.17784560972005126,0.17784560972005126,0.17784560972005128,0.18828018757108403,0.18828018757108403,0.16135072515221513,0.16135072515221513
18.0,0.018000000000000002,0.001,0.499,5.392374118856868,54.51994333168334,0.09411468287338039,0.9515525191386013,0.6804993662638124,-0.8220734016219495,0.6804993662638124,-0.8220734016219495,0.6804993662638124,-0.8220734016219495,0.0818630464184984,0.9655199571598552,-0.5402443090194148,0.557634656733401,-0.5402443090194148,0.557634656733401,0.0,0.0,0.0,0.0,0.0,0.0,0.1882678605522791,0.1882678605522791,0.1882678605522791,0.19869623191643537,0.19869623191643537,0.17034608346880026,0.17034608346880026
19.0,0.019,0.001,0.499,5.433374829890412,54.47050460633838,0.0948302802765745,0.9506896506033424,0.7155974031941164,-0.8628685352588068,0.7155974031941164,-0.8628685352588068,0.7155974031941164,-0.8628685352588068,0.08129439191940459,0.9661066369593021,-0.5686544990938059,0.586679799446897,-0.5686544990938059,0.586679799446897,0.0,0.0,0.0,0.0,0.0,0.0,0.1986827187227281,0.1986827187227281,0.1986827187227281,0.20910443674321916,0.20910443674321916,0.17934653569926576,0.17934653569926576
20.0,0.02,0.001,0.499,5.476382829985903,54.41873942122133,0.09558091148293886,0.9497861776851456,0.7506312063643518,-0.9034729181968033,0.7506312063643518,-0.9034729181968033,0.7506312063643518,-0.9034729181968033,0.08069733093890989,0.9667223145663414,-0.5970609804946987,0.6156776070392439,-0.5970609804946987,0.6156776070392439,0.0,0.0,0.0,0.0,0.0,0.0,0.2090897019045536,0.2090897019045536,0.20908970190455356,0.2195043168476618,0.2195043168476618,0.18835234269409282,0.18835234269409282
21.0,0.021,0.001,0.499,5.521394493046027,54.364658282586056,0.09636651320513633,0.9488422837527325,0.7856017221974619,-0.9438939324131516,0.7856017221974619,-0.9438939324131516,0.7856017221974619,-0.9438939324131516,0.08007186737857108,0.9673669402107833,-0.6254635603388146,0.6446256444419106,-0.6254635603388146,0.6446256444419106,0.0,0.0,0.0,0.0,0.0,0.0,0.21948832652717543,0.21948832652717543,0.21948832652717543,0.229895385845258,0.229895385845258,0.1973637636077472,0.1973637636077472
22.0,0.022,0.001,0.499,5.56840624597755,54.30827128038669,0.0971870230809255,0.9478581449090243,0.820509875789169,-0.9841388437081662,0.820509875789169,-0.9841388437081662,0.820509875789169,-0.9841388437081662,0.0794180053332708,0.9680404616836153,-0.6538620453002791,0.673521472832081,-0.6538620453002791,0.673521472832081,0.0,0.0,0.0,0.0,0.0,0.0,0.22987810768342515,0.22987810768342515,0.22987810768342515,0.2402771560846644,0.2402771560846644,0.2063810558164942,0.2063810558164942
23.0,0.023,0.001,0.499,5.617414567493373,54.24958809485878,0.0980423796522526,0.9468339301060036,0.8553565713271007,-1.0242148030207106,0.8553565713271007,-1.0242148030207106,0.8553565713271007,-1.0242148030207106,0.07873574909167882,0.9687428243330943,-0.6822562415919765,0.7023626494789832,-0.6822562415919765,0.7023626494789832,0.0,0.0,0.0,0.0,0.0,0.0,0.24025855905439572,0.24025855905439572,0.24025855905439572,0.2506491385687613,0.2506491385687613,0.21540447483648667,0.21540447483648667
24.0,0.024,0.001,0.499,5.668415986937311,54.18861800302927,0.09893252234473995,0.9457698012583353,0.8901426924873548,-1.0641288476682225,0.8901426924873548,-1.0641288476682225,0.8901426924873548,-1.0641288476682225,0.07802510313673172,0.9694739710606879,-0.7106459549471043,0.7311467275935082,-0.7106459549471043,0.7311467275935082,0.0,0.0,0.0,0.0,0.0,0.0,0.2506291928334407,0.2506291928334407,0.2506291928334407,0.2610108428826289,0.2610108428826289,0.22443427424214607,0.22443427424214607
25.0,0.025,0.001,0.499,5.721407083130325,54.12536988515973,0.09985739144754908,0.9446659133558224,0.9248691028091338,-1.1038879025129444,0.9248691028091338,-1.1038879025129444,0.9248691028091338,-1.1038879025129444,0.0772860721461308,0.9702338423168692,-0.7390309906009267,0.7598712561812402,-0.7390309906009267,0.7598712561812402,0.0,0.0,0.0,0.0,0.0,0.0,0.26098951965969436,0.26098951965969436,0.26098951965969436,0.2713617771282072,0.27136177712820714,0.2334707055848599,0.2334707055848599
26.0,0.026000000000000002,0.001,0.499,5.776384483237016,54.059852231126875,0.10081692809359713,0.9435224145747665,0.9595366460480491,-1.1434987810558863,0.9595366460480491,-1.1434987810558863,0.9595366460480491,-1.1434987810558863,0.07651866099285808,0.9710223760967682,-0.7674111532727246,0.7885337798990202,-0.7674111532727246,0.7885337798990202,0.0,0.0,0.0,0.0,0.0,0.0,0.27133904855896224,0.27133904855896224,0.27133904855896224,0.2817014478654315,0.28170144786543155,0.24251401831201763,0.24251401831201763
27.0,0.027,0.001,0.499,5.833344861651157,53.992073146744474,0.1018110742401058,0.9423394463883066,0.9941461465086622,-1.1829681864599546,0.9941461465086622,-1.1829681864599546,0.9941461465086622,-1.1829681864599546,0.07572287474571014,0.9718395079356834,-0.7957862471479364,0.8171318389151593,-0.7957862471479364,0.8171318389151593,0.0,0.0,0.0,0.0,0.0,0.0,0.28167728689121635,0.28167728689121635,0.28167728689121635,0.2920293600596487,0.2920293600596487,0.25156445968640906,0.25156445968640906
28.0,0.028,0.001,0.499,5.892284938899122,53.92204036003063,0.10283977264946259,0.941117143675803,1.0286984093568,-1.222302712503588,1.0286984093568,-1.222302712503588,1.0286984093568,-1.222302712503588,0.07489871866984965,0.9726851709044568,-0.8241560758604877,0.8456629687734161,-0.8241560758604877,0.8456629687734161,0.0,0.0,0.0,0.0,0.0,0.0,0.2920037402991068,0.2920037402991068,0.2920037402991068,0.3023450170351476,0.3023450170351476,0.260622274706012,0.260622274706012
29.0,0.029,0.001,0.499,5.953201480560089,53.84976122742429,0.10390296687037474,0.9398556348313368,1.063194220912151,-1.2615088444661533,1.063194220912151,-1.2615088444661533,1.063194220912151,-1.2615088444661533,0.07404619822737435,0.9735592956047177,-0.8525204424752991,0.8741247002608468,-0.8525204424752991,0.8741247002608468,0.0,0.0,0.0,0.0,0.0,0.0,0.30231791267041785,0.30231791267041785,0.30231791267041785,0.3126479204346475,0.3126479204346475,0.2696877060241934,0.2696877060241934
30.0,0.03,0.001,0.499,6.016091296201888,53.77524273995494,0.10500060121929637,0.9385550418713906,1.0976343489216212,-1.3005929599462682,1.0976343489216212,-1.3005929599462682,1.0976343489216212,-1.3005929599462682,0.07316531907790338,0.9744618101639972,-0.8808791494709682,0.9025145592796352,-0.8808791494709682,0.9025145592796352,0.0,0.0,0.0,0.0,0.0,0.0,0.31261930609983096,0.31261930609983096,0.31261930609983096,0.32293757018461405,0.322937570184614,0.27876099387035236,0.27876099387035236
31.0,0.031,0.001,0.499,6.080951238331454,53.69849152936912,0.10613262076211027,0.9372154805417765,1.1320195428138973,-1.3395613296141324,1.1320195428138973,-1.3395613296141324,1.1320195428138973,-1.3395613296141324,0.07225608707918077,0.9753926402307203,-0.9092319987226128,0.9308300667230041,-0.9092319987226128,0.9308300667230041,0.0,0.0,0.0,0.0,0.0,0.0,0.3229074208601017,0.3229074208601017,0.3229074208601017,0.3332134644662867,0.3332134644662867,0.28784237597103446,0.28784237597103446
32.0,0.032,0.001,0.499,6.147778201358796,53.61951387421759,0.10729897129604592,0.9358370604238776,1.1663505339356397,-1.37842011789887,1.1663505339356397,-1.37842011789887,1.1663505339356397,-1.37842011789887,0.0713185082876959,0.9763517089690755,-0.9375787914848662,0.9590687383553057,-0.9375787914848662,0.9590687383553057,0.0,0.0,0.0,0.0,0.0,0.0,0.3331817553761598,0.3331817553761598,0.3331817553761598,0.34347509969232,0.34347509969232,0.296932087471546,0.296932087471546
33.0,0.033,0.001,0.499,6.216569120573482,53.5383157059068,0.10849959933181562,0.9344198850402657,1.2006280357696995,-1.4171753836118055,1.2006280357696995,-1.4171753836118055,1.2006280357696995,-1.4171753836118055,0.07035258895932088,0.977338937053772,-0.965919328375011,0.9872280846963869,-0.965919328375011,0.9872280846963869,0.0,0.0,0.0,0.0,0.0,0.0,0.3434418062059684,0.3434418062059684,0.3434418062059684,0.3537219704889596,0.3537219704889596,0.30603036085809915,0.30603036085809915
34.0,0.034,0.001,0.499,6.287320971132607,53.45490261471824,0.10973445207595134,0.9329640519597592,1.2348527441357258,-1.4558330805065212,1.2348527441357258,-1.4558330805065212,1.2348527441357258,-1.4558330805065212,0.06935833554996464,0.9783542426646823,-0.994253409356238,1.0153056109103171,-0.994253409356238,1.0153056109103171,0.0,0.0,0.0,0.0,0.0,0.0,0.3536870680287429,0.3536870680287429,0.3536870680287429,0.3639535696836932,0.3639535696836932,0.315137425880521,0.315137425880521
35.0,0.035,0.001,0.499,6.360030767059274,53.36927985579932,0.11100347741332485,0.9314696529019827,1.2690253373735074,-1.494399057776466,1.2690253373735074,-1.494399057776466,1.2690253373735074,-1.494399057776466,0.06833575471624362,0.9793975414813808,-1.022580833721013,1.0432988166985655,-1.022580833721013,1.0432988166985655,0.0,0.0,0.0,0.0,0.0,0.0,0.36391703363431555,0.36391703363431555,0.36391703363431555,0.37416938829832924,0.37416938829832924,0.3242535094755595,0.3242535094755595
36.0,0.036000000000000004,0.001,0.499,6.434695560250605,53.28145235512922,0.11230662388983421,0.9299367738414919,1.303146476509363,-1.5328790604908176,1.303146476509363,-1.5328790604908176,1.303146476509363,-1.5328790604908176,0.06728485331616908,0.9804687466775786,-1.0509014000745356,1.0712051961977085,-1.0509014000745356,1.0712051961977085,0.0,0.0,0.0,0.0,0.0,0.0,0.3741311939211779,0.3741311939211779,0.3741311939211779,0.3843689155474782,0.3843689155474782,0.3333788356908203,0.3333788356908203
37.0,0.037,0.001,0.499,6.511312439494328,53.191424715463306,0.11364384069524008,0.9283654951115227,1.3372168054058708,-1.5712787299692232,1.3372168054058708,-1.5712787299692232,1.3372168054058708,-1.5712787299692232,0.06620563840985082,0.9815677689154603,-1.0792149063182692,1.0990222378817451,-1.0792149063182692,1.0990222378817451,0.0,0.0,0.0,0.0,0.0,0.0,0.38432903789873135,0.38432903789873135,0.38432903789873135,0.39455163884242594,0.39455163884242594,0.3425136256093715,0.3425136256093715
38.0,0.038,0.001,0.499,6.589878529493011,53.09920122225956,0.11501507764613529,0.9267558915074267,1.3712369508952071,-1.6096036040959871,1.3712369508952071,-1.6096036040959871,1.3712369508952071,-1.6096036040959871,0.06509811726021729,0.9826945163399293,-1.1075211496335224,1.1267474244690905,-1.1075211496335224,1.1267474244690905,0.0,0.0,0.0,0.0,0.0,0.0,0.3945100526930783,0.3945100526930783,0.3945100526930783,0.40471704380040435,0.40471704380040435,0.3516580972750523,0.3516580972750523
39.0,0.039,0.001,0.499,6.670390989895004,53.00478584959041,0.11642028516903162,0.9251080323898525,1.4052075228963343,-1.6478591175741897,1.4052075228963343,-1.6478591175741897,1.4052075228963343,-1.6478591175741897,0.06396229733375224,0.9838488945727636,-1.1358199264650586,1.1543782328343184,-1.1358199264650586,1.1543782328343184,0.0,0.0,0.0,0.0,0.0,0.0,0.40467372356390513,0.40467372356390513,0.40467372356390513,0.41486461425928495,0.41486461425928495,0.36081246561852415,0.36081246561852415
40.0,0.04,0.001,0.499,6.752847014331184,52.90818226604343,0.11785941428354788,0.9234219817877324,1.4391291145162595,-1.6860506021201742,1.4391291145162595,-1.6860506021201742,1.4391291145162595,-1.6860506021201742,0.06279818630124753,0.9850308067066883,-1.1641110325047095,1.1819121339247123,-1.1641110325047095,1.1819121339247123,0.0,0.0,0.0,0.0,0.0,0.0,0.4148195339184199,0.4148195339184199,0.41481953391841986,0.4249938322977338,0.4249938322977338,0.36997694238410456,0.36997694238410456
41.0,0.041,0.001,0.499,6.837243829456606,52.809393840614334,0.11933241658568343,0.9216977985011336,1.4730023021355592,-1.724183286598763,1.4730023021355592,-1.724183286598763,1.4730023021355592,-1.724183286598763,0.06160579203857257,0.98624015329937,-1.1923942626749662,1.2093465926816875,-1.1923942626749662,1.2093465926816875,0.0,0.0,0.0,0.0,0.0,0.0,0.42494696533546483,0.42494696533546483,0.42494696533546483,0.4351041782608853,0.43510417826088527,0.3791517360574235,0.3791517360574235
42.0,0.042,0.001,0.499,6.9235786939961494,52.7084236485955,0.12083924423116177,0.9199355362040341,1.506827645478346,-1.7622622970995083,1.506827645478346,-1.7622622970995083,1.506827645478346,-1.7622622970995083,0.06038512262746005,0.9874768323673371,-1.22066941111252,1.236679067967134,-1.22066941111252,1.236679067967134,0.0,0.0,0.0,0.0,0.0,0.0,0.43505549759911133,0.43505549759911133,0.43505549759911133,0.4451951307916066,0.44519513079160666,0.3883370517939452,0.3883370517939452
43.0,0.043000000000000003,0.001,0.499,7.011848897793309,52.60527447746363,0.1223798499188286,0.9181352435470799,1.5406056876668281,-1.8002926569542206,1.5406056876668281,-1.8002926569542206,1.5406056876668281,-1.8002926569542206,0.05913618635630832,0.9887407393798318,-1.248936271151723,1.2639070124947325,-1.248936271151723,1.2639070124947325,0.0,0.0,0.0,0.0,0.0,0.0,0.4451446087259716,0.4451446087259716,0.4451446087259716,0.4552661668674454,0.4552661668674454,0.39753309134839643,0.39753309134839643
44.0,0.044,0.001,0.499,7.102051760861217,52.499948832769626,0.12395418687408918,0.9162969642603839,1.5743369552605928,-1.8382792866959592,1.5743369552605928,-1.8382792866959592,1.5743369552605928,-1.8382792866959592,0.05785899172100039,0.990031767252598,-1.2771946353079366,1.2910278727662858,-1.2771946353079366,1.2910278727662858,0.0,0.0,0.0,0.0,0.0,0.0,0.45521377501064686,0.45521377501064686,0.4552137750106469,0.46531676184336374,0.46531676184336374,0.4067400530051501,0.4067400530051501
45.0,0.045,0.001,0.499,7.194184632435064,52.392448944034264,0.1255622088323699,0.9144207372564243,1.6080219582807218,-1.8762270039596132,1.6080219582807218,-1.8762270039596132,1.6080219582807218,-1.8762270039596132,0.056553547425739654,0.9913498063416111,-1.3054442952607355,1.318039089013106,-1.3054442952607355,1.318039089013106,0.0,0.0,0.0,0.0,0.0,0.0,0.4652624710708747,0.4652624710708747,0.46526247107087476,0.4753463895003821,0.47534638950038216,0.4159581315096047,0.4159581315096047
46.0,0.046,0.001,0.499,7.288244890025026,52.28277677065283,0.12720387002258873,0.9125065967331001,1.6416611902188298,-1.9141405233241429,1.6416611902188298,-1.9141405233241429,1.6416611902188298,-1.9141405233241429,0.055219862383902724,0.9926947444367535,-1.333685041836929,1.344938095142491,-1.333685041836929,1.344938095142491,0.0,0.0,0.0,0.0,0.0,0.0,0.47529016989680456,0.47529016989680456,0.47529016989680456,0.4853545221002762,0.48535452210027624,0.4251875180006102,0.4251875180006102
47.0,0.047,0.001,0.499,7.384229938468857,52.17093400781218,0.12887912515061983,0.9105545722770035,1.6752551280310917,-1.9520244560965008,1.6752551280310917,-1.9520244560965008,1.6752551280310917,-1.9520244560965008,0.05385794571890935,0.9940664667554429,-1.3619166649933672,1.371722318689322,-1.3619166649933672,1.371722318689322,0.0,0.0,0.0,0.0,0.0,0.0,0.4852963429110976,0.4852963429110976,0.4852963429110976,0.4953406304464751,0.49534063044647514,0.43442839994398635,0.43442839994398635
48.0,0.048,0.001,0.499,7.482137208983271,52.05692209242352,0.13058792938273714,0.9085646889669663,1.7088042321173058,-1.9898833100371935,1.7088042321173058,-1.9898833100371935,1.7088042321173058,-1.9898833100371935,0.05246780676510986,0.9954648559362157,-1.3901389537994868,1.398389180772804,-1.3901389537994868,1.398389180772804,0.0,0.0,0.0,0.0,0.0,0.0,0.4952804600324762,0.4952804600324762,0.4952804600324762,0.5053041839513422,0.5053041839513422,0.4436809610671832,0.4436809610671832
49.0,0.049,0.001,0.499,7.581964158213289,51.940742209074266,0.13233023832902216,0.9065369674779389,1.7423089462850243,-2.0277214890274,1.7423089462850243,-2.0277214890274,1.7423089462850243,-2.0277214890274,0.051049455068690304,0.9968897920322741,-1.4183516964195617,1.424936096058372,-1.4183516964195617,1.424936096058372,0.0,0.0,0.0,0.0,0.0,0.0,0.5052419897449888,0.5052419897449888,0.5052419897449888,0.515244650710021,0.515244650710021,0.45294538129513495,0.45294538129513495
50.0,0.05,0.001,0.499,7.683708267278651,51.82239529600229,0.13410600802672093,0.9044714241852614,1.7757696976987565,-2.0655432926775044,1.7757696976987565,-2.0655432926775044,1.7757696976987565,-2.0655432926775044,0.049602900388595696,0.9983411525049989,-1.4465546800946107,1.4513604727247764,-1.4465546800946107,1.4513604727247764,0.0,0.0,0.0,0.0,0.0,0.0,0.5151803991760835,0.5151803991760835,0.5151803991760835,0.5251614975810573,0.5251614975810573,0.46222183668735634,0.46222183668735634
51.0,0.051000000000000004,0.001,0.499,7.787367040816476,51.701882051096014,0.13591519492353515,0.9023680712693846,1.8091868968142364,-2.103352915876859,1.8091868968142364,-2.103352915876859,1.8091868968142364,-2.103352915876859,0.048128152697471775,0.9998188122174353,-1.474747691123921,1.4776597124363584,-1.474747691123921,1.4776597124363584,0.0,0.0,0.0,0.0,0.0,0.0,0.5250951541791046,0.5250951541791046,0.5250951541791047,0.5350541902740171,0.5350541902740172,0.4715104993763376,0.4715104993763376
52.0,0.052000000000000005,0.001,0.499,7.892938006019305,51.57920293792365,0.1377577558608329,0.9002269168211,1.842560937297725,-2.141154448284543,1.842560937297725,-2.141154448284543,1.842560937297725,-2.141154448284543,0.04662522218262564,1.0013226434277558,-1.502930514846138,1.5038312103205203,-1.502930514846138,1.5038312103205203,0.0,0.0,0.0,0.0,0.0,0.0,0.5349857194241147,0.5349857194241147,0.5349857194241148,0.5449221934443433,0.5449221934443433,0.4808115375072865,0.4808115375072865
53.0,0.053,0.001,0.499,8.000418711667638,51.45435819179503,0.13963364805676318,0.8980479649473392,1.8758921959303012,-2.1789518737608327,1.8758921959303012,-2.1789518737608327,1.8758921959303012,-2.1789518737608327,0.045094119247005765,1.0028525157827062,-1.5311029356198762,1.5298723549503919,-1.5311029356198762,1.5298723549503919,0.0,0.0,0.0,0.0,0.0,0.0,0.544851558497223,0.544851558497223,0.544851558497223,0.5547649707957075,0.5547649707957075,0.49012511517927815,0.49012511517927815
54.0,0.054,0.001,0.499,8.10980672715615,51.327347825859434,0.14154282908926025,0.8958312158776002,1.909181032497076,-2.2167490697390604,1.909181032497076,-2.2167490697390604,1.909181032497076,-2.2167490697390604,0.04353485451020197,1.0044082963110388,-1.559264736803797,1.5557805283326889,-1.559264736803797,1.5557805283326889,0.0,0.0,0.0,0.0,0.0,0.0,0.5546921340038434,0.5546921340038434,0.5546921340038434,0.5645819851901303,0.5645819851901303,0.49945139238786274,0.49945139238786274
55.0,0.055,0.001,0.499,8.221099641512664,51.198171637242794,0.1434852568789215,0.8935766660710627,1.9424277896612465,-2.2545498065374923,1.9424277896612465,-2.2545498065374923,1.9424277896612465,-2.2545498065374923,0.041947438809465866,1.0059898494169395,-1.587415700736106,1.5815531059007528,-1.587415700736106,1.5815531059007528,0.0,0.0,0.0,0.0,0.0,0.0,0.5645069076815397,0.5645069076815397,0.5645069076815397,0.5743726987661673,0.5743726987661673,0.508790524969191,0.508790524969191
56.0,0.056,0.001,0.499,8.33429506240906,51.06682921322788,0.1454608896717444,0.8912843083244518,1.9756327928228938,-2.2923577466108123,1.9756327928228938,-2.2923577466108123,1.9756327928228938,-2.2923577466108123,0.040331883200752455,1.0075970368734521,-1.615555608713411,1.6071874565127608,-1.615555608713411,1.6071874565127608,0.0,0.0,0.0,0.0,0.0,0.0,0.5742953405236265,0.5742953405236265,0.5742953405236266,0.5841365730654624,0.5841365730654625,0.518142664545714,0.518142664545714
57.0,0.057,0.001,0.499,8.44939061516319,50.933319937480725,0.1474696860217068,0.888954131880711,2.008796349962404,-2.330176443740763,2.008796349962404,-2.330176443740763,2.008796349962404,-2.330176443740763,0.038688198959783565,1.0092297178159073,-1.643684240968889,1.6326809424550852,-1.643684240968889,1.6326809424550852,0.0,0.0,0.0,0.0,0.0,0.0,0.5840568929063057,0.5840568929063057,0.5840568929063057,0.5938730691680053,0.5938730691680053,0.5275079584735156,0.5275079584735156
58.0,0.058,0.001,0.499,8.566383941730951,50.7976429963271,0.14951160477317518,0.8865861225385456,2.041918751468386,-2.368009342165453,2.041918751468386,-2.368009342165453,2.041918751468386,-2.368009342165453,0.03701639758313386,1.010887748735358,-1.6718013766497017,1.658030919450781,-1.6718013766497017,1.658030919450781,0.0,0.0,0.0,0.0,0.0,0.0,0.5937910247284834,0.5937910247284834,0.5937910247284834,0.6035816478364294,0.6035816478364294,0.5368865497913367,0.5368865497913367
59.0,0.059000000000000004,0.001,0.499,8.68527269968759,50.65979738508224,0.15158660504312513,0.8841802627628988,2.075000269949932,-2.405859775646801,2.075000269949932,-2.405859775646801,2.075000269949932,-2.405859775646801,0.03531649078934026,1.0125709834720311,-1.699906793793603,1.6832347366731732,-1.699906793793603,1.6832347366731732,0.0,0.0,0.0,0.0,0.0,0.0,0.6034971955580699,0.6034971955580699,0.6034971955580699,0.6132617696697226,0.6132617696697226,0.5462785771713516,0.5462785771713516
60.0,0.06,0.001,0.499,8.806054561197348,50.51978191443777,0.1536946462031582,0.8817365317964233,2.108041160033063,-2.4437309664755564,2.108041160033063,-2.4437309664755564,2.108041160033063,-2.4437309664755564,0.03358849052003558,1.0142792732087955,-1.7280002693046745,1.708289736764512,-1.7280002693046745,1.708289736764512,0.0,0.0,0.0,0.0,0.0,0.0,0.6131748647882929,0.6131748647882929,0.6131748647882928,0.6229128952667228,0.6229128952667228,0.5556841748717578,0.5556841748717578
61.0,0.061,0.001,0.499,8.928727211970529,50.377595216909064,0.1558356878612994,0.87925490577201,2.1410416581411793,-2.4816260244133015,2.1410416581411793,-2.4816260244133015,2.1410416581411793,-2.4816260244133015,0.031832408941107455,1.0160124664646553,-1.7560815789281292,1.7331932558596594,-1.7560815789281292,1.7331932558596594,0.0,0.0,0.0,0.0,0.0,0.0,0.6228234918067569,0.6228234918067569,0.6228234918067568,0.6325344853998075,0.6325344853998075,0.5651034726912401,0.5651034726912401
62.0,0.062,0.001,0.499,9.053288350207064,50.233235753346996,0.1580096898435587,0.8767353578264392,2.174001982259323,-2.5195479455708054,2.174001982259323,-2.5195479455708054,2.174001982259323,-2.5195479455708054,0.030048258443883338,1.01777040908827,-1.7841504972241164,1.7579426236147666,-1.7841504972241164,1.7579426236147666,0.0,0.0,0.0,0.0,0.0,0.0,0.6324425361692905,0.6324425361692905,0.6324425361692905,0.642126001199188,0.642126001199188,0.5745365959253709,0.5745365959253709
63.0,0.063,0.001,0.499,9.179735685525614,50.08670181951762,0.16021661217524075,0.8741778582152171,2.2069223316820485,-2.5574996112220725,2.2069223316820485,-2.5574996112220725,2.2069223316820485,-2.5574996112220725,0.028236051646342873,1.019552944251511,-1.8122067975404648,1.782535163240897,-1.8122067975404648,1.782535163240897,0.0,0.0,0.0,0.0,0.0,0.0,0.6420314577885697,0.6420314577885697,0.6420314577885696,0.6516869043482492,0.6516869043482492,0.5839836653250112,0.5839836653250112
64.0,0.064,0.001,0.499,9.308066937877303,49.93799155275347,0.16245641506198544,0.8715823744286637,2.2398028867446826,-2.595483786553405,2.2398028867446826,-2.595483786553405,2.2398028867446826,-2.595483786553405,0.02639580139435858,1.0213599124430535,-1.8402502519842927,1.8069681915425466,-1.8402502519842927,1.8069681915425466,0.0,0.0,0.0,0.0,0.0,0.0,0.6515897171334406,0.6515897171334406,0.6515897171334406,0.6612166572903875,0.6612166572903875,0.5934447970567757,0.5934447970567757
65.0,0.065,0.001,0.499,9.438279836443053,49.78710293868037,0.16472905887052317,0.868948871309317,2.2726438085377403,-2.633503119346766,2.2726438085377403,-2.633503119346766,2.2726438085377403,-2.633503119346766,0.02452752076296616,1.0231911514620144,-1.86828063139242,1.8312390189610064,-1.86828063139242,1.8312390189610064,0.0,0.0,0.0,0.0,0.0,0.0,0.6611167754382954,0.6611167754382954,0.6611167754382954,0.6707147234478226,0.6707147234478225,0.602920102665623,0.602920102665623
66.0,0.066,0.001,0.499,9.570372118513609,49.6340338180234,0.16703450410912743,0.8662773111707203,2.305445238604256,-2.671560138596716,2.305445238604256,-2.671560138596716,2.305445238604256,-2.671560138596716,0.022631223057665652,1.025046496411637,-1.896297705300508,1.8553449496225127,-1.896297705300508,1.8553449496225127,0.0,0.0,0.0,0.0,0.0,0.0,0.6706120949245377,0.6706120949245377,0.6706120949245377,0.6801805674528746,0.6801805674528746,0.6124096890396395,0.6124096890396395
67.0,0.067,0.001,0.499,9.704341528351208,49.478781893496034,0.1693727114077472,0.8635676539176601,2.3382072986197775,-2.709657253060167,2.3382072986197775,-2.709657253060167,2.3382072986197775,-2.709657253060167,0.020706921815754797,1.0269257796930282,-1.9243012419108556,1.8792832813911222,-1.9243012419108556,1.8792832813911222,0.0,0.0,0.0,0.0,0.0,0.0,0.6800751390367097,0.6800751390367097,0.6800751390367096,0.6896136553922171,0.6896136553922171,0.6219136583770811,0.6219136583770811
68.0,0.068,0.001,0.499,9.840185816031918,49.32134473677627,0.17174364149780197,0.8608198571679219,2.3709300900547516,-2.747796749738192,2.3709300900547516,-2.747796749738192,2.3709300900547516,-2.747796749738192,0.018754630807696016,1.0288288309989544,-1.9522910080587825,1.903051305926248,-1.9522910080587825,1.903051305926248,0.0,0.0,0.0,0.0,0.0,0.0,0.6895053726889515,0.6895053726889515,0.6895053726889515,0.6990134550646362,0.6990134550646362,0.6314321081557351,0.6314321081557351
69.0,0.069,0.001,0.499,9.977902736267598,49.16171979557359,0.174147255191621,0.8580338763756328,2.403613693819037,-2.7859807922891022,2.403613693819037,-2.7859807922891022,2.403613693819037,-2.7859807922891022,0.016774364038518497,1.0307554773076992,-1.9802667691775167,1.9266463087447887,-1.9802667691775167,1.9266463087447887,0.0,0.0,0.0,0.0,0.0,0.0,0.6989022625269535,0.6989022625269535,0.6989022625269535,0.7083794362528458,0.7083794362528458,0.6409651311046729,0.6409651311046729
70.0,0.07,0.001,0.499,10.117490047206461,48.99990440079092,0.17658351336150926,0.8552096649562607,2.436258169888254,-2.824211419372003,2.436258169888254,-2.824211419372003,2.436258169888254,-2.824211419372003,0.014766135749256979,1.032705542876987,-2.0082282892615178,1.950065569287779,-2.0082282892615178,1.950065569287779,0.0,0.0,0.0,0.0,0.0,0.0,0.708265277203674,0.708265277203674,0.708265277203674,0.7177110710099208,0.7177110710099209,0.650512815178455,0.650512815178455
71.0,0.07100000000000001,0.001,0.499,10.258945509211157,48.835895773785495,0.17905237691842096,0.8523471744133407,2.4688635569116886,-2.862490542920029,2.4688635569116886,-2.862490542920029,2.4688635569116886,-2.862490542920029,0.012729960418428825,1.0346788492379784,-2.0361753308281534,1.9733063609914865,-2.0361753308281534,1.9733063609914865,0.0,0.0,0.0,0.0,0.0,0.0,0.7175938876671364,0.7175938876671364,0.7175938876671364,0.727007833960941,0.727007833960941,0.6600752435338573,0.6600752435338573
72.0,0.07200000000000001,0.001,0.499,10.402266883613331,48.669691033732704,0.1815538067902224,0.8494463544669982,2.5014298718014447,-2.900819946342455,2.5014298718014447,-2.900819946342455,2.5014298718014447,-2.900819946342455,0.010665852763551172,1.0366752151893412,-2.0641076548776534,1.9963659513628762,-2.0641076548776534,1.9963659513628762,0.0,0.0,0.0,0.0,0.0,0.0,0.726887567470111,0.726887567470111,0.726887567470111,0.7362692026204413,0.7362692026204413,0.6696524945091847,0.6696524945091847
73.0,0.073,0.001,0.499,10.547451931443536,48.501287205097135,0.18408776389952494,0.8465071531843433,2.533957109302554,-2.9392012826548757,2.533957109302554,-2.9392012826548757,2.533957109302554,-2.9392012826548757,0.008573827742699911,1.0386944567914007,-2.09202502085126,2.0192416020593638,-2.09202502085126,2.0192416020593638,0.0,0.0,0.0,0.0,0.0,0.0,0.7361457930867271,0.7361457930867271,0.7361457930867271,0.7454946577262958,0.7454946577262956,0.6792446416062388,0.6792446416062388
74.0,0.074,0.001,0.499,10.694498412135426,48.330681225214875,0.18665420914106867,0.8435295171118067,2.566445241543726,-2.9776360725366677,2.566445241543726,-2.9776360725366677,2.566445241543726,-2.9776360725366677,0.0064539005561124185,1.0407363873603734,-2.1199271865874927,2.0419305689727723,-2.1199271865874927,2.0419305689727723,0.0,0.0,0.0,0.0,0.0,0.0,0.7453680442534512,0.7453680442534512,0.7453680442534513,0.7546836835906702,0.7546836835906702,0.688851753475003,0.688851753475003
75.0,0.075,0.001,0.499,10.843404082203051,48.1578699519913,0.1892531033586371,0.8405133914094918,2.598894217568436,-3.0161257023149335,2.598894217568436,-3.0161257023149335,2.598894217568436,-3.0161257023149335,0.004306086647835968,1.0428008174626908,-2.1478139082764502,2.0644301023174045,-2.1478139082764502,2.0644301023174045,0.0,0.0,0.0,0.0,0.0,0.0,0.7545538043228125,0.7545538043228125,0.7545538043228126,0.7638357684687038,0.7638357684687038,0.6984738939011189,0.6984738939011189
76.0,0.076,0.001,0.499,10.994166693890177,47.98285017171868,0.19188440732148312,0.8374587199876176,2.6313039628460357,-3.0546714218741613,2.6313039628460357,-3.0546714218741613,2.6313039628460357,-3.0546714218741613,0.0021304017074239077,1.044887554909413,-2.17568494041206,2.0867374467221462,-2.17568494041206,2.0867374467221462,0.0,0.0,0.0,0.0,0.0,0.0,0.763702560637056,0.763702560637056,0.7637025606370561,0.7729504049455856,0.7729504049455856,0.7081111217962117,0.7081111217962117
77.0,0.077,0.001,0.499,11.146783993790404,47.805618607017855,0.1945480817002457,0.8343654456451267,2.6636743787625767,-3.093274342490845,2.6636743787625767,-3.093274342490845,2.6636743787625767,-3.093274342490845,-7.313832831828959e-05,1.0469964047507394,-2.2035400357421975,2.1088498413265033,-2.2035400357421975,2.1088498413265033,0.0,0.0,0.0,0.0,0.0,0.0,0.7728138049169334,0.7728138049169334,0.7728138049169334,0.7820270903427262,0.7820270903427262,0.7177634911911371,0.7177634911911371
78.0,0.078,0.001,0.499,11.301253721436943,47.62617192490824,0.19724408704233673,0.8312335102105344,2.696005342091033,-3.131935434592336,2.696005342091033,-3.131935434592336,2.696005342091033,-3.131935434592336,-0.0023045172735348765,1.0491271692706199,-2.2313789452165866,2.1307645198804837,-2.2313789452165866,2.1307645198804837,0.0,0.0,0.0,0.0,0.0,0.0,0.7818870336759297,0.7818870336759297,0.7818870336759297,0.7910653271437149,0.7910653271437149,0.7274310512322151,0.7274310512322151
79.0,0.079,0.001,0.499,11.45757360786084,47.444506745010735,0.19997238374677734,0.8280628546850951,2.7282967044406177,-3.1706555254392255,2.7282967044406177,-3.1706555254392255,2.7282967044406177,-3.1706555254392255,-0.004563718691467279,1.0512796479814681,-2.259201417932402,2.152478710848227,-2.259201417932402,2.152478710848227,0.0,0.0,0.0,0.0,0.0,0.0,0.7909217486470844,0.7909217486470844,0.7909217486470844,0.8000646234407969,0.8000646234407969,0.737113846180514,0.737113846180514
80.0,0.08,0.001,0.499,11.615741374116435,47.26061964788776,0.20273293203846224,0.8248534193883645,2.7605482916848887,-3.2094352967306046,2.7605482916848887,-3.2094352967306046,2.7605482916848887,-3.2094352967306046,-0.006850725892544757,1.0534536376189834,-2.2870072010774787,2.173989637515283,-2.2870072010774787,2.173989637515283,0.0,0.0,0.0,0.0,0.0,0.0,0.7999174572365968,0.7999174572365968,0.7999174572365968,0.8090244934025931,0.809024493402593,0.7468119154142536,0.7468119154142536
81.0,0.081,0.001,0.499,11.775754729772807,47.07450718352495,0.2055256919418306,0.821605144106233,2.792759903368345,-3.2482752821315803,2.792759903368345,-3.2482752821315803,2.792759903368345,-3.2482752821315803,-0.009165521932415807,1.0556489321370828,-2.31479603987105,2.1952945180994443,-2.31479603987105,2.1952945180994443,0.0,0.0,0.0,0.0,0.0,0.0,0.8088736729940846,0.8088736729940846,0.8088736729940846,0.8179444577638123,0.8179444577638123,0.7565252934343887,0.7565252934343887
82.0,0.082,0.001,0.499,11.937611371369988,46.88616587995909,0.2083506232539218,0.8183179682415105,2.8249313120912247,-3.2871758647224865,2.8249313120912247,-3.2871758647224865,2.8249313120912247,-3.2871758647224865,-0.011508089609917732,1.0578653227029478,-2.3425676775019246,2.2163905658650265,-2.3425676775019246,2.2163905658650265,0.0,0.0,0.0,0.0,0.0,0.0,0.8177899161087852,0.8177899161087852,0.8177899161087852,0.8268240443377153,0.8268240443377153,0.7662540098734439,0.7662540098734439
83.0,0.083,0.001,0.499,12.101308980838663,46.695592252056585,0.21120768551679406,0.8149918309671412,2.857062262872232,-3.3261372743692865,2.857062262872232,-3.3261372743692865,2.857062262872232,-3.3261372743692865,-0.013878411464981748,1.0601025976921883,-2.3703218550640157,2.2372749892404986,-2.3703218550640157,2.2372749892404986,0.0,0.0,0.0,0.0,0.0,0.0,0.8266657139251915,0.8266657139251915,0.8266657139251916,0.8356627885520996,0.8356627885520996,0.7759980895076581,0.7759980895076581
84.0,0.084,0.001,0.499,12.266845223882065,46.50278281044724,0.21409683798928297,0.8116266713821265,2.8891524724889144,-3.3651595850147316,2.8891524724889144,-3.3651595850147316,2.8891524724889144,-3.3651595850147316,-0.01627646977647088,1.0623605426841276,-2.3980583114891325,2.2579449919393615,-2.3980583114891325,2.2579449919393615,0.0,0.0,0.0,0.0,0.0,0.0,0.8355006014845282,0.8355006014845282,0.8355006014845281,0.8444602340095775,0.8444602340095775,0.7857575522725053,0.7857575522725053
85.0,0.085,0.001,0.499,12.434217748318785,46.307734070617784,0.21701803961807842,0.8082224286702366,2.9212016287954548,-3.404242711889912,2.9212016287954548,-3.404242711889912,2.9212016287954548,-3.404242711889912,-0.01870224655994783,1.0646389404572119,-2.4257767834769517,2.2783977730841665,-2.4257767834769517,2.2783977730841665,0.0,0.0,0.0,0.0,0.0,0.0,0.8442941220908311,0.8442941220908311,0.8442941220908312,0.8532159330729406,0.8532159330729406,0.7955324132816555,0.7955324132816555
86.0,0.08600000000000001,0.001,0.499,12.6034241823852,46.11044256216966,0.21997124900809606,0.8047790422615907,2.953209390017632,-3.4433864086459343,2.953209390017632,-3.4433864086459343,2.953209390017632,-3.4433864086459343,-0.021155723565369905,1.0669375709845454,-2.4534770054220743,2.298630527333573,-2.4534770054220743,2.298630527333573,0.0,0.0,0.0,0.0,0.0,0.0,0.8530458279006508,0.8530458279006508,0.8530458279006506,0.8619294474763944,0.8619294474763944,0.805322682849437,0.805322682849437
87.0,0.08700000000000001,0.001,0.499,12.774462132996163,45.91090483824587,0.2229564243921208,0.8012964519971851,2.9851753840247475,-3.482590264405543,2.9851753840247475,-3.482590264405543,2.9851753840247475,-3.482590264405543,-0.02363688227470799,1.0692562114295578,-2.4811587093380867,2.318640445012341,-2.4811587093380867,2.318640445012341,0.0,0.0,0.0,0.0,0.0,0.0,0.8617552805381196,0.8617552805381196,0.8617552805381196,0.8706003489634595,0.8706003489634596,0.8151283665168618,0.8151283665168618
88.0,0.088,0.001,0.499,12.947329183962665,45.709117485131245,0.2259735235996991,0.7977745982964505,3.0170992075783176,-3.5218537007346153,3.0170992075783176,-3.5218537007346153,3.0170992075783176,-3.5218537007346153,-0.026145703899486523,1.071594636141802,-2.5088216247785318,2.338424712244149,-2.5088216247785318,2.338424712244149,0.0,0.0,0.0,0.0,0.0,0.0,0.8704220517405794,0.8704220517405794,0.8704220517405794,0.879228219952338,0.879228219952338,0.8249494650812762,0.8249494650812762
89.0,0.089,0.001,0.499,13.122022894165104,45.50507713203086,0.22902250402525648,0.7942134223279169,3.0489804255573816,-3.561175968533583,3.0489804255573816,-3.561175968533583,3.0489804255573816,-3.561175968533583,-0.028682169378241234,1.0739526166528892,-2.53646547875471,2.357980511087137,-2.53646547875471,2.357980511087137,0.0,0.0,0.0,0.0,0.0,0.0,0.8790457240293297,0.8790457240293297,0.8790457240293297,0.8878126542295343,0.8878126542295343,0.8347859746296962,0.8347859746296962
90.0,0.09,0.001,0.499,13.298540795680816,45.29878046103112,0.23210332259541674,0.7906128661830679,3.080818570160279,-3.60055614484895,3.080818570160279,-3.60055614484895,3.080818570160279,-3.60055614484895,-0.031246259373891448,1.0763299216725613,-2.5640899956502134,2.3773050196720678,-2.5640899956502134,2.3773050196720678,0.0,0.0,0.0,0.0,0.0,0.0,0.8876258914050439,0.8876258914050439,0.8876258914050439,0.8963532576725253,0.8963532576725253,0.844637886575886,0.844637886575886
91.0,0.091,0.001,0.499,13.476880391864523,45.09022421724812,0.23521593573549954,0.7869728730534626,3.1126131400828023,-3.6399931296052315,3.1126131400828023,-3.6399931296052315,3.1126131400828023,-3.6399931296052315,-0.03383795427102357,1.0787263170849042,-2.5916948971321174,2.3963954123429994,-2.5916948971321174,2.3963954123429994,0.0,0.0,0.0,0.0,0.0,0.0,0.8961621600801482,0.8961621600801482,0.8961621600801482,0.9048496490022592,0.9048496490022591,0.8545051877012407,0.8545051877012407
92.0,0.092,0.001,0.499,13.657039155380328,44.879405219167765,0.2383602993351722,0.7832933874112048,3.1443635996726638,-3.67948564225779,3.1443635996726638,-3.67948564225779,3.1443635996726638,-3.67948564225779,-0.036457234173082304,1.0811415659447046,-2.619279902058732,2.4152488598003674,-2.619279902058732,2.4152488598003674,0.0,0.0,0.0,0.0,0.0,0.0,0.9046541492350045,0.9046541492350045,0.9046541492350045,0.9133014605662615,0.9133014605662615,0.8643878601995268,0.8643878601995268
93.0,0.093,0.001,0.499,13.839014526183922,44.666320369182145,0.24153636871323245,0.7795743551928376,3.176069378060243,-3.7190322183672095,3.176069378060243,-3.7190322183672095,3.176069378060243,-3.7190322183672095,-0.039104078899466134,1.083575428473951,-2.646844726383833,2.4338625292463725,-2.646844726383833,2.4338625292463725,0.0,0.0,0.0,0.0,0.0,0.0,0.9131014918075729,0.9131014918075729,0.9131014918075729,0.921708339153104,0.921708339153104,0.8742858817255388,0.8742858817255388
94.0,0.094,0.001,0.499,14.022803909453598,44.45096666432668,0.2447440985814981,0.7758157239867416,3.2077298682656465,-3.758631206096038,3.2077298682656465,-3.758631206096038,3.2077298682656465,-3.758631206096038,-0.04177846798252342,1.0860276620584834,-2.6743890830572905,2.45223358453257,-2.6743890830572905,2.45223358453257,0.0,0.0,0.0,0.0,0.0,0.0,0.9215038353116712,0.9215038353116712,0.9215038353116712,0.9300699468389786,0.9300699468389786,0.8841992254477269,0.8841992254477269
95.0,0.095,0.001,0.499,14.208404673468793,44.23334120722231,0.24798344300778025,0.7720174432241127,3.2393444262821425,-3.7982807626289308,3.2393444262821425,-3.7982807626289308,3.2393444262821425,-3.7982807626289308,-0.04448038066444543,1.088498021244793,-2.701912681922003,2.470359186309561,-2.701912681922003,2.470359186309561,0.0,0.0,0.0,0.0,0.0,0.0,0.9298608426921013,0.9298608426921013,0.9298608426921013,0.9383859618671002,0.9383859618671002,0.8941278601048495,0.8941278601048495
96.0,0.096,0.001,0.499,14.395814147434725,44.0134412172272,0.25125435537791635,0.7681794643735953,3.2709123701360987,-3.837978850517436,3.2709123701360987,-3.837978850517436,3.2709123701360987,-3.837978850517436,-0.047209795894052484,1.0909862577369718,-2.729415229607057,2.488236492178682,-2.729415229607057,2.488236492178682,0.0,0.0,0.0,0.0,0.0,0.0,0.9381721932082318,0.9381721932082318,0.9381721932082318,0.9466560795606268,0.9466560795606268,0.9040717500667005,0.9040717500667005
97.0,0.097,0.001,0.499,14.585029619251861,43.79126404180199,0.2545567883568399,0.7643017411396444,3.3024329789235978,-3.8777232339509045,3.3024329789235978,-3.8777232339509045,3.3024329789235978,-3.8777232339509045,-0.049966692323469515,1.0934921203938173,-2.7568964294170297,2.505862656845598,-2.7568964294170297,2.505862656845598,0.0,0.0,0.0,0.0,0.0,0.0,0.9464375833528285,0.9464375833528285,0.9464375833528285,0.9548800132697625,0.9548800132697624,0.9140308553989682,0.9140308553989682
98.0,0.098,0.001,0.499,14.776048333228864,43.566807168092986,0.2578906938486639,0.7603842296646892,3.3339054918239825,-3.917511474955249,3.3339054918239825,-3.917511474955249,3.3339054918239825,-3.917511474955249,-0.052751048304686875,1.096015355226093,-2.784355981217357,2.5232348322757,-2.784355981217357,2.5232348322757,0.0,0.0,0.0,0.0,0.0,0.0,0.9546567278056246,0.9546567278056246,0.9546567278056245,0.9630574953536635,0.9630574953536635,0.9240051319322684,0.9240051319322684
99.0,0.099,0.001,0.499,14.968867487737688,43.34006823473702,0.26125602295575456,0.7564268887351676,3.365329107090634,-3.9573409295215605,3.365329107090634,-3.9573409295215605,3.365329107090634,-3.9573409295215605,-0.05556284188600255,1.098555705393944,-2.8117935813156736,2.540350167851209,-2.8117935813156736,2.540350167851209,0.0,0.0,0.0,0.0,0.0,0.0,0.9628293604216462,0.9628293604216462,0.9628293604216462,0.9711882781977367,0.9711882781977367,0.9339945313354066,0.9339945313354066
100.0,0.1,0.001,0.499,15.163484232809601,43.11104504389212,0.2646527259367739,0.7524296799915008,3.3967029810193776,-3.9972087436668646,3.3967029810193776,-3.9972087436668646,3.3967029810193776,-3.9972087436668646,-0.05840205080834161,1.101112911204474,-2.839208922339065,2.557205810529899,-2.839208922339065,2.557205810529899,0.0,0.0,0.0,0.0,0.0,0.0,0.9709552352530278,0.9709552352530278,0.9709552352530277,0.9792721352668545,0.9792721352668545,0.9439990011929106,0.9439990011929106
101.0,0.101,0.001,0.499,15.35989566767084,42.87973557349754,0.2680807521636689,0.7483925681420711,3.428026226894971,-4.03711184942962,3.428026226894971,-4.03711184942962,3.428026226894971,-4.03711184942962,-0.06126865250144875,1.1036867101094794,-2.866601693107134,2.573798905005342,-2.866601693107134,2.573798905005342,0.0,0.0,0.0,0.0,0.0,0.0,0.9790341276096013,0.9790341276096013,0.9790341276096013,0.987308862194968,0.987308862194968,0.9540184850868838,0.9540184850868838
102.0,0.10200000000000001,0.001,0.499,15.558098838216651,42.6461379897669,0.27154005007758514,0.7443155211812682,3.4592979139162345,-4.077046960802896,3.4592979139162345,-4.077046960802896,3.4592979139162345,-4.077046960802896,-0.06416262407994958,1.106276836703348,-2.8939715785008238,2.5901265938685887,-2.8939715785008238,2.5901265938685887,0.0,0.0,0.0,0.0,0.0,0.0,0.9870658351539701,0.9870658351539701,0.9870658351539701,0.9952982779115285,0.9952982779115285,0.9640529226832188,0.9640529226832188
103.0,0.10300000000000001,0.001,0.499,15.758090734422591,42.41025065991759,0.27503056714368557,0.7401985106116598,3.4905170661004563,-4.117010569608501,3.4905170661004563,-4.117010569608501,3.4905170661004563,-4.117010569608501,-0.06708394233927648,1.1088830227211193,-2.921318259326906,2.606186017771202,-2.921318259326906,2.606186017771202,0.0,0.0,0.0,0.0,0.0,0.0,0.9950501790327662,0.9950501790327662,0.9950501790327662,1.0032402258050617,1.0032402258050617,0.9741022498222156,0.9741022498222156
104.0,0.10400000000000001,0.001,0.499,15.959868287691908,42.172072165139845,0.2785522498048534,0.736041511670344,3.5216826611678154,-4.156998941315744,3.5216826611678154,-4.156998941315744,3.5216826611678154,-4.156998941315744,-0.07003258375145455,1.1115049970367088,-2.948641412178076,2.6219743155895516,-2.948641412178076,2.6219743155895516,0.0,0.0,0.0,0.0,0.0,0.0,1.0029870050486018,1.0029870050486018,1.0029870050486018,1.0111345749241574,1.0111345749241574,0.9841663986136415,0.9841663986136415
105.0,0.105,0.001,0.499,16.163428368137875,41.931601313808315,0.28210504343426,0.7318445035595351,3.552793629406662,-4.197008110808869,3.552793629406662,-4.197008110808869,3.552793629406662,-4.197008110808869,-0.07300852446074312,1.1141424856612991,-2.975940709288573,2.637488624590298,-2.975940709288573,2.637488624590298,0.0,0.0,0.0,0.0,0.0,0.0,1.0108761848635983,1.0108761848635983,1.0108761848635983,1.0189812212160445,1.0189812212160447,0.9942452975362778,0.9942452975362778
106.0,0.106,0.001,0.499,16.36876778180011,41.688837154938795,0.2856888922867806,0.7276074696814274,3.583848852520613,-4.237033878107667,3.583848852520613,-4.237033878107667,3.583848852520613,-4.237033878107667,-0.07601174027912838,1.1167952117418962,-3.0032158183852626,2.6527260805969815,-3.0032158183852626,2.6527260805969815,0.0,0.0,0.0,0.0,0.0,0.0,1.0187176172466539,1.0187176172466539,1.0187176172466539,1.0267800888028302,1.0267800888028302,1.0043388715419812,1.0043388715419812
107.0,0.107,0.001,0.499,16.575883267793824,41.44377899189254,0.28930373944923915,0.7233303978773812,3.6148471624585254,-4.277071804046194,3.6148471624585254,-4.277071804046194,3.6148471624585254,-4.277071804046194,-0.0790422066816625,1.1194628955600539,-3.030466402534114,2.6676838181576477,-3.030466402534114,2.6676838181576477,0.0,0.0,0.0,0.0,0.0,0.0,1.0265112293532352,1.0265112293532352,1.0265112293532352,1.0345311312953769,1.0345311312953769,1.0144470421643,1.0144470421643
108.0,0.108,0.001,0.499,16.784771495391148,41.1964263963303,0.29294952678946773,0.7190132806714662,3.645787340228556,-4.317117205915013,3.645787340228556,-4.317117205915013,3.645787340228556,-4.317117205915013,-0.08209989880164449,1.1221452545307673,-3.057692119982002,2.682358970713433,-3.057692119982002,2.682358970713433,0.0,0.0,0.0,0.0,0.0,0.0,1.0342569780453748,1.0342569780453748,1.034256978045375,1.0422343331446553,1.0422343331446553,1.0245697276316783,1.0245697276316783
109.0,0.109,0.001,0.499,16.995429061033644,40.94677922241775,0.29662619490416536,0.7146561155183934,3.676668114697624,-4.3571651530728674,3.676668114697624,-4.3571651530728674,3.676668114697624,-4.3571651530728674,-0.08518479142563827,1.1248420032015354,-3.084892623993778,2.696748670768044,-3.084892623993778,2.696748670768044,0.0,0.0,0.0,0.0,0.0,0.0,1.041954851247856,1.041954851247856,1.041954851247856,1.049889711030306,1.0498897110303063,1.0347068429852748,1.0347068429852748
110.0,0.11,0.001,0.499,17.207852485275307,40.694837621283774,0.30033368306554314,0.7102589050558591,3.707488161377757,-4.397210462534253,3.707488161377757,-4.397210462534253,3.707488161377757,-4.397210462534253,-0.08829685898832282,1.1275528532515935,-3.112067562684546,2.7108500500580712,-3.112067562684546,2.7108500500580712,0.0,0.0,0.0,0.0,0.0,0.0,1.0496048693423254,1.0496048693423254,1.0496048693423252,1.057497315285981,1.057497315285981,1.044858300201427,1.044858300201427
111.0,0.111,0.001,0.499,17.422038209655355,40.440602055732484,0.3040719291667441,0.7058216573613192,3.7382461012009247,-4.437247694539862,3.7382461012009247,-4.437247694539862,3.7382461012009247,-4.437247694539862,-0.0914360755671699,1.1302775134913177,-3.139216578847088,2.724660239724069,-3.139216578847088,2.724660239724069,0.0,0.0,0.0,0.0,0.0,0.0,1.0572070865968188,1.0572070865968188,1.0572070865968188,1.065057231360891,1.065057231360891,1.055024008318789,1.055024008318789
112.0,0.112,0.001,0.499,17.63798259350027,40.18407331520966,0.30784086966602825,0.7013443862132017,3.768940499284146,-4.477271148117518,3.768940499284146,-4.477271148117518,3.768940499284146,-4.477271148117518,-0.09460241487694428,1.1330156898618,-3.1663393097743784,2.738176370482352,-3.1663393097743784,2.738176370482352,0.0,0.0,0.0,0.0,0.0,0.0,1.0647615926331877,1.0647615926331877,1.0647615926331877,1.0725695813168221,1.0725695813168221,1.0652038735701634,1.0652038735701634
113.0,0.113,0.001,0.499,17.855681910654617,39.925252531023524,0.31164043952971504,0.69682711135656,3.7995698636867985,-4.517274856641789,3.7995698636867985,-4.517274856641789,3.7995698636867985,-4.517274856641789,-0.09779585026402142,1.1357670854345974,-3.1934353870771464,2.7513955727974513,-3.1934353870771464,2.7513955727974513,0.0,0.0,0.0,0.0,0.0,0.0,1.07226851392524,1.07226851392524,1.07226851392524,1.0800345253596895,1.0800345253596895,1.0753977995190527,1.0753977995190527
114.0,0.114,0.001,0.499,18.075132346140393,39.664141191819546,0.31547057217387725,0.6922698587731588,3.830132644162236,-4.55725258340113,3.830132644162236,-4.55725258340113,3.830132644162236,-4.55725258340113,-0.10101635470051784,1.1385314004116525,-3.220504436496422,2.764314977055183,-3.220504436496422,2.764314977055183,0.0,0.0,0.0,0.0,0.0,0.0,1.0797280153379218,1.0797280153379218,1.0797280153379218,1.08745226340452,1.08745226340452,1.085605687200944,1.085605687200944
115.0,0.115,0.001,0.499,18.29632999274459,39.40074115930826,0.3193311994047833,0.6876726609559768,3.86062723090601,-4.597197817182074,3.86062723090601,-4.597197817182074,3.86062723090601,-4.597197817182074,-0.10426390077822888,1.1413083321253887,-3.247546077711031,2.7769317137362868,-3.247546077711031,2.7769317137362868,0.0,0.0,0.0,0.0,0.0,0.0,1.0871403016930818,1.0871403016930818,1.0871403016930818,1.0948230366725324,1.0948230366725324,1.0958274352693567,1.0958274352693567
116.0,0.116,0.001,0.499,18.519270847534994,39.13505468424448,0.32322225135808647,0.683035557188096,3.8910519533031653,-4.63710376788069,3.8910519533031653,-4.63710376788069,3.8910519533031653,-4.63710376788069,-0.10753846070236887,1.1440975750389792,-3.2745599241399908,2.789242913590589,-3.2745599241399908,2.789242913590589,0.0,0.0,0.0,0.0,0.0,0.0,1.0945056193710236,1.0945056193710236,1.0945056193710236,1.1021471293187615,1.1021471293187615,1.106062940146647,1.106062940146647
117.0,0.117,0.001,0.499,18.74395080830437,38.86708442265584,0.32714365643676374,0.6783585938259438,3.9214050786772816,-4.67696336215225,3.9214050786772816,-4.67696336215225,3.9214050786772816,-4.67696336215225,-0.11084000628510864,1.146898820746791,-3.301545582739764,2.8012457078116615,-3.301545582739764,2.8012457078116615,0.0,0.0,0.0,0.0,0.0,0.0,1.101824257940006,1.101824257940006,1.101824257940006,1.109424870088443,1.109424870088443,1.1163120961796082,1.1163120961796082
118.0,0.11800000000000001,0.001,0.499,18.970365669943153,38.59683345231766,0.3310953412478079,0.673641824586833,3.9516848110441374,-4.716769239110815,3.9516848110441374,-4.716769239110815,3.9516848110441374,-4.716769239110815,-0.11416850893890497,1.149711757975003,-3.3285026537963383,2.8129372282119363,-3.3285026537963383,2.8129372282119363,0.0,0.0,0.0,0.0,0.0,0.0,1.1090965518148066,1.1090965518148066,1.1090965518148064,1.1166566340000954,1.1166566340000954,1.126574795799849,1.126574795799849
119.0,0.11900000000000001,0.001,0.499,19.198511120741223,38.32430528947067,0.33507723053768096,0.6688853108407418,3.9818892898730827,-4.756513746091216,3.9818892898730827,-4.756513746091216,3.9818892898730827,-4.756513746091216,-0.11752393966961706,1.1525360725824012,-3.355430730712095,2.8243146073982563,-3.355430730712095,2.8243146073982563,0.0,0.0,0.0,0.0,0.0,0.0,1.1163228819420514,1.1163228819420514,1.1163228819420514,1.1238428440529922,1.1238428440529922,1.1368509296889784,1.1368509296889784
120.0,0.12,0.001,0.499,19.42838273861934,38.049503905777236,0.33908924712654037,0.664089121906255,4.012016588859426,-4.796188934486738,4.012016588859426,-4.796188934486738,4.012016588859426,-4.796188934486738,-0.12090626906940449,1.155371447561349,-3.382329399787435,2.8353749789478355,-3.382329399787435,2.8353749789478355,0.0,0.0,0.0,0.0,0.0,0.0,1.1235036775069593,1.1235036775069593,1.1235036775069593,1.1309839729563989,1.1309839729563989,1.1471403869485883,1.1471403869485883
121.0,0.121,0.001,0.499,19.659975987291052,37.77243374551086,0.34313131184125173,0.6592533353505784,4.04206471471137,-4.835786555676612,4.04206471471137,-4.835786555676612,4.04206471471137,-4.835786555676612,-0.12431546730940163,1.1582175630389335,-3.4091982399971377,2.8461154775846094,-3.4091982399971377,2.8461154775846094,0.0,0.0,0.0,0.0,0.0,0.0,1.1306394176650816,1.1306394176650816,1.1306394176650816,1.1380805448776663,1.1380805448776663,1.1574430552750417,1.1574430552750417
122.0,0.122,0.001,0.499,19.893286212356166,37.49309974297309,0.347203343447207,0.6543780372935201,4.07203160595525,-4.8752980570583375,4.07203160595525,-4.8752980570583375,4.07203160595525,-4.8752980570583375,-0.12775150413216305,1.1610740962782895,-3.436036822761428,2.856533239355964,-3.436036822761428,2.856533239355964,0.0,0.0,0.0,0.0,0.0,0.0,1.1377306332889012,1.1377306332889012,1.137730633288901,1.145133137205921,1.145133137205921,1.1677588211390617,1.1677588211390617
123.0,0.123,0.001,0.499,20.12830863732704,37.211507340130765,0.3513052585789701,0.6494633227153194,4.101915131763101,-4.914714578200664,4.101915131763101,-4.914714578200664,4.101915131763101,-4.914714578200664,-0.13121434884387478,1.1639407216800994,-3.4628447117117336,2.8666254018098356,-3.4628447117117336,2.8666254018098356,0.0,0.0,0.0,0.0,0.0,0.0,1.1447779087289973,1.1447779087289973,1.1447779087289973,1.1521423823277845,1.1521423823277845,1.1780875699701194,1.1780875699701194
124.0,0.124,0.001,0.499,20.365038359589224,36.927662504465914,0.3554369716697769,0.6445092957681854,4.1317130908067705,-4.954026947134022,4.1317130908067705,-4.954026947134022,4.1317130908067705,-4.954026947134022,-0.1347039703063259,1.1668171107842715,-3.489621462451113,2.8763891041721696,-3.489621462451113,2.8763891041721696,0.0,0.0,0.0,0.0,0.0,0.0,1.1517818835906648,1.1517818835906648,1.1517818835906648,1.1591089694111576,1.1591089694111576,1.1884291863456091,1.1884291863456091
125.0,0.125,0.001,0.499,20.60347034629821,36.64157174702915,0.35959839487992,0.6395160700913893,4.161423210143115,-4.993225676796076,4.161423210143115,-4.993225676796076,4.161423210143115,-4.993225676796076,-0.13822033692863522,1.1697029322717962,-3.516366622309348,2.885821487524748,-3.516366622309348,2.885821487524748,0.0,0.0,0.0,0.0,0.0,0.0,1.158743254511616,1.158743254511616,1.158743254511616,1.1660336461927607,1.1660336461927607,1.1987835541848073,1.1987835541848073
126.0,0.126,0.001,0.499,20.843599430214383,36.353242140686916,0.363789438024055,0.6344837691297384,4.191043144134997,-5.032300961651015,4.191043144134997,-5.032300961651015,4.191043144134997,-5.032300961651015,-0.1417634166587279,1.1725978519667797,-3.543079730092687,2.8949196949833813,-3.543079730092687,2.8949196949833813,0.0,0.0,0.0,0.0,0.0,0.0,1.1656627769492154,1.1656627769492154,1.1656627769492154,1.1729172207647127,1.1729172207647125,1.2091505569475927,1.2091505569475927
127.0,0.127,0.001,0.499,21.085420305478486,36.062681338551315,0.3680100084974681,0.6294125264552363,4.220570473413128,-5.071242674502134,4.220570473413128,-5.071242674502134,4.220570473413128,-5.071242674502134,-0.14533317697455614,1.1755015328386562,-3.5697603158282383,2.9036808718764786,-3.5697603158282383,2.9036808718764786,0.0,0.0,0.0,0.0,0.0,0.0,1.1725412669583097,1.1725412669583097,1.1725412669583095,1.1797605633550203,1.1797605633550203,1.2195300778379186,1.2195300778379186
128.0,0.128,0.001,0.499,21.328927523330226,35.76989759258022,0.3722600112013521,0.624302486091718,4.250002703884003,-5.110040363518211,4.250002703884003,-5.110040363518211,4.250002703884003,-5.110040363518211,-0.14892958487505917,1.1784136350045802,-3.5964079005030167,2.9121021659240087,-3.5964079005030167,2.9121021659240087,0.0,0.0,0.0,0.0,0.0,0.0,1.179379602969538,1.179379602969538,1.179379602969538,1.1865646080964456,1.1865646080964456,1.2299220000120095,1.2299220000120095
129.0,0.129,0.001,0.499,21.574115487773017,35.474899772334446,0.3765393484671416,0.6191538028422229,4.279337265789487,-5.1486832494951384,4.279337265789487,-5.1486832494951384,4.279337265789487,-5.1486832494951384,-0.1525526068708568,1.181333815731997,-3.6230219957976404,2.9201807274168665,-3.6230219957976404,2.9201807274168665,0.0,0.0,0.0,0.0,0.0,0.0,1.1861787275486124,1.1861787275486124,1.1861787275486124,1.1933303547777532,1.1933303547777532,1.2403262067912666,1.2403262067912666
130.0,0.13,0.001,0.499,21.820978451188118,35.17769738387691,0.3808479199799654,0.6139666426188477,4.308571512823836,-5.18716022337522,4.308571512823836,-5.18716022337522,4.308571512823836,-5.18716022337522,-0.15620220897467152,1.1842617294413937,-3.6496021038146953,2.9279137093966723,-3.6496021038146953,2.9279137093966723,0.0,0.0,0.0,0.0,0.0,0.0,1.1929396491413322,1.1929396491413322,1.1929396491413324,1.200058870570917,1.200058870570917,1.2507425818798472,1.2507425818798472
131.0,0.131,0.001,0.499,22.069510509901836,34.878300588797906,0.38518562270127965,0.6087411827748003,4.337702721314222,-5.225459844047479,4.337702721314222,-5.225459844047479,4.337702721314222,-5.225459844047479,-0.1598783566914733,1.1871970277092299,-3.676147716801776,2.935298267836026,-3.676147716801776,2.935298267836026,0.0,0.0,0.0,0.0,0.0,0.0,1.1996634437891223,1.1996634437891223,1.1996634437891223,1.2067512917273873,1.2067512917273873,1.2611710095868889,1.2611710095868889
132.0,0.132,0.001,0.499,22.319705599709753,34.57672022334887,0.38955235079075073,0.603477612438347,4.366728089471075,-5.2635703364532755,4.366728089471075,-5.2635703364532755,4.366728089471075,-5.2635703364532755,-0.16358101500834252,1.1901393592710492,-3.702658316869222,2.9423315618192514,-3.702658316869222,2.9423315618192514,0.0,0.0,0.0,0.0,0.0,0.0,1.2063512568174448,1.2063512568174448,1.2063512568174448,1.213408825236053,1.213408825236053,1.2716113750533475,1.2716113750533475
133.0,0.133,0.001,0.499,22.57155749136241,34.272967817665844,0.39394799552746557,0.5981761328483245,4.395644736714833,-5.301479590022433,4.395644736714833,-5.301479590022433,4.395644736714833,-5.301479590022433,-0.1673101483840451,1.1930883700247727,-3.729133375702572,2.949010753723658,-3.729133375702572,2.949010753723658,0.0,0.0,0.0,0.0,0.0,0.0,1.2130043044794574,1.2130043044794574,1.2130043044794574,1.2200327504350645,1.2200327504350645,1.2820635644834049,1.2820635644834049
134.0,0.134,0.001,0.499,22.825059786017142,33.967055615061945,0.3983724452305515,0.5928369576908585,4.424449703085896,-5.339175157465959,4.424449703085896,-5.339175157465959,4.424449703085896,-5.339175157465959,-0.17106572073831486,1.1960437030341742,-3.7555723542697668,2.9553330094013712,-3.7555723542697668,2.9553330094013712,0.0,0.0,0.0,0.0,0.0,0.0,1.2196238755556068,1.2196238755556068,1.219623875555607,1.2266244205691803,1.2266244205691803,1.2925274653804069,1.2925274653804069
135.0,0.135,0.001,0.499,23.080205910661327,33.65899659136721,0.40282558517929634,0.5874603134369062,4.453139948744879,-5.376644253952319,4.453139948744879,-5.376644253952319,4.453139948744879,-5.376644253952319,-0.17484769544083797,1.199004998532536,-3.7819747025231245,2.9612954983617636,-3.7819747025231245,2.9612954983617636,0.0,0.0,0.0,0.0,0.0,0.0,1.226211332895717,1.226211332895717,1.2262113328957172,1.2331852642838466,1.2331852642838466,1.3030029667872847,1.3030029667872847
136.0,0.136,0.001,0.499,23.336989113512555,33.34880447429195,0.40730729753286676,0.5820464396802112,4.481712353570437,-5.413873756695023,4.481712353570437,-5.413873756695023,4.481712353570437,-5.413873756695023,-0.17865603529993412,1.2019718939264905,-3.8083398590961366,2.9668953939545393,-3.8083398590961366,2.9668953939545393,0.0,0.0,0.0,0.0,0.0,0.0,1.232768114896342,1.232768114896342,1.232768114896342,1.2397167870467065,1.2397167870467065,1.3134899595314071,1.3134899595314071
137.0,0.137,0.001,0.499,23.595402459401793,33.036493762788574,0.41181746124972896,0.5765955894752312,4.510163716862181,-5.450850204980061,4.510163716862181,-5.450850204980061,4.510163716862181,-5.450850204980061,-0.18249070255092925,1.204944023800044,-3.8346672509951176,2.9721298735535213,-3.8346672509951176,2.9721298735535213,0.0,0.0,0.0,0.0,0.0,0.0,1.2392957369047868,1.2392957369047868,1.2392957369047868,1.2462205724867779,1.2462205724867779,1.323988336473808,1.323988336473808
138.0,0.138,0.001,0.499,23.85543882514599,32.72207974638497,0.41635595200688535,0.5711080296745688,4.538490757156406,-5.487559800662437,4.538490757156406,-5.487559800662437,4.538490757156406,-5.487559800662437,-0.186351658844215,1.207921019918785,-3.860956293285759,2.9769961187411997,-3.860956293285759,2.9769961187411997,0.0,0.0,0.0,0.0,0.0,0.0,1.2457957925386345,1.2457957925386345,1.2457957925386345,1.25269828364106,1.25269828364106,1.334497992762736,1.334497992762736
139.0,0.139,0.001,0.499,24.117090894917027,32.405578524460815,0.4209226421190479,0.5655840412654071,4.566690112162531,-5.52398840916167,4.566690112162531,-5.52398840916167,4.566690112162531,-5.52398840916167,-0.19023886523298963,1.2109025112342793,-3.887206388774639,2.981491315494092,-3.887206388774639,2.981491315494092,0.0,0.0,0.0,0.0,0.0,0.0,1.252269954911306,1.252269954911306,1.2522699549113063,1.2591516640978904,1.2591516640978901,1.3450188260914508,1.3450188260914508
140.0,0.14,0.001,0.499,24.380351155614427,32.087007025436584,0.42551740045787617,0.5600239197044203,4.594758338828301,-5.560121560986736,4.594758338828301,-5.560121560986736,4.594758338828301,-5.560121560986736,-0.19415228216067537,1.2138881238886483,-3.913416927685746,2.985612654368985,-3.913416927685746,2.985612654368985,0.0,0.0,0.0,0.0,0.0,0.0,1.2587199777508806,1.2587199777508806,1.2587199777508806,1.2655825390259032,1.2655825390259032,1.355550736960205,1.355550736960205
141.0,0.14100000000000001,0.001,0.499,24.645211892249637,31.76638302584298,0.43014009237141815,0.554427975250599,4.622691913541986,-5.5959444538213505,4.622691913541986,-5.5959444538213505,4.622691913541986,-5.5959444538213505,-0.19809186944800744,1.2168774812193384,-3.9395872873320754,2.98935733069012,-3.9395872873320754,2.98935733069012,0.0,0.0,0.0,0.0,0.0,0.0,1.2651476964077393,1.2651476964077393,1.2651476964077393,1.271992816077077,1.271992816077077,1.3660936289423402,1.3660936289423402
142.0,0.14200000000000002,0.001,0.499,24.91166518335021,31.443725169237066,0.434790579603898,0.548796533295398,4.650487232479873,-5.631441955200907,4.650487232479873,-5.631441955200907,4.650487232479873,-5.631441955200907,-0.2020575862797898,1.2198702037640758,-3.9657168317823728,2.9927225447373877,-3.9657168317823728,2.9927225447373877,0.0,0.0,0.0,0.0,0.0,0.0,1.2715550287277722,1.2715550287277722,1.2715550287277722,1.2783844861519258,1.2783844861519258,1.3766474089544103,1.3766474089544103
143.0,0.14300000000000002,0.001,0.499,25.179702896392712,31.119052984929287,0.43946872021600547,0.5431299346895854,4.678140612107482,-5.666598605812621,4.678140612107482,-5.666598605812621,4.678140612107482,-5.666598605812621,-0.2060493911913129,1.2228659092660115,-3.991804911523087,2.9957055019356065,-3.991804911523087,2.9957055019356065,0.0,0.0,0.0,0.0,0.0,0.0,1.2779439757914866,1.2779439757914866,1.2779439757914866,1.2847596240145793,1.2847596240145793,1.3872119875302538,1.3872119875302538
144.0,0.14400000000000002,0.001,0.499,25.44931668327367,30.792386906483873,0.4441743685058484,0.5374285360661348,4.705648289842945,-5.701398623450574,4.705648289842945,-5.701398623450574,4.705648289842945,-5.701398623450574,-0.21006724205442853,1.2258642126790564,-4.017850863115624,2.99830341304496,-4.017850863115624,2.99830341304496,0.0,0.0,0.0,0.0,0.0,0.0,1.2843166224994669,1.2843166224994669,1.2843166224994669,1.291120388745166,1.291120388745166,1.3977872790989259,1.3977872790989259
145.0,0.145,0.001,0.499,25.720497975828227,30.46374828995331,0.44890737493073946,0.5316927101584774,4.733006424891044,-5.735825907657368,4.733006424891044,-5.735825907657368,4.733006424891044,-5.735825907657368,-0.2141110960632775,1.2288647261734091,-4.043854008848969,3.0005134943526657,-4.043854008848969,3.0005134943526657,0.0,0.0,0.0,0.0,0.0,0.0,1.2906751379916224,1.2906751379916224,1.2906751379916224,1.2974690240166784,1.2974690240166786,1.4083732022663944,1.4083732022663944
146.0,0.146,0.001,0.499,25.993237981406946,30.133159431805716,0.4536675860299958,0.5259228461133935,4.76021109925634,-5.769864045083916,4.76021109925634,-5.769864045083916,4.76021109925634,-5.769864045083916,-0.21818090971966528,1.231867059141275,-4.06981365638779,3.002332967865958,-4.06981365638779,3.002332967865958,0.0,0.0,0.0,0.0,0.0,0.0,1.297021775892664,1.297021775892664,1.297021775892664,1.3038078581832722,1.3038078581832722,1.4189696801009042,1.4189696801009042
147.0,0.147,0.001,0.499,26.26752767852132,29.800643586502193,0.45845484434893957,0.5201193497977948,4.787258318943803,-5.803496315598614,4.787258318943803,-5.803496315598614,4.787258318943803,-5.803496315598614,-0.22227663881808135,1.2348708182027814,-4.0957290984160855,3.003759061506467,-4.0957290984160855,3.003759061506467,0.0,0.0,0.0,0.0,0.0,0.0,1.30335887436397,1.30335887436397,1.30335887436397,1.3101393041668385,1.3101393041668385,1.4295766404218941,1.4295766404218941
148.0,0.148,0.001,0.499,26.543357812569333,29.466224983679417,0.46326898836429475,0.5142826440986182,4.814144015355193,-5.836705699176626,4.814144015355193,-5.836705699176626,4.814144015355193,-5.836705699176626,-0.22639823843035786,1.2378756072120876,-4.121599612276505,3.004789009306072,-4.121599612276505,3.004789009306072,0.0,0.0,0.0,0.0,0.0,0.0,1.3096888559553375,1.3096888559553375,1.3096888559553375,1.3164658591286242,1.3164658591286242,1.440194016092368,1.440194016092368
149.0,0.149,0.001,0.499,26.82071889165271,29.129928844891136,0.4681098524111841,0.5084131692150189,4.8408640468893,-5.869474883599347,4.8408640468893,-5.869474883599347,4.8408640468893,-5.869474883599347,-0.2305456628899633,1.2408810272636919,-4.1474244596054355,3.0054200516043243,-4.1474244596054355,3.0054200516043243,0.0,0.0,0.0,0.0,0.0,0.0,1.3160142272375583,1.3160142272375583,1.3160142272375583,1.3227901039126486,1.3227901039126486,1.450821745314596,1.450821745314596
150.0,0.15,0.001,0.499,27.099601182497953,28.79178139986038,0.472977266611938,0.5025113829420257,4.86741420075394,-5.901786272993207,4.86741420075394,-5.901786272993207,4.86741420075394,-5.901786272993207,-0.23471886577592727,1.2438866766989394,-4.173202885963965,3.0056494352475163,-4.173202885963965,3.0056494352475163,0.0,0.0,0.0,0.0,0.0,0.0,1.3223375782057194,1.3223375782057194,1.3223375782057194,1.329114702247828,1.329114702247828,1.4614597719290188,1.4614597719290188
151.0,0.151,0.001,0.499,27.379994706493804,28.451809902192778,0.4778710568069353,0.4965777609447898,4.8937901949973,-5.933621997235908,4.8937901949973,-5.933621997235908,4.8937901949973,-5.933621997235908,-0.2389177998963921,1.2468921511127289,-4.198934120464843,3.005474413789495,-4.198934120464843,3.005474413789495,0.0,0.0,0.0,0.0,0.0,0.0,1.3286615814419747,1.3286615814419747,1.3286615814419747,1.3354423996958684,1.3354423996958684,1.4721080457162337,1.4721080457162337
152.0,0.152,0.001,0.499,27.661889235858048,28.11004264449966,0.4827910444877012,0.49061279702253296,4.919987680765914,-5.964963922256812,4.919987680765914,-5.964963922256812,4.919987680765914,-5.964963922256812,-0.24314241727178768,1.2498970433604233,-4.224617375395562,3.0048922476943036,-4.224617375395562,3.0048922476943036,0.0,0.0,0.0,0.0,0.0,0.0,1.3349889910207355,1.3349889910207355,1.3349889910207355,1.3417760223323054,1.3417760223323054,1.4827665227019202,1.4827665227019202
153.0,0.153,0.001,0.499,27.945274289947097,27.76650897287836,0.48773704673249735,0.4846170033612763,4.946002244796117,-5.995793661256677,4.946002244796117,-5.995793661256677,4.946002244796117,-5.995793661256677,-0.24739266911762536,1.252900943564964,-4.250251845837686,3.0039002045407446,-4.250251845837686,3.0039002045407446,0.0,0.0,0.0,0.0,0.0,0.0,1.3413226411464927,1.3413226411464927,1.3413226411464927,1.3481184751484794,1.3481184751484794,1.4934351654645632,1.4934351654645632
154.0,0.154,0.001,0.499,28.230139131722037,27.421239300695632,0.49270887614464276,0.4785909107744062,4.971829412145395,-6.026092586870076,4.971829412145395,-6.026092586870076,4.971829412145395,-6.026092586870076,-0.2516685058269079,1.255903439124193,-4.2758367092825615,3.0024955592289597,-4.2758367092825615,3.0024955592289597,0.0,0.0,0.0,0.0,0.0,0.0,1.3476654445111378,1.3476654445111378,1.3476654445111378,1.3544727401627656,1.3544727401627656,1.5041139434458242,1.5041139434458242
155.0,0.155,0.001,0.499,28.516472764385274,27.074265121618993,0.4977063407938122,0.47253506893011443,4.997464649169458,-6.055841844291776,4.997464649169458,-6.055841844291776,4.997464649169458,-6.055841844291776,-0.25596987695215145,1.2589041147183822,-4.3013711252435565,3.0006755941891132,-4.3013711252435565,3.0006755941891132,0.0,0.0,0.0,0.0,0.0,0.0,1.354020390360576,1.354020390360576,1.3540203903605763,1.3608418742300281,1.3608418742300281,1.514802833263404,1.514802833263404
156.0,0.156,0.001,0.499,28.80426392820212,26.725619021839663,0.5027292441605625,0.46645004656472844,5.022903366750296,-6.085022365385986,5.022903366750296,-6.085022365385986,5.022903366750296,-6.085022365385986,-0.2602967311870164,1.2619025523179743,-4.326854234864962,2.998437599592277,-4.326854234864962,2.998437599592277,0.0,0.0,0.0,0.0,0.0,0.0,1.3603905422599845,1.3603905422599845,1.3603905422599845,1.3672290065390642,1.3672290065390642,1.5255018190262335,1.5255018190262335
157.0,0.157,0.001,0.499,29.093501097521976,26.37533469142986,0.5077773850843423,0.4603364316809337,5.048140923779756,-6.113614883794753,5.048140923779756,-6.113614883794753,5.048140923779756,-6.113614883794753,-0.2646490163475441,1.2648983311915378,-4.352285160527724,2.9957788735636113,-4.352285160527724,2.9957788735636113,0.0,0.0,0.0,0.0,0.0,0.0,1.366779035542127,1.366779035542127,1.366779035542127,1.3736373357887104,1.3736373357887104,1.5362108926518148,1.5362108926518148
158.0,0.158,0.001,0.499,29.384172478013966,26.023446934776434,0.5128505577152448,0.4541948317298748,5.073172630902419,-6.141599951058879,5.073172630902419,-6.141599951058879,5.073172630902419,-6.141599951058879,-0.2690266793529963,1.2678910279139357,-4.377663005452149,2.992696722397927,-4.377663005452149,2.992696722397927,0.0,0.0,0.0,0.0,0.0,0.0,1.373189074441252,1.373189074441252,1.373189074441252,1.3800701270343727,1.3800701270343727,1.5469300541855473,1.5469300541855473
159.0,0.159,0.001,0.499,29.676266004132053,25.66999168003224,0.5179485514697655,0.4480258737761133,5.097993754520737,-6.168957953761502,5.097993754520737,-6.168957953761502,5.097993754520737,-6.168957953761502,-0.27342966620629405,1.2708802163747135,-4.40298685329776,2.9891884607777346,-4.40298685329776,2.9891884607777346,0.0,0.0,0.0,0.0,0.0,0.0,1.379623928890504,1.379623928890504,1.3796239288905041,1.3865307081979281,1.3865307081979281,1.5576593121218314,1.5576593121218314
160.0,0.16,0.001,0.499,29.969769336824783,25.315005987526288,0.5230711509908299,0.4418302046444123,5.122599521064432,-6.195669131701021,5.122599521064432,-6.195669131701021,5.122599521064432,-6.195669131701021,-0.2778579219740545,1.2738654677867074,-4.428255767760462,2.9852514119938633,-4.428255767760462,2.9852514119938633,0.0,0.0,0.0,0.0,0.0,0.0,1.3860869309866295,1.3860869309866295,1.3860869309866293,1.3930224662353197,1.3930224662353197,1.5683986837267778,1.5683986837267778
161.0,0.161,0.001,0.499,30.264669861504807,24.95852805707352,0.5282181361123551,0.4356084910473161,5.146985121525183,-6.221713597096236,5.146985121525183,-6.221713597096236,5.146985121525183,-6.221713597096236,-0.2823113907662217,1.2768463506948762,-4.453468792167206,2.9808829081687462,-4.453468792167206,2.9808829081687462,0.0,0.0,0.0,0.0,0.0,0.0,1.392581471115375,1.392581471115375,1.3925814711153748,1.3995488429576695,1.3995488429576695,1.5791481953622977,1.5791481953622977
162.0,0.162,0.001,0.499,30.560954686293464,24.600597234125114,0.5333892818286117,0.4293614196924936,5.171145716256553,-6.247071354822502,5.171145716256553,-6.247071354822502,5.171145716256553,-6.247071354822502,-0.28679001571529,1.2798224309853585,-4.478624949068317,2.9760802904824604,-4.478624949068317,2.9760802904824604,0.0,0.0,0.0,0.0,0.0,0.0,1.3991109937242907,1.3991109937242907,1.3991109937242907,1.406113330503375,1.4061133305033748,1.5899078828113813,1.5899078828113813
163.0,0.163,0.001,0.499,30.858610640555483,24.24125401470065,0.5385843582686496,0.42308969736882024,5.19507644003794,-6.271722323673373,5.19507644003794,-6.271722323673373,5.19507644003794,-6.271722323673373,-0.2912937389551177,1.2827932718947601,-4.5037232398276945,2.970840909401617,-4.5037232398276945,2.970840909401617,0.0,0.0,0.0,0.0,0.0,0.0,1.405678992754738,1.405678992754738,1.4056789927547382,1.412719466460465,1.412719466460465,1.6006777916043269,1.6006777916043269
164.0,0.164,0.001,0.499,31.157624273738836,23.880540049043812,0.5438031306760497,0.4167940510101827,5.2187724074001185,-6.295646358637542,5.2187724074001185,-6.295646358637542,5.2187724074001185,-6.295646358637542,-0.2958225015993287,1.2857584340196713,-4.5287626442110565,2.965162124911185,-4.5287626442110565,2.965162124911185,0.0,0.0,0.0,0.0,0.0,0.0,1.4122890067235656,1.4122890067235656,1.4122890067235656,1.4193708286404094,1.4193708286404094,1.6114579773457078,1.6114579773457078
165.0,0.165,0.001,0.499,31.45798185453447,23.51849814394449,0.5490453593942584,0.41047522773600664,5.2422287182086595,-6.318823274176043,5.2422287182086595,-6.318823274176043,5.2422287182086595,-6.318823274176043,-0.30037624371930116,1.2887174753264206,-4.55374211997245,2.9590413067493357,-4.55374211997245,2.9590413067493357,0.0,0.0,0.0,0.0,0.0,0.0,1.4189446134547932,1.4189446134547932,1.4189446134547932,1.4260710295066583,1.4260710295066583,1.6222485060418304,1.6222485060418304
166.0,0.166,0.001,0.499,31.759669370370432,23.155172263670977,0.5543107998577584,0.4041339948675271,5.265440463500118,-6.341232868479514,5.265440463500118,-6.341232868479514,5.265440463500118,-6.341232868479514,-0.3049549043217404,1.2916699511610659,-4.578660602439218,2.952475834645399,-4.578660602439218,2.952475834645399,0.0,0.0,0.0,0.0,0.0,0.0,1.4256494244739237,1.4256494244739237,1.4256494244739237,1.432823710263365,1.432823710263365,1.633049454428433,1.633049454428433
167.0,0.167,0.001,0.499,32.062672527254534,22.79060752945768,0.5595992025893229,0.3977711399188471,5.288402731564494,-6.362854948679995,5.288402731564494,-6.362854948679995,5.288402731564494,-6.362854948679995,-0.309558421325836,1.294615414259627,-4.60351700409564,2.945463098561007,-4.60351700409564,2.945463098561007,0.0,0.0,0.0,0.0,0.0,0.0,1.4324070790612038,1.4324070790612038,1.4324070790612038,1.4396325346120404,1.4396325346120404,1.643860910298385,1.643860910298385
168.0,0.168,0.001,0.499,32.3669767499791,22.424850217495383,0.5649103132035889,0.39138747056186096,5.311110614265975,-6.383669356986155,5.311110614265975,-6.383669356986155,5.311110614265975,-6.383669356986155,-0.3141867315400015,1.2975534147585615,-4.628310214165473,2.938000498934511,-4.628310214165473,2.938000498934511,0.0,0.0,0.0,0.0,0.0,0.0,1.4392212379777258,1.4392212379777258,1.4392212379777258,1.4465011821863014,1.4465011821863014,1.654682972829101,1.654682972829101
169.0,0.169,0.001,0.499,32.672567182701066,22.05794775537324,0.5702438724171813,0.3849838145641558,5.333559213592448,-6.403655997705123,5.333559213592448,-6.403655997705123,5.333559213592448,-6.403655997705123,-0.3188397706381951,1.3004835002054902,-4.653039098193596,2.93008544692875,-4.653039098193596,2.93008544692875,0.0,0.0,0.0,0.0,0.0,0.0,1.4460955768708854,1.4460955768708854,1.4460955768708854,1.4534333416773257,1.453433341677326,1.6655157529094107,1.6655157529094107
170.0,0.17,0.001,0.499,32.97942868990969,21.689948716924246,0.5755996160656041,0.3785610196990476,5.355743648422705,-6.4227948651081945,5.355743648422705,-6.4227948651081945,5.355743648422705,-6.4227948651081945,-0.3235174731358221,1.3034052155701725,-4.677702497627016,2.9217153646822425,-4.677702497627016,2.9217153646822425,0.0,0.0,0.0,0.0,0.0,0.0,1.4530337793775547,1.4530337793775547,1.4530337793775547,1.4604327036651998,1.4604327036651998,1.6763593734655913,1.6763593734655913
171.0,0.171,0.001,0.499,33.287545857793845,21.320902815428482,0.5809772751271027,0.3721199536269559,5.377659061498682,-6.441066072091726,5.377659061498682,-6.441066072091726,5.377659061498682,-6.441066072091726,-0.32821977236521754,1.3063181032557365,-4.702299229395447,2.9128876855638794,-4.702299229395447,2.9128876855638794,0.0,0.0,0.0,0.0,0.0,0.0,1.4600395299348938,1.4600395299348938,1.4600395299348938,1.467502953173874,1.4675029531738741,1.687213969786269,1.687213969786269
172.0,0.17200000000000001,0.001,0.499,33.5969029960197,20.950860895131868,0.5863765757536912,0.3656615037473775,5.399300626588443,-6.458449879578413,5.399300626588443,-6.458449879578413,5.399300626588443,-6.458449879578413,-0.3329466004507093,1.3092217031101676,-4.726828085491716,2.9035998544311865,-4.726828085491716,2.9035998544311865,0.0,0.0,0.0,0.0,0.0,0.0,1.4671165063182983,1.4671165063182983,1.4671165063182983,1.4746477619701015,1.4746477619701015,1.698079689845889,1.698079689845889
173.0,0.17300000000000001,0.001,0.499,33.9074841399288,20.579874921041338,0.5917972393095152,0.3591865770207794,5.420663555824009,-6.474926726598089,5.420663555824009,-6.474926726598089,5.420663555824009,-6.474926726598089,-0.3376978882832615,1.3121155524380599,-4.7512878325522525,2.893849327892218,-4.7512878325522525,2.893849327892218,0.0,0.0,0.0,0.0,0.0,0.0,1.4742683719319025,1.4742683719319025,1.4742683719319025,1.4818707806292548,1.4818707806292548,1.708956694626431,1.708956694626431
174.0,0.17400000000000002,0.001,0.499,34.219273053165566,20.207997966961493,0.5972389824167117,0.3526960997597983,5.441743107196517,-6.490477260981065,5.441743107196517,-6.490477260981065,5.441743107196517,-6.490477260981065,-0.34247356549469943,1.314999186012631,-4.775677211437889,2.8836335745711534,-4.775677211437889,2.8836335745711534,0.0,0.0,0.0,0.0,0.0,0.0,1.481498767867825,1.481498767867825,1.481498767867825,1.489175630393545,1.489175630393545,1.7198451584370533,1.7198451584370533
175.0,0.17500000000000002,0.001,0.499,34.53225323074224,19.835284201741672,0.6027015170089013,0.3461910173892073,5.46253459218957,-6.505082370590978,5.46253459218957,-6.505082370590978,5.46253459218957,-6.505082370590978,-0.3472735604315147,1.3178721360880088,-4.799994936815264,2.872950075377646,-4.799994936815264,2.872950075377646,0.0,0.0,0.0,0.0,0.0,0.0,1.4888113047635334,1.4888113047635334,1.4888113047635334,1.496565894850579,1.496565894850579,1.7307452692313212,1.7307452692313212
176.0,0.176,0.001,0.499,34.84640790254785,19.461788873707174,0.6081845503924314,0.3396722941741891,5.483033383530102,-6.518723215018253,5.483033383530102,-6.518723215018253,5.483033383530102,-6.518723215018253,-0.35209780012825376,1.3207339324117888,-4.8242396967390695,2.861796323779986,-4.8242396967390695,2.861796323779986,0.0,0.0,0.0,0.0,0.0,0.0,1.496209554486404,1.496209554486404,1.4962095544864038,1.5040451114626658,1.5040451114626658,1.7416572289216816,1.7416572289216816
177.0,0.177,0.001,0.499,35.16172003730673,19.087568293253018,0.6136877853154659,0.3331409129165397,5.50323492303452,-6.5313812576494295,5.50323492303452,-6.5313812576494295,5.50323492303452,-6.5313812576494295,-0.3569462102804892,1.323584102237871,-4.848410152235426,2.8501698260821295,-4.848410152235426,2.8501698260821295,0.0,0.0,0.0,0.0,0.0,0.0,1.503697041674348,1.503697041674348,1.503697041674348,1.5116167629795039,1.5116167629795039,1.752581253690819,1.752581253690819
178.0,0.178,0.001,0.499,35.47817234699073,18.712679813583886,0.6192109200449923,0.3265978746185175,5.523134729526439,-6.543038298022152,5.523134729526439,-6.543038298022152,5.523134729526439,-6.543038298022152,-0.36181871521737585,1.3264221703395755,-4.872504936886666,2.838068101704633,-4.872504936886666,2.838068101704633,0.0,0.0,0.0,0.0,0.0,0.0,1.5112772351660424,1.5112772351660424,1.5112772351660426,1.5192842687690278,1.5192842687690278,1.763517574299529,1.763517574299529
179.0,0.179,0.001,0.499,35.79574729168769,18.337181809589417,0.6247536484517933,0.32004419811414725,5.542728406800924,-6.55367650437027,5.542728406800924,-6.55367650437027,5.542728406800924,-6.55367650437027,-0.3667152378737936,1.329247659023045,-4.8965226564177895,2.8254886834695423,-4.8965226564177895,2.8254886834695423,0.0,0.0,0.0,0.0,0.0,0.0,1.5189535393544407,1.5189535393544407,1.5189535393544409,1.527050976103126,1.527050976103126,1.7744664363907299,1.7744664363907299
180.0,0.18,0.001,0.499,36.11442708492747,17.961133654849622,0.6303156601034021,0.31348091966788866,5.562011651608851,-6.563278446258619,5.562011651608851,-6.563278446258619,5.562011651608851,-6.563278446258619,-0.37163569976207855,1.3320600881409344,-4.920461888284908,2.8124291178892733,-4.920461888284908,2.8124291178892733,0.0,0.0,0.0,0.0,0.0,0.0,1.526729285503038,1.526729285503038,1.5267292855030383,1.5349201514366608,1.5349201514366608,1.7854281007892197,1.7854281007892197
181.0,0.181,0.001,0.499,36.4341936994649,17.584595696771334,0.6358966403650359,0.3069090925406862,5.580980261633805,-6.571827127202453,5.580980261633805,-6.571827127202453,5.580980261633805,-6.571827127202453,-0.37658002094334453,1.334858975106394,-4.944321181265951,2.7988869654595137,-4.944321181265951,2.7988869654595137,0.0,0.0,0.0,0.0,0.0,0.0,1.534607723061015,1.534607723061015,1.5346077230610147,1.5428949717196978,1.5428949717196978,1.7964028437967818,1.7964028437967818
182.0,0.182,0.001,0.499,36.755028873517844,17.2076292298629,0.6414962705084688,0.30032978652352377,5.599630143432851,-6.5793060171624385,5.599630143432851,-6.5793060171624385,5.599630143432851,-6.5793060171624385,-0.3815481199983985,1.33764383490735,-4.968099055053941,2.7848598009561774,-4.968099055053941,2.7848598009561774,0.0,0.0,0.0,0.0,0.0,0.0,1.542592011016801,1.542592011016801,1.542592011016801,1.5509785157840588,1.5509785157840585,1.807390957482224,1.807390957482224
183.0,0.183,0.001,0.499,37.07691411745632,16.830296467160547,0.6471142278287804,0.29374408743872127,5.617957320311592,-6.585699084802493,5.617957320311592,-6.585699084802493,5.617957320311592,-6.585699084802493,-0.38653991399825166,1.3404141801210865,-4.9917939998531455,2.770345213736433,-4.9917939998531455,2.770345213736433,0.0,0.0,0.0,0.0,0.0,0.0,1.5506852093359103,1.5506852093359103,1.5506852093359103,1.5591737558462235,1.5591737558462235,1.8183927499659296,1.8183927499659296
184.0,0.184,0.001,0.499,37.39983072093747,16.4526605098268,0.6527501857688834,0.28715309660932653,5.635957940103122,-6.590990829394728,5.635957940103122,-6.590990829394728,5.635957940103122,-6.590990829394728,-0.3915553184742301,1.3431695209291303,-5.0154044759784195,2.755340808043824,-5.0154044759784195,2.755340808043824,0.0,0.0,0.0,0.0,0.0,0.0,1.5588902705154544,1.5588902705154544,1.5588902705154544,1.5674835491691894,1.5674835491691894,1.8294085456984845,1.8294085456984845
185.0,0.185,0.001,0.499,37.72375976047885,16.074785314947825,0.6584038140517033,0.2805579302970732,5.653628282819875,-6.5951663122533235,5.653628282819875,-6.5951663122533235,5.653628282819875,-6.5951663122533235,-0.3965942473876881,1.3459093651324479,-5.038928913458044,2.739844203317497,-5.038928913458044,2.739844203317497,0.0,0.0,0.0,0.0,0.0,0.0,1.567210031309489,1.567210031309489,1.5672100313094888,1.575910629926147,1.5759106299261472,1.8404386857329413,1.8404386857329413
186.0,0.186,0.001,0.499,38.04868210746105,15.696735661563636,0.6640747788198502,0.2739597191094958,5.6709647681469315,-6.598211187577403,5.6709647681469315,-6.598211187577403,5.6709647681469315,-6.598211187577403,-0.4016566130993285,1.3486332181669534,-5.062365711640393,2.723853034505533,-5.062365711640393,2.723853034505533,0.0,0.0,0.0,0.0,0.0,0.0,1.5756472046587244,1.5756472046587244,1.5756472046587244,1.5844576013087386,1.5844576013087384,1.8514835279902526,1.8514835279902526
187.0,0.187,0.001,0.499,38.37457843654885,15.318577114971916,0.6697627427825953,0.2673596073769139,5.687963962745078,-6.600111732581902,5.687963962745078,-6.600111732581902,5.687963962745078,-6.600111732581902,-0.40674232633813323,1.3513405831193357,-5.085713238804758,2.707364952382404,-5.085713238804758,2.707364952382404,0.0,0.0,0.0,0.0,0.0,0.0,1.5842043718696042,1.5842043718696042,1.5842043718696044,1.5931269279221643,1.5931269279221643,1.8625434475174223,1.8625434475174223
188.0,0.188,0.001,0.499,38.70142923451796,14.940375989353209,0.6754673653699271,0.26075875250011876,5.7046225873318965,-6.600854876795111,5.7046225873318965,-6.600854876795111,5.7046225873318965,-6.600854876795111,-0.4118512961699099,1.3540309607432062,-5.108969831776655,2.690377623870528,-5.108969831776655,2.690377623870528,0.0,0.0,0.0,0.0,0.0,0.0,1.5928839750896266,1.5928839750896266,1.5928839750896266,1.601920928508601,1.601920928508601,1.8736188367378834,1.8736188367378834
189.0,0.189,0.001,0.499,39.029214809473075,14.56219930877217,0.6811883028934365,0.25415832426971674,5.720937523509282,-6.600428230402047,5.720937523509282,-6.600428230402047,5.720937523509282,-6.600428230402047,-0.41698342996545784,1.356703849475572,-5.132133795547952,2.6728887323659274,-5.132133795547952,2.6728887323659274,0.0,0.0,0.0,0.0,0.0,0.0,1.6016883101092665,1.6016883101092665,1.6016883101092665,1.6108417690391263,1.6108417690391263,1.8847101056936224,1.8847101056936224
190.0,0.19,0.001,0.499,39.35791530044065,14.184114766616368,0.6869252087137426,0.2475595041582027,5.736905820306209,-6.59882011151404,5.736905820306209,-6.59882011151404,5.736905820306209,-6.59882011151404,-0.42213863336836,1.35935874545364,-5.155203402902172,2.6548959780679713,-5.155203402902172,2.6548959780679713,0.0,0.0,0.0,0.0,0.0,0.0,1.6106195195433,1.6106195195433,1.6106195195432997,1.6198914562127955,1.6198914562127957,1.8958176822785495,1.8958176822785495
191.0,0.191,0.001,0.499,39.687510687318685,13.806190683540926,0.6926777334141487,0.24096348458595565,5.75252470040613,-6.596019572247046,5.75252470040613,-6.596019572247046,5.75252470040613,-6.596019572247046,-0.4273168102624053,1.3619951425319532,-5.178176894045311,2.6363970783131747,-5.178176894045311,2.6363970783131747,0.0,0.0,0.0,0.0,0.0,0.0,1.6196795864180227,1.6196795864180227,1.619679586418023,1.6290718313995216,1.6290718313995216,1.9069420124626053,1.9069420124626053
192.0,0.192,0.001,0.499,40.01798080116331,13.428495963993791,0.698445524980178,0.23437146816246157,5.767791566029251,-6.5920164234940914,5.767791566029251,-6.5920164234940914,5.767791566029251,-6.5920164234940914,-0.43251786273864784,1.3646125322998661,-5.201052476242518,2.6173897679130356,-5.201052476242518,2.6173897679130356,0.0,0.0,0.0,0.0,0.0,0.0,1.628870328209371,1.628870328209371,1.628870328209371,1.6383845650611248,1.6383845650611248,1.9180835605060846,1.9180835605060846
193.0,0.193,0.001,0.499,40.349305334791175,13.051100051402829,0.7042282289846189,0.22778466690418053,5.782704004440958,-6.5868012582810325,5.782704004440958,-6.5868012582810325,5.782704004440958,-6.5868012582810325,-0.43774169106210886,1.367210404099362,-5.223828323461014,2.5978717994958664,-5.223828323461014,2.5978717994958664,0.0,0.0,0.0,0.0,0.0,0.0,1.6381933913574476,1.6381933913574476,1.6381933913574476,1.6478311516822517,1.6478311516822517,1.9292428091636513,1.9292428091636513
194.0,0.194,0.001,0.499,40.68146385367434,12.674072882111977,0.7100254887776779,0.22120430143058112,5.797259793058956,-6.580365473599421,5.797259793058956,-6.580365473599421,5.797259793058956,-6.580365473599421,-0.44298819363812847,1.3697882450432146,-5.246502576019593,2.577840943852588,-5.246502576019593,2.577840943852588,0.0,0.0,0.0,0.0,0.0,0.0,1.6476502462995544,1.6476502462995544,1.6476502462995541,1.6574129052399296,1.6574129052399296,1.9404202598775024,1.9404202598775024
195.0,0.195,0.001,0.499,41.01443580710334,12.297484838159509,0.7158369456818111,0.21463160013996543,5.811456904133191,-6.572701290615671,5.811456904133191,-6.572701290615671,5.811456904133191,-6.572701290615671,-0.44825726697837354,1.372345540033501,-5.269073340245094,2.5572949902864344,-5.269073340245094,2.5572949902864344,0.0,0.0,0.0,0.0,0.0,0.0,1.6572421830343764,1.6572421830343764,1.6572421830343764,1.6671309552372435,1.6671309552372435,1.9516164329591374,1.9516164329591374
196.0,0.196,0.001,0.499,41.34820053959252,11.921406698996842,0.7216622391907854,0.20806779836680347,5.825293508974323,-6.56380177316196,5.825293508974323,-6.56380177316196,5.825293508974323,-6.56380177316196,-0.45354880566650974,1.3748817717804676,-5.2915386881361925,2.5362317469665143,-5.2915386881361925,2.5362317469665143,0.0,0.0,0.0,0.0,0.0,0.0,1.666970307261436,1.666970307261436,1.6669703072614361,1.6769862433231808,1.676986243323181,1.9628318677591736,1.9628318677591736
197.0,0.197,0.001,0.499,41.682737302500534,11.54590959225136,0.7275010071724939,0.2015141375223822,5.838767981708445,-6.553660844421258,5.838767981708445,-6.553660844421258,5.838767981708445,-6.553660844421258,-0.45886270232354465,1.3773964208217528,-5.313896657034914,2.5146490412851787,-5.313896657034914,2.5146490412851787,0.0,0.0,0.0,0.0,0.0,0.0,1.6768355370965133,1.6768355370965133,1.6768355370965133,1.6869795205169278,1.6869795205169278,1.9740671228246445,1.9740671228246445
198.0,0.198,0.001,0.499,42.0180252658376,11.171064943641307,0.7333528860750318,0.19497186422065557,5.851878902537859,-6.542273301726625,5.851878902537859,-6.542273301726625,5.851878902537859,-6.542273301726625,-0.4641988475728509,1.379888965541972,-5.336145249306235,2.492544720219119,-5.336145249306235,2.492544720219119,0.0,0.0,0.0,0.0,0.0,0.0,1.686838600399407,1.686838600399407,1.686838600399407,1.6971113450510338,1.6971113450510338,1.98532277604321,1.98532277604321
199.0,0.199,0.001,0.499,42.354043530230335,10.796944426154873,0.7392175111355218,0.1884422293912523,5.864625060490004,-6.529634829403262,5.864625060490004,-6.529634829403262,5.864625060490004,-6.529634829403262,-0.4695571300048771,1.382358882192666,-5.358282432026165,2.4699166506941306,-5.358282432026165,2.4699166506941306,0.0,0.0,0.0,0.0,0.0,0.0,1.696980032713728,1.696980032713728,1.696980032713728,1.7073820808438556,1.7073820808438556,1.9965994247736931,1.9965994247736931
200.0,0.2,0.001,0.499,42.69077113901381,10.423619908609227,0.7450945165911609,0.18192648738166145,5.877005455639093,-6.515742009590846,5.877005455639093,-6.515742009590846,5.877005455639093,-6.515742009590846,-0.47493743614155576,1.3848056449126194,-5.380306136678696,2.44676271995346,-5.380306136678696,2.44676271995346,0.0,0.0,0.0,0.0,0.0,0.0,1.7072601758368018,1.7072601758368018,1.7072601758368018,1.7177918966075179,1.7177918966075179,2.007897685962362,2.007897685962362
201.0,0.201,0.001,0.499,43.028187090420026,10.051163403708209,0.7509835358919484,0.17542589505066827,5.889019300787607,-6.50059233099318,5.889019300787607,-6.50059233099318,5.889019300787607,-6.50059233099318,-0.48033965040041776,1.387228725748549,-5.402214258862023,2.423080835929653,-5.402214258862023,2.423080835929653,0.0,0.0,0.0,0.0,0.0,0.0,1.7176791770216548,1.7176791770216548,1.7176791770216548,1.7283407655935081,1.7283407655935081,2.019218196244359,2.019218196244359
202.0,0.202,0.001,0.499,43.366270349831105,9.679647015719924,0.756884201914546,0.168941710855156,5.900666022597531,-6.48418419551227,5.900666022597531,-6.48418419551227,5.900666022597531,-6.48418419551227,-0.4857636550584222,1.3896275946761687,-5.424004658004431,2.398868927619814,-5.424004658004431,2.398868927619814,0.0,0.0,0.0,0.0,0.0,0.0,1.728236988812526,1.728236988812526,1.728236988812526,1.7390284659738282,1.7390284659738282,2.0305616120296786,2.0305616120296786
203.0,0.203,0.001,0.499,43.70499986206547,9.309142887897321,0.7627961471767101,0.16247519393242166,5.911945262164048,-6.466516922734337,5.911945262164048,-6.466516922734337,5.911945262164048,-6.466516922734337,-0.49120933021551244,1.3920017196216328,-5.445675157090245,2.3741249454641724,-5.445675157090245,2.3741249454641724,0.0,0.0,0.0,0.0,0.0,0.0,1.7389333695141111,1.7389333695141111,1.7389333695141111,1.7498545818514912,1.7498545818514912,2.0419286095730946,2.0419286095730946
204.0,0.20400000000000001,0.001,0.499,44.04435456366458,8.939723149766047,0.7687190040517373,0.15602760318017567,5.922856875027282,-6.447590752246004,5.922856875027282,-6.447590752246004,5.922856875027282,-6.447590752246004,-0.4966765537579087,1.3943505664833606,-5.467223542396265,2.348846861727863,-5.467223542396265,2.348846861727863,0.0,0.0,0.0,0.0,0.0,0.0,1.7497678842834645,1.7497678842834645,1.7497678842834645,1.7608185048900995,1.7608185048900997,2.0533198850274115,2.0533198850274115
205.0,0.20500000000000002,0.001,0.499,44.38431339514814,8.571459864404531,0.774652404982358,0.14960019633640578,5.933400930620697,-6.427406843769885,5.933400930620697,-6.427406843769885,5.933400930620697,-6.427406843769885,-0.5021652013211478,1.3966735991542465,-5.488647563239092,2.3230326708858,-5.488647563239092,2.3230326708858,0.0,0.0,0.0,0.0,0.0,0.0,1.760739906838371,1.760739906838371,1.7607399068383711,1.7719194365483346,1.7719194365483346,2.064736154479447,2.064736154479447
206.0,0.20600000000000002,0.001,0.499,44.7248553132055,8.204424975841242,0.7805959826935157,0.1431942290612859,5.9435777111577055,-6.405967275119873,5.9435777111577055,-6.405967275119873,5.9435777111577055,-6.405967275119873,-0.5076751462528816,1.3989702795442571,-5.509944931733751,2.296680390010532,-5.509944931733751,2.296680390010532,0.0,0.0,0.0,0.0,0.0,0.0,1.7718486217618463,1.7718486217618463,1.7718486217618463,1.7831563909014103,1.7831563909014105,2.076178153968116,2.076178153968116
207.0,0.20700000000000002,0.001,0.499,45.06595930279132,7.838690256693345,0.7865493704034767,0.13681095402329835,5.953387709961059,-6.383275037987558,5.953387709961059,-6.383275037987558,5.953387709961059,-6.383275037987558,-0.5132062595754456,1.40124006760342,-5.531113322564056,2.26978805916296,-5.531113322564056,2.26978805916296,0.0,0.0,0.0,0.0,0.0,0.0,1.78309302739186,1.78309302739186,1.78309302739186,1.794528198028014,1.794528198028014,2.087646639484002,2.087646639484002
208.0,0.20800000000000002,0.001,0.499,45.40760438909404,7.474327256169767,0.7925122020327193,0.1304516199917161,5.9628316292425625,-6.35933403158226,5.9628316292425625,-6.35933403158226,5.9628316292425625,-6.35933403158226,-0.5187584099482108,1.4034824213452057,-5.552150372765104,2.2423537417857755,-5.552150372765104,2.2423537417857755,0.0,0.0,0.0,0.0,0.0,0.0,1.7944719392659116,1.7944719392659116,1.7944719392659116,1.8060335079379277,1.8060335079379277,2.0991423869497905,2.0991423869497905
209.0,0.209,0.001,0.499,45.749769649346206,7.111407248559727,0.7984841124100629,0.12411747093755801,5.971910377343575,-6.334149054158081,5.971910377343575,-6.334149054158081,5.971910377343575,-6.334149054158081,-0.5243314636297292,1.4056967968703051,-5.573053681518369,2.2143755250994994,-5.573053681518369,2.2143755250994994,0.0,0.0,0.0,0.0,0.0,0.0,1.805983994104581,1.805983994104581,1.805983994104581,1.8176707950124924,1.8176707950124924,2.110666192180954,2.110666192180954
210.0,0.21,0.001,0.499,46.09243422444662,6.750001182325266,0.8044647374755125,0.11780974514508596,5.9806250654496225,-6.307725792472041,5.9806250654496225,-6.307725792472041,5.9806250654496225,-6.307725792472041,-0.5299252844396889,1.407882648390806,-5.593820809959784,2.185851520500967,-5.593820809959784,2.185851520500967,0.0,0.0,0.0,0.0,0.0,0.0,1.8176276542943708,1.8176276542943708,1.8176276542943708,1.8294383629273152,1.8294383629273152,2.1222188708260643,2.1222188708260643
211.0,0.211,0.001,0.499,46.435577330364985,6.390179629913213,0.8104537144793077,0.1115296743358583,5.9889770037951795,-6.280070809227668,5.9889770037951795,-6.280070809227668,5.9889770037951795,-6.280070809227668,-0.5355397337206902,1.4100394282547701,-5.614449281001277,2.1567798639641182,-5.614449281001277,2.1567798639641182,0.0,0.0,0.0,0.0,0.0,0.0,1.8294012128539034,1.8294012128539034,1.8294012128539034,1.8413343500242008,1.8413343500242008,2.1338012582861037,2.1338012582861037
212.0,0.212,0.001,0.499,46.779178269301,6.032012738398316,0.816450682176685,0.10527848280728999,5.996967697377336,-6.251191528568301,5.996967697377336,-6.251191528568301,5.996967697377336,-6.251191528568301,-0.5411746702998563,1.412166586971213,-5.634936579166185,2.1271587164429344,-5.634936579166185,2.1271587164429344,0.0,0.0,0.0,0.0,0.0,0.0,1.8413027988340283,1.8413027988340283,1.8413027988340283,1.8533567350971598,1.8533567350971598,2.1454142096121784,2.1454142096121784
213.0,0.213,0.001,0.499,47.12321644057088,5.675570181065072,0.8224552810178846,0.09905738658759623,6.004598841199525,-6.221096219693759,6.004598841199525,-6.221096219693759,6.004598841199525,-6.221096219693759,-0.5468299504502954,1.4142635732354893,-5.655280150438985,2.096986264276363,-5.655280150438985,2.096986264276363,0.0,0.0,0.0,0.0,0.0,0.0,1.8533303831316592,1.8533303831316592,1.853330383131659,1.8655033435556347,1.8655033435556347,2.1570585993810063,2.1570585993810063
214.0,0.214,0.001,0.499,47.46767135119586,5.3209211100310565,0.8284671533329534,0.09286759260891342,6.0118723150688265,-6.189793978682819,6.0118723150688265,-6.189793978682819,6.0118723150688265,-6.189793978682819,-0.5525054278524252,1.4163298339550845,-5.6754774021297925,2.066260719595063,-5.6754774021297925,2.066260719595063,0.0,0.0,0.0,0.0,0.0,0.0,1.8654817846674077,1.8654817846674077,1.8654817846674077,1.8777718539266184,1.8777718539266184,2.168735321547578,2.168735321547578
215.0,0.215,0.001,0.499,47.81252262616848,4.968134110009351,0.8344859435109259,0.08671029790030135,6.01879017797249,-6.157294708612059,6.01879017797249,-6.157294708612059,6.01879017797249,-6.157294708612059,-0.5582009535551793,1.4183648142758143,-5.695525702754074,2.0349803207298,-5.695525702754074,2.0349803207298,0.0,0.0,0.0,0.0,0.0,0.0,1.8777546769001712,1.8777546769001712,1.8777546769001712,1.890159804656341,1.890159804656341,2.1804452892743895,2.1804452892743895
216.0,0.216,0.001,0.499,48.15775001837406,4.61727715330208,0.8405112981729871,0.08058668880223226,6.0253546620612655,-6.123609098069095,6.0253546620612655,-6.123609098069095,6.0253546620612655,-6.123609098069095,-0.5639163759371073,1.4203679576084356,-5.715422381928023,2.003143332621308,-5.715422381928023,2.003143332621308,0.0,0.0,0.0,0.0,0.0,0.0,1.890146594629141,1.890146594629141,1.890146594629141,1.9026646011714687,1.9026646011714687,2.1921894347366515,2.1921894347366515
217.0,0.217,0.001,0.499,48.503333418146724,4.268417556111037,0.8465428663392559,0.0744979402040674,6.031568166268853,-6.088748598164849,6.031568166268853,-6.088748598164849,6.031568166268853,-6.088748598164849,-0.5696515406673873,1.4223387056556671,-5.7351647302800455,1.970748047231437,-5.7351647302800455,1.970748047231437,0.0,0.0,0.0,0.0,0.0,0.0,1.9026549410534808,1.9026549410534808,1.9026549410534808,1.9152835231594298,1.9152835231594298,2.2039687089028934,2.2039687089028934
218.0,0.218,0.001,0.499,48.84925286244066,3.9216219362450935,0.8525802995888542,0.06844521480591204,6.0374332495982825,-6.052725398155361,6.0374332495982825,-6.052725398155361,6.0374332495982825,-6.052725398155361,-0.5754062906667662,1.4242764984396226,-5.754749999378829,1.9377927839553943,-5.754749999378829,1.9377927839553943,0.0,0.0,0.0,0.0,0.0,0.0,1.9152769950385515,1.9152769950385515,1.9152769950385515,1.9280137320274182,1.9280137320274182,2.2157840812903804,2.2157840812903804
219.0,0.219,0.001,0.499,49.19548854359951,3.57695617229741,0.8586232522129614,0.06242966240612339,6.04295262410731,-6.015552399788649,6.04295262410731,-6.015552399788649,6.04295262410731,-6.015552399788649,-0.5811804660684446,1.4261807743296575,-5.774175401678432,1.9042758900348826,-5.774175401678432,1.9042758900348826,0.0,0.0,0.0,0.0,0.0,0.0,1.9280099185600095,1.9280099185600095,1.9280099185600095,1.9408522785000077,1.9408522785000077,2.2276365396947813,2.2276365396947813
220.0,0.22,0.001,0.499,49.54202081770854,3.2344853643586644,0.8646713813605874,0.05645241921562714,6.04812914762593,-5.977243190496251,6.04812914762593,-5.977243190496251,6.04812914762593,-5.977243190496251,-0.5869739041789255,1.4280509700706294,-5.793438110480876,1.870195740971933,-5.793438110480876,1.870195740971933,0.0,0.0,0.0,0.0,0.0,0.0,1.9408507642748392,1.9408507642748392,1.9408507642748392,1.9537961103158297,1.9537961103158297,2.239527089893541,2.239527089893541
221.0,0.221,0.001,0.499,49.88883021251604,2.8942737963254475,0.8707243471768273,0.050514607200074814,6.052965816239896,-5.937812015552325,6.052965816239896,-5.937812015552325,6.052965816239896,-5.937812015552325,-0.5927864394388421,1.4298865208115727,-5.812535259916687,1.8355507409432248,-5.812535259916687,1.8355507409432248,0.0,0.0,0.0,0.0,0.0,0.0,1.9537964831895545,1.9537964831895545,1.9537964831895547,1.9668420799847175,1.9668420799847175,2.251456755322412,2.251456755322412
222.0,0.222,0.001,0.499,50.23589743491279,2.556384899855802,0.8767818129334021,0.04461733345074926,6.057465756574698,-5.897273749325551,6.057465756574698,-5.897273749325551,6.057465756574698,-5.897273749325551,-0.598617903383786,1.4316868601347874,-5.831463944943866,1.8003393232146787,-5.831463944943866,1.8003393232146787,0.0,0.0,0.0,0.0,0.0,0.0,1.9668439323817595,1.9668439323817595,1.9668439323817595,1.9799869525678786,1.9799869525678786,2.263426576724625,2.263426576724625
223.0,0.223,0.001,0.499,50.58320337795983,2.2208812200166257,0.8828434451513167,0.03876168958499871,6.061632217914706,-5.855643865750549,6.061632217914706,-5.855643865750549,6.061632217914706,-5.855643865750549,-0.6044681246051518,1.4334514200853434,-5.85022122136575,1.764559950556103,-5.85022122136575,1.764559950556103,0.0,0.0,0.0,0.0,0.0,0.0,1.9799898827374347,1.9799898827374347,1.9799898827374345,1.9932274134449866,1.9932274134449866,2.2754376117721975,2.2754376117721975
224.0,0.224,0.001,0.499,50.930729127457326,1.8878243826603587,0.8889089137155091,0.03294875117685261,6.065468564192284,-5.812938408146106,6.065468564192284,-5.812938408146106,6.065468564192284,-5.812938408146106,-0.61033692871102,1.435179631200999,-5.868804105868241,1.7282111156556683,-5.868804105868241,1.7282111156556683,0.0,0.0,0.0,0.0,0.0,0.0,1.9932310266747966,1.9932310266747966,1.9932310266747966,2.006560076033792,2.006560076033792,2.2874909346588916,2.2874909346588916
225.0,0.225,0.001,0.499,51.27845596804896,1.5572750635611083,0.8949778919813905,0.02717957721834531,6.068978265881485,-5.769173958507298,6.068978265881485,-5.769173958507298,6.068978265881485,-5.769173958507298,-0.6162241382870969,1.436870922542533,-5.8872095760768675,1.691291341533981,-5.8872095760768675,1.691291341533981,0.0,0.0,0.0,0.0,0.0,0.0,2.006563985811869,2.006563985811869,2.0065639858118685,2.0199814894295374,2.0199814894295374,2.2995876356643477,2.2995876356643477
226.0,0.226,0.001,0.499,51.62636538885837,1.2292929593331279,0.9010500568732212,0.02145520961194784,6.072164891830562,-5.724367606397472,6.072164891830562,-5.724367606397472,6.072164891830562,-5.724367606397472,-0.6221295728577311,1.4385247217244905,-5.905434570634162,1.6537991819575184,-5.905434570634162,1.6537991819575184,0.0,0.0,0.0,0.0,0.0,0.0,2.0199853185525547,2.0199853185525547,2.0199853185525547,2.033488145933498,2.033488145933498,2.311728820688962,2.311728820688962
227.0,0.227,0.001,0.499,51.97443908865599,0.903936760147469,0.907125088974288,0.015776672694383598,6.075032101066895,-5.678536917564242,6.075032101066895,-5.678536917564242,6.075032101066895,-5.678536917564242,-0.628053048847029,1.4401404549463417,-5.92347598929783,1.6157332218511857,-5.92347598929783,1.6157332218511857,0.0,0.0,0.0,0.0,0.0,0.0,2.033491527557413,2.033491527557413,2.033491527557413,2.0470764884419985,2.0470764884419985,2.323915610759077,2.323915610759077
228.0,0.228,0.001,0.499,52.32265898055676,0.581264124255652,0.9132026726088952,0.010144972791982561,6.077583634607155,-5.631699902401036,6.077583634607155,-5.631699902401036,6.077583634607155,-5.631699902401036,-0.6339943795400892,1.4417175470240515,-5.941330693060193,1.5770920777097466,-5.941330693060193,1.5770920777097466,0.0,0.0,0.0,0.0,0.0,0.0,2.0470790670717656,2.0470790670717656,2.0470790670717656,2.060742917669473,2.060742917669473,2.3361491415020916,2.3361491415020916
229.0,0.229,0.001,0.499,52.67100719625058,0.26133165432243155,0.9192824959161997,0.004561097807610101,6.079823307304516,-5.58387498437246,6.079823307304516,-5.58387498437246,6.079823307304516,-5.58387498437246,-0.6399533750443785,1.4432554214220594,-5.9589955042893745,1.5378743980078766,-5.9589955042893745,1.5378743980078766,0.0,0.0,0.0,0.0,0.0,0.0,2.0607443500858698,2.0607443500858698,2.0607443500858698,2.0744837991813774,2.0744837991813774,2.3484305625911204,2.3484305625911204
230.0,0.23,0.001,0.499,53.01946608976962,-0.0558051244368231,0.9253642509159633,-0.0009739831609077095,6.081754999763561,-5.535080968517811,6.081754999763561,-5.535080968517811,6.081754999763561,-5.535080968517811,-0.6459298422512713,1.444753500285668,-5.9764672068927265,1.4980788636085833,-5.9764672068927265,1.4980788636085833,0.0,0.0,0.0,0.0,0.0,0.0,2.074483755301598,2.074483755301598,2.074483755301598,2.0882954702151033,2.0882954702151033,2.36076103715886,2.36076103715886
231.0,0.231,0.001,0.499,53.36112581167566,-0.3413361082210204,0.9313273379846719,-0.005957438944400491,5.963087068708672,-4.983455783492781,5.963087068708672,-4.983455783492781,5.963087068708672,-4.983455783492781,-0.6519235847977742,1.4462112044738378,-5.993742546502975,1.457704188169728,-5.993742546502975,1.457704188169728,0.0,0.0,0.0,0.0,0.0,0.0,2.088293633887662,2.088293633887662,2.0882936338876625,2.1628918895581335,2.1628918895581335,2.373141741180349,2.373141741180349
232.0,0.232,0.001,0.499,53.696566720891184,-0.5976914297151109,0.9371818862963661,-0.01043168335948096,5.85454831169417,-4.474244415080468,5.85454831169417,-4.474244415080468,5.85454831169417,-4.474244415080468,-0.6579344030284618,1.4476279535923862,-6.01081823068757,1.416749118548386,-6.01081823068757,1.416749118548386,0.0,0.0,0.0,0.0,0.0,0.0,2.1628878092759876,2.1628878092759876,2.1628878092759876,2.232329128195227,2.232329128195227,2.385573862824348,2.385573862824348
233.0,0.233,0.001,0.499,54.02632864565619,-0.8271342550482118,0.9429373176312295,-0.014436216106621824,5.755431334863344,-4.004532747140864,5.755431334863344,-4.004532747140864,5.755431334863344,-4.004532747140864,-0.6639620939576436,1.4490031660275888,-6.027690929181721,1.3752124352027706,-6.027690929181721,1.3752124352027706,0.0,0.0,0.0,0.0,0.0,0.0,2.2323216564394817,2.2323216564394817,2.2323216564394817,2.2969517997788933,2.2969517997788933,2.3980586017730787,2.3980586017730787
234.0,0.234,0.001,0.499,54.35091302821177,-1.0317696446755318,0.948602383807377,-0.01800777742172001,5.665066176147557,-3.5715613150981858,5.665066176147557,-3.5715613150981858,5.665066176147557,-3.5715613150981858,-0.6700064512317893,1.4503362589801803,-6.044357274145619,1.3330929525914446,-6.044357274145619,1.3330929525914446,0.0,0.0,0.0,0.0,0.0,0.0,2.2969408440787658,2.2969408440787658,2.2969408440787658,2.357088819650371,2.357088819650371,2.4105971685101233,2.4105971685101233
235.0,0.23500000000000001,0.001,0.499,54.670785462313106,-1.213555003845791,0.9541852109688139,-0.0211805304711615,5.582827161436931,-3.1727530494414937,5.582827161436931,-3.1727530494414937,5.582827161436931,-3.1727530494414937,-0.6760672650922356,1.4516266484997498,-6.060813860446328,1.290389519569538,-6.060813860446328,1.290389519569538,0.0,0.0,0.0,0.0,0.0,0.0,2.35707483693301,2.35707483693301,2.35707483693301,2.4130487442060793,2.4130487442060793,2.423190783576296,2.423190783576296
236.0,0.23600000000000002,0.001,0.499,54.986378079390335,-1.3743098748459517,0.9596933412317973,-0.023986232258733056,5.508130262983404,-2.8057017875715538,5.508130262983404,-2.8057017875715538,5.508130262983404,-2.8057017875715538,-0.6821443223382004,1.4528737495195314,-6.077057245964828,1.247101019781686,-6.077057245964828,1.247101019781686,0.0,0.0,0.0,0.0,0.0,0.0,2.413032436741343,2.413032436741343,2.413032436741343,2.4651204040591197,2.4651204040591197,2.4358406767933576,2.4358406767933576
237.0,0.23700000000000002,0.001,0.499,55.298091788586,-1.5157251082775856,0.9651337717808658,-0.026454393694591426,5.440430549068517,-2.468161435858371,5.440430549068517,-2.468161435858371,5.440430549068517,-2.468161435858371,-0.6882374062901292,1.4540769758915828,-6.093083951928711,1.203226372051395,-6.093083951928711,1.203226372051395,0.0,0.0,0.0,0.0,0.0,0.0,2.4651025413042653,2.4651025413042653,2.4651025413042653,2.5135737833159224,2.5135737833159224,2.448548086455464,2.448548086455464
238.0,0.23800000000000002,0.001,0.499,55.60629837674537,-1.639371449400041,0.970512991520585,-0.028612429455222337,5.379219739719267,-2.158035760630912,5.379219739719267,-2.158035760630912,5.379219739719267,-2.158035760630912,-0.6943462967534002,1.4552357404223493,-6.108890463271018,1.1587645307665426,-6.108890463271018,1.1587645307665426,0.0,0.0,0.0,0.0,0.0,0.0,2.5135551021637204,2.5135551021637204,2.5135551021637204,2.55866101390183,2.55866101390183,2.4613142584882945,2.4613142584882945
239.0,0.23900000000000002,0.001,0.499,55.91134247495213,-1.746707574175247,0.9758370153980699,-0.030485798238881135,5.324023877484921,-1.8733687836587984,5.324023877484921,-1.8733687836587984,5.324023877484921,-1.8733687836587984,-0.7004707699824159,1.45634945490861,-6.124473229015705,1.113714486260713,-6.124473229015705,1.113714486260713,0.0,0.0,0.0,0.0,0.0,0.0,2.5586421673552846,2.5586421673552846,2.558642167355284,2.6006174080967988,2.6006174080967988,2.4741404455758484,2.4741404455758484
240.0,0.24,0.001,0.499,56.21354339846905,-1.8390876081345038,0.9811114165160076,-0.03209813399457434,5.27440111793771,-1.6123357556932052,5.27440111793771,-1.6123357556932052,5.27440111793771,-1.6123357556932052,-0.7066105986451061,1.4574175301738002,-6.139828662690235,1.0680752651900605,-6.139828662690235,1.0680752651900605,0.0,0.0,0.0,0.0,0.0,0.0,2.6005989433783996,2.6005989433783996,2.6005989433783996,2.639662484839224,2.6396624848392234,2.487027906254923,2.487027906254923
241.0,0.241,0.001,0.499,56.51319686702495,-1.9177681596102898,0.9863413561573294,-0.03347136867511169,5.2299396413218435,-1.373234680537353,5.2299396413218435,-1.373234680537353,5.2299396413218435,-1.373234680537353,-0.7127655517878719,1.4584393761047056,-6.154953142765777,1.0218459309053975,-6.154953142765777,1.0218459309053975,0.0,0.0,0.0,0.0,0.0,0.0,2.6396448389083345,2.6396448389083345,2.6396448389083345,2.6760009648308154,2.6760009648308154,2.4999779039773617,2.4999779039773617
242.0,0.242,0.001,0.499,56.810576612335,-1.983914897274822,0.9915316118417319,-0.03462584703681072,5.190255684402502,-1.154478361699034,5.190255684402502,-1.154478361699034,5.190255684402502,-1.154478361699034,-0.7189353948009974,1.4594144016885249,-6.169843013125521,0.975025583819193,-6.169843013125521,0.975025583819193,0.0,0.0,0.0,0.0,0.0,0.0,2.67598446972737,2.67598446972737,2.6759844697273696,2.7098237212002707,2.7098237212002707,2.512991706140182,2.512991706140182
243.0,0.243,0.001,0.499,57.10593587958926,-2.0386087003309843,0.9966866035315967,-0.03558043398057809,5.154991689864788,-0.954586943767373,5.154991689864788,-0.954586943767373,5.154991689864788,-0.954586943767373,-0.7251198893845591,1.4603420150502922,-6.184494583561579,0.9276133617671657,-6.184494583561579,0.9276133617671657,0.0,0.0,0.0,0.0,0.0,0.0,2.709808614474732,2.709808614474732,2.7098086144747318,2.7413086795139927,2.7413086795139927,2.5260705830837447,2.5260705830837447
244.0,0.244,0.001,0.499,57.399508829425116,-2.0828514081316323,1.0018104181010246,-0.03635261490169718,5.12381456942787,-0.7721809211190893,5.12381456942787,-0.7721809211190893,5.12381456942787,-0.7721809211190893,-0.7313187935148601,1.4612216234906563,-6.198904130300975,0.8796084403641561,-6.198904130300975,0.8796084403641561,0.0,0.0,0.0,0.0,0.0,0.0,2.741295116831115,2.741295116831115,2.741295116831115,2.7706216650910864,2.7706216650910864,2.5392158070581963,2.5392158070581963
245.0,0.245,0.001,0.499,57.69151184663388,-2.117571194475578,1.006906832177075,-0.036958589488987996,5.096414076050495,-0.6059745872908143,5.096414076050495,-0.6059745872908143,5.096414076050495,-0.6059745872908143,-0.7375318614114212,1.4620526335240103,-6.213067896561208,0.8310100333539526,-6.213067896561208,0.8310100333539526,0.0,0.0,0.0,0.0,0.0,0.0,2.7706097332661974,2.7706097332661974,2.7706097332661974,2.7979171979988724,2.7979171979988724,2.5524286511584284,2.5524286511584284
246.0,0.246,0.001,0.499,57.982144761559184,-2.1436275903534483,1.0119793334571903,-0.03741335938825991,5.072501280115199,-0.4547698992719157,5.072501280115199,-0.4547698992719157,5.072501280115199,-0.4547698992719157,-0.7437588435045571,1.462834450916963,-6.226982093135881,0.7818173929527482,-6.226982093135881,0.7818173929527482,0.0,0.0,0.0,0.0,0.0,0.0,2.7979069274687247,2.7979069274687247,2.797906927468725,2.8233392374555293,2.8233392374555293,2.5657103882278913,2.5657103882278913
247.0,0.247,0.001,0.499,58.27159198983675,-2.161816177501177,1.0170311406014054,-0.0377308101202737,5.05180714421523,-0.31745073201378593,5.05180714421523,-0.31745073201378593,5.05180714421523,-0.31745073201378593,-0.749999486403568,1.463566480727149,-6.2406428990108695,0.7320298101858997,-6.2406428990108695,0.7320298101858997,0.0,0.0,0.0,0.0,0.0,0.0,2.823330613656959,2.823330613656959,2.823330613656959,2.847021878067208,2.847021878067208,2.5790622897316102,2.5790622897316102
248.0,0.248,0.001,0.499,58.56002359581139,-2.172872973767435,1.0220652217924777,-0.037923787619842116,5.034081191072255,-0.192977499568418,5.034081191072255,-0.192977499568418,5.034081191072255,-0.192977499568418,-0.7562535328655795,1.4642481273423666,-6.254046462011528,0.6816466152176603,-6.254046462011528,0.6816466152176603,0.0,0.0,0.0,0.0,0.0,0.0,2.847014851492685,2.847014851492685,2.847014851492685,2.869090000638018,2.869090000638018,2.5924856245988397,2.5924856245988397
249.0,0.249,0.001,0.499,58.84759628465528,-2.1774785300160833,1.0270843120516169,-0.038004169740266824,5.019090259139054,-0.08038212042470919,5.019090259139054,-0.08038212042470919,5.019090259139054,-0.08038212042470919,-0.7625207217650609,1.46487879452004,-6.267188899481407,0.6306671776735528,-6.267188899481407,0.6306671776735528,0.0,0.0,0.0,0.0,0.0,0.0,2.8690844955060975,2.8690844955060975,2.8690844955060975,2.8896598803725397,2.8896598803725397,2.605981658035822,2.605981658035822
250.0,0.25,0.001,0.499,59.134454327906084,-2.176261757066344,1.0320909293921716,-0.03798293304604468,5.006617340554751,0.021236694222148886,5.006617340554751,0.021236694222148886,5.006617340554751,0.021236694222148886,-0.7688007880640538,1.465457885426995,-6.280066298992958,0.5790909069550507,-6.280066298992958,0.5790909069550507,0.0,0.0,0.0,0.0,0.0,0.0,2.8896558019656324,2.8896558019656324,2.8896558019656324,2.908839755241416,2.908839755241416,2.6195516503091825,2.6195516503091825
251.0,0.251,0.001,0.499,59.42073042684757,-2.16980350002137,1.0370873898884656,-0.037870215196669756,4.996460496293966,0.11271784937491998,4.996460496293966,0.11271784937491998,4.996460496293966,0.11271784937491998,-0.7750934627831445,1.4659848026795412,-6.292674719090718,0.5269172525462317,-6.292674719090718,0.5269172525462317,0.0,0.0,0.0,0.0,0.0,0.0,2.9088369960085094,2.9088369960085094,2.9088369960085094,2.9267303571611554,2.9267303571611554,2.6331968555005405,2.6331968555005405
252.0,0.252,0.001,0.499,59.70654651787251,-2.15863987624883,1.0420758217320307,-0.03767537320538502,4.988431843565087,0.1948419912847347,4.988431843565087,0.1948419912847347,4.988431843565087,0.1948419912847347,-0.781398472973212,1.4664589483838533,-6.305010190067423,0.4741457043120691,-6.305010190067423,0.4741457043120691,0.0,0.0,0.0,0.0,0.0,0.0,2.926728801716753,2.926728801716753,2.926728801716753,2.9434254084864735,2.9434254084864735,2.6469185202329775,2.6469185202329775
253.0,0.253,0.001,0.499,59.99201452369768,-2.1432653922531326,1.0470581783427821,-0.03740703783886493,4.982356610751381,0.26833536652008855,4.982356610751381,0.26833536652008855,4.982356610751381,0.26833536652008855,-0.7877155416879855,1.4668797241766414,-6.317068714773539,0.4207757927880254,-6.317068714773539,0.4207757927880254,0.0,0.0,0.0,0.0,0.0,0.0,2.9434249376410184,2.9434249376410184,2.9434249376410184,2.959012086148646,2.959012086148646,2.6607178823700512,2.6607178823700512
254.0,0.254,0.001,0.499,60.27723705404557,-2.124135853715553,1.0520362505982224,-0.037073164406997025,4.978072255440266,0.3338734318679098,4.978072255440266,0.3338734318679098,4.978072255440266,0.3338734318679098,-0.7940443879574461,1.467246531266102,-6.3288462694606675,0.36680708946061213,-6.3288462694606675,0.36680708946061213,0.0,0.0,0.0,0.0,0.0,0.0,2.9590125801030767,2.9590125801030767,2.9590125801030767,2.9735714556088664,2.9735714556088664,2.6745961696881144,2.6745961696881144
255.0,0.255,0.001,0.499,60.562308059167215,-2.1016710820732456,1.0570116782395647,-0.03668108017613011,4.9754276413423915,0.3920842308669142,4.9754276413423915,0.3920842308669142,4.9754276413423915,0.3920842308669142,-0.8003847267621055,1.4675587704731405,-6.340338804659291,0.312239207038583,-6.340338804659291,0.312239207038583,0.0,0.0,0.0,0.0,0.0,0.0,2.9735727964409335,2.9735727964409335,2.973572796440934,2.987178876638127,2.987178876638127,2.688554598522725,2.688554598522725
256.0,0.256,0.001,0.499,60.84731343935397,-2.0762574501581432,1.0619859605097217,-0.03623752862432166,4.9742822701569755,0.44355155180844386,4.9742822701569755,0.44355155180844386,4.9742822701569755,0.44355155180844386,-0.8067362690081968,1.4678158422728549,-6.351542246091306,0.2570717997144272,-6.351542246091306,0.2570717997144272,0.0,0.0,0.0,0.0,0.0,0.0,2.987180950190542,2.987180950190542,2.987180950190542,2.9999043827878666,2.9999043827878666,2.702594372390031,2.702594372390031
257.0,0.257,0.001,0.499,61.13233161337498,-2.048250248619191,1.0669604660744105,-0.03574871074319732,4.974505564688897,0.48881788112434343,4.974505564688897,0.48881788112434343,4.974505564688897,0.48881788112434343,-0.8130987215038147,1.4680171468362708,-6.362452495617797,0.20130456341583342,-6.362452495617797,0.20130456341583342,0.0,0.0,0.0,0.0,0.0,0.0,2.999907080060622,2.999907080060622,2.999907080060622,3.011813036279641,3.011813036279641,2.716716680584023,2.716716680584023
258.0,0.258,0.001,0.499,61.417434048578954,-2.0179758941034778,1.0719364422741737,-0.03522032357798211,4.9759761997632665,0.528387165215211,4.9759761997632665,0.528387165215211,4.9759761997632665,0.528387165215211,-0.8194717869360372,1.4681620840723175,-6.373065432222507,0.1449372360467982,-6.373065432222507,0.1449372360467982,0.0,0.0,0.0,0.0,0.0,0.0,3.0118162544140037,3.0118162544140037,3.0118162544140037,3.0229652599175476,3.0229652599175476,2.7309226967506395,2.7309226967506395
259.0,0.259,0.001,0.499,61.702685755213906,-1.9857339894707648,1.0769150237518865,-0.034657596185027256,4.978581477712765,0.5627273929548522,4.978581477712765,0.5627273929548522,4.978581477712765,0.5627273929548522,-0.8258551638490685,1.4682500536700356,-6.383376913031422,0.08796959771805574,-6.383376913031422,0.08796959771805574,0.0,0.0,0.0,0.0,0.0,0.0,3.02296890284565,3.02296890284565,3.02296890284565,3.033417147513287,3.033417147513287,2.745213577439749,2.745213577439749
260.0,0.26,0.001,0.499,61.98814574734649,-1.9517992456589652,1.0818972404973173,-0.03406532317469058,4.982216745430732,0.5922730103366755,4.982216745430732,0.5922730103366755,4.982216745430732,0.5922730103366755,-0.8322485466234375,1.468280455141002,-6.393382774368918,0.030401470966512814,-6.393382774368918,0.030401470966512814,0.0,0.0,0.0,0.0,0.0,0.0,3.0334211263398236,3.0334211263398236,3.0334211263398236,3.0432207542098717,3.0432207542098717,2.7595904606360726,2.7595904606360726
261.0,0.261,0.001,0.499,62.27386747260206,-1.9164232742026956,1.0868840253475056,-0.03344789599668715,4.986784850188272,0.6174271780034373,4.986784850188272,0.6174271780034373,4.986784850188272,0.6174271780034373,-0.8386516254562884,1.4682526878619655,-6.403078832850879,-0.027767279036621746,-6.403078832850879,-0.027767279036621746,0.0,0.0,0.0,0.0,0.0,0.0,3.0432249873793618,3.0432249873793618,3.0432249873793618,3.0524243679950334,3.0524243679950334,2.774054464270203,2.774054464270203
262.0,0.262,0.001,0.499,62.55989921279675,-1.879836258830576,1.091876220979112,-0.03280933211496588,4.992195631606345,0.6385638817212669,4.992195631606345,0.6385638817212669,4.992195631606345,0.6385638817212669,-0.8450640863428036,1.4681661511176762,-6.412460886515214,-0.08653674428931672,-6.412460886515214,-0.08653674428931672,0.0,0.0,0.0,0.0,0.0,0.0,3.052428781290949,3.052428781290949,3.052428781290949,3.061072763608325,3.061072763608325,2.7886066847108886,2.7886066847108886
263.0,0.263,0.001,0.499,62.846284457394155,-1.8422485140270903,1.096874586426466,-0.03215330220974567,4.998365447354082,0.6560299052202114,4.998365447354082,0.6560299052202114,4.998365447354082,0.6560299052202114,-0.8514856110587938,1.468020244143902,-6.421524715990173,-0.14590697377410095,-6.421524715990173,-0.14590697377410095,0.0,0.0,0.0,0.0,0.0,0.0,3.061077290021806,3.061077290021806,3.061077290021806,3.0692074399660876,3.0692074399660876,2.8032481952398136,2.8032481952398136
264.0,0.264,0.001,0.499,63.133062251589344,-1.8038519379392977,1.1018798031567787,-0.03148315553552116,5.0052167303127995,0.6701466742245071,5.0052167303127995,0.6701466742245071,5.0052167303127995,0.6701466742245071,-0.8579158771444947,1.4678143661706164,-6.4302660857008505,-0.20587797328563298,-6.4302660857008505,-0.20587797328563298,0.0,0.0,0.0,0.0,0.0,0.0,3.069212019466424,3.069212019466424,3.069212019466424,3.0768668421547756,3.076866842154775,2.817980044510185,2.817980044510185
265.0,0.265,0.001,0.499,63.42026752070255,-1.7648213665353139,1.1068924807318805,-0.030801943555586898,5.012677575101763,0.6812119799342632,5.012677575101763,0.6812119799342632,5.012677575101763,0.6812119799342632,-0.864354557889609,1.4675479164653458,-6.438680745114283,-0.2664497052707302,-6.438680745114283,-0.2664497052707302,0.0,0.0,0.0,0.0,0.0,0.0,3.0768714213886934,3.0768714213886934,3.0768714213886934,3.084086568975165,3.084086568975165,2.8328032549904276,2.8328032549904276
266.0,0.266,0.001,0.499,63.70793137245261,-1.7253158354782812,1.111913162083888,-0.0301124419658928,5.020681352007457,0.6895015896940972,5.020681352007457,0.6895015896940972,5.020681352007457,0.6895015896940972,-0.8708013223196325,1.4672202943766646,-6.446764430023491,-0.3276220886811165,-6.446764430023491,-0.3276220886811165,0.0,0.0,0.0,0.0,0.0,0.0,3.0840911009141014,3.0840911009141014,3.084091100914101,3.0908995669569155,3.090899566956915,2.8477188213944005,2.8477188213944005
267.0,0.267,0.001,0.499,63.996081378575916,-1.6854797557645558,1.1169423284303814,-0.029417171213801375,5.029166346493324,0.6952707520914242,5.029166346493324,0.6952707520914242,5.029166346493324,0.6952707520914242,-0.8772558351835034,1.4668308993778254,-6.454512863870853,-0.38939499883913203,-6.454512863870853,-0.38939499883913203,0.0,0.0,0.0,0.0,0.0,0.0,3.090904010511615,3.090904010511615,3.090904010511615,3.097336311704481,3.097336311704481,2.8627277090995364,2.8627277090995364
268.0,0.268,0.001,0.499,64.28474183715906,-1.6454440087863218,1.121980403852974,-0.02871841561053582,5.03807542259253,0.6987556032655551,5.03807542259253,0.6987556032655551,5.03807542259253,0.6987556032655551,-0.8837177569426146,1.4663791311105088,-6.461921759111148,-0.45176826731663294,-6.461921759111148,-0.45176826731663294,0.0,0.0,0.0,0.0,0.0,0.0,3.0973406313193252,3.0973406313193252,3.0973406313193252,3.1034249773808313,3.103424977380831,2.877830852554404,2.877830852554404
269.0,0.269,0.001,0.499,64.57393401696326,-1.605326966115059,1.1270277595615767,-0.028018241129759223,5.047355708602789,0.7001744807765986,5.047355708602789,0.7001744807765986,5.047355708602789,0.7001744807765986,-0.8901867437612292,1.4658643894286816,-6.468986818614613,-0.514741681827288,-6.468986818614613,-0.514741681827288,0.0,0.0,0.0,0.0,0.0,0.0,3.103429142621512,3.103429142621512,3.1034291426215126,3.1091915950846474,3.1091915950846474,2.893029153677181,2.893029153677181
270.0,0.27,0.001,0.499,64.86367638493377,-1.565235438961717,1.1320847178651872,-0.027318511978780692,5.056958303610343,0.6997291509785327,5.056958303610343,0.6997291509785327,5.056958303610343,0.6997291509785327,-0.8966624474983396,1.465286074442549,-6.475703737110336,-0.5783149861324595,-6.475703737110336,-0.5783149861324595,0.0,0.0,0.0,0.0,0.0,0.0,3.109195580224954,3.109195580224954,3.109195580224954,3.114660200829217,3.114660200829217,2.9083234802466094,2.9083234802466094
271.0,0.271,0.001,0.499,65.15398481800912,-1.5252655619505529,1.1371515558686576,-0.02662090602331869,5.066838003470419,0.6976059554619999,5.066838003470419,0.6976059554619999,5.066838003470419,0.6976059554619999,-0.9031445157010098,1.4646435865625882,-6.482068202670306,-0.6424878799608318,-6.482068202670306,-0.6424878799608318,0.0,0.0,0.0,0.0,0.0,0.0,3.114663984443867,3.114663984443867,3.114663984443867,3.119852973786784,3.119852973786784,2.9237146642870258,2.9237146642870258
272.0,0.272,0.001,0.499,65.44487280027168,-1.4855036155450394,1.1422285089136222,-0.025926929141540957,5.076953044964504,0.6939768817777334,5.076953044964504,0.6939768817777334,5.076953044964504,0.6939768817777334,-0.9096325915992443,1.4639363265436462,-6.488075898234408,-0.7072600189419241,-6.488075898234408,-0.7072600189419241,0.0,0.0,0.0,0.0,0.0,0.0,3.119856538359767,3.119856538359767,3.119856538359767,3.1247903654206204,3.1247903654206204,2.9392035004490884,2.9392035004490884
273.0,0.273,0.001,0.499,65.73635160641258,-1.4460267911846958,1.1473157737805633,-0.025237928578221457,5.08726486694104,0.6890005633195012,5.08726486694104,0.6890005633195012,5.08726486694104,0.6890005633195012,-0.9161263141024208,1.4631636955290928,-6.493722503176638,-0.7726310145535974,-6.493722503176638,-0.7726310145535974,0.0,0.0,0.0,0.0,0.0,0.0,3.124793696966269,3.124793696966269,3.124793696966269,3.1294912200880427,3.1294912200880427,2.954790744387872,2.954790744387872
274.0,0.274,0.001,0.499,66.02843047242033,-1.4069039029299804,1.1524135116678895,-0.024555105365286854,5.097737887326305,0.6828232129346047,5.097737887326305,0.6828232129346047,5.097737887326305,0.6828232129346047,-0.9226253177973337,1.462325095095009,-6.499003694912827,-0.8386004340836304,-6.499003694912827,-0.8386004340836304,0.0,0.0,0.0,0.0,0.0,0.0,3.129494307792024,3.129494307792024,3.1294943077920236,3.1339728876611654,3.1339728876611654,2.970477111140024,2.970477111140024
275.0,0.275,0.001,0.499,66.32111675434274,-1.3681960491673177,1.1575218509628562,-0.023879525870747917,5.108339294966606,0.6755794945389368,5.108339294966606,0.6755794945389368,5.108339294966606,0.6755794945389368,-0.9291292329478837,1.4614199272944037,-6.503915150550091,-0.9051678006054096,-6.503915150550091,-0.9051678006054096,0.0,0.0,0.0,0.0,0.0,0.0,3.133975723543015,3.133975723543015,3.133975723543015,3.1382513286778257,3.1382513286778257,2.986263273501708,2.986263273501708
276.0,0.276,0.001,0.499,66.61441607591676,-1.3299572276968994,1.1626408898181884,-0.023212132534006814,5.119038855332074,0.6673933367411033,5.119038855332074,0.6673933367411033,5.119038855332074,0.6673933367411033,-0.935637685496462,1.460447594701436,-6.508452548578259,-0.9723325929677356,-6.508452548578259,-0.9723325929677356,0.0,0.0,0.0,0.0,0.0,0.0,3.13825390727302,3.13825390727302,3.1382539072730196,3.1423412125030485,3.1423412125030485,3.002149860409077,3.002149860409077
277.0,0.277,0.001,0.499,66.90832811344283,-1.2922167473460848,1.1677706225842635,-0.022553436890600877,5.129732766075137,0.6586956434059368,5.129732766075137,0.6586956434059368,5.129732766075137,0.6586956434059368,-0.9421502970670654,1.4594075004556373,-6.512611570603488,-1.0400942457987103,-6.512611570603488,-1.0400942457987103,0.0,0.0,0.0,0.0,0.0,0.0,3.14234353056889,3.14234353056889,3.14234353056889,3.146294354563304,3.146294354563304,3.0181374553230618,3.0181374553230618
278.0,0.278,0.001,0.499,67.20284227930684,-1.2549612130711887,1.172910864472355,-0.02190320515291434,5.140241888091533,0.6502317376865385,5.140241888091533,0.6502317376865385,5.140241888091533,0.6502317376865385,-0.9486666849701897,1.4582990483061136,-6.516387903124238,-1.108452149523624,-6.516387903124238,-1.108452149523624,0.0,0.0,0.0,0.0,0.0,0.0,3.1462964135574696,3.1462964135574696,3.1462964135574696,3.1502006315896796,3.150200631589679,3.034226594620267,3.034226594620267
279.0,0.279,0.001,0.499,67.49794797518982,-1.2181772972331184,1.1780614305069022,-0.021261204709763525,5.150566034547231,0.6420004431508145,5.150566034547231,0.6420004431508145,5.150566034547231,0.6420004431508145,-0.9551864622095395,1.4571216426557168,-6.519777239349817,-1.1774056503967085,-6.519777239349817,-1.1774056503967085,0.0,0.0,0.0,0.0,0.0,0.0,3.1502024397400503,3.1502024397400503,3.1502024397400508,3.1540596446384406,3.1540596446384406,3.050417765991784,3.050417765991784
280.0,0.28,0.001,0.499,67.79363459281151,-1.181851741073813,1.1832221355384862,-0.02062720415216554,5.160705031584029,0.6340005575979848,5.160705031584029,0.6340005575979848,5.160705031584029,0.6340005575979848,-0.9617092374906011,1.45587468860517,-6.522775281061605,-1.2469540505465782,-6.522775281061605,-1.2469540505465782,0.0,0.0,0.0,0.0,0.0,0.0,3.154061209881286,3.154061209881286,3.154061209881286,3.157870995043347,3.157870995043347,3.0667114068517547,3.0667114068517547
281.0,0.281,0.001,0.499,68.08989151467982,-1.1459713562066223,1.1883927942569117,-0.020000973299350314,5.1706587184254635,0.6262308528152261,5.1706587184254635,0.6262308528152261,5.1706587184254635,0.6262308528152261,-0.9682346152311182,1.454557591997135,-6.525377740517134,-1.3170966080351114,-6.525377740517134,-1.3170966080351114,0.0,0.0,0.0,0.0,0.0,0.0,3.157872325030313,3.157872325030313,3.157872325030313,3.16163428442533,3.16163428442533,3.083107902757527,3.083107902757527
282.0,0.28200000000000003,0.001,0.499,68.38670811484612,-1.1105230261194337,1.1935732212043892,-0.019382283224995103,5.180426947477574,0.6186900743552095,5.180426947477574,0.6186900743552095,5.180426947477574,0.6186900743552095,-0.9747621955735153,1.4531697594602055,-6.5275803423970915,-1.3878325369294757,-6.5275803423970915,-1.3878325369294757,0.0,0.0,0.0,0.0,0.0,0.0,3.161635386529481,3.161635386529481,3.1616353865294813,3.165349114704435,3.1653491147044344,3.099607585843252,3.099607585843252
283.0,0.28300000000000003,0.001,0.499,68.68407375966609,-1.0754937076893245,1.1987632307888136,-0.01877090628366017,5.190009584424392,0.611376941334934,5.190009584424392,0.611376941334934,5.190009584424392,0.611376941334934,-0.9812915743993107,1.4517105984528187,-6.529378825795379,-1.4591610073869214,-6.529378825795379,-1.4591610073869214,0.0,0.0,0.0,0.0,0.0,0.0,3.165349996026969,3.165349996026969,3.165349996026969,3.1690150881140577,3.1690150881140577,3.11621073326878,3.11621073326878
284.0,0.28400000000000003,0.001,0.499,68.98197780856556,-1.0408704327074991,1.2039626372971317,-0.018166616137403935,5.199406508318043,0.6042901462562331,5.199406508318043,0.6042901462562331,5.199406508318043,0.6042901462562331,-0.987822343345563,1.4501795173070668,-6.530768946252259,-1.531081145751906,-6.530768946252259,-1.531081145751906,0.0,0.0,0.0,0.0,0.0,0.0,3.169015755490441,3.169015755490441,3.169015755490441,3.172631807217505,3.172631807217505,3.132917565685717,3.132917565685717
285.0,0.28500000000000003,0.001,0.499,69.28040961481139,-1.0066403094132474,1.2091712549087952,-0.017569187782555635,5.208617611663358,0.5974283548482997,5.208617611663358,0.5974283548482997,5.208617611663358,0.5974283548482997,-0.9943540898233936,1.4485759252724018,-6.531746477830658,-1.6035920346650259,-6.531746477830658,-1.6035920346650259,0.0,0.0,0.0,0.0,0.0,0.0,3.172632267223896,3.172632267223896,3.172632267223896,3.176198874926888,3.176198874926888,3.149728245722504,3.149728245722504
286.0,0.28600000000000003,0.001,0.499,69.57935852628668,-0.9727905240356475,1.214388897709292,-0.016978397576623085,5.217642800496873,0.590790205932551,5.217642800496873,0.590790205932551,5.217642800496873,0.590790205932551,-1.0008863970386292,1.4468992325592187,-6.53230721523564,-1.6766927131831544,-6.53230721523564,-1.6766927131831544,0.0,0.0,0.0,0.0,0.0,0.0,3.176199133885486,3.176199133885486,3.176199133885486,3.179715894524381,3.1797158945243815,3.1666428764903687,3.1666428764903687
287.0,0.28700000000000003,0.001,0.499,69.87881388627036,-0.9393083423417135,1.2196153797037521,-0.016394023265312963,5.226481994460148,0.5843743113101233,5.226481994460148,0.5843743113101233,5.226481994460148,0.5843743113101233,-1.0074188440146064,1.4451488503823087,-6.532446975977057,-1.7503821769100945,-6.532446975977057,-1.7503821769100945,0.0,0.0,0.0,0.0,0.0,0.0,3.1797159585098913,3.1797159585098913,3.1797159585098913,3.1831824696858573,3.183182469685857,3.183661500112016,3.183661500112016
288.0,0.28800000000000003,0.001,0.499,70.17876503422055,-0.9061811111896775,1.2248505148306195,-0.0158158440096407,5.235135126867285,0.5781792556722611,5.235135126867285,0.5781792556722611,5.235135126867285,0.5781792556722611,-1.0139510056171817,1.4433241910041716,-6.532161602575343,-1.8246593781369556,-6.532161602575343,-1.8246593781369556,0.0,0.0,0.0,0.0,0.0,0.0,3.183182344531298,3.183182344531298,3.183182344531298,3.1865982045069154,3.186598204506915,3.200784096274889,3.200784096274889
289.0,0.289,0.001,0.499,70.47920130656142,-0.8733962600860821,1.230094116975386,-0.015243640413106864,5.243602144766588,0.5722035965338359,5.243602144766588,0.5722035965338359,5.243602144766588,0.5722035965338359,-1.020482452581992,1.4414246677781803,-6.531446964810427,-1.8995232259913646,-6.531446964810427,-1.8995232259913646,0.0,0.0,0.0,0.0,0.0,0.0,3.1865978958083163,3.1865978958083163,3.1865978958083168,3.1899627035312976,3.1899627035312976,3.218010580810824,3.218010580810824
290.0,0.29,0.001,0.499,70.78011203747337,-0.8409413027453428,1.2353459999843823,-0.014677194548916663,5.251883008996271,0.5664458641902016,5.251883008996271,0.5664458641902016,5.251883008996271,0.5664458641902016,-1.0270127515440057,1.4394496951915858,-6.530298962013686,-1.974972586594512,-6.530298962013686,-1.974972586594512,0.0,0.0,0.0,0.0,0.0,0.0,3.1899622166546315,3.1899622166546315,3.1899622166546315,3.1932755717817365,3.193275571781736,3.2353408043039398,3.2353408043039398
291.0,0.291,0.001,0.499,71.08148655968594,-0.808803838650437,1.2406059776786165,-0.014116289987219097,5.259977694234151,0.5609045616975669,5.259977694234151,0.5609045616975669,5.259977694234151,0.5609045616975669,-1.0335414650694086,1.437398688908361,-6.5287135254028525,-2.051006283224914,-6.5287135254028525,-2.051006283224914,0.0,0.0,0.0,0.0,0.0,0.0,3.193274911866294,3.193274911866294,3.193274911866294,3.1965364147931816,3.196536414793182,3.252774550728523,3.252774550728523
292.0,0.292,0.001,0.499,71.38331420527325,-0.7769715546133595,1.2458738638676576,-0.013560711822342062,5.26788618904127,0.5555781648770349,5.26788618904127,0.5555781648770349,5.26788618904127,0.5555781648770349,-1.0400681516898684,1.4352710658118732,-6.526686620459778,-2.1276230964876475,-6.526686620459778,-2.1276230964876475,0.0,0.0,0.0,0.0,0.0,0.0,3.196535586758941,3.196535586758941,3.196535586758941,3.199744838648475,3.1997448386484755,3.2703115361187183,3.2703115361187183
293.0,0.293,0.001,0.499,71.68558430645164,-0.7454322263339855,1.251149472363557,-0.013010246699999627,5.275608495899365,0.5504651223424349,5.275608495899365,0.5504651223424349,5.275608495899365,0.5504651223424349,-1.0465923659392193,1.4330662440473856,-6.524214249350911,-2.2048217644876886,-6.524214249350911,-2.2048217644876886,0.0,0.0,0.0,0.0,0.0,0.0,3.199743847199003,3.199743847199003,3.1997438471990027,3.2029004500164104,3.2029004500164104,3.2879514072717466,3.2879514072717466
294.0,0.294,0.001,0.499,71.98828619637902,-0.7141737199559687,1.2564326169947992,-0.012464682844447586,5.2831446312421715,0.5455638555520406,5.2831446312421715,0.5455638555520406,5.2831446312421715,0.5455638555520406,-1.0531136583926097,1.4307836430643797,-6.52129245339035,-2.282600983005829,-6.52129245339035,-2.282600983005829,0.0,0.0,0.0,0.0,0.0,0.0,3.2028992996457424,3.2028992996457424,3.2028992996457424,3.2060028561922187,3.2060028561922187,3.3056937404863875,3.3056937404863875
295.0,0.295,0.001,0.499,72.29140920995572,-0.6831839936183045,1.2617231116202798,-0.011923810085563343,5.2904946254804806,0.540872758884243,5.2904946254804806,0.540872758884243,5.2904946254804806,0.540872758884243,-1.0596315757081551,1.4284226836587042,-6.51791731554531,-2.3609594056755108,-6.51791731554531,-2.3609594056755108,0.0,0.0,0.0,0.0,0.0,0.0,3.206001551188087,3.206001551188087,3.206001551188087,3.2090516651404353,3.2090516651404353,3.3235380403384083,3.3235380403384083
296.0,0.296,0.001,0.499,72.59494268462632,-0.6524510990011826,1.2670207701433007,-0.011387419885826122,5.297658523020941,0.5363901997372201,5.297658523020941,0.5363901997372201,5.297658523020941,0.5363901997372201,-1.066145660671139,1.4259827880145455,-6.514084962983804,-2.4398956441587503,-6.514084962983804,-2.4398956441587503,0.0,0.0,0.0,0.0,0.0,0.0,3.2090502095895634,3.2090502095895634,3.2090502095895634,3.212046485540183,3.212046485540183,3.3414837384946185,3.3414837384946185
297.0,0.297,0.001,0.499,72.89887596118243,-0.6219631828647525,1.2723254065255793,-0.01085530536717351,5.3046363822785585,0.5321145186526125,5.3046363822785585,0.5321145186526125,5.3046363822785585,0.5321145186526125,-1.0726554522408034,1.4234633797462264,-6.509791569664365,-2.5194082683191557,-6.509791569664365,-2.5194082683191557,0.0,0.0,0.0,0.0,0.0,0.0,3.212044883332802,3.212044883332802,3.212044883332802,3.2149869268327986,3.214986926832798,3.359530192567138,3.359530192567138
298.0,0.298,0.001,0.499,73.2031983845655,-0.5917084885794298,1.2776368348012621,-0.010327261337710315,5.3114282756828715,0.5280440294631942,5.3114282756828715,0.5280440294631942,5.3114282756828715,0.5280440294631942,-1.079160485599771,1.4208638839398364,-6.505033358967567,-2.5994958063898608,-6.505033358967567,-2.5994958063898608,0.0,0.0,0.0,0.0,0.0,0.0,3.2149851816672683,3.2149851816672683,3.2149851816672683,3.2178725992718435,3.2178725992718435,3.3776766850094964,3.3776766850094964
299.0,0.299,0.001,0.499,73.50789930466988,-0.5616753576463674,1.2829548690909398,-0.00980308431824582,5.3180342896777955,0.5241770194644951,5.3180342896777955,0.5241770194644951,5.3180342896777955,0.5241770194644951,-1.08566029220614,1.4181837271947024,-6.499806606369145,-2.6801567451340116,-6.499806606369145,-2.6801567451340116,0.0,0.0,0.0,0.0,0.0,0.0,3.2178707146580927,3.2178707146580927,3.2178707146580927,3.220703113975443,3.220703113975443,3.3959224220560773,3.3959224220560773
300.0,0.3,0.001,0.499,73.81296807714538,-0.5318522312067265,1.288279323615655,-0.009282572568635513,5.32445452471511,0.5205117496103076,5.32445452471511,0.5205117496103076,5.32445452471511,0.5205117496103076,-1.0921543998482945,1.4154223376647073,-6.494107642154468,-2.7613895299952373,-6.494107642154468,-2.7613895299952373,0.0,0.0,0.0,0.0,0.0,0.0,3.220701093239988,3.220701093239988,3.220701093239988,3.223478082980947,3.223478082980947,3.4142665327064265,3.4142665327064265
301.0,0.301,0.001,0.499,74.11839406419915,-0.5022276515383821,1.2936100127108965,-0.008765526113903532,5.330689095241591,0.517046454731981,5.330689095241591,0.517046454731981,5.330689095241591,0.517046454731981,-1.0986423327024686,1.412579145099472,-6.487932854174127,-2.8431925652353263,-6.487932854174127,-2.8431925652353263,0.0,0.0,0.0,0.0,0.0,0.0,3.22347592927042,3.22347592927042,3.22347592927042,3.226197119301877,3.226197119301877,3.43270806775586,3.43270806775586
302.0,0.302,0.001,0.499,74.42416663539635,-0.4727902635387077,1.2989467508405763,-0.008251746770122146,5.336738129679794,0.5137793437813853,5.336738129679794,0.5137793437813853,5.336738129679794,0.5137793437813853,-1.1051236113931089,1.4096535808854158,-6.481278690640389,-2.9255642140561,-6.481278690640389,-2.9255642140561,0.0,0.0,0.0,0.0,0.0,0.0,3.2261948355869015,3.2261948355869015,3.226194835586902,3.2288598369871453,3.2288598369871453,3.451245998873779,3.451245998873779
303.0,0.303,0.001,0.499,74.73027516845953,-0.4435288161920924,1.304289352610979,-0.007741038170024751,5.342601770402486,0.5107086000973946,5.342601770402486,0.5107086000973946,5.342601770402486,0.5107086000973946,-1.1115977530560732,1.4066450780867135,-6.4741416629642705,-3.0085027987022466,-6.4741416629642705,-3.0085027987022466,0.0,0.0,0.0,0.0,0.0,0.0,3.2288574260665457,3.2288574260665457,3.2288574260665457,3.231465851182505,3.231465851182505,3.46987921773104,3.46987921773104
304.0,0.304,0.001,0.499,75.03670905006608,-0.4144321640208511,1.3096376327846797,-0.0072332057883290335,5.348280173700743,0.5078323816957176,5.348280173700743,0.5078323816957176,5.348280173700743,0.5078323816957176,-1.1180642714047062,1.403553071486172,-6.466518348632988,-3.092006600541617,-6.466518348632988,-3.092006600541617,0.0,0.0,0.0,0.0,0.0,0.0,3.2314633156862507,3.2314633156862507,3.2314633156862507,3.234014778194198,3.2340147781941977,3.488606535177685,3.488606535177685
305.0,0.305,0.001,0.499,75.34345767664345,-0.3854892685182024,1.3149914062944255,-0.006728056966747155,5.353773509745742,0.5051488215818786,5.353773509745742,0.5051488215818786,5.353773509745742,0.5051488215818786,-1.1245226767988337,1.4003769976260527,-6.458405394127536,-3.1760738601192298,-6.458405394127536,-3.1760738601192298,0.0,0.0,0.0,0.0,0.0,0.0,3.23401212058731,3.23401212058731,3.23401212058731,3.2365062355547636,3.2365062355547636,3.507426680472257,3.507426680472257
306.0,0.306,0.001,0.499,75.65051045516192,-0.3566891995620009,1.3203504882569697,-0.0062254009386600315,5.359081962544261,0.5026560280871237,5.359081962544261,0.5026560280871237,5.359081962544261,0.5026560280871237,-1.130972476316714,1.3971162948488718,-6.449799517880173,-3.26070277718095,-6.449799517880173,-3.26070277718095,0.0,0.0,0.0,0.0,0.0,0.0,3.2365034581408736,3.2365034581408736,3.2365034581408736,3.2389398420909923,3.238939842090992,3.526338300563898,3.526338300563898
307.0,0.307,0.001,0.499,75.9578568039244,-0.3280211368079234,1.3257146939868576,-0.005725048853433026,5.364205729887921,0.500352085227006,5.364205729887921,0.500352085227006,5.364205729887921,0.500352085227006,-1.1374131738299855,1.3937704033382092,-6.440697513271584,-3.3458915106625136,-6.440697513271584,-3.3458915106625136,0.0,0.0,0.0,0.0,0.0,0.0,3.2389369470152034,3.2389369470152034,3.2389369470152034,3.2413152179939178,3.2413152179939178,3.5453399594283574,3.5453399594283574
308.0,0.308,0.001,0.499,76.26548615335294,-0.29947437106082664,1.3310838390101538,-0.005226813800350648,5.369145023296217,0.4982350530823774,5.369145023296217,0.4982350530823774,5.369145023296217,0.4982350530823774,-1.1438442700816531,1.39033876515957,-6.431096251667531,-3.431638178639263,-6.431096251667531,-3.431638178639263,0.0,0.0,0.0,0.0,0.0,0.0,3.241312207246709,3.241312207246709,3.241312207246709,3.243631984890905,3.243631984890905,3.564430137458955,3.564430137458955
309.0,0.309,0.001,0.499,76.57338794677173,-0.27103830562300835,1.3364577390781072,-0.004730510832148156,5.373900067953374,0.4963029682024914,5.373900067953374,0.4963029682024914,5.373900067953374,0.4963029682024914,-1.150265262767148,1.3868208243013385,-6.420992685494812,-3.5179408582316363,-6.420992685494812,-3.5179408582316363,0.0,0.0,0.0,0.0,0.0,0.0,3.243628860310338,3.243628860310338,3.243628860310338,3.2458897659196855,3.2458897659196855,3.583607230913525,3.583607230913525
310.0,0.31,0.001,0.499,76.88155164118602,-0.24270245761812395,1.3418362101807462,-0.004235956988118257,5.3784711026390735,0.49455384402989866,5.3784711026390735,0.49455384402989866,5.3784711026390735,0.49455384402989866,-1.1566756466185042,1.3832160267158773,-6.4103838513563725,-3.6047975854611134,-6.4103838513563725,-3.6047975854611134,0.0,0.0,0.0,0.0,0.0,0.0,3.245886529195012,3.245886529195012,3.245886529195012,3.2480881858043547,3.2480881858043547,3.602869551418262,3.602869551418262
311.0,0.311,0.001,0.499,77.18996670805677,-0.21445645928952925,1.3472190685603993,-0.0037429713167714644,5.382858379653115,0.49298567134679283,5.382858379653115,0.49298567134679283,5.382858379653115,0.49298567134679283,-1.1630749134916896,1.3795238203608264,-6.399266873185469,-3.6922063550509616,-6.399266873185469,-3.6922063550509616,0.0,0.0,0.0,0.0,0.0,0.0,3.2480848384784875,3.2480848384784875,3.2480848384784875,3.250226870933259,3.250226870933259,3.622215325529351,3.622215325529351
312.0,0.312,0.001,0.499,77.49862263407064,-0.18629005927184125,1.3526061307251334,-0.00325137489802902,5.387062164734068,0.49159641874244436,5.387062164734068,0.49159641874244436,5.387062164734068,0.49159641874244436,-1.1694625524571283,1.3757436552406608,-6.387638965438805,-3.7801651201657567,-6.387638965438805,-3.7801651201657567,0.0,0.0,0.0,0.0,0.0,0.0,3.2502234144062885,3.2502234144062885,3.250223414406289,3.252305449438716,3.2523054494387154,3.641642694353188,3.641642694353188
313.0,0.313,0.001,0.499,77.80750892190498,-0.15819312383453105,1.3579972134621054,-0.0027609908649276842,5.391082736971981,0.49038403310133594,5.391082736971981,0.49038403310133594,5.391082736971981,0.49038403310133594,-1.1758380498934569,1.3718749834485775,-6.375497436328614,-3.868671792083258,-6.375497436328614,-3.868671792083258,0.0,0.0,0.0,0.0,0.0,0.0,3.2523018849697145,3.2523018849697145,3.2523018849697145,3.254323551278519,3.2543235512785187,3.6611497132259307,3.6611497132259307
314.0,0.314,0.001,0.499,78.11661509098744,-0.13015563809638545,1.3633921338508206,-0.002271644424816091,5.394920388715214,0.4893464401115933,5.394920388715214,0.4893464401115933,5.394920388715214,0.4893464401115933,-1.1822008895845506,1.3679172592087856,-6.362839691093716,-3.957724239791806,-6.362839691093716,-3.957724239791806,0.0,0.0,0.0,0.0,0.0,0.0,3.2543198799883917,3.2543198799883917,3.2543198799883917,3.2562808083191594,3.25628080831916,3.6807343514530584,3.6807343514530584
315.0,0.315,0.001,0.499,78.42593067825,-0.10216770720969959,1.368790709276292,-0.0017831628800228064,5.3985754254714795,0.4884815447932845,5.3985754254714795,0.4884815447932845,5.3985754254714795,0.4884815447932845,-1.1885505528198603,1.3638699389192797,-6.349663235309643,-4.047320289505989,-6.349663235309643,-4.047320289505989,0.0,0.0,0.0,0.0,0.0,0.0,3.256277031193773,3.256277031193773,3.256277031193773,3.2581768544207184,3.2581768544207184,3.700394492109543,3.700394492109543
316.0,0.316,0.001,0.499,78.7354452388769,-0.07421955751308716,1.3741927574420953,-0.0012953756479766652,5.40204816580317,0.4877872320461411,5.40204816580317,0.4877872320461411,5.40204816580317,0.4877872320461411,-1.1948865184980983,1.3597324811951867,-6.335965678237992,-4.137457724092861,-6.335965678237992,-4.137457724092861,0.0,0.0,0.0,0.0,0.0,0.0,3.2581729723124937,3.2581729723124937,3.2581729723124937,3.260011325523347,3.2600113255233465,3.7201279319011795,3.7201279319011795
317.0,0.317,0.001,0.499,79.04514834704636,-0.046301537651822815,1.3795980963833123,-0.000808114280760432,5.405338941217055,0.48726136721623325,5.405338941217055,0.48726136721623325,5.405338941217055,0.48726136721623325,-1.2012082632343135,1.3555043469127863,-6.321744736215233,-4.228134282400541,-6.321744736215233,-4.228134282400541,0.0,0.0,0.0,0.0,0.0,0.0,3.2600073391542725,3.2600073391542725,3.2600073391542725,3.261783859735284,3.2617838597352846,3.7399323810875313,3.7399323810875313
318.0,0.318,0.001,0.499,79.35502959666549,-0.018404119664657954,1.3850065444793607,-0.000321212484079316,5.408448096048439,0.486901796681116,5.408448096048439,0.486901796681116,5.408448096048439,0.486901796681116,-1.2075152614703948,1.3511849992543057,-6.306998236081311,-4.319347658480527,-6.306998236081311,-4.319347658480527,0.0,0.0,0.0,0.0,0.0,0.0,3.261779769698444,3.261779769698444,3.261779769698444,3.263494097422357,3.263494097422357,3.759805463466925,3.759805463466925
319.0,0.319,0.001,0.499,79.66507860209852,0.009482099963919214,1.3904179204667007,0.00016549386437362583,5.411375987339889,0.4867063484529418,5.411375987339889,0.4867063484529418,5.411375987339889,0.4867063484529418,-1.2138069855890432,1.346773903753611,-6.291724118648447,-4.411095500694527,-6.291724118648447,-4.411095500694527,0.0,0.0,0.0,0.0,0.0,0.0,3.263489904185029,3.263489904185029,3.2634899041850285,3.2651416812988434,3.265141681298844,3.779744716423797,3.779744716423797
320.0,0.32,0.001,0.499,79.97528499888743,0.03736639928697898,1.3958320434514153,0.0006521666971726446,5.414122984714604,0.4866728327990188,5.414122984714604,0.4866728327990188,5.414122984714604,0.4866728327990188,-1.220082906031254,1.3422705283429148,-6.275920442210666,-4.503375410696123,-6.275920442210666,-4.503375410696123,0.0,0.0,0.0,0.0,0.0,0.0,3.2651373852042873,3.2651373852042873,3.2651373852042873,3.266726256519704,3.266726256519704,3.7997475910386918,3.7997475910386918
321.0,0.321,0.001,0.499,80.2856384444654,0.06525792991496963,1.4012487329216599,0.0011389657400519232,5.416689470244572,0.4867990428792786,5.416689470244572,0.4867990428792786,5.416689470244572,0.4867990428792786,-1.2263424914173486,1.337674343400638,-6.259585386094686,-4.596184942276959,-6.259585386094686,-4.596184942276959,0.0,0.0,0.0,0.0,0.0,0.0,3.266721857788884,3.266721857788884,3.266721857788884,3.268247470774044,3.2682474707740434,3.8198114522611095,3.8198114522611095
322.0,0.322,0.001,0.499,80.5961286188621,0.09316571607299831,1.4066678087599735,0.0016260484954520222,5.4190758383135815,0.48708275540009904,5.4190758383135815,0.48708275540009904,5.4190758383135815,0.48708275540009904,-1.2325852086716016,1.3329848218005713,-6.242717254252942,-4.689521600066642,-6.242717254252942,-4.689521600066642,0.0,0.0,0.0,0.0,0.0,0.0,3.2682429695078437,3.2682429695078437,3.2682429695078437,3.269704974379758,3.269704974379758,3.8399335791453426,3.8399335791453426
323.0,0.323,0.001,0.499,80.90674522540097,0.12109865369647757,1.4120890912554487,0.0021135702267359355,5.421282495475234,0.4875217312839133,5.421282495475234,0.4875217312839133,5.421282495475234,0.4875217312839133,-1.238810523150501,1.3282014389624965,-6.225314478899618,-4.7833828380748695,-6.225314478899618,-4.7833828380748695,0.0,0.0,0.0,0.0,0.0,0.0,3.2697003705613468,3.2697003705613468,3.2697003705613468,3.271098420379312,3.271098420379312,3.860111165149387,3.860111165149387
324.0,0.324,0.001,0.499,81.2174779913882,0.14906550956600886,1.4175124011157547,0.002601683943089958,5.423309860306054,0.4881137163540225,5.423309860306054,0.4881137163540225,5.423309860306054,0.4881137163540225,-1.2450178987746918,1.3233236729044329,-6.207375624190757,-4.877766058063721,-6.207375624190757,-4.877766058063721,0.0,0.0,0.0,0.0,0.0,0.0,3.271093713875199,3.271093713875199,3.271093713875199,3.2724274646365,3.2724274646365004,3.8803413184969564,3.8803413184969564
325.0,0.325,0.001,0.499,81.52831666879274,0.1770749204823396,1.4229375594790086,0.003090540385123972,5.425158363253832,0.48885644203401374,5.425158363253832,0.48885644203401374,5.425158363253832,0.48885644203401374,-1.2512067981646415,1.3183510042966955,-6.188899389949631,-4.972668607737372,-6.188899389949631,-4.972668607737372,0.0,0.0,0.0,0.0,0.0,0.0,3.2724226551993336,3.2724226551993336,3.2724226551993336,3.273691765934217,3.273691765934217,3.9006210626025473,3.9006210626025473
326.0,0.326,0.001,0.499,81.83925103491765,0.2051353924821961,1.42836438792549,0.003580288011185145,5.4268284464813155,0.48974762606117295,5.4268284464813155,0.48974762606117295,5.4268284464813155,0.48974762606117295,-1.2573766827800803,1.3132829165179596,-6.169884615438749,-5.068087778735821,-6.169884615438749,-5.068087778735821,0.0,0.0,0.0,0.0,0.0,0.0,3.2736868532038637,3.2736868532038637,3.2736868532038637,3.2748909860730544,3.2748909860730544,3.9209473365594696,3.9209473365594696
327.0,0.327,0.001,0.499,82.15027089306204,0.23325530009575765,1.4337927084891953,0.0040710729843984154,5.428320563705383,0.4907849732132706,5.428320563705383,0.4907849732132706,5.428320563705383,0.4907849732132706,-1.2635270130632603,1.308118895713541,-6.150330283180047,-5.164020804418521,-6.150330283180047,-5.164020804418521,0.0,0.0,0.0,0.0,0.0,0.0,3.274885969578604,3.274885969578604,3.274885969578604,3.2760247899707204,3.276024789970721,3.941316995690711,3.941316995690711
328.0,0.328,0.001,0.499,82.46136607317362,0.2614428856465029,1.439222343669227,0.0045630391604464995,5.429635180031831,0.49196617604808385,5.429635180031831,0.49196617604808385,5.429635180031831,0.49196617604808385,-1.2696572485860853,1.302858430856118,-6.130235522825006,-5.260464857423066,-6.130235522825006,-5.260464857423066,0.0,0.0,0.0,0.0,0.0,0.0,3.276019669132159,3.276019669132159,3.276019669132159,3.2770928457621538,3.2770928457621538,3.9617268121624156,3.9617268121624156
329.0,0.329,0.001,0.499,82.77252643249153,0.28970625859411986,1.444653116441013,0.00505632807610151,5.4307727717859136,0.4932889156550109,5.4307727717859136,0.4932889156550109,5.4307727717859136,0.4932889156550109,-1.275766848201162,1.2975010138091345,-6.109599615076653,-5.357417046983349,-6.109599615076653,-5.357417046983349,0.0,0.0,0.0,0.0,0.0,0.0,3.277087619892361,3.277087619892361,3.2770876198923604,3.278094824900276,3.278094824900276,3.98217347565976,3.98217347565976
330.0,0.33,0.001,0.499,83.08374185617919,0.3180533949211359,1.4500848502673518,0.005551078938519632,5.4317338263387605,0.4947508624181214,5.4317338263387605,0.4947508624181214,5.4317338263387605,0.4947508624181214,-1.2818552701968275,1.2920461393931437,-6.088421995665589,-5.454874415990814,-6.088421995665589,-5.454874415990814,0.0,0.0,0.0,0.0,0.0,0.0,3.2780894932058384,3.2780894932058384,3.2780894932058384,3.2790304022572863,3.2790304022572863,4.002653594124932,4.002653594124932
331.0,0.331,0.001,0.499,83.39500225794706,0.3464921365638841,1.4555173691092815,0.006047428615309609,5.432518841929834,0.49634967678997716,5.432518841929834,0.49634967678997716,5.432518841929834,0.49634967678997716,-1.28792197245621,1.286493305455362,-6.066702259382464,-5.552833937781619,-6.066702259382464,-5.552833937781619,0.0,0.0,0.0,0.0,0.0,0.0,3.2790249638408313,3.2790249638408313,3.2790249638408313,3.279899256226424,3.279899256226424,4.023163694556892,4.023163694556892
332.0,0.332,0.001,0.499,83.70629758066495,0.37503019088838524,1.460950497436767,0.00654551162538516,5.433128327485559,0.49808301007555006,5.433128327485559,0.49808301007555006,5.433128327485559,0.49808301007555006,-1.2939664126203796,1.2808420129427303,-6.044440164169514,-5.651292512631714,-6.044440164169514,-5.651292512631714,0.0,0.0,0.0,0.0,0.0,0.0,3.279893710088214,3.279893710088214,3.279893710088214,3.2807010688240896,3.2807010688240896,4.043700223872577,4.043700223872577
333.0,0.333,0.001,0.499,84.0176177969637,0.4036751302116838,1.4663840602392013,0.007045460130610716,5.433562802434265,0.49994850522555573,5.433562802434265,0.49994850522555573,5.433562802434265,0.49994850522555573,-1.2999880482556536,1.2750917659787893,-6.021635635274064,-5.750246963940957,-6.021635635274064,-5.750246963940957,0.0,0.0,0.0,0.0,0.0,0.0,3.2806954138630684,3.2806954138630684,3.2806954138630684,3.281435525792284,3.2814355257922836,4.064259549829154,4.064259549829154
334.0,0.334,0.001,0.499,84.32895290982614,0.4324343913691392,1.471817883035719,0.007547403928249229,5.43382279651761,0.5019437976385129,5.43382279651761,0.5019437976385129,5.43382279651761,0.5019437976385129,-1.3059863370251208,1.2692420719447026,-5.998288769467147,-5.8496940340865375,-5.998288769467147,-5.8496940340865375,0.0,0.0,0.0,0.0,0.0,0.0,3.281429760808053,3.281429760808053,3.281429760808053,3.2821023167012284,3.2821023167012284,4.08483796200693,4.08483796200693
335.0,0.335,0.001,0.499,84.64029295316693,0.4613152753281318,1.4772517918853176,0.008051470444220065,5.433908849598622,0.5040665159708362,5.433908849598622,0.5040665159708362,5.433908849598622,0.5040665159708362,-1.3119607368644515,1.2632924415647775,-5.974399839330679,-5.949630379925049,-5.974399839330679,-5.949630379925049,0.0,0.0,0.0,0.0,0.0,0.0,3.282096440395454,3.282096440395454,3.282096440395454,3.282701135052125,3.282701135052125,4.105431672852498,4.105431672852498
336.0,0.336,0.001,0.499,84.95162799240136,0.4903249468486034,1.482685613396784,0.008557784727174323,5.433821511466515,0.5063142829542588,5.433821511466515,0.5063142829542588,5.433821511466515,0.5063142829542588,-1.3179107061620683,1.2572423889968558,-5.949969297616909,-6.050052567921639,-5.949969297616909,-6.050052567921639,0.0,0.0,0.0,0.0,0.0,0.0,3.2826951460296634,3.2826951460296634,3.2826951460296634,3.283231678379929,3.2832316783799294,4.126036818781693,4.126036818781693
337.0,0.337,0.001,0.499,85.26294812500268,0.5194704341908127,1.4881191747384226,0.009066469443394207,5.433561341638442,0.508684716219884,5.433561341638442,0.508684716219884,5.433561341638442,0.508684716219884,-1.3238357039437525,1.251091431927972,-5.924997781684185,-6.1509570688837165,-5.924997781684185,-6.1509570688837165,0.0,0.0,0.0,0.0,0.0,0.0,3.2832255751508574,3.2832255751508574,3.2832255751508574,3.2836936483560883,3.2836936483560883,4.146649461341928,4.146649461341928
338.0,0.338,0.001,0.499,85.57424348104797,0.5487586288706445,1.4935523036475808,0.00957764487252236,5.433128909158336,0.5111754291281518,5.433128909158336,0.5111754291281518,5.433128909158336,0.5111754291281518,-1.3297351900617658,1.2448390916756964,-5.899486118013356,-6.252340252275719,-5.899486118013356,-6.252340252275719,0.0,0.0,0.0,0.0,0.0,0.0,3.283687429337246,3.283687429337246,3.2836874293372458,3.284086750891118,3.284086750891118,4.167265588433499,4.167265588433499
339.0,0.339,0.001,0.499,85.88550422375228,0.5781962854627707,1.4989848284399738,0.010091428904126374,5.4325247923930045,0.5137840316040143,5.4325247923930045,0.5137840316040143,5.4325247923930045,0.5137840316040143,-1.3356086253885753,1.2384848932956058,-5.873435326809485,-6.3541983800904465,-5.873435326809485,-6.3541983800904465,0.0,0.0,0.0,0.0,0.0,0.0,3.2840804144066786,3.2840804144066786,3.2840804144066786,3.2844106962369666,3.2844106962369666,4.187881115589423,4.187881115589423
340.0,0.34,0.001,0.499,86.19672054999094,0.6077900214519203,1.5044165780187995,0.010607937035102976,5.431749578825629,0.5165081309766011,5.431749578825629,0.5165081309766011,5.431749578825629,0.5165081309766011,-1.3414554720152692,1.2320283656953543,-5.846846626693856,-6.4565276002515,-5.846846626693856,-6.4565276002515,0.0,0.0,0.0,0.0,0.0,0.0,3.2844042405212783,3.2844042405212783,3.2844042405212783,3.2846651990890585,3.2846651990890585,4.208491887313453,4.208491887313453
341.0,0.341,0.001,0.499,86.50788269081,0.6375463171324759,1.5098473818836464,0.011127282367925637,5.430803864846846,0.5193453328226616,5.430803864846846,0.5193453328226616,5.430803864846846,0.5193453328226616,-1.3472751934547609,1.225469041755834,-5.819721439491612,-6.55932393952029,-5.819721439491612,-6.55932393952029,0.0,0.0,0.0,0.0,0.0,0.0,3.284658622286785,3.284658622286785,3.284658622286785,3.284849978687938,3.284849978687938,4.229093678475884,4.229093678475884
342.0,0.342,0.001,0.499,86.81898091192441,0.6674715155565702,1.51527707013919,0.011649575609738703,5.429688255543557,0.5222932418130669,5.429688255543557,0.5222932418130669,5.429688255543557,0.5222932418130669,-1.3530672548498817,1.218806458459954,-5.792061395120688,-6.6625832958800935,-5.792061395120688,-6.6625832958800935,0.0,0.0,0.0,0.0,0.0,0.0,3.2848432788565396,3.2848432788565396,3.2848432788565396,3.2849647589204167,3.2849647589204167,4.2496821957668445,4.2496821957668445
343.0,0.343,0.001,0.499,87.13000551420404,0.6975718225308192,1.5207054735036756,0.012174925072300358,5.428403364485646,0.5253494625616549,5.428403364485646,0.5253494625616549,5.428403364485646,0.5253494625616549,-1.3588311231864698,1.2120401570295856,-5.763868336588072,-6.766301430368591,-5.763868336588072,-6.766301430368591,0.0,0.0,0.0,0.0,0.0,0.0,3.2849579340310058,3.2849579340310058,3.2849579340310058,3.2850092684201537,3.2850092684201537,4.270253079206821,4.270253079206821
344.0,0.34400000000000003,0.001,0.499,87.44094683414752,0.7278533066617814,1.5261324233171862,0.012703436672776063,5.426949813510763,0.528511600475704,5.426949813510763,0.528511600475704,5.426949813510763,0.528511600475704,-1.3645662675115695,1.2051696830712564,-5.735144325099774,-6.870473958329249,-5.735144325099774,-6.870473958329249,0.0,0.0,0.0,0.0,0.0,0.0,3.2850023163592224,3.2850023163592224,3.2850023163592224,3.2849832406675694,3.2849832406675694,4.290801903714167,4.290801903714167
345.0,0.34500000000000003,0.001,0.499,87.75179524434337,0.7583218994502009,1.5315577515496936,0.013235213935383383,5.425328232507334,0.5317772626073196,5.425328232507334,0.5317772626073196,5.425328232507334,0.5317772626073196,-1.3702721591568607,1.1981945867312054,-5.70589164529123,-6.975096340050919,-5.70589164529123,-6.975096340050919,0.0,0.0,0.0,0.0,0.0,0.0,3.2849761592387035,3.2849761592387035,3.2849761592387035,3.2848864140890286,3.2848864140890286,4.3113241807295095,4.3113241807295095
346.0,0.34600000000000003,0.001,0.499,88.0625411539188,0.7889833954340407,1.5369812908088896,0.013770357993888406,5.423539259195975,0.5351440585050241,5.423539259195975,0.5351440585050241,5.423539259195975,0.5351440585050241,-1.375948271967446,1.1911144228604413,-5.67611281058523,-7.08016387076394,-5.67611281058523,-7.08016387076394,0.0,0.0,0.0,0.0,0.0,0.0,3.2848792010141534,3.2848792010141534,3.2848792010141534,3.2847185321551704,3.2847185321551704,4.331815359896952,4.331815359896952
347.0,0.34700000000000003,0.001,0.499,88.37317500897592,0.819843452380281,1.542402874347799,0.014308967594953245,5.4215835389094735,0.5386096010648398,5.4215835389094735,0.5386096010648398,5.4215835389094735,0.5386096010648398,-1.3815940825361308,1.1839287511904812,-5.645810568684826,-7.185671669960071,-5.645810568684826,-7.185671669960071,0.0,0.0,0.0,0.0,0.0,0.0,3.28471118507579,3.28471118507579,3.2847111850757895,3.284479343478338,3.284479343478338,4.352270830802155,4.352270830802155
348.0,0.34800000000000003,0.001,0.499,88.6836872930151,0.8509075915254102,1.5478223360721706,0.014851139102333407,5.419461724371495,0.5421715073801614,5.419461724371495,0.5421715073801614,5.419461724371495,0.5421715073801614,-1.3872090704433397,1.1766371365204786,-5.614987907208982,-7.291614670002524,-5.614987907208982,-7.291614670002524,0.0,0.0,0.0,0.0,0.0,0.0,3.2844718599580913,3.2844718599580913,3.2844718599580918,3.2841686019090135,3.2841686019090135,4.372685924767406,4.372685924767406
349.0,0.34900000000000003,0.001,0.499,88.99406852734576,0.8821811978645017,1.5532395105476449,0.015396966501923123,5.417174475474193,0.5458273995897166,5.417174475474193,0.5458273995897166,5.417174475474193,0.5458273995897166,-1.3927927185028188,1.1692391489164873,-5.583648059479107,-7.397987603991436,-5.583648059479107,-7.397987603991436,0.0,0.0,0.0,0.0,0.0,0.0,3.2841609794337714,3.2841609794337714,3.2841609794337714,3.283786066631161,3.283786066631161,4.393055916703959,4.393055916703959
350.0,0.35000000000000003,0.001,0.499,89.3043092714843,0.9136695204887251,1.5586542330066997,0.015946541407646043,5.41472245905488,0.5495749057229216,5.41472245905488,0.5495749057229216,5.41472245905488,0.5495749057229216,-1.3983445130132837,1.1617343639236382,-5.551794510464916,-7.504784992849179,-5.551794510464916,-7.504784992849179,0.0,0.0,0.0,0.0,0.0,0.0,3.2837783026121894,3.2837783026121894,3.2837783026121894,3.2833315022564222,3.2833315022564222,4.413376027022033,4.413376027022033
351.0,0.35100000000000003,0.001,0.499,89.61440012353916,0.945377672971105,1.5640663393553715,0.016499953068187984,5.4121063486719345,0.5534116605419397,5.4121063486719345,0.5534116605419397,5.4121063486719345,0.5534116605419397,-1.403863944016182,1.1541223627920492,-5.519431002898358,-7.612001131589004,-5.519431002898358,-7.612001131589004,0.0,0.0,0.0,0.0,0.0,0.0,3.2833235940306436,3.2833235940306436,3.2833235940306436,3.2828046789170613,3.2828046789170613,4.433641423599007,4.433641423599007
352.0,0.352,0.001,0.499,89.92433172058304,0.977310633800296,1.5694756661797515,0.01705728837456775,5.409326824380102,0.5573353063797644,5.409326824380102,0.5573353063797644,5.409326824380102,0.5573353063797644,-1.4093505055597466,1.1464027327173194,-5.486561543564672,-7.719630074729728,-5.486561543564672,-7.719630074729728,0.0,0.0,0.0,0.0,0.0,0.0,3.282796623749447,3.282796623749447,3.282796623749447,3.2822053723575952,3.282205372357595,4.453847223806504,4.453847223806504
353.0,0.353,0.001,0.499,90.23409473901224,1.0094732468621135,1.574882050752257,0.017618631868541398,5.406384572505354,0.5613434939736474,5.406384572505354,0.5613434939736474,5.406384572505354,0.5613434939736474,-1.4148036959695265,1.1385750670965011,-5.45319040977985,-7.827665620818376,-5.45319040977985,-7.827665620818376,0.0,0.0,0.0,0.0,0.0,0.0,3.282197167442762,3.282197167442762,3.282197167442762,3.2815333640250195,3.2815333640250195,4.473988496597225,4.473988496597225
354.0,0.354,0.001,0.499,90.54367989489302,1.0418702219685072,1.5802853310376765,0.018184065751834608,5.403280285419479,0.5654338832932085,5.403280285419479,0.5654338832932085,5.403280285419479,0.5654338832932085,-1.4202230181255906,1.130638965800479,-5.419322156064047,-7.936101296022068,-5.419322156064047,-7.936101296022068,0.0,0.0,0.0,0.0,0.0,0.0,3.2815250064888035,3.2815250064888035,3.2815250064888035,3.2807884411575747,3.2807884411575747,4.494060264652579,4.494060264652579
355.0,0.355,0.001,0.499,90.85307794429511,1.0745061354336427,1.585685345698991,0.018753669896197173,5.400014661314553,0.5696041443625662,5.400014661314553,0.5696041443625662,5.400014661314553,0.5696041443625662,-1.4256079797466112,1.1225940354637292,-5.384961621020647,-8.044930336749848,-5.384961621020647,-8.044930336749848,0.0,0.0,0.0,0.0,0.0,0.0,3.2807799280582746,3.2807799280582746,3.280779928058274,3.2799703968719367,3.2799703968719367,4.51405750659235,4.51405750659235
356.0,0.356,0.001,0.499,91.16227968361225,1.1073854306967066,1.5910819341029685,0.019327521854273014,5.39658840397747,0.5738519580758403,5.39658840397747,0.5738519580758403,5.39658840397747,0.5738519580758403,-1.430958093681042,1.1144398897924643,-5.350113934430853,-8.154145671264745,-5.350113934430853,-8.154145671264745,0.0,0.0,0.0,0.0,0.0,0.0,3.2799617252027304,3.2799617252027304,3.2799617252027304,3.2790790302488118,3.279079030248812,4.533975159247838,4.533975159247838
357.0,0.357,0.001,0.499,91.47127594986989,1.1405124189910198,1.5964749363255333,0.0199056968712784,5.393002222564672,0.5781750170053881,5.393002222564672,0.5781750170053881,5.393002222564672,0.5781750170053881,-1.4362728782056158,1.1061761498922182,-5.314784524573755,-8.263739900246021,-5.314784524573755,-8.263739900246021,0.0,0.0,0.0,0.0,0.0,0.0,3.2790701969395784,3.2790701969395784,3.2790701969395784,3.278114146416819,3.278114146416819,4.5538081200001574,4.5538081200001574
358.0,0.358,0.001,0.499,91.78005762101986,1.1738912800590078,1.6018641931569106,0.020488267897480542,5.389256831377256,0.5825710262021433,5.389256831377256,0.5825710262021433,5.389256831377256,0.5825710262021433,-1.4415518573313977,1.0978024446159567,-5.278979125781863,-8.373705276261472,-5.278979125781863,-8.373705276261472,0.0,0.0,0.0,0.0,0.0,0.0,3.2781051483351957,3.2781051483351957,3.2781051483351957,3.2770755566346064,3.2770755566346064,4.573551249185566,4.573551249185566
359.0,0.359,0.001,0.499,92.08861561622237,1.2075260629125386,1.6072495461065472,0.021075305601467986,5.385352949636606,0.5870377039874419,5.385352949636606,0.5870377039874419,5.385352949636606,0.5870377039874419,-1.4467945611176398,1.089318410933847,-5.242703786242069,-8.48403368210967,-5.242703786242069,-8.48403368210967,0.0,0.0,0.0,0.0,0.0,0.0,3.277066390588081,3.277066390588081,3.277066390588081,3.275963078371139,3.275963078371139,4.593199372569979,4.593199372569979
360.0,0.36,0.001,0.499,92.39694089611507,1.2414206866381052,1.612630837407808,0.02166687838420371,5.381291301260701,0.5915727827357263,5.381291301260701,0.5915727827357263,5.381291301260701,0.5915727827357263,-1.4520005259936917,1.0807236943258547,-5.20596487605188,-8.59471660799232,-5.20596487605188,-8.59471660799232,0.0,0.0,0.0,0.0,0.0,0.0,3.2759537411095794,3.2759537411095794,3.2759537411095794,3.274776535384069,3.274776535384069,4.61274728389505,4.61274728389505
361.0,0.361,0.001,0.499,92.7050244630694,1.2755789412463006,1.6180079100224494,0.022263052393851245,5.377072614641265,0.5961740096475354,5.377072614641265,0.5961740096475354,5.377072614641265,0.5961740096475354,-1.4571692950892323,1.0720179491983772,-5.168769095540548,-8.705745127477424,-5.168769095540548,-8.705745127477424,0.0,0.0,0.0,0.0,0.0,0.0,3.2747670236006394,3.2747670236006394,3.2747670236006394,3.273515757796164,3.2735157577961638,4.632189747498475,4.632189747498475
362.0,0.362,0.001,0.499,93.01285736143416,1.3100044885649877,1.6233806076448714,0.022863891541363444,5.372697622421904,0.600839147512198,5.372697622421904,0.600839147512198,5.372697622421904,0.600839147512198,-1.4623004185730968,1.0632008393261625,-5.1311234838644735,-8.817109872214733,-5.1311234838644735,-8.817109872214733,0.0,0.0,0.0,0.0,0.0,0.0,3.273506068129863,3.273506068129863,3.273506068129863,3.272180582169667,3.272180582169667,4.651521501011398,4.651521501011398
363.0,0.363,0.001,0.499,93.32043067776648,1.3447008631755493,1.6287487747061486,0.023469457516823108,5.368167061277375,0.6055659754596618,5.368167061277375,0.6055659754596618,5.368167061277375,0.6055659754596618,-1.4673934540009825,1.0542720383207964,-5.09303542788577,-8.928801005366061,-5.09303542788577,-8.928801005366061,0.0,0.0,0.0,0.0,0.0,0.0,3.272170711206796,3.272170711206796,3.272170711206796,3.270770851578588,3.270770851578588,4.670737258136162,4.670737258136162
364.0,0.364,0.001,0.499,93.62773554105033,1.3796714733915572,1.6341122563778427,0.02407980980652401,5.363481671694142,0.6103522897009024,5.363481671694142,0.6103522897009024,5.363481671694142,0.6103522897009024,-1.472447966672325,1.0452312301270819,-5.054512671342406,-9.04080819371454,-5.054512671342406,-9.04080819371454,0.0,0.0,0.0,0.0,0.0,0.0,3.270760795855138,3.270760795855138,3.270760795855138,3.2692864156788364,3.269286415678837,4.689831711507802,4.689831711507802
365.0,0.365,0.001,0.499,93.93476312290224,1.4149196022791817,1.639470898575595,0.024695005710780385,5.358642197752358,0.6151959042563725,5.358642197752358,0.6151959042563725,5.358642197752358,0.6151959042563725,-1.4774635299966425,1.0360781095486633,-5.015563324317622,-9.15312057841865,-5.015563324317622,-9.15312057841865,0.0,0.0,0.0,0.0,0.0,0.0,3.269276171682333,3.269276171682333,3.269276171682333,3.267727130776126,3.267727130776126,4.708799535643053,4.708799535643053
366.0,0.366,0.001,0.499,94.24150463776496,1.4504484087186202,1.6448245479625045,0.02531510036245235,5.353649386909418,0.6200946516719652,5.353649386909418,0.6200946516719652,5.353649386909418,0.6200946516719652,-1.482439725869658,1.026812382804284,-4.976195873015512,-9.26572674437925,-4.976195873015512,-9.26572674437925,0.0,0.0,0.0,0.0,0.0,0.0,3.267716694947494,3.267716694947494,3.267716694947494,3.2660928598916263,3.2660928598916263,4.727635389980856,4.727635389980856
367.0,0.367,0.001,0.499,94.54795134308853,1.4862609285058042,1.6501730519522897,0.025940146746174328,5.348503989785222,0.6250463837219801,5.348503989785222,0.6250463837219801,5.348503989785222,0.6250463837219801,-1.4873761450595067,1.0174337681160937,-4.936419189848623,-9.378614688190526,-4.936419189848623,-9.378614688190526,0.0,0.0,0.0,0.0,0.0,0.0,3.2660822286278735,3.2660822286278735,3.2660822286278735,3.264383472825282,3.264383472825282,4.746333922018636,4.746333922018636
368.0,0.368,0.001,0.499,94.8540945394994,1.5223600754936095,1.655516258712239,0.026570195718272925,5.343206759949281,0.6300489720985968,5.343206759949281,0.6300489720985968,5.343206759949281,0.6300489720985968,-1.492272387603349,1.0079419963314447,-4.896242543842271,-9.491771784649089,-4.896242543842271,-9.491771784649089,0.0,0.0,0.0,0.0,0.0,0.0,3.2643726424801285,3.2643726424801285,3.2643726424801285,3.26259884621677,3.26259884621677,4.764889770548881,4.764889770548881
369.0,0.369,0.001,0.499,95.15992557095724,1.5587486427717703,1.6608540171659487,0.027205296027360302,5.337758453709805,0.6351003090873764,5.337758453709805,0.6351003090873764,5.337758453709805,0.6351003090873764,-1.497128063214708,0.9983368115796453,-4.855675611358845,-9.605184751799404,-4.855675611358845,-9.605184751799404,0.0,0.0,0.0,0.0,0.0,0.0,3.2625878131048114,3.2625878131048114,3.2625878131048114,3.2607388636040087,3.260738863604008,4.7832975690007835,4.7832975690007835
370.0,0.37,0.001,0.499,95.4654358249,1.5954293038846687,1.6661861769958537,0.027845494335588628,5.332159829904901,0.6401983082283267,5.332159829904901,0.6401983082283267,5.332159829904901,0.6401983082283267,-1.5019427917018517,0.9886179719651471,-4.814728487143756,-9.718839614498188,-4.814728487143756,-9.718839614498188,0.0,0.0,0.0,0.0,0.0,0.0,3.260727624000786,3.260727624000786,3.260727624000786,3.2588034154792203,3.2588034154792203,4.801551948891932,4.801551948891932
371.0,0.371,0.001,0.499,95.7706167323769,1.6324046140861495,1.6715125886455497,0.028490835240550714,5.326411649696005,0.6453409049620847,5.326411649696005,0.6453409049620847,5.326411649696005,0.6453409049620847,-1.5067162033975445,0.9787852502986614,-4.773411695692813,-9.832721666485751,-4.773411695692813,-9.832721666485751,0.0,0.0,0.0,0.0,0.0,0.0,3.258791965624965,3.258791965624965,3.258791965624965,3.2567923993424546,3.2567923993424546,4.81964754339526,4.81964754339526
372.0,0.372,0.001,0.499,96.07545976816995,1.6696770116304782,1.6768331033219135,0.0291413612978115,5.320514676363677,0.6505260572607859,5.320514676363677,0.6505260572607859,5.320514676363677,0.6505260572607859,-1.5114479396004832,0.9688384348677032,-4.731736202938661,-9.946815430958246,-4.731736202938661,-9.946815430958246,0.0,0.0,0.0,0.0,0.0,0.0,3.256780735443464,3.256780735443464,3.256780735443464,3.25470571975257,3.25470571975257,4.837578991026581,4.837578991026581
373.0,0.373,0.001,0.499,96.37995645090378,1.7072488190985475,1.6821475729970194,0.029797113044054704,5.314469675105881,0.655751746243207,5.314469675105881,0.655751746243207,5.314469675105881,0.655751746243207,-1.5161376530287347,0.9587773302480614,-4.689713428251507,-10.06110461964168,-4.689713428251507,-10.06110461964168,0.0,0.0,0.0,0.0,0.0,0.0,3.2546938379834263,3.2546938379834263,3.2546938379834263,3.252543288375604,3.2525432883756036,4.8553409394582365,4.8553409394582365
374.0,0.374,0.001,0.499,96.68409834314406,1.7451222447584032,1.6874558504098582,0.030458129020828492,5.308277412838857,0.6610159767737871,5.308277412838857,0.6610159767737871,5.308277412838857,0.6610159767737871,-1.5207850082854812,0.9486017581576851,-4.64735525674658,-10.175572090376354,-4.64735525674658,-10.175572090376354,0.0,0.0,0.0,0.0,0.0,0.0,3.2525311848817755,3.2525311848817755,3.2525311848817755,3.250305024030497,3.2503050240304967,4.8729280494644,4.8729280494644
375.0,0.375,0.001,0.499,96.98787705148476,1.7832993839591456,1.692757789067859,0.03112444579887364,5.301938658000709,0.6663167780451497,5.301938658000709,0.6663167780451497,5.301938658000709,0.6663167780451497,-1.525389682337369,0.9383115583544559,-4.604674051887721,-10.290199803229168,-4.604674051887721,-10.290199803229168,0.0,0.0,0.0,0.0,0.0,0.0,3.2502926949302346,3.2502926949302346,3.250292694930234,3.2479908527321637,3.2479908527321637,4.890334999003682,4.890334999003682
376.0,0.376,0.001,0.499,97.29128422662417,1.8217822205572425,1.6980532432482167,0.03179609800301741,5.2954541803578214,0.6716522041437629,5.2954541803578214,0.6716522041437629,5.2954541803578214,0.6716522041437629,-1.529951365005742,0.9279065895792948,-4.561682668373056,-10.404968775161096,-4.561682668373056,-10.404968775161096,0.0,0.0,0.0,0.0,0.0,0.0,3.247978294118921,3.247978294118921,3.247978294118921,3.2456007077318234,3.2456007077318234,4.907556487444616,4.907556487444616
377.0,0.377,0.001,0.499,97.59431156343015,1.8605726283742656,1.703342067999031,0.032473118337615806,5.288824750814196,0.6770203345983996,5.288824750814196,0.6770203345983996,5.288824750814196,0.6770203345983996,-1.5344697594710268,0.9173867305460067,-4.518394465284843,-10.51985903328815,-4.518394465284843,-10.51985903328815,0.0,0.0,0.0,0.0,0.0,0.0,3.245587915676467,3.245587915676467,3.245587915676467,3.2431345295546206,3.2431345295546206,4.924587239939499,4.924587239939499
378.0,0.378,0.001,0.499,97.89695080099455,1.8996723726850477,1.708624119140255,0.033155537612526875,5.282051141223824,0.6824192749110711,5.282051141223824,0.6824192749110711,5.282051141223824,0.6824192749110711,-1.5389445827905082,0.9067518809792203,-4.474823319481407,-10.634849566786343,-4.474823319481407,-10.634849566786343,0.0,0.0,0.0,0.0,0.0,0.0,3.243121500108117,3.243121500108117,3.243121500108117,3.2405922660344526,3.2405922660344526,4.941422011951959,4.941422011951959
379.0,0.379,0.001,0.499,98.199193722677,1.9390831117352385,1.713899253264461,0.03384338476959701,5.275134124206189,0.6878471570701304,5.275134124206189,0.6878471570701304,5.275134124206189,0.6878471570701304,-1.5433755664297124,0.8960019627017156,-4.430983639204352,-10.749918277504754,-4.430983639204352,-10.749918277504754,0.0,0.0,0.0,0.0,0.0,0.0,3.240578995229364,3.240578995229364,3.240578995229364,3.2379738723460187,3.2379738723460187,4.958055593943232,4.958055593943232
380.0,0.38,0.001,0.499,98.50103215613849,1.97880639828722,1.719167327737426,0.03453668690964227,5.268074472964996,0.6933021400452578,5.268074472964996,0.6933021400452578,5.268074472964996,0.6933021400452578,-1.5477624568075816,0.88513692077235,-4.386890377869161,-10.865041929365612,-4.386890377869161,-10.865041929365612,0.0,0.0,0.0,0.0,0.0,0.0,3.2379603561993697,3.2379603561993697,3.2379603561993697,3.235279311034035,3.2352793110340348,4.974482816221896,4.974482816221896
381.0,0.381,0.001,0.499,98.8024579733646,2.0188436811933297,1.724428200698536,0.03523546931990633,5.260872961110215,0.6987824102640622,5.260872961110215,0.6987824102640622,5.260872961110215,0.6987824102640622,-1.5521050158555834,0.8741567246757032,-4.342559048001672,-10.980196096646758,-4.342559048001672,-10.980196096646758,0.0,0.0,0.0,0.0,0.0,0.0,3.235265545549805,3.235265545549805,3.2352655455498054,3.232508552039613,3.232508552039613,4.990698553961212,4.990698553961212
382.0,0.382,0.001,0.499,99.10346309067873,2.0591963069953256,1.7296817310610195,0.035939755501976374,5.253530362483527,0.7042861820700472,5.253530362483527,0.7042861820700472,5.253530362483527,0.7042861820700472,-1.5564030215908602,0.8630613695644435,-4.298005735276834,-11.095355111259657,-4.298005735276834,-11.095355111259657,0.0,0.0,0.0,0.0,0.0,0.0,3.232494533210705,3.232494533210705,3.232494533210705,3.2296615727237885,3.2296615727237885,5.0066977323876785,5.0066977323876785
383.0,0.383,0.001,0.499,99.40403946874567,2.0998655215490056,1.7349277785120067,0.03664956720013809,5.2460474509872554,0.7098116981617147,5.2460474509872554,0.7098116981617147,5.2460474509872554,0.7098116981617147,-1.5606562687034697,0.8518508775552879,-4.253247112609551,-11.21049200915561,-4.253247112609551,-11.21049200915561,0.0,0.0,0.0,0.0,0.0,0.0,3.2296472965343277,3.2296472965343277,3.2296472965343277,3.2267383578881557,3.2267383578881557,5.022475332143629,5.022475332143629
384.0,0.384,0.001,0.499,99.70417911256537,2.1408524716728965,1.7401662035124237,0.03736492443015068,5.238425000416863,0.7153572300125913,5.238425000416863,0.7153572300125913,5.238425000416863,0.7153572300125913,-1.56486456915771,0.840525299079274,-4.208300454240266,-11.325578476013868,-4.208300454240266,-11.325578476013868,0.0,0.0,0.0,0.0,0.0,0.0,3.2267238203162543,3.2267238203162543,3.2267238203162543,3.2237388997926133,3.2237388997926133,5.038026394825777,5.038026394825777
385.0,0.385,0.001,0.499,100.00387407145752,2.1821582068199024,1.7453968672967208,0.03808584550842267,5.230663784297086,0.7209210782719891,5.230663784297086,0.7209210782719891,5.230663784297086,0.7209210782719891,-1.5690277528074603,0.8290847142868858,-4.163183649750311,-11.440584792388153,-4.163183649750311,-11.440584792388153,0.0,0.0,0.0,0.0,0.0,0.0,3.2237240968123655,3.2237240968123655,3.2237240968123655,3.2206631981702207,3.2206631981702207,5.053346028700575,5.053346028700575
386.0,0.386,0.001,0.499,100.30311643903681,2.2237836807708016,1.7506196318724425,0.038812347081569,5.222764575721775,0.7265015731463252,5.222764575721775,0.7265015731463252,5.222764575721775,0.7265015731463252,-1.5731456680253941,0.8175292345083733,-4.117915217933817,-11.555479778512472,-4.117915217933817,-11.555479778512472,0.0,0.0,0.0,0.0,0.0,0.0,3.2206481257541832,3.2206481257541832,3.2206481257541832,3.2175112602391267,3.217511260239127,5.068429414595953,5.068429414595953
387.0,0.387,0.001,0.499,100.6018983531793,2.2657297533484715,1.75583436001964,0.03954444415632984,5.214728147197512,0.732097074760847,5.214728147197512,0.732097074760847,5.214728147197512,0.732097074760847,-1.5772181823458384,0.80585900376938,-4.072514320444249,-11.670230738993368,-4.072514320444249,-11.670230738993368,0.0,0.0,0.0,0.0,0.0,0.0,3.217495914360334,3.217495914360334,3.217495914360334,3.2142831007115817,3.2142831007115817,5.083271811967585,5.083271811967585
388.0,0.388,0.001,0.499,100.90021199598003,2.307997192151704,1.761040915290131,0.04028215012983147,5.206555270491064,0.7377059735016273,5.206555270491064,0.7377059735016273,5.206555270491064,0.7377059735016273,-1.5812451831209628,0.7940742003617365,-4.027000775124386,-11.784803407643503,-4.027000775124386,-11.784803407643503,0.0,0.0,0.0,0.0,0.0,0.0,3.21426747734684,3.21426747734684,3.21426747734684,3.2109787418000284,3.2109787418000284,5.0978685651361415,5.0978685651361415
389.0,0.389,0.001,0.499,101.19804959370212,2.350586674307483,1.7662391620066118,0.04102547682016918,5.1982467164807264,0.743326690337715,5.1982467164807264,0.743326690337715,5.1982467164807264,0.743326690337715,-1.5852265781898816,0.7821750384689954,-3.9813950689187596,-11.8991618927411,-3.9813950689187596,-11.8991618927411,0.0,0.0,0.0,0.0,0.0,0.0,3.2109628369309213,3.2109628369309213,3.2109628369309213,3.207598213220265,3.207598213220265,5.112215109690125,5.112215109690125
390.0,0.39,0.001,0.499,101.49540341671754,2.393498788240572,1.7714289652616233,0.04177443449729252,5.189803255011613,0.7489576771233413,5.189803255011613,0.7489576771233413,5.189803255011613,0.7489576771233413,-1.5891622965601389,0.7701617698459646,-3.9357183702573413,-12.013268623030807,-3.9357183702573413,-12.013268623030807,0.0,0.0,0.0,0.0,0.0,0.0,3.207582022836912,3.207582022836912,3.207582022836912,3.20414155219168,3.20414155219168,5.126306979046772,5.126306979046772
391.0,0.391,0.001,0.499,101.7922657794399,2.436734035459276,1.7766101909163783,0.04252903191417262,5.181225654754944,0.754597416880104,5.181225654754944,0.754597416880104,5.181225654754944,0.754597416880104,-1.5930522891009273,0.7580346855511504,-3.889992540788564,-12.127084294814233,-3.889992540788564,-12.127084294814233,0.0,0.0,0.0,0.0,0.0,0.0,3.204125072293327,3.204125072293327,3.204125072293327,3.20060880343457,3.20060880343457,5.140139811161139,5.140139811161139
392.0,0.392,0.001,0.499,102.08862904024934,2.480292832356215,1.7817827055994497,0.043289276338231694,5.172514683071368,0.7602444240590717,5.172514683071368,0.7602444240590717,5.172514683071368,0.7602444240590717,-1.5968965292472561,0.7457941177306381,-3.844240146328682,-12.240567820512354,-3.844240146328682,-12.240567820512354,0.0,0.0,0.0,0.0,0.0,0.0,3.2005920300338255,3.2005920300338255,3.2005920300338255,3.197000019164526,3.197000019164526,5.153709355370923,5.153709355370923
393.0,0.393,0.001,0.499,102.38448560140984,2.5241755120229654,1.7869463767053282,0.04405517358301446,5.163671105878366,0.7658972447827622,5.163671105878366,0.7658972447827622,5.163671105878366,0.7658972447827622,-1.6006950137141391,0.7334404414515209,-3.798484466883065,-12.353676279117183,-3.798484466883065,-12.353676279117183,0.0,0.0,0.0,0.0,0.0,0.0,3.1969829482880936,3.1969829482880936,3.196982948288093,3.193315259083921,3.193315259083921,5.167011479361704,5.167011479361704
394.0,0.394,0.001,0.499,102.6798279089791,2.5683823260774106,1.7921010723928499,0.044826728040081434,5.154695687521769,0.7715544570669768,5.154695687521769,0.7715544570669768,5.154695687521769,0.7715544570669768,-1.6044477632197225,0.7209740765825347,-3.7527495055833824,-12.46636486898624,-3.7527495055833824,-12.46636486898624,0.0,0.0,0.0,0.0,0.0,0.0,3.1932978867755946,3.1932978867755946,3.1932978867755946,3.1895545903704883,3.1895545903704883,5.180042176234217,5.180042176234217
395.0,0.395,0.001,0.499,102.97464845271156,2.6129134465026476,1.7972466615835012,0.04560394271110391,5.1455891906514175,0.777214671022481,5.1455891906514175,0.777214671022481,5.1455891906514175,0.777214671022481,-1.6081548232160954,0.7083954897190645,-3.7070599963728506,-12.578586863470157,-3.7070599963728506,-12.578586863470157,0.0,0.0,0.0,0.0,0.0,0.0,3.1895369126934576,3.1895369126934576,3.1895369126934576,3.185718087663013,3.185718087663013,5.192797571651916,5.192797571651916
396.0,0.396,0.001,0.499,103.26893976595414,2.6577689674962928,1.8023830139596022,0.04638681924014046,5.1363523761010015,0.782876529036548,5.1363523761010015,0.782876529036548,5.1363523761010015,0.782876529036548,-1.6118162646263552,0.6957051961491636,-3.6614414102598967,-12.690293569900929,-3.6614414102598967,-12.690293569900929,0.0,0.0,0.0,0.0,0.0,0.0,3.1857001007017884,3.1857001007017884,3.1857001007017884,3.1818058330441485,3.1818058330441485,5.2052739310435285,5.2052739310435285
397.0,0.397,0.001,0.499,103.56269442553564,2.702948907329041,1.8075099999623743,0.04717535794607485,5.126986002772087,0.7885387059343941,5.126986002772087,0.7885387059343941,5.126986002772087,0.7885387059343941,-1.6154321845863042,0.6829037618566581,-3.6159199599489233,-12.80143429250543,-3.6159199599489233,-12.80143429250543,0.0,0.0,0.0,0.0,0.0,0.0,3.181787532906815,3.181787532906815,3.181787532906815,3.1778179160203615,3.1778179160203615,5.217467666831536,5.217467666831536
398.0,0.398,0.001,0.499,103.85590505164959,2.748453210211322,1.8126274907898967,0.047969557855195404,5.1174908275223645,0.7941999091205535,5.1174908275223645,0.7941999091205535,5.1174908275223645,0.7941999091205535,-1.6190027071889497,0.6699918055568127,-3.570522602645437,-12.911956299845402,-3.570522602645437,-12.911956299845402,0.0,0.0,0.0,0.0,0.0,0.0,3.1777992988409527,3.1777992988409527,3.1777992988409527,3.1737544334990595,3.1737544334990595,5.229375345653451,5.229375345653451
399.0,0.399,0.001,0.499,104.14856430773101,2.794281748166913,1.817735358394955,0.04876941673389566,5.107867605058117,0.7998588787002595,5.107867605058117,0.7998588787002595,5.107867605058117,0.7998588787002595,-1.6225279842297715,0.656970000759392,-3.5252770408218663,-13.021804797420627,-3.5252770408218663,-13.021804797420627,0.0,0.0,0.0,0.0,0.0,0.0,3.1737354954398707,3.1737354954398707,3.1737354954398707,3.169615489762873,3.169615489762873,5.240993695538705,5.240993695538705
400.0,0.4,0.001,0.499,104.44066490032726,2.840434322912365,1.822833475482786,0.049574931121476574,5.098117087830933,0.8055143875809146,5.098117087830933,0.8055143875809146,5.098117087830933,0.8055143875809146,-1.6260081959504917,0.6438390778532862,-3.4802117207201237,-13.130922906105889,-3.4802117207201237,-13.130922906105889,0.0,0.0,0.0,0.0,0.0,0.0,3.1695962270156843,3.1695962270156843,3.1695962270156848,3.165401196441151,3.1654011964411506,5.2523196129995835,5.2523196129995835
401.0,0.401,0.001,0.499,104.73219957896308,2.8869106677411045,1.8279217155087246,0.05038609636303032,5.08824002593866,0.8111652415537466,5.08824002593866,0.8111652415537466,5.08824002593866,0.8111652415537466,-1.6294435517788493,0.6305998262061624,-3.4353558283576016,-13.239251647123789,-3.4353558283576016,-13.239251647123789,0.0,0.0,0.0,0.0,0.0,0.0,3.1653816052303823,3.1653816052303823,3.1653816052303823,3.161111672478692,3.161111672478692,5.2633501699903045,5.2633501699903045
402.0,0.402,0.001,0.499,105.0231611360004,2.9337104494110915,1.8329999526757552,0.05120290664238609,5.078237167030603,0.816810279355769,5.078237167030603,0.816810279355769,5.078237167030603,0.816810279355769,-1.6328342910616442,0.6172530962718785,-3.3907392827950806,-13.346729934283896,-3.3907392827950806,-13.346729934283896,0.0,0.0,0.0,0.0,0.0,0.0,3.161091749062944,3.161091749062944,3.1610917490629435,3.156747044101699,3.156747044101699,5.274082620683914,5.274082620683914
403.0,0.403,0.001,0.499,105.31354240649283,2.980833270034902,1.8380680619319723,0.052025355015098265,5.068109256216971,0.8224483727121754,5.068109256216971,0.8224483727121754,5.068109256216971,0.8224483727121754,-1.6361806837880626,0.6037998016976354,-3.3463927264182702,-13.453294574243126,-3.3463927264182702,-13.453294574243126,0.0,0.0,0.0,0.0,0.0,0.0,3.1567267847757825,3.1567267847757825,3.1567267847757825,3.1523074447810604,3.1523074447810604,5.2845144080122815,5.2845144080122815
404.0,0.404,0.001,0.499,105.60333626803516,3.0282786689711254,1.8431259189679547,0.052853433441457584,5.0578570359825505,0.828078426359317,5.0578570359825505,0.828078426359317,5.0578570359825505,0.828078426359317,-1.6394830313000424,0.5902409214220735,-3.3023475119796655,-13.558880275561801,-3.3023475119796655,-13.558880275561801,0.0,0.0,0.0,0.0,0.0,0.0,3.1522868458780464,3.1522868458780464,3.1522868458780464,3.1477930151929012,3.1477930151929012,5.2946431699102,5.2946431699102
405.0,0.405,0.001,0.499,105.8925356406084,3.0760461247159823,1.8481734002140593,0.05368713281950601,5.047481246104617,0.8336993780484245,5.047481246104617,0.8336993780484245,5.047481246104617,0.8336993780484245,-1.6427416669861867,0.5765775017547299,-3.2586356861444457,-13.663419667343632,-3.2586356861444457,-13.663419667343632,0.0,0.0,0.0,0.0,0.0,0.0,3.1477720730864642,3.1477720730864642,3.1477720730864642,3.143203903176506,3.143203903176506,5.304466745200514,5.304466745200514
406.0,0.406,0.001,0.499,106.18113348641998,3.1241350567940525,1.8532103828376343,0.05452644301803626,5.036982623575052,0.8393101985302533,5.036982623575052,0.8393101985302533,5.036982623575052,0.8393101985302533,-1.6459569569554704,0.5628106584264752,-3.215289969283568,-13.766843328254689,-3.215289969283568,-13.766843328254689,0.0,0.0,0.0,0.0,0.0,0.0,3.143182614281969,3.143182614281969,3.1431826142819697,3.1385402636896105,3.1385402636896105,5.313983179053381,5.313983179053381
407.0,0.40700000000000003,0.001,0.499,106.4691228097401,3.1725448276470534,1.8582367447401609,0.05537135290955711,5.026361902526656,0.8449098915208462,5.026361902526656,0.8449098915208462,5.026361902526656,0.8449098915208462,-1.6491293006867298,0.5489415785997597,-3.172343731259386,-13.86907982671545,-3.172343731259386,-13.86907982671545,0.0,0.0,0.0,0.0,0.0,0.0,3.138518624466394,3.138518624466394,3.138518624466394,3.133802258761117,3.1338022587611167,5.323190727949362,5.323190727949362
408.0,0.40800000000000003,0.001,0.499,106.75649665673386,3.2212747445195737,1.8632523645543244,0.05622185040320572,5.0156198141636334,0.8504974936486172,5.0156198141636334,0.8504974936486172,5.0156198141636334,0.8504974936486172,-1.6522591316496842,0.5349715228267098,-3.1298309629544114,-13.970055773049928,-3.1298309629544114,-13.970055773049928,0.0,0.0,0.0,0.0,0.0,0.0,3.133780265714543,3.133780265714543,3.133780265714543,3.128990057441248,3.128990057441248,5.332087864073166,5.332087864073166
409.0,0.40900000000000003,0.001,0.499,107.04324811528974,3.2703240613407276,1.8682571216410206,0.0570779224775887,5.0047570866962285,0.8560720743829806,5.0047570866962285,0.8560720743829806,5.0047570866962285,0.8560720743829806,-1.6553469178929867,0.5209018269423541,-3.087786243302568,-14.06969588435573,-3.087786243302568,-14.06969588435573,0.0,0.0,0.0,0.0,0.0,0.0,3.1289677071242767,3.1289677071242767,3.1289677071242767,3.1241038357492164,3.1241038357492164,5.340673279062531,5.340673279062531
410.0,0.41000000000000003,0.001,0.499,107.32937031484454,3.3196919806006724,1.8732508960863001,0.05793955521353346,4.993774445279472,0.8616327359447585,4.993774445279472,0.8616327359447585,4.993774445279472,0.8616327359447585,-1.6583931625945816,0.5067339038795267,-3.0462447015948477,-14.167923062827429,-3.0462447015948477,-14.167923062827429,0.0,0.0,0.0,0.0,0.0,0.0,3.124081124764005,3.124081124764005,3.124081124764005,3.119143776618406,3.119143776618406,5.34894588703526,5.34894588703526
411.0,0.41100000000000003,0.001,0.499,107.61485642620504,3.3693776552209607,1.878233568698256,0.05880673382673207,4.982672611956021,0.8671786131986139,4.982672611956021,0.8671786131986139,4.982672611956021,0.8671786131986139,-1.6613984045694297,0.4924692453913046,-3.005241974847978,-14.264658488222082,-3.005241974847978,-14.264658488222082,0.0,0.0,0.0,0.0,0.0,0.0,3.1191207016182974,3.1191207016182974,3.1191207016182974,3.1141100698391435,3.1141100698391435,5.35690482681681,5.35690482681681
412.0,0.41200000000000003,0.001,0.499,107.89969966136668,3.4193801904177183,1.8832050210038591,0.05967944270025984,4.9714523056030435,0.8727088735277712,4.9714523056030435,0.8727088735277712,4.9714523056030435,0.8727088735277712,-1.6643632187294755,0.47810942366620596,-2.964814160045845,-14.359821725098659,-2.964814160045845,-14.359821725098659,0.0,0.0,0.0,0.0,0.0,0.0,3.1140866275297254,3.1140866275297254,3.1140866275297254,3.1090029119990876,3.1090029119990876,5.364549463291169,5.364549463291169
413.0,0.41300000000000003,0.001,0.499,108.18389327332932,3.469698645556643,1.8881651352457423,0.06055766541695114,4.960114241883116,0.8782227166912947,4.960114241883116,0.8782227166912947,4.960114241883116,0.8782227166912947,-1.6672882164905647,0.46365609282081377,-2.924997761089306,-14.453330845392195,-2.924997761089306,-14.453330845392195,0.0,0.0,0.0,0.0,0.0,0.0,3.108979099140919,3.108979099140919,3.108979099140919,3.1038225064212814,3.1038225064212814,5.371879387799389,5.371879387799389
414.0,0.41400000000000003,0.001,0.499,108.46743055591048,3.520332035998843,1.8931137943789413,0.06144138479161535,4.948659133199086,0.8837193746642116,4.948659133199086,0.8837193746642116,4.948659133199086,0.8837193746642116,-1.6701740461208856,0.44911099025401624,-2.8858296303208437,-14.545102566797507,-2.8858296303208437,-14.545102566797507,0.0,0.0,0.0,0.0,0.0,0.0,3.1037983198296053,3.1037983198296053,3.1037983198296057,3.0985690630999305,3.0985690630999305,5.378894417512929,5.378894417512929
415.0,0.41500000000000004,0.001,0.499,108.7503048435563,3.5712793349365484,1.898050882067594,0.06233058290307612,4.937087688652857,0.889198111460773,4.937087688652857,0.889198111460773,4.937087688652857,0.889198111460773,-1.673021393025412,0.43447593784668026,-2.8473469045264244,-14.63505240733598,-2.8473469045264244,-14.63505240733598,0.0,0.0,0.0,0.0,0.0,0.0,3.0985444996480225,3.0985444996480225,3.0985444996480225,3.0932427986339213,3.0932427986339213,5.385594593713277,5.385594593713277
416.0,0.41600000000000004,0.001,0.499,109.0325095111501,3.622539475217751,1.9029762826816021,0.06322524112601728,4.92540061400805,0.8946582229411614,4.92540061400805,0.8946582229411614,4.92540061400805,0.8946582229411614,-1.6758309799607702,0.41975284299031845,-2.809586935358057,-14.723094856361834,-2.809586935358057,-14.723094856361834,0.0,0.0,0.0,0.0,0.0,0.0,3.093217855253379,3.093217855253379,3.093217855253379,3.087843936158174,3.087843936158174,5.391980178914988,5.391980178914988
417.0,0.417,0.001,0.499,109.31403797381935,3.6741113511588344,1.9078898812932585,0.06412534016261924,4.91359861165648,0.9000990366019592,4.91359861165648,0.9000990366019592,4.91359861165648,0.9000990366019592,-1.678603567174937,0.4049436994281871,-2.77258721416683,-14.809143562131387,-2.77258721416683,-14.809143562131387,0.0,0.0,0.0,0.0,0.0,0.0,3.0878186098408333,3.0878186098408333,3.087818609840833,3.0823727052728427,3.0823727052728427,5.398051652776707,5.398051652776707
418.0,0.418,0.001,0.499,109.5948836867407,3.7259938203442906,1.9127915636738468,0.06503086007396995,4.9016823805884,0.9055199113507089,4.9016823805884,0.9055199113507089,4.9016823805884,0.9055199113507089,-1.6813399524662247,0.39005058789227676,-2.7363852912875766,-14.89311153591035,-2.7363852912875766,-14.89311153591035,0.0,0.0,0.0,0.0,0.0,0.0,3.0823469930720253,3.0823469930720253,3.0823469930720253,3.0768293419704333,3.0768293419704333,5.4038097067536786,5.4038097067536786
419.0,0.419,0.001,0.499,109.8750401449436,3.778185705412625,1.9176812162902133,0.06594178031123485,4.889652616366462,0.9109202372648966,4.889652616366462,0.9109202372648966,4.889652616366462,0.9109202372648966,-1.6840409711560973,0.375075676519846,-2.7010186898725417,-14.97491137243075,-2.7010186898725417,-14.97491137243075,0.0,0.0,0.0,0.0,0.0,0.0,3.0768032410012345,3.0768032410012345,3.0768032410012345,3.0712140885608963,3.0712140885608963,5.4092552374559615,5.4092552374559615
420.0,0.42,0.001,0.499,110.15450088311262,3.8306857958275815,1.9225587263013166,0.06685807974657056,4.877510011103315,0.9162994353357082,4.877510011103315,0.9162994353357082,4.877510011103315,0.9162994353357082,-1.6867074959705295,0.3600212210335144,-2.6665248144321296,-15.054455486331616,-2.6665248144321296,-15.054455486331616,0.0,0.0,0.0,0.0,0.0,0.0,3.0711875960033215,3.0711875960033215,3.0711875960033215,3.0655271935947264,3.0655271935947264,5.414389338688824,5.414389338688824
421.0,0.421,0.001,0.499,110.43325947538874,3.883492849633834,1.9274239815547594,0.06777973670376747,4.865255253442796,0.9216569571969102,4.865255253442796,0.9216569571969102,4.865255253442796,0.9216569571969102,-1.689340436824835,0.34488956466948695,-2.6329408543055473,-15.131656364027492,-2.6329408543055473,-15.131656364027492,0.0,0.0,0.0,0.0,0.0,0.0,3.0655003066932016,3.0655003066932016,3.0655003066932016,3.059768911784154,3.059768911784154,5.4192132921658605,5.4192132921658605
422.0,0.422,0.001,0.499,110.71130953516969,3.9366055951963106,1.932276870583304,0.06870672898860669,4.8528890285446415,0.9269922848392167,4.8528890285446415,0.9269922848392167,4.8528890285446415,0.9269922848392167,-1.6919407405071873,0.32968313783923897,-2.600303682352259,-15.206426830247988,-2.600303682352259,-15.206426830247988,0.0,0.0,0.0,0.0,0.0,0.0,3.059741627849152,3.059741627849152,3.059741627849152,3.053939503922455,3.053939503922455,5.423728556900693,5.423728556900693
423.0,0.423,0.001,0.499,110.98864471490965,3.9900227329223417,1.9371172826013767,0.06963903391891721,4.840412018072652,0.9323049303105125,4.840412018072652,0.9323049303105125,4.840412018072652,0.9323049303105125,-1.6945093902564132,0.31440445751095686,-2.568649749225885,-15.278680328282132,-2.568649749225885,-15.278680328282132,0.0,0.0,0.0,0.0,0.0,0.0,3.0539118203316917,3.0539118203316917,3.0539118203316917,3.0480392368014573,3.0480392368014573,5.4279367573001345,5.4279367573001345
424.0,0.424,0.001,0.499,111.2652587059185,4.043742936965845,1.941945107501563,0.07057662835431952,4.82782490018624,0.9375944354023095,4.82782490018624,0.9375944354023095,4.82782490018624,0.9375944354023095,-1.697047405230078,0.29905612629821077,-2.538014973664586,-15.34833121274607,-2.538014973664586,-15.34833121274607,0.0,0.0,0.0,0.0,0.0,0.0,3.0480111510005004,3.0480111510005004,3.0480111510005004,3.0420683831272965,3.0420683831272965,5.431839669999539,5.431839669999539
425.0,0.425,0.001,0.499,111.54114523816067,4.0977648569127805,1.9467602358510983,0.07151948872564234,4.815128349535288,0.9428603713228165,4.815128349535288,0.9428603713228165,4.815128349535288,0.9428603713228165,-1.6995558398593829,0.28364083124473605,-2.5084346293049946,-15.415295053474706,-2.5084346293049946,-15.415295053474706,0.0,0.0,0.0,0.0,0.0,0.0,3.042039892631345,3.042039892631345,3.042039892631345,3.0360272214344626,3.0360272214344626,5.43543920950017,5.43543920950017
426.0,0.426,0.001,0.499,111.81629808005401,4.152087119447122,1.9515625588883565,0.07246759106399936,4.8023230372582555,0.948102338357015,4.8023230372582555,0.948102338357015,4.8023230372582555,0.948102338357015,-1.7020357830879822,0.2681613422958153,-2.4799432285992498,-15.479488948920764,-2.4799432285992498,-15.479488948920764,0.0,0.0,0.0,0.0,0.0,0.0,3.0359983238277266,3.0359983238277266,3.0359983238277266,3.029916035998227,3.029916035998227,5.4387374126879555,5.4387374126879555
427.0,0.427,0.001,0.499,112.09071103826868,4.206708329996639,1.95635196851934,0.0734209110295135,4.7894096309834335,0.9533199655141308,4.7894096309834335,0.9533199655141308,4.7894096309834335,0.9533199655141308,-1.7044883574924674,0.2526205104485829,-2.452574404485283,-15.540831847232369,-2.452574404485283,-15.540831847232369,0.0,0.0,0.0,0.0,0.0,0.0,3.029886728936241,3.029886728936241,3.029886728936241,3.0237351167454807,3.0237351167454802,5.441736422332854,5.441736422332854
428.0,0.428,0.001,0.499,112.3643779575262,4.261627074357777,1.9611283573141733,0.0743794239396764,4.776388794833299,0.9585129101629061,4.776388794833299,0.9585129101629061,4.776388794833299,0.9585129101629061,-1.7069147182829953,0.23702126557560613,-2.4263607905278985,-15.59924487297678,-2.4263607905278985,-15.59924487297678,0.0,0.0,0.0,0.0,0.0,0.0,3.023705397955352,3.023705397955352,3.0237053979553523,3.0174847591640503,3.0174847591640503,5.444438469687881,5.444438469687881
429.0,0.429,0.001,0.499,112.63729272039912,4.316841920298959,1.9658916185036053,0.07534310479733147,4.763261189431867,0.9636808576550714,4.763261189431867,0.9636808576550714,4.763261189431867,0.9636808576550714,-1.7093160521833062,0.2213666139183184,-2.4013339003108243,-15.654651657287705,-2.4013339003108243,-15.654651657287705,0.0,0.0,0.0,0.0,0.0,0.0,3.0174546264444184,3.0174546264444184,3.0174546264444184,3.01116526421058,3.01116526421058,5.446845856326108,5.446845856326108
430.0,0.43,0.001,0.499,112.90944924711104,4.372351419141678,1.9706416459755203,0.0763119283182689,4.750027471914976,0.9688235209374269,4.750027471914976,0.9688235209374269,4.750027471914976,0.9688235209374269,-1.7116935761902226,0.20565963524927716,-2.377524006916388,-15.706978669041257,-2.377524006916388,-15.706978669041257,0.0,0.0,0.0,0.0,0.0,0.0,3.0111347154333377,3.0111347154333377,3.0111347154333377,3.004776938216989,3.004776938216989,5.448960935372158,5.448960935372158
431.0,0.431,0.001,0.499,113.18084149533762,4.428154107318711,1.9753783342714637,0.07728586895842185,4.736688295943415,0.9739406401529465,4.736688295943415,0.9739406401529465,4.736688295943415,0.9739406401529465,-1.7140485362136009,0.18990347970476168,-2.354960023378238,-15.756155544515483,-2.354960023378238,-15.756155544515483,0.0,0.0,0.0,0.0,0.0,0.0,3.0047459713273605,3.0047459713273605,3.0047459713273605,2.9983200927956064,2.9983200927956064,5.450786092301568,5.450786092301568
432.0,0.432,0.001,0.499,113.45146346000828,4.484248507908893,1.9801015785831826,0.07826490094065316,4.72324431171881,0.9790319822313156,4.72324431171881,0.9790319822313156,4.72324431171881,0.9790319822313156,-1.716382205598633,0.17410136429189665,-2.3336693850321826,-15.802115412865021,-2.3336693850321826,-15.802115412865021,0.0,0.0,0.0,0.0,0.0,0.0,2.9982887058127417,2.9982887058127417,2.998288705812741,2.991795044743037,2.991795044743037,5.452323725496322,5.452323725496322
433.0,0.433,0.001,0.499,113.72130917310915,4.540633132147834,1.9848112747491848,0.07924899828112249,4.709696166002198,0.9840973404693231,4.709696166002198,0.9840973404693231,4.709696166002198,0.9840973404693231,-1.7186958835333526,0.15825656907724686,-2.313677934719385,-15.844795214649787,-2.313677934719385,-15.844795214649787,0.0,0.0,0.0,0.0,0.0,0.0,2.9917632357602684,2.9917632357602684,2.9917632357602684,2.9852021159428057,2.9852021159428057,5.453576226757256,5.453576226757256
434.0,0.434,0.001,0.499,113.99037270348711,4.59730648091405,1.98950731925132,0.08023813481522402,4.696044502135178,0.9891365341015238,4.696044502135178,0.9891365341015238,4.696044502135178,0.9891365341015238,-1.720990893345166,0.14237243306664832,-2.295009811813613,-15.884136010598557,-2.295009811813613,-15.884136010598557,0.0,0.0,0.0,0.0,0.0,0.0,2.985169883128766,2.985169883128766,2.985169883128766,2.9785416332668486,2.9785416332668486,5.454545961983807,5.454545961983807
435.0,0.435,0.001,0.499,114.25864815665523,4.654267046189949,1.9941896092113836,0.08123228422308561,4.682289960063587,0.9941494078615956,4.682289960063587,0.9941494078615956,4.682289960063587,0.9941494078615956,-1.7232685806912151,0.12645234978888034,-2.2776873460489426,-15.920083277767988,-2.2776873460489426,-15.920083277767988,0.0,0.0,0.0,0.0,0.0,0.0,2.9785089748650386,2.9785089748650386,2.9785089748650386,2.9718139284759295,2.9718139284759295,5.455235252238008,5.455235252238008
436.0,0.436,0.001,0.499,114.52612967459972,4.711513312497187,1.9988580423877471,0.08223142005462042,4.668433176363578,0.9991358315348097,4.668433176363578,0.9991358315348097,4.668433176363578,0.9991358315348097,-1.7255303116483305,0.11049976259860267,-2.2617309571154554,-15.952587190277667,-2.2617309571154554,-15.952587190277667,0.0,0.0,0.0,0.0,0.0,0.0,2.9717808428054457,2.9717808428054457,2.9717808428054457,2.9650193381190086,2.9650193381190086,5.455646355412548,5.455646355412548
437.0,0.437,0.001,0.499,114.79281143558845,4.76904375830589,2.003512517172017,0.08323551575412245,4.654474784270046,1.00409569950204,4.654474784270046,1.00409569950204,4.654474784270046,1.00409569950204,-1.7277774707092979,0.0945181597167388,-2.247159060967422,-15.981602881863864,-2.247159060967422,-15.981602881863864,0.0,0.0,0.0,0.0,0.0,0.0,2.9649858235746755,2.9649858235746755,2.9649858235746755,2.958158203431665,2.958158203431665,5.4557814487218455,5.4557814487218455
438.0,0.438,0.001,0.499,115.05868765398132,4.826856857417289,2.008152932585724,0.08424454468439818,4.640415413707284,1.0090289302757325,4.640415413707284,1.0090289302757325,4.640415413707284,1.0090289302757325,-1.7300114586930488,0.0785110690291389,-2.2339879837510157,-16.007090687599902,-2.2339879837510157,-16.007090687599902,0.0,0.0,0.0,0.0,0.0,0.0,2.9581242584844363,2.9581242584844363,2.9581242584844363,2.951230870233599,2.951230870233599,5.455642612230282,5.455642612230282
439.0,0.439,0.001,0.499,115.32375258004244,4.884951080319339,2.012779188277046,0.08525848015042643,4.626255691321809,1.0139354660282573,4.626255691321809,1.0139354660282573,4.626255691321809,1.0139354660282573,-1.7322336905772555,0.06248205266685973,-2.222231884206716,-16.02901636227917,-2.222231884206716,-16.02901636227917,0.0,0.0,0.0,0.0,0.0,0.0,2.951196493430774,2.951196493430774,2.9511964934307744,2.9442376888252992,2.944237688825299,5.455231813622798,5.455231813622798
440.0,0.44,0.001,0.499,115.58800049975429,4.94332489551489,2.0173911845175634,0.08627729542253951,4.61199624051724,1.0188152721130685,4.61199624051724,1.0188152721130685,4.61199624051724,1.0188152721130685,-1.734445593262591,0.046434701393712745,-2.2119026853356614,-16.047351273146987,-2.2119026853356614,-16.047351273146987,0.0,0.0,0.0,0.0,0.0,0.0,2.94420287879057,2.94420287879057,2.94420287879057,2.9371790138839278,2.9371790138839278,5.454550894410222,5.454550894410222
441.0,0.441,0.001,0.499,115.85142573463405,5.00197677082205,2.0219888221990545,0.0873009637591186,4.5976376814911655,1.0236683365790888,4.5976376814911655,1.0236683365790888,4.5976376814911655,1.0236683365790888,-1.736648603278631,0.0303726288288152,-2.203010016039946,-16.062072564897544,-2.203010016039946,-16.062072564897544,0.0,0.0,0.0,0.0,0.0,0.0,2.9371437693169833,2.9371437693169833,2.937143769316983,2.9300552043584864,2.9300552043584864,5.453601557744969,5.453601557744969
442.0,0.442,0.001,0.499,116.11402264155213,5.060905174646344,2.0265720028303282,0.08832945842879734,4.583180631273892,1.0284946696787418,4.583180631273892,1.0284946696787418,4.583180631273892,1.0284946696787418,-1.7388441644419863,0.014299465533696137,-2.195561163355302,-16.073163295119063,-2.195561163355302,-16.073163295119063,0.0,0.0,0.0,0.0,0.0,0.0,2.930019524035516,2.930019524035516,2.930019524035516,2.9228666233643152,2.9228666233643157,5.452385358002375,5.452385358002375
443.0,0.443,0.001,0.499,116.37578561255309,5.120108577224357,2.0311406285340974,0.08936275273216739,4.568625703769,1.0332943033700477,4.568625703769,1.0332943033700477,4.568625703769,1.0332943033700477,-1.7410337254777783,-0.0017811470049738862,-2.1895610357920745,-16.08061253867002,-2.1895610357920745,-16.08061253867002,0.0,0.0,0.0,0.0,0.0,0.0,2.922830506137995,2.922830506137995,2.922830506137995,2.9156136380770037,2.9156136380770032,5.450903692259411,5.450903692259411
444.0,0.444,0.001,0.499,116.63670907467875,5.179585451838533,2.035694602043893,0.09040082002298058,4.553973509795602,1.0380672908132007,4.553973509795602,1.0380672908132007,4.553973509795602,1.0380672908132007,-1.743218737615967,-0.017865562464770807,-2.185012138188578,-16.08441545979692,-2.185012138188578,-16.08441545979692,0.0,0.0,0.0,0.0,0.0,0.0,2.9155770828771406,2.9155770828771406,2.9155770828771406,2.908296619625749,2.908296619625749,5.449157793776124,5.449157793776124
445.0,0.445,0.001,0.499,116.89678748979415,5.2393342760028245,2.040233826701025,0.09144363372884262,4.539224657132227,1.0428137058620368,4.539224657132227,1.0428137058620368,4.539224657132227,1.0428137058620368,-1.7454006521743286,-0.03395013581592474,-2.1819145583616195,-16.08457335115393,-2.1819145583616195,-16.08457335115393,0.0,0.0,0.0,0.0,0.0,0.0,2.908259625457148,2.908259625457148,2.908259625457148,2.900915942986252,2.900915942986252,5.4471487275566215,5.4471487275566215
446.0,0.446,0.001,0.499,117.1560153544158,5.299353532618952,2.0447582064515872,0.09249116737139343,4.524379750562234,1.047533642550806,4.524379750562234,1.047533642550806,4.524379750562234,1.047533642550806,-1.747580918140043,-0.05003122945517538,-2.180265965714409,-16.08109363925064,-2.180265965714409,-16.08109363925064,0.0,0.0,0.0,0.0,0.0,0.0,2.900878508930969,2.900878508930969,2.900878508930969,2.8934719868731693,2.8934719868731693,5.444877388036208,5.444877388036208
447.0,0.447,0.001,0.499,117.4143871995429,5.359641711103,2.049267645843508,0.09354339458597008,4.509439391920679,1.0522272145766516,4.509439391920679,1.0522272145766516,4.509439391920679,1.0522272145766516,-1.7497609797618774,-0.06610521931140438,-2.180061621834357,-16.073989856229005,-2.180061621834357,-16.073989856229005,0.0,0.0,0.0,0.0,0.0,0.0,2.8934341120886313,2.8934341120886313,2.8934341120886313,2.885965133632224,2.8859651336322245,5.442344498910119,5.442344498910119
448.0,0.448,0.001,0.499,117.67189759049103,5.420197308482149,2.0537620500236504,0.09460028914074828,4.494404180142531,1.0568945547782032,4.494404180142531,1.0568945547782032,4.494404180142531,1.0568945547782032,-1.7519422741648623,-0.0821685008896525,-2.181294402984829,-16.06328157824812,-2.181294402984829,-16.06328157824812,0.0,0.0,0.0,0.0,0.0,0.0,2.8859268173517787,2.8859268173517787,2.885926817351779,2.8783957691320046,2.8783957691320046,5.439550615087944,5.439550615087944
449.0,0.449,0.001,0.499,117.9285411267289,5.4810188304613225,2.0582413247349627,0.09566182495535895,4.4792747113121605,1.0615358146106773,4.4792747113121605,1.0615358146106773,4.4792747113121605,1.0615358146106773,-1.7541262289991304,-0.09821749522078005,-2.183954834268065,-16.048994331127545,-2.183954834268065,-16.048994331127545,0.0,0.0,0.0,0.0,0.0,0.0,2.8783570106649936,2.8783570106649936,2.878357010664994,2.8707642826555055,2.8707642826555055,5.4364961267268885,5.4364961267268885
450.0,0.45,0.001,0.499,118.18431244171794,5.542104792459589,2.062705376313677,0.09672797611897684,4.464051578714016,1.066151163617884,4.464051578714016,1.066151163617884,4.464051578714016,1.066151163617884,-1.7563142601342439,-0.11424865468504075,-2.1880311351135573,-16.031159464260707,-2.1880311351135573,-16.031159464260707,0.0,0.0,0.0,0.0,0.0,0.0,2.870725081385653,2.870725081385653,2.870725081385653,2.8630710667915027,2.8630710667915027,5.433181265267192,5.433181265267192
451.0,0.451,0.001,0.499,118.43920620275476,5.603453720616155,2.0671541116865613,0.09779871690787836,4.448735372884394,1.0707407889015255,4.448735372884394,1.0707407889015255,4.448735372884394,1.0707407889015255,-1.7585077694098732,-0.13025846867919263,-2.1935092756293475,-16.009813994151884,-2.1935092756293475,-16.009813994151884,0.0,0.0,0.0,0.0,0.0,0.0,2.863031422178507,2.863031422178507,2.8630314221785067,2.855316517325768,2.855316517325768,5.429606111365032,5.429606111365032
452.0,0.452,0.001,0.499,118.69321711081686,5.665064152765817,2.0715874383682253,0.09887402180246653,4.433326681664227,1.0753048945881725,4.433326681664227,1.0753048945881725,4.433326681664227,1.0753048945881725,-1.7607081424531184,-0.1462434690984407,-2.200373043245073,-15.98500041924804,-2.200373043245073,-15.98500041924804,0.0,0.0,0.0,0.0,0.0,0.0,2.8552764289029433,2.8552764289029433,2.8552764289029433,2.8475010331322164,2.8475010331322164,5.425770604592624,5.425770604592624
453.0,0.453,0.001,0.499,118.94633990041112,5.7269346393837655,2.076005264458478,0.09995386550376083,4.417826090252804,1.0798437012942972,4.417826090252804,1.0798437012942972,4.417826090252804,1.0798437012942972,-1.7629167465720952,-0.16220023560646493,-2.208604118976939,-15.956766508024243,-2.208604118976939,-15.956766508024243,0.0,0.0,0.0,0.0,0.0,0.0,2.847460500507596,2.847460500507596,2.847460500507596,2.8396250160640335,2.8396250160640335,5.421674554752458,5.421674554752458
454.0,0.454,0.001,0.499,119.19856933942567,5.789063744499645,2.0804074986397403,0.10103822294935057,4.402234181262331,1.0843574455897356,4.402234181262331,1.0843574455897356,4.402234181262331,1.0843574455897356,-1.765134928734653,-0.1781254006689994,-2.2181821625576728,-15.925165062534477,-2.2181821625576728,-15.925165062534477,0.0,0.0,0.0,0.0,0.0,0.0,2.8395840389198703,2.8395840389198703,2.8395840389198703,2.8316888708448196,2.8316888708448196,5.417317654633223,5.417317654633223
455.0,0.455,0.001,0.499,119.4499002289848,5.8514500465807995,2.0847940501745135,0.10212706932881051,4.386551534773267,1.0888463794599452,4.386551534773267,1.0888463794599452,4.386551534773267,1.0888463794599452,-1.767364013640253,-0.19401565432885368,-2.229084905600234,-15.890253659854269,-2.229084905600234,-15.890253659854269,0.0,0.0,0.0,0.0,0.0,0.0,2.8316474489362125,2.8316474489362125,2.8316474489362125,2.8236930049598223,2.8236930049598223,5.412699494019216,5.412699494019216
456.0,0.456,0.001,0.499,119.70032740330714,5.914092139384671,2.089164828902904,0.10322038009857792,4.37077872839034,1.093310769767421,4.37077872839034,1.093310769767421,4.37077872839034,1.093310769767421,-1.7696053018921565,-0.20986774870286873,-2.2412882519034927,-15.852094374015044,-2.2412882519034927,-15.852094374015044,0.0,0.0,0.0,0.0,0.0,0.0,2.8236511381152916,2.8236511381152916,2.823651138115291,2.8156378285472994,2.8156378285472994,5.407819574753091,5.407819574753091
457.0,0.457,0.001,0.499,119.94984572956695,5.9769886327803015,2.093519745240203,0.10431813099629055,4.354916337299173,1.0977508977126234,4.354916337299173,1.0977508977126234,4.354916337299173,1.0977508977126234,-1.7718600682761183,-0.22567850218402963,-2.254766383961864,-15.81075348116089,-2.254766383961864,-15.81075348116089,0.0,0.0,0.0,0.0,0.0,0.0,2.8155955166680533,2.8155955166680533,2.8155955166680533,2.8075237542900706,2.8075237542900706,5.402677326643909,5.402677326643909
458.0,0.458,0.001,0.499,120.19845010775893,6.040138153538941,2.0978587101745263,0.1054202980545853,4.338964934323441,1.1021670582947651,4.338964934323441,1.1021670582947651,4.338964934323441,1.1021670582947651,-1.7741295601508276,-0.24144480333477522,-2.26949187470929,-15.766301150745596,-2.26949187470929,-15.766301150745596,0.0,0.0,0.0,0.0,0.0,0.0,2.8074809973485095,2.8074809973485095,2.8074809973485095,2.799351197307294,2.799351197307294,5.39727212400848,5.39727212400848
459.0,0.459,0.001,0.499,120.42187008736595,6.168919772975973,2.1017581244334074,0.10766796132981184,3.8994142588811695,2.2476632752265364,3.8994142588811695,2.2476632752265364,3.8994142588811695,2.2476632752265364,-1.7764149959543385,-0.2571636144604071,-2.285435803510838,-15.718811125631866,-2.285435803510838,-15.718811125631866,0.0,0.0,0.0,0.0,0.0,0.0,2.7993079953482525,2.7993079953482525,2.7993079953482525,2.8421599242997697,2.8421599242997697,5.391603302633873,5.391603302633873
460.0,0.46,0.001,0.499,120.62205838207993,6.357814412875928,2.105252069300119,0.11096479473543511,3.493944866711637,3.2968334056232718,3.493944866711637,3.2968334056232718,3.493944866711637,3.2968334056232718,-1.7787175638297508,-0.2728319748543638,-2.3025678754122487,-15.668360393956709,-2.3025678754122487,-15.668360393956709,0.0,0.0,0.0,0.0,0.0,0.0,2.842073201569383,2.842073201569383,2.842073201569383,2.879697944063987,2.879697944063987,5.3856701769525746,5.3856701769525746
461.0,0.461,0.001,0.499,120.800831338631,6.601682143303483,2.10837224600546,0.11522108957076191,3.1201767053409233,4.256294835326806,3.1201767053409233,4.256294835326806,3.1201767053409233,4.256294835326806,-1.781038420372419,-0.28844700370995296,-2.320856542668266,-15.615028855589209,-2.320856542668266,-15.615028855589209,0.0,0.0,0.0,0.0,0.0,0.0,2.879571628643209,2.879571628643209,2.879571628643209,2.9122979594955436,2.9122979594955436,5.3794720572286705,5.3794720572286705
462.0,0.462,0.001,0.499,120.95987794551955,6.895738920480346,2.1111481329597903,0.12035334852030147,2.7758869543299878,5.132258949539556,2.7758869543299878,5.132258949539556,2.7758869543299878,5.132258949539556,-1.7833786895000125,-0.3040059026958851,-2.340269127593645,-15.558898985932183,-2.340269127593645,-15.558898985932183,0.0,0.0,0.0,0.0,0.0,0.0,2.912136769947932,2.912136769947932,2.912136769947932,2.94028590801471,2.94028590801471,5.373008266563518,5.373008266563518
463.0,0.463,0.001,0.499,121.10076827441802,7.235534316729058,2.113607133083286,0.12628389696796027,2.4590001234958727,5.93054844765881,2.4590001234958727,5.93054844765881,2.4590001234958727,5.93054844765881,-1.7857394614458277,-0.319505958195596,-2.3607719458152268,-15.5000554997109,-2.3607719458152268,-15.5000554997109,0.0,0.0,0.0,0.0,0.0,0.0,2.940094975586814,2.940094975586814,2.940094975586814,2.9639766490395125,2.9639766490395125,5.3662781575418945,5.3662781575418945
464.0,0.464,0.001,0.499,121.22496138442689,7.616930336321595,2.1157747117612327,0.13294051326385087,2.167578677946628,6.656616295890605,2.167578677946628,6.656616295890605,2.167578677946628,6.656616295890605,-1.7881217918748757,-0.3349445432128502,-2.3823304290480727,-15.438585017254207,-2.3823304290480727,-15.438585017254207,0.0,0.0,0.0,0.0,0.0,0.0,2.963761356153183,2.963761356153183,2.963761356153183,2.9836716079635095,2.983671607963509,5.359281128354531,5.359281128354531
465.0,0.465,0.001,0.499,121.333812719567,8.036081359611796,2.1176745259546195,0.1402560786833683,1.8998141933866897,7.315565419517448,1.8998141933866897,7.315565419517448,1.8998141933866897,7.315565419517448,-1.7905267011214479,-0.35031911894846046,-2.4049092465720063,-15.374575735610255,-2.4049092465720063,-15.374575735610255,0.0,0.0,0.0,0.0,0.0,0.0,2.983437510659205,2.983437510659205,2.983437510659205,2.999657591283206,2.999657591283206,5.352016638249455,5.352016638249455
466.0,0.466,0.001,0.499,121.42858102945725,8.489415221422545,2.1193285449887544,0.14816824718274688,1.6540190341350605,7.912168499378571,1.6540190341350605,7.912168499378571,1.6540190341350605,7.912168499378571,-1.7929551735460934,-0.3656272360551156,-2.4284724246454577,-15.308117106655118,-2.4284724246454577,-15.308117106655118,0.0,0.0,0.0,0.0,0.0,0.0,2.9994103615458867,2.9994103615458867,2.9994103615458867,3.0122063015191247,3.0122063015191247,5.344484222182453,5.344484222182453
467.0,0.467,0.001,0.499,121.51043484225977,8.973615404584457,2.1207571635274696,0.15661913461768184,1.4286185387151975,8.450887434934975,1.4286185387151975,8.450887434934975,1.4286185387151975,8.450887434934975,-1.795408157009253,-0.38086653557926814,-2.452983463159797,-15.239299524152514,-2.452983463159797,-15.239299524152514,0.0,0.0,0.0,0.0,0.0,0.0,3.0119516631375114,3.0119516631375114,3.0119516631375114,3.0215742708525872,3.0215742708525872,5.336683504555593,5.336683504555593
468.0,0.468,0.001,0.499,121.58045851782084,9.485604312894932,2.1219793072203585,0.16555502680139098,1.2221436928890157,8.93589218370912,1.2221436928890157,8.93589218370912,1.2221436928890157,8.93589218370912,-1.7978865624581608,-0.3960347496007793,-2.478405448907823,-15.168214021511162,-2.478405448907823,-15.168214021511162,0.0,0.0,0.0,0.0,0.0,0.0,3.021317922191056,3.021317922191056,3.0213179221910558,3.0280030470123602,3.0280030470123602,5.328614211951826,5.328614211951826
469.0,0.46900000000000003,0.001,0.499,121.63965790760813,10.022527577358343,2.1230125314873183,0.17492610559683375,1.0332242669598939,9.371078795442768,1.0332242669598939,9.371078795442768,1.0332242669598939,9.371078795442768,-1.8003912636230741,-0.4111297015825466,-2.504701164913278,-15.094951981767329,-2.504701164913278,-15.094951981767329,0.0,0.0,0.0,0.0,0.0,0.0,3.027750573401686,3.027750573401686,3.027750573401686,3.0317195333690408,3.0317195333690408,5.320276184792704,5.320276184792704
470.0,0.47000000000000003,0.001,0.499,121.68896564662441,10.581739343674954,2.1238731138798665,0.18468619213495174,0.860582392548115,9.760086538118001,0.860582392548115,9.760086538118001,0.860582392548115,9.760086538118001,-1.802923096818417,-0.4261493064436448,-2.531833195342824,-15.019604861098207,-2.531833195342824,-15.019604861098207,0.0,0.0,0.0,0.0,0.0,0.0,3.0314763153575988,3.0314763153575988,3.0314763153575988,3.0329364255481233,3.0329364255481233,5.311669387864889,5.311669387864889
471.0,0.47100000000000003,0.001,0.499,121.7292461010228,11.160788486272844,2.1245761404333177,0.19479250620413507,0.703026553451321,10.106314069183329,0.703026553451321,10.106314069183329,0.703026553451321,10.106314069183329,-1.8054828608440134,-0.4410915703705952,-2.559764025596523,-14.942263926950439,-2.559764025596523,-14.942263926950439,0.0,0.0,0.0,0.0,0.0,0.0,3.0327075497260316,3.0327075497260316,3.0327075497260316,3.0318527102957193,3.031852710295719,5.302793919679044,5.302793919679044
472.0,0.47200000000000003,0.001,0.499,121.76129999370241,11.757405693747739,2.125135586398658,0.2052054408486261,0.5594459653402831,10.412934644491017,0.5594459653402831,10.412934644491017,0.5594459653402831,10.412934644491017,-1.80807131698126,-0.45595459038224634,-2.5884561372463626,-14.863020011651153,-2.5884561372463626,-14.863020011651153,0.0,0.0,0.0,0.0,0.0,0.0,3.031642888404167,3.031642888404167,3.031642888404167,3.0286542056619368,3.0286542056619368,5.293650020641665,5.293650020641665
473.0,0.47300000000000003,0.001,0.499,121.78586872875272,12.369491371661764,2.1255643917183358,0.2158883512325274,0.42880531967809016,10.682910383901302,0.42880531967809016,10.682910383901302,0.42880531967809016,10.682910383901302,-1.8106891890788237,-0.4707365536644054,-2.6178720975637195,-14.781963282159076,-2.6178720975637195,-14.781963282159076,0.0,0.0,0.0,0.0,0.0,0.0,3.0284677061525516,3.0284677061525516,3.0284677061525516,3.0235141289845098,3.0235141289845098,5.284238080036112,5.284238080036112
474.0,0.47400000000000003,0.001,0.499,121.80363843426034,12.995104310715757,2.1258745315865535,0.2268073568620982,0.3101398682177894,10.9190056295708,0.3101398682177894,10.9190056295708,0.3101398682177894,10.9190056295708,-1.8133371637222686,-0.48543573669081874,-2.6479746434449782,-14.699183026413339,-2.6479746434449782,-14.699183026413339,0.0,0.0,0.0,0.0,0.0,0.0,3.0233547235589753,3.0233547235589753,3.0233547235589753,3.0165936831921747,3.0165936831921747,5.2745586418235195,5.2745586418235195
475.0,0.47500000000000003,0.001,0.499,121.81524374170425,13.632451070959055,2.126077082412156,0.23793115630526265,0.20255082560284038,11.123799443164465,0.20255082560284038,11.123799443164465,0.20255082560284038,11.123799443164465,-1.8160158904818777,-0.5000505041473684,-2.6787267596090794,-14.614767456549632,-2.6787267596090794,-14.614767456549632,0.0,0.0,0.0,0.0,0.0,0.0,3.0164646094157703,3.0164646094157703,3.01646460941577,3.0080426541196053,3.0080426541196053,5.264612409287069,5.264612409287069
476.0,0.47600000000000003,0.001,0.499,121.821271318951,14.279876035654963,2.12618228348103,0.24923085359881428,0.10520106887404715,11.299697293551613,0.10520106887404715,11.299697293551613,0.10520106887404715,11.299697293551613,-1.8187259822328787,-0.5145793076764473,-2.7100917510009657,-14.52880352907897,-2.7100917510009657,-14.52880352907897,0.0,0.0,0.0,0.0,0.0,0.0,3.0079465940275223,3.0079465940275223,3.0079465940275223,2.998000012723276,2.9980000127232764,5.254400248554422,5.254400248554422
477.0,0.47700000000000004,0.001,0.499,121.82226317272242,14.935852091482213,2.1261995945950396,0.2606797955872459,0.017311114009405097,11.448941988431647,0.017311114009405097,11.448941988431647,0.017311114009405097,11.448941988431647,-1.8214680155422691,-0.5290206844584122,-2.742033309390304,-14.441376781964884,-2.742033309390304,-14.441376781964884,0.0,0.0,0.0,0.0,0.0,0.0,2.9979390864689384,2.9979390864689384,2.9979390864689384,2.9865945168177572,2.9865945168177572,5.243923191042839,5.243923191042839
478.0,0.47800000000000004,0.001,0.499,121.81871973534598,15.598971894789026,2.1261377499459826,0.272253419490127,-0.06184464905716114,11.573623902881057,-0.06184464905716114,11.573623902881057,-0.06184464905716114,11.573623902881057,-1.8242425311164743,-0.5433732556468033,-2.7745155742051484,-14.352571188391034,-2.7745155742051484,-14.352571188391034,0.0,0.0,0.0,0.0,0.0,0.0,2.986570289814729,2.986570289814729,2.986570289814729,2.97394530749102,2.9739453074910194,5.233182434879523,5.233182434879523
479.0,0.47900000000000004,0.001,0.499,121.81110274960784,16.26793968653902,2.1260048084657748,0.28392911004596016,-0.13294148020776525,11.6756905558332,-0.13294148020776525,11.6756905558332,-0.13294148020776525,11.6756905558332,-1.8270500343041596,-0.5576357246736868,-2.8075031876852137,-14.262469026883597,-2.8075031876852137,-14.262469026883597,0.0,0.0,0.0,0.0,0.0,0.0,2.973958809148148,2.973958809148148,2.973958809148148,2.96016249584442,2.96016249584442,5.222179345356323,5.222179345356323
480.0,0.48,0.001,0.499,121.79983796460984,16.941563621344287,2.1258082008780304,0.2956860656285517,-0.19660758774430498,11.756955582591523,-0.19660758774430498,11.756955582591523,-0.19660758774430498,11.756955582591523,-1.8298909956486387,-0.5718068754410282,-2.8409613444790924,-14.171150767341372,-2.8409613444790924,-14.171150767341372,0.0,0.0,0.0,0.0,0.0,0.0,2.9602142478225812,2.9602142478225812,2.9602142478225812,2.9453477361986438,2.9453477361986438,5.210915454482934,5.210915454482934
481.0,0.481,0.001,0.499,121.7853176546789,17.618748578541258,2.1255547736613254,0.3075051727766157,-0.25342721670507995,11.819107148064004,-0.25342721670507995,11.819107148064004,-0.25342721670507995,11.819107148064004,-1.8327658514844827,-0.5858855704134593,-2.874855835844058,-14.078694972431187,-2.874855835844058,-14.078694972431187,0.0,0.0,0.0,0.0,0.0,0.0,2.9454377881050218,2.9454377881050218,2.9454377881050218,2.929594782427827,2.929594782427827,5.199392459706362,5.199392459706362
482.0,0.482,0.001,0.499,121.76790297258707,18.298489425618545,2.1252508301206348,0.3193688886184096,-0.30394354069058516,11.863715841793887,-0.30394354069058516,11.863715841793887,-0.30394354069058516,11.863715841793887,-1.835675004573119,-0.5998707486271858,-2.9091530886362453,-13.985178213726451,-2.9091530886362453,-13.985178213726451,0.0,0.0,0.0,0.0,0.0,0.0,2.9297227529429124,2.9297227529429124,2.929722752942913,2.9129900246252127,2.912990024625213,5.1876122218667815,5.1876122218667815
483.0,0.483,0.001,0.499,121.74792614760753,18.979864706452684,2.1249021687506473,0.3312611307106664,-0.3486613699876295,11.892242092256744,-0.3486613699876295,11.892242092256744,-0.3486613699876295,11.892242092256744,-1.838618824772422,-0.6137614236290877,-2.943820199303108,-13.890675001901865,-2.943820199303108,-13.890675001901865,0.0,0.0,0.0,0.0,0.0,0.0,2.9131551462289527,2.9131551462289527,2.9131551462289527,2.89561300385057,2.89561300385057,5.175576762460995,5.175576762460995
484.0,0.484,0.001,0.499,121.72569253825232,19.662030728756378,2.1245141190627965,0.3431671738450989,-0.38804968785082417,11.90604313443257,-0.38804968785082417,11.90604313443257,-0.38804968785082417,11.90604313443257,-1.8415976497355315,-0.6275566813593343,-2.9788249631094357,-13.795257730246602,-2.9788249631094357,-13.795257730246602,0.0,0.0,0.0,0.0,0.0,0.0,2.8958141695089243,2.8958141695089243,2.8958141695089243,2.8775369032451823,2.8775369032451823,5.163288260284887,5.163288260284887
485.0,0.485,0.001,0.499,121.70148254890722,20.344216026907038,2.124091575036852,0.3550735534065271,-0.42254402594483204,11.90637956142813,-0.42254402594483204,11.90637956142813,-0.42254402594483204,11.90637956142813,-1.8446117856343747,-0.641255677990055,-3.0141358988431217,-13.698996630720721,-3.0141358988431217,-13.698996630720721,0.0,0.0,0.0,0.0,0.0,0.0,2.8777727136472437,2.8777727136472437,2.8777727136472437,2.8588290143089705,2.8588290143089705,5.1507490475253235,5.1507490475253235
486.0,0.486,0.001,0.499,121.67555341899384,21.02571617791716,2.123639026347686,0.3669679748944923,-0.4525486891657185,11.894421487965207,-0.4525486891657185,11.894421487965207,-0.4525486891657185,11.894421487965207,-1.8476615079036323,-0.654857637731809,-3.0497222692576713,-13.601959741754092,-3.0497222692576713,-13.601959741754092,0.0,0.0,0.0,0.0,0.0,0.0,2.859097824484068,2.859097824484068,2.8590978244840684,2.839551177603969,2.839551177603969,5.1379616053704105,5.1379616053704105
487.0,0.487,0.001,0.499,121.6481408927445,21.70588894974912,2.1231605875083455,0.37883922924537616,-0.4784388393405997,11.87125435088385,-0.4784388393405997,11.87125435088385,-0.4784388393405997,11.87125435088385,-1.8507470620011477,-0.6683618506187817,-3.0855540975154714,-13.504212886972633,-3.0855540975154714,-13.504212886972633,0.0,0.0,0.0,0.0,0.0,0.0,2.8398511419648216,2.8398511419648216,2.8398511419648216,2.8197601975700417,2.8197601975700417,5.124928559204629,5.124928559204629
488.0,0.488,0.001,0.499,121.61946077716888,22.38414976248172,2.1226600250616987,0.39067711361481267,-0.5005624466465559,11.837884369436514,-0.5005624466465559,11.837884369436514,-0.5005624466465559,11.837884369436514,-1.8538686641810471,-0.6817676702828137,-3.1216021798994715,-13.405819664032004,-3.1216021798994715,-13.405819664032004,0.0,0.0,0.0,0.0,0.0,0.0,2.82008931264848,2.82008931264848,2.82008931264848,2.7995082315073514,2.7995082315073514,5.111652673452567,5.111652673452567
489.0,0.489,0.001,0.499,121.5897103953201,23.05996744402114,2.1221407829447116,0.40247235730087005,-0.519242116987284,11.795243686057379,-0.519242116987284,11.795243686057379,-0.519242116987284,11.795243686057379,-1.8570265022761085,-0.6950745117255567,-3.1578380950615297,-13.306841442742948,-3.1578380950615297,-13.306841442742948,0.0,0.0,0.0,0.0,0.0,0.0,2.7998643758371853,2.7998643758371853,2.7998643758371853,2.7788431530936877,2.7788431530936877,5.09813684613162,5.09813684613162
490.0,0.49,0.001,0.499,121.55906994152586,23.732860263129133,2.1216060061416973,0.41421655250733114,-0.5347768030141978,11.7441952064611,-0.5347768030141978,11.7441952064611,-0.5347768030141978,11.7441952064611,-1.8602207364861822,-0.7082818490972408,-3.194234210073622,-13.20733737168408,-3.194234210073622,-13.20733737168408,0.0,0.0,0.0,0.0,0.0,0.0,2.7792241238705153,2.7792241238705153,2.7792241238705153,2.7578088910637644,2.7578088910637644,5.0843841031704455,5.0843841031704455
491.0,0.491,0.001,0.499,121.52770374484135,24.40239222353031,2.1210585627357244,0.425902089663664,-0.5474434059727671,11.68553715633288,-0.5474434059727671,11.68553715633288,-0.5474434059727671,11.68553715633288,-1.863451500169726,-0.7213892134897568,-3.230763683543752,-13.107364392516017,-3.230763683543752,-13.107364392516017,0.0,0.0,0.0,0.0,0.0,0.0,2.758212437348629,2.758212437348629,2.758212437348629,2.736445743884483,2.736445743884483,5.0703975925460565,5.0703975925460565
492.0,0.492,0.001,0.499,121.49576144659287,25.06816960377035,2.120501064460634,0.43752209703415496,-0.5574982750903399,11.62000737049096,-0.5574982750903399,11.62000737049096,-0.5574982750903399,11.62000737049096,-1.866718900635778,-0.7343961907509912,-3.267400466052078,-13.006977261234304,-3.267400466052078,-13.006977261234304,0.0,0.0,0.0,0.0,0.0,0.0,2.736869596259255,2.736869596259255,2.736869596259255,2.7147906714188887,2.7147906714188887,5.056180578288436,5.056180578288436
493.0,0.493,0.001,0.499,121.46337909752329,25.729837728338325,2.11993588584984,0.44907038436336205,-0.5651786107942611,11.548287329207094,-0.5651786107942611,11.548287329207094,-0.5651786107942611,11.548287329207094,-1.870023019933933,-0.7473024193266178,-3.304119298154817,-12.906228575626587,-3.304119298154817,-12.906228575626587,0.0,0.0,0.0,0.0,0.0,0.0,2.7152325680799954,2.7152325680799954,2.7152325680799954,2.6928775646867003,2.6928775646867003,5.041736434397491,5.041736434397491
494.0,0.494,0.001,0.499,121.43068017971149,26.38707795634846,2.119365182072185,0.4605413903186972,-0.5707037776550343,11.471005955335123,-0.5707037776550343,11.471005955335123,-0.5707037776550343,11.471005955335123,-1.8733639156401272,-0.7601075881348489,-3.340895706194192,-12.805168808231098,-3.340895706194192,-12.805168808231098,0.0,0.0,0.0,0.0,0.0,0.0,2.693335274064395,2.693335274064395,2.693335274064395,2.6707374949060987,2.6707374949060987,5.027068638713038,5.027068638713038
495.0,0.495,0.001,0.499,121.39777655812095,27.03960487480727,2.1187909055396,0.471930133503696,-0.5742765325850854,11.388743184998855,-0.5742765325850854,11.388743184998855,-0.5742765325850854,11.388743184998855,-1.8767416216362696,-0.7728114344789767,-3.3777059961423452,-12.703846344127847,-3.3777059961423452,-12.703846344127847,0.0,0.0,0.0,0.0,0.0,0.0,2.6712088349480694,2.6712088349480694,2.6712088349480694,2.648398943045344,2.648398943045344,5.0121807667745095,5.0121807667745095
496.0,0.496,0.001,0.499,121.36476936633592,27.687163684177595,2.118214821366114,0.4832321668275025,-0.5760841734862986,11.302033323806487,-0.5760841734862986,11.302033323806487,-0.5760841734862986,11.302033323806487,-1.8801561488819656,-0.785413742001907,-3.4145272456959717,-12.602307522930264,-3.4145272456959717,-12.602307522930264,0.0,0.0,0.0,0.0,0.0,0.0,2.648881797351801,2.648881797351801,2.648881797351801,2.6258880111288723,2.6258880111288723,4.99707648570312,4.99707648570312
497.0,0.497,0.001,0.499,121.33174983076303,28.329527764597376,2.1176385217528875,0.4944435350273733,-0.5762996132261777,11.211368199870854,-0.5762996132261777,11.211368199870854,-0.5762996132261777,11.211368199870854,-1.8836074861767924,-0.7979143386862897,-3.451337294826723,-12.500596684382712,-3.451337294826723,-12.500596684382712,0.0,0.0,0.0,0.0,0.0,0.0,2.6263803421579355,2.6263803421579355,2.6263803421579355,2.603228616535838,2.603228616535838,4.9817595481354235,4.9817595481354235
498.0,0.498,0.001,0.499,121.2988000373144,28.96649641172243,2.117063439369357,0.5055607351516794,-0.5750823835308008,11.117200124306082,-0.5750823835308008,11.117200124306082,-0.5750823835308008,11.117200124306082,-1.8870956009117728,-0.8103130949032974,-3.4881147349803157,-12.398756217007676,-3.4881147349803157,-12.398756217007676,0.0,0.0,0.0,0.0,0.0,0.0,2.6037284761202595,2.6037284761202595,2.6037284761202595,2.580442670504162,2.5804426705041617,4.966233786233591,4.966233786233591
499.0,0.499,0.001,0.499,121.26599364433977,29.597892731742583,2.1164908597962464,0.5165806798210069,-0.5725795731105888,11.019944669327405,-0.5725795731105888,11.019944669327405,-0.5725795731105888,11.019944669327405,-1.8906204398088777,-0.8226099215125825,-3.5248388971049938,-12.296826609285104,-3.5248388971049938,-12.296826609285104,0.0,0.0,0.0,0.0,0.0,0.0,2.580948207926819,2.580948207926819,2.5809482079268196,2.5575502420141496,2.55755024201415,4.950503105794289,4.950503105794289
