step,time_s,dt_s,duration_s,mj_q1_deg,mj_q2_deg,mujoco_q1_rad,mujoco_q2_rad,mj_qd1_raw,mj_qd2_raw,mj_qd1_rad_s,mj_qd2_rad_s,mujoco_qdot1_rad_s,mujoco_qdot2_rad_s,bridge_q1_rad,bridge_q2_rad,bridge_qd1,bridge_qd2,bridge_qdot1_rad_s,bridge_qdot2_rad_s,tau0,tau1,tau1_Nm,tau2_Nm,tau1_applied_Nm,tau2_applied_Nm,mj_hand_speed_norm_fd,mujoco_ee_speed_fd_3d_m_s,mujoco_ee_speed_fd_xz_m_s,mujoco_ee_speed_jac_3d_m_s,mujoco_ee_speed_jac_xz_m_s,bridge_hand_speed_xz,bridge_ee_speed_xz_m_s
0.0,0.0,0.001,0.499,5.002090546132731,54.99737531860081,0.08730294951289747,0.9598852792646495,0.03648691318099128,-0.045809332231772915,0.03648691318099128,-0.045809332231772915,0.03648691318099128,-0.045809332231772915,0.0872380181467784,0.9599605742204042,-0.028444452938073603,0.029485623522873917,-0.028444452938073603,0.029485623522873917,0.0,0.0,0.0,0.0,0.0,0.0,0.0,0.0,0.0,0.010475443402167092,0.010475443402167092,0.008949709514948934,0.008949709514948934
1.0,0.001,0.001,0.499,5.006264188785924,54.99215643178077,0.08737579331899735,0.9597941925063509,0.07284380609988449,-0.09108675829864944,0.07284380609988449,-0.09108675829864944,0.07284380609988449,-0.09108675829864944,0.08718112934272855,0.9600195439091967,-0.05688880404985107,0.05896968879254372,-0.05688880404985107,0.05896968879254372,0.0,0.0,0.0,0.0,0.0,0.0,0.010475392713757622,0.010475392713757622,0.010475392713757622,0.020952642944278455,0.020952642944278455,0.017899622473945716,0.017899622473945716
2.0,0.002,0.001,0.499,5.012513599651322,54.98437307193633,0.08748486611490845,0.9596583472501979,0.10907279591110604,-0.13584525615298698,0.10907279591110604,-0.13584525615298698,0.10907279591110604,-0.13584525615298698,0.08709579647764934,0.9601079937086988,-0.08533286507921303,0.0884497995021192,-0.08533286507921303,0.0884497995021192,0.0,0.0,0.0,0.0,0.0,0.0,0.020952446085616208,0.020952446085616208,0.020952446085616208,0.0314313670673922,0.0314313670673922,0.02685001599445275,0.02685001599445275
3.0,0.003,0.001,0.499,5.020831568395056,54.97405424313623,0.08763004205656459,0.9594782497126866,0.14517594165613254,-0.18009753751136695,0.14517594165613254,-0.18009753751136695,0.14517594165613254,-0.18009753751136695,0.08698202002993549,0.9602259172676489,-0.11377644771385013,0.11792355895015451,-0.11377644771385013,0.11792355895015451,0.0,0.0,0.0,0.0,0.0,0.0,0.03143093702444837,0.03143093702444837,0.03143093702444837,0.041911378996587555,0.041911378996587555,0.03580116700492439,0.03580116700492439
4.0,0.004,0.001,0.499,5.031210999437344,54.96122823598838,0.08781119730273623,0.9592543936580722,0.18115524617163645,-0.2238560546143878,0.18115524617163645,-0.2238560546143878,0.18115524617163645,-0.2238560546143878,0.0868398006663716,0.9603733058375005,-0.14221936356388554,0.14738856985151136,-0.14221936356388554,0.14738856985151136,0.0,0.0,0.0,0.0,0.0,0.0,0.04191063674196336,0.04191063674196336,0.04191063674196336,0.05239243672577583,0.05239243672577583,0.044753352160391675,0.044753352160391675
5.0,0.005,0.001,0.499,5.043644908836703,54.94592264213503,0.08802820996064972,0.9589872606513583,0.2170126579134954,-0.2671330067139213,0.2170126579134954,-0.2671330067139213,0.2170126579134954,-0.2671330067139213,0.08666913924223106,0.9605501482716492,-0.1706614241405501,0.17684243414870177,-0.1706614241405501,0.17684243414870177,0.0,0.0,0.0,0.0,0.0,0.0,0.05239131076058778,0.05239131076058778,0.052391310760587784,0.06287429301629932,0.06287429301629932,0.0537068477580689,0.0537068477580689
6.0,0.006,0.001,0.499,5.058126421274053,54.928164368391265,0.08828096003334997,0.958677320305059,0.25275007270024047,-0.30994034629926415,0.25275007270024047,-0.30994034629926415,0.25275007270024047,-0.30994034629926415,0.08647003680139614,0.9607564310244731,-0.19910244083492235,0.20628275282387026,-0.19910244083492235,0.20628275282387026,0.0,0.0,0.0,0.0,0.0,0.0,0.06287271893370915,0.06287271893370915,0.06287271893370915,0.07335669540837123,0.07335669540837123,0.06266192965299162,0.06266192965299162
7.0,0.007,0.001,0.499,5.074648767132282,54.907979650541,0.08856932936872933,0.958325030519986,0.2883693353793544,-0.3522897850730593,0.2883693353793544,-0.3522897850730593,0.2883693353793544,-0.3522897850730593,0.08624249457649939,0.9609921381501846,-0.22754222489674622,0.23570712571157657,-0.22754222489674622,0.23570712571157657,0.0,0.0,0.0,0.0,0.0,0.0,0.07335461547700847,0.07335461547700847,0.07335461547700849,0.0838393862444649,0.0838393862444649,0.07161887317369645,0.07161887317369645
8.0,0.008,0.001,0.499,5.093205279667072,54.88539406680447,0.088893201610149,0.9579308377202986,0.3238722414196765,-0.3941927996873419,0.3238722414196765,-0.3941927996873419,0.3238722414196765,-0.3941927996873419,0.08598651398908605,0.9612572513014971,-0.25598058741333873,0.2651131513125389,-0.25598058741333873,0.2651131513125389,0.0,0.0,0.0,0.0,0.0,0.0,0.08383674901024395,0.08383674901024395,0.08383674901024395,0.09432210270381337,0.09432210270381337,0.08057795303795261,0.08057795303795261
9.0,0.009000000000000001,0.001,0.499,5.113789392264882,54.8604325509901,0.08925246214858203,0.9574951770830491,0.35926053843302314,-0.4356606372495602,0.35926053843302314,-0.4356606372495602,0.35926053843302314,-0.4356606372495602,0.08570209664979744,0.9615517497281055,-0.2844173392885993,0.2944984266084956,-0.2844173392885993,0.2944984266084956,0.0,0.0,0.0,0.0,0.0,0.0,0.09431886261444362,0.09431886261444362,0.09431886261444362,0.1048045768472304,0.10480457684723038,0.08953944326855637,0.08953944326855637
10.0,0.01,0.001,0.499,5.136394635784244,54.83311940534361,0.08964699807621002,0.9570184727624411,0.3945359276279909,-0.47670432060795315,0.3945359276279909,-0.47670432060795315,0.3945359276279909,-0.47670432060795315,0.08538924435857531,0.9618756102749839,-0.31285229122213254,0.32386054687834454,-0.31285229122213254,0.32386054687834454,0.0,0.0,0.0,0.0,0.0,0.0,0.10480069388980888,0.10480069388980888,0.10480069388980888,0.11528653567151131,0.11528653567151133,0.09850361710919896,0.09850361710919896
11.0,0.011,0.001,0.499,5.161014635976631,54.80347831310648,0.0900766981414088,0.9565011381090159,0.4297000651987773,-0.5173346534252137,0.4297000651987773,-0.5173346534252137,0.4297000651987773,-0.5173346534252137,0.08504795910488681,0.9622288073804997,-0.3412852536884953,0.35319710551571504,-0.3412852536884953,0.35319710551571504,0.0,0.0,0.0,0.0,0.0,0.0,0.11528197502921678,0.11528197502921678,0.11528197502921678,0.1257677011727174,0.1257677011727174,0.1074707469404197,0.1074707469404197
12.0,0.012,0.001,0.499,5.187643110983318,54.77153235079525,0.09054145270506052,0.955943575883967,0.46475456365172474,-0.5575622250489422,0.46475456365172474,-0.5575622250489422,0.46475456365172474,-0.5575622250489422,0.08467824306797024,0.9626113130743478,-0.36971603691657895,0.3825056938481287,-0.36971603691657895,0.3825056938481287,0.0,0.0,0.0,0.0,0.0,0.0,0.12576243289931424,0.12576243289931424,0.12576243289931424,0.1362477904176904,0.1362477904176904,0.11644110419565637,0.11644110419565637
13.0,0.013000000000000001,0.001,0.499,5.21627386890485,54.737304000213015,0.09104115369813269,0.95534617846878,0.49970099307217297,-0.5973974151869887,0.49970099307217297,-0.5973974151869887,0.49970099307217297,-0.5973974151869887,0.0842800986171011,0.9630230969753056,-0.3981444508691359,0.41178390095790257,-0.3981444508691359,0.41178390095790257,0.0,0.0,0.0,0.0,0.0,0.0,0.13624178912508567,0.13624178912508567,0.13624178912508567,0.14672651562318426,0.14672651562318426,0.1254149592774049,0.1254149592774049
14.0,0.014,0.001,0.499,5.246900805439792,54.70081516020373,0.09157569458046678,0.9547093280703846,0.5345408823340883,-0.6368503983953965,0.5345408823340883,-0.6368503983953965,0.5345408823340883,-0.6368503983953965,0.08385352831187864,0.9634641262888106,-0.42657030522246103,0.441029313504946,-0.42657030522246103,0.441029313504946,0.0,0.0,0.0,0.0,0.0,0.0,0.146719760185519,0.146719760185519,0.146719760185519,0.15720358424203995,0.15720358424203995,0.1343925814735017,0.1343925814735017
15.0,0.015,0.001,0.499,5.2795179015896645,54.662087158159764,0.09214497030072161,0.9540333969219983,0.5692757202548285,-0.6759311483862933,0.5692757202548285,-0.6759311483862933,0.5692757202548285,-0.6759311483862933,0.0833985349025324,0.9639343658043622,-0.45499340934623544,0.47023951555160215,-0.45499340934623544,0.47023951555160215,0.0,0.0,0.0,0.0,0.0,0.0,0.15719605751277774,0.15719605751277774,0.15719605751277774,0.16767869905586683,0.16767869905586683,0.14337423887354248,0.14337423887354248
16.0,0.016,0.001,0.499,5.314119221427009,54.621140761292466,0.0927488772574189,0.9533187474798356,0.6039069566972967,-0.7146494421627334,0.6039069566972967,-0.7146494421627334,0.6039069566972967,-0.7146494421627334,0.08291512133024886,0.9644337778927519,-0.48341357228354104,0.49941208838968143,-0.48341357228354104,0.49941208838968143,0.0,0.0,0.0,0.0,0.0,0.0,0.16767038759959324,0.16767038759959324,0.16767038759959324,0.1781515582737279,0.17815155827372792,0.15236019828545125,0.15236019828545125
17.0,0.017,0.001,0.499,5.350698909923728,54.57799618767538,0.09338731326104054,0.9525657326158484,0.638436003621635,-0.7530148639871564,0.638436003621635,-0.7530148639871564,0.638436003621635,-0.7530148639871564,0.08240329072751781,0.9649623225031217,-0.5118306027310527,0.5285446103698335,-0.5118306027310527,0.5285446103698335,0.0,0.0,0.0,0.0,0.0,0.0,0.1781424521106352,0.1781424521106352,0.1781424521106352,0.18862185563635991,0.18862185563635991,0.16135072515221513,0.16135072515221513
18.0,0.018000000000000002,0.001,0.499,5.389251190836894,54.53267311706931,0.09406017749712905,0.9517746958066586,0.6728642360885178,-0.7910368091898199,0.6728642360885178,-0.7910368091898199,0.6728642360885178,-0.7910368091898199,0.0818630464184984,0.9655199571598552,-0.5402443090194148,0.557634656733401,-0.5402443090194148,0.557634656733401,0.0,0.0,0.0,0.0,0.0,0.0,0.1886119479985072,0.1886119479985072,0.1886119479985072,0.19908928052549232,0.19908928052549232,0.17034608346880026,0.17034608346880026
19.0,0.019,0.001,0.499,5.429770364649395,54.4851907015379,0.09476737049034506,0.9509459713188354,0.707192993216006,-0.8287244878232615,0.707192993216006,-0.8287244878232615,0.707192993216006,-0.8287244878232615,0.08129439191940459,0.9661066369593021,-0.5686544990938059,0.586679799446897,-0.5686544990938059,0.586679799446897,0.0,0.0,0.0,0.0,0.0,0.0,0.19907856762608522,0.19907856762608522,0.19907856762608522,0.20955351807785752,0.20955351807785752,0.17934653569926576,0.17934653569926576
20.0,0.02,0.001,0.499,5.472250806562842,54.43556757586239,0.09550879406943691,0.9500798843906668,0.7414235790918439,-0.8660869281685645,0.7414235790918439,-0.8660869281685645,0.7414235790918439,-0.8660869281685645,0.08069733093890989,0.9667223145663414,-0.5970609804946987,0.6156776070392439,-0.5970609804946987,0.6156776070392439,0.0,0.0,0.0,0.0,0.0,0.0,0.2095419988899368,0.2095419988899368,0.20954199888993677,0.22001424930351435,0.22001424930351432,0.18835234269409282,0.18835234269409282
21.0,0.021,0.001,0.499,5.5166869645403,54.38382186776365,0.0962843513330799,0.9491767514105679,0.7755572636429897,-0.9031329800989284,0.7755572636429897,-0.9031329800989284,0.7755572636429897,-0.9031329800989284,0.08007186737857108,0.9673669402107833,-0.6254635603388146,0.6446256444419106,-0.6254635603388146,0.6446256444419106,0.0,0.0,0.0,0.0,0.0,0.0,0.22000192535235427,0.22000192535235427,0.22000192535235427,0.23047115120813502,0.23047115120813502,0.1973637636077472,0.1973637636077472
22.0,0.022,0.001,0.499,5.56307335739649,54.32997120793933,0.097093946616544,0.9482368800922621,0.8095952834640977,-0.939871318305791,0.8095952834640977,-0.939871318305791,0.8095952834640977,-0.939871318305791,0.0794180053332708,0.9680404616836153,-0.6538620453002791,0.673521472832081,-0.6538620453002791,0.673521472832081,0.0,0.0,0.0,0.0,0.0,0.0,0.2304580263712477,0.2304580263712477,0.2304580263712477,0.24092389691892982,0.24092389691892982,0.2063810558164942,0.2063810558164942
23.0,0.023,0.001,0.499,5.611404572933198,54.274032739923804,0.09793748545915058,0.9472605696468697,0.8435388426065878,-0.9763104453925017,0.8435388426065878,-0.9763104453925017,0.8435388426065878,-0.9763104453925017,0.07873574909167882,0.9687428243330943,-0.6822562415919765,0.7023626494789832,-0.6822562415919765,0.7023626494789832,0.0,0.0,0.0,0.0,0.0,0.0,0.24090997723684537,0.24090997723684537,0.24090997723684537,0.2513721558139117,0.2513721558139117,0.21540447483648667,0.21540447483648667
24.0,0.024,0.001,0.499,5.661675266117725,54.21602312977813,0.09881487457248045,0.9462481109520293,0.877389113329871,-1.012458694840319,0.877389113329871,-1.012458694840319,0.877389113329871,-1.012458694840319,0.07802510313673172,0.9694739710606879,-0.7106459549471043,0.7311467275935082,-0.7106459549471043,0.7311467275935082,0.0,0.0,0.0,0.0,0.0,0.0,0.25135744931229437,0.25135744931229437,0.25135744931229437,0.26181559365422225,0.26181559365422225,0.22443427424214607,0.22443427424214607
25.0,0.025,0.001,0.499,5.7138801573023015,54.15595857561717,0.09972602180929667,0.9451997867181781,0.9111472368162257,-1.0483242338512746,0.9111472368162257,-1.0483242338512746,0.9111472368162257,-1.0483242338512746,0.0772860721461308,0.9702338423168692,-0.7390309906009267,0.7598712561812402,-0.7390309906009267,0.7598712561812402,0.0,0.0,0.0,0.0,0.0,0.0,0.2618001101708175,0.2618001101708175,0.2618001101708175,0.2722538727192694,0.2722538727192694,0.2334707055848599,0.2334707055848599
26.0,0.026000000000000002,0.001,0.499,5.768014030482456,54.09385481698059,0.10067083613314742,0.9441158716521059,0.9448143238507558,-1.083915066072246,0.9448143238507558,-1.083915066072246,0.9448143238507558,-1.083915066072246,0.07651866099285808,0.9710223760967682,-0.7674111532727246,0.7885337798990202,-0.7674111532727246,0.7885337798990202,0.0,0.0,0.0,0.0,0.0,0.0,0.2722376237440467,0.2722376237440467,0.2722376237440467,0.2826866519444414,0.2826866519444415,0.24251401831201763,0.24251401831201763
27.0,0.027,0.001,0.499,5.824071731592422,54.02972714405438,0.10164922758861522,0.9429966326179015,0.9783914554677973,-1.1192390342043712,0.9783914554677973,-1.1192390342043712,0.9783914554677973,-1.1192390342043712,0.07572287474571014,0.9718395079356834,-0.7957862471479364,0.8171318389151593,-0.7957862471479364,0.8171318389151593,0.0,0.0,0.0,0.0,0.0,0.0,0.28266965046530973,0.28266965046530973,0.28266965046530973,0.29311358706118945,0.29311358706118945,0.25156445968640906,0.25156445968640906
28.0,0.028,0.001,0.499,5.882048166835735,53.96359040674921,0.1026611072721803,0.9418423287953998,1.0118796835650778,-1.1543038225017528,1.0118796835650778,-1.1543038225017528,1.0118796835650778,-1.1543038225017528,0.07489871866984965,0.9726851709044568,-0.8241560758604877,0.8456629687734161,-0.8241560758604877,0.8456629687734161,0.0,0.0,0.0,0.0,0.0,0.0,0.293095847417913,0.293095847417913,0.29309584741791295,0.3035343307392841,0.30353433073928404,0.260622274706012,0.260622274706012
29.0,0.029,0.001,0.499,5.941938301049234,53.89545902364173,0.10370638730366717,0.9406532118362365,1.0452800314868798,-1.1891169591632165,1.0452800314868798,-1.1891169591632165,1.0452800314868798,-1.1891169591632165,0.07404619822737435,0.9735592956047177,-0.8525204424752991,0.8741247002608468,-0.8525204424752991,0.8741247002608468,0.0,0.0,0.0,0.0,0.0,0.0,0.30351586848538603,0.30351586848538603,0.3035158684853861,0.313948532731076,0.313948532731076,0.2696877060241934,0.2696877060241934
30.0,0.03,0.001,0.499,6.0037371560987856,53.825346990784745,0.10478498079824457,0.9394295260176158,1.0785934945773952,-1.223685818620714,1.0785934945773952,-1.223685818620714,1.0785934945773952,-1.223685818620714,0.07316531907790338,0.9744618101639972,-0.8808791494709682,0.9025145592796352,-0.8808791494709682,0.9025145592796352,0.0,0.0,0.0,0.0,0.0,0.0,0.3139293645033284,0.3139293645033284,0.3139293645033284,0.3243558400176033,0.3243558400176033,0.27876099387035236,0.27876099387035236
31.0,0.031,0.001,0.499,6.067439809305049,53.75326789039207,0.10589680183894998,0.938171508393888,1.1118210407054152,-1.2580176237277996,1.1118210407054152,-1.2580176237277996,1.1118210407054152,-1.2580176237277996,0.07225608707918077,0.9753926402307203,-0.9092319987226128,0.9308300667230041,-0.9092319987226128,0.9308300667230041,0.0,0.0,0.0,0.0,0.0,0.0,0.3243359834115368,0.3243359834115368,0.32433598341153674,0.3347558969564104,0.3347558969564104,0.28784237597103446,0.28784237597103446
32.0,0.032,0.001,0.499,6.133041391897739,53.679234899403404,0.10704176544971142,0.9368793889460365,1.1449636107614403,-1.2921194478514477,1.1449636107614403,-1.2921194478514477,1.1449636107614403,-1.2921194478514477,0.0713185082876959,0.9763517089690755,-0.9375787914848662,0.9590687383553057,-0.9375787914848662,0.9590687383553057,0.0,0.0,0.0,0.0,0.0,0.0,0.33473537040757706,0.33473537040757706,0.33473537040757706,0.3451483454309536,0.3451483454309536,0.296932087471546,0.296932087471546
33.0,0.033,0.001,0.499,6.200537087496845,53.603260797934865,0.10821978756883967,0.9355533907291662,1.1780221191282494,-1.3259982168703355,1.1780221191282494,-1.3259982168703355,1.1780221191282494,-1.3259982168703355,0.07035258895932088,0.977338937053772,-0.965919328375011,0.9872280846963869,-0.965919328375011,0.9872280846963869,0.0,0.0,0.0,0.0,0.0,0.0,0.3451271681064601,0.3451271681064601,0.3451271681064601,0.3555328250014903,0.3555328250014903,0.30603036085809915,0.30603036085809915
34.0,0.034,0.001,0.499,6.2699221306193476,53.525357977620075,0.10943078502296559,0.9341937300180836,1.2109974541259227,-1.3596607110825671,1.2109974541259227,-1.3596607110825671,1.2109974541259227,-1.3596607110825671,0.06935833554996464,0.9783542426646823,-0.994253409356238,1.0153056109103171,-0.994253409356238,1.0153056109103171,0.0,0.0,0.0,0.0,0.0,0.0,0.35551101669108104,0.35551101669108104,0.3555110166910811,0.3659089730573599,0.3659089730573599,0.315137425880521,0.315137425880521
35.0,0.035,0.001,0.499,6.341191805210025,53.445538449847085,0.11067467550139785,0.9328006164510579,1.2438904784322657,-1.3931135670256853,1.2438904784322657,-1.3931135670256853,1.2438904784322657,-1.3931135670256853,0.06833575471624362,0.9793975414813808,-1.022580833721013,1.0432988166985655,-1.022580833721013,1.0432988166985655,0.0,0.0,0.0,0.0,0.0,0.0,0.3658865540776557,0.3658865540776557,0.3658865540776557,0.3762764249705785,0.3762764249705785,0.3242535094755595,0.3242535094755595
36.0,0.036000000000000004,0.001,0.499,6.4143414431949894,53.36381385389582,0.11195137753087739,0.9313742531718463,1.2767020294795375,-1.4263632792116836,1.2767020294795375,-1.4263632792116836,1.2767020294795375,-1.4263632792116836,0.06728485331616908,0.9804687466775786,-1.0509014000745356,1.0712051961977085,-1.0509014000745356,1.0712051961977085,0.0,0.0,0.0,0.0,0.0,0.0,0.37625341606854307,0.37625341606854307,0.37625341606854307,0.3866348142506851,0.3866348142506851,0.3333788356908203,0.3333788356908203
37.0,0.037,0.001,0.499,6.489366423056646,53.280195464980835,0.11326081045070574,0.9299148369700667,1.309432919828349,-1.4594162017796135,1.309432919828349,-1.4594162017796135,1.309432919828349,-1.4594162017796135,0.06620563840985082,0.9815677689154603,-1.0792149063182692,1.0990222378817451,-1.0792149063182692,1.0990222378817451,0.0,0.0,0.0,0.0,0.0,0.0,0.3866112365146405,0.3866112365146405,0.3866112365146405,0.39698377270078733,0.39698377270078733,0.3425136256093715,0.3425136256093715
38.0,0.038,0.001,0.499,6.566262168428816,53.19469420220402,0.1146028943882253,0.9284225584199984,1.3420839375195572,-1.49227855006826,1.3420839375195572,-1.49227855006826,1.3420839375195572,-1.49227855006826,0.06509811726021729,0.9826945163399293,-1.1075211496335224,1.1267474244690905,-1.1075211496335224,1.1267474244690905,0.0,0.0,0.0,0.0,0.0,0.0,0.39695964747883794,0.39695964747883794,0.39695964747883794,0.4073229305747723,0.4073229305747723,0.3516580972750523,0.3516580972750523
39.0,0.039,0.001,0.499,6.645024146710803,53.10732063642159,0.11597755023463023,0.9268976020178872,1.3746558464049403,-1.524956402111253,1.3746558464049403,-1.524956402111253,1.3746558464049403,-1.524956402111253,0.06396229733375224,0.9838488945727636,-1.1358199264650586,1.1543782328343184,-1.1358199264650586,1.1543782328343184,0.0,0.0,0.0,0.0,0.0,0.0,0.4072982793942906,0.4072982793942906,0.4072982793942906,0.41765191673565094,0.4176519167356509,0.36081246561852415,0.36081246561852415
40.0,0.04,0.001,0.499,6.7256478676992355,53.01808499802974,0.11738469962108763,0.9253401463178303,1.4071493864574045,-1.5574557000568703,1.4071493864574045,-1.5574557000568703,1.4071493864574045,-1.5574557000568703,0.06279818630124753,0.9850308067066883,-1.1641110325047095,1.1819121339247123,-1.1641110325047095,1.1819121339247123,0.0,0.0,0.0,0.0,0.0,0.0,0.41762676122891984,0.41762676122891984,0.41762676122891984,0.42797035881502576,0.42797035881502576,0.36997694238410456,0.36997694238410456
41.0,0.041,0.001,0.499,6.8081288822365496,52.92699718467314,0.11882426489514908,0.9237503640663156,1.439565274061443,-1.589782251514695,1.439565274061443,-1.589782251514695,1.439565274061443,-1.589782251514695,0.06160579203857257,0.98624015329937,-1.1923942626749662,1.2093465926816875,-1.1923942626749662,1.2093465926816875,0.0,0.0,0.0,0.0,0.0,0.0,0.4279447206507688,0.4279447206507688,0.4279447206507687,0.4382778833736749,0.43827788337367485,0.3791517360574235,0.3791517360574235
42.0,0.042,0.001,0.499,6.892462780875023,52.83406676888037,0.12029616909743361,0.9221284223354844,1.4719042022845268,-1.6219417308311868,1.4719042022845268,-1.6219417308311868,1.4719042022845268,-1.6219417308311868,0.06038512262746005,0.9874768323673371,-1.22066941111252,1.236679067967134,-1.22066941111252,1.236679067967134,0.0,0.0,0.0,0.0,0.0,0.0,0.43825178418940786,0.43825178418940786,0.43825178418940786,0.4485741160632597,0.44857411606325964,0.3883370517939452,0.3883370517939452
43.0,0.043000000000000003,0.001,0.499,6.978645192555303,52.739303005630184,0.1218003359385637,0.9204744826551883,1.5041668411300808,-1.6539396802961404,1.5041668411300808,-1.6539396802961404,1.5041668411300808,-1.6539396802961404,0.05913618635630832,0.9887407393798318,-1.248936271151723,1.2639070124947325,-1.248936271151723,1.2639070124947325,0.0,0.0,0.0,0.0,0.0,0.0,0.4485475774056172,0.4485475774056172,0.44854757740561724,0.45885868178917183,0.45885868178917183,0.39753309134839643,0.39753309134839643
44.0,0.044,0.001,0.499,7.0666717832984025,52.642714839852545,0.12333668977633636,0.9187887011439063,1.5363538377726678,-1.6857815112819199,1.5363538377726678,-1.6857815112819199,1.5363538377726678,-1.6857815112819199,0.05785899172100039,0.990031767252598,-1.2771946353079366,1.2910278727662858,-1.2771946353079366,1.2910278727662858,0.0,0.0,0.0,0.0,0.0,0.0,0.4588317250545394,0.4588317250545394,0.45883172505453934,0.4691312048745451,0.4691312048745451,0.4067400530051501,0.4067400530051501
45.0,0.045,0.001,0.499,7.156538254910205,52.5443109138681,0.12490515559311233,0.917071228638589,1.568465816775972,-1.7174725053172692,1.568465816775972,-1.7174725053172692,1.568465816775972,-1.7174725053172692,0.056553547425739654,0.9913498063416111,-1.3054442952607355,1.318039089013106,-1.3054442952607355,1.318039089013106,0.0,0.0,0.0,0.0,0.0,0.0,0.46910385125647097,0.46910385125647097,0.46910385125647097,0.4793913092254656,0.4793913092254656,0.4159581315096047,0.4159581315096047
46.0,0.046,0.001,0.499,7.248240343697482,52.44409957476983,0.1265056589734065,0.9153222108234916,1.6005033802941468,-1.7490178150974274,1.6005033802941468,-1.7490178150974274,1.6005033802941468,-1.7490178150974274,0.055219862383902724,0.9926947444367535,-1.333685041836929,1.344938095142491,-1.333685041836929,1.344938095142491,0.0,0.0,0.0,0.0,0.0,0.0,0.4793635796635338,0.4793635796635338,0.4793635796635338,0.4896386184974252,0.4896386184974252,0.4251875180006102,0.4251875180006102
47.0,0.047,0.001,0.499,7.341773819194539,52.342088881750286,0.12813812608166356,0.9135417883580594,1.6324671082570672,-1.7804224654322014,1.6324671082570672,-1.7804224654322014,1.6324671082570672,-1.7804224654322014,0.05385794571890935,0.9940664667554429,-1.3619166649933672,1.371722318689322,-1.3619166649933672,1.371722318689322,0.0,0.0,0.0,0.0,0.0,0.0,0.48961053362958057,0.48961053362958057,0.4896105336295805,0.4998727562630656,0.49987275626306554,0.43442839994398635,0.43442839994398635
48.0,0.048,0.001,0.499,7.4371344828995785,52.238286613378094,0.12980248364020355,0.9117300970039258,1.664357558539998,-1.8116913541335802,1.664357558539998,-1.8116913541335802,1.664357558539998,-1.8116913541335802,0.05246780676510986,0.9954648559362157,-1.3901389537994868,1.398389180772804,-1.3901389537994868,1.398389180772804,0.0,0.0,0.0,0.0,0.0,0.0,0.4998443363838719,0.4998443363838719,0.4998443363838719,0.5100933461812768,0.5100933461812768,0.4436809610671832,0.4436809610671832
49.0,0.049,0.001,0.499,7.534318167019923,52.13270027482686,0.1314986589073217,0.9098872677510814,1.6961752671181667,-1.8428292528444048,1.6961752671181667,-1.8428292528444048,1.6961752671181667,-1.8428292528444048,0.051049455068690304,0.9968897920322741,-1.4183516964195617,1.424936096058372,-1.4183516964195617,1.424936096058372,0.0,0.0,0.0,0.0,0.0,0.0,0.5100646111993776,0.5100646111993776,0.5100646111993776,0.5203000121677113,0.5203000121677113,0.45294538129513495,0.45294538129513495
50.0,0.05,0.001,0.499,7.633320733225255,52.02533710505999,0.13322657965552842,0.9080134269432719,1.7279207482067087,-1.8738408078095516,1.7279207482067087,-1.8738408078095516,1.7279207482067087,-1.8738408078095516,0.049602900388595696,0.9983411525049989,-1.4465546800946107,1.4513604727247764,-1.4465546800946107,1.4513604727247764,0.0,0.0,0.0,0.0,0.0,0.0,0.520270981568904,0.520270981568904,0.520270981568904,0.5304923785667892,0.5304923785667892,0.46222183668735634,0.46222183668735634
51.0,0.051000000000000004,0.001,0.499,7.734138071408053,51.916204083974456,0.13498617414991484,0.9061086964026809,1.7595944943864263,-1.9047305405910229,1.7595944943864263,-1.9047305405910229,1.7595944943864263,-1.9047305405910229,0.048128152697471775,0.9998188122174353,-1.474747691123921,1.4776597124363584,-1.474747691123921,1.4776597124363584,0.0,0.0,0.0,0.0,0.0,0.0,0.5304630713800009,0.5304630713800009,0.5304630713800009,0.5406700703252759,0.5406700703252759,0.4715104993763376,0.4715104993763376
52.0,0.052000000000000005,0.001,0.499,7.836766098450461,51.805307939506775,0.13677737112663063,0.9041731935539526,1.791196976715785,-1.9355028487282862,1.791196976715785,-1.9355028487282862,1.791196976715785,-1.9355028487282862,0.04662522218262564,1.0013226434277558,-1.502930514846138,1.5038312103205203,-1.502930514846138,1.5038312103205203,0.0,0.0,0.0,0.0,0.0,0.0,0.5406405050906942,0.5406405050906942,0.5406405050906942,0.5508327131675143,0.5508327131675143,0.4808115375072865,0.4808115375072865
53.0,0.053,0.001,0.499,7.941200756996794,51.69265515470423,0.13860009977146018,0.9022070315476075,1.8227286448295483,-1.9661620063451486,1.8227286448295483,-1.9661620063451486,1.8227286448295483,-1.9661620063451486,0.045094119247005765,1.0028525157827062,-1.5311029356198762,1.5298723549503919,-1.5311029356198762,1.5298723549503919,0.0,0.0,0.0,0.0,0.0,0.0,0.5508029079069527,0.5508029079069527,0.5508029079069527,0.5609799337724065,0.5609799337724065,0.49012511517927815,0.49012511517927815
54.0,0.054,0.001,0.499,8.047438014230964,51.578251974764235,0.1404542896984846,0.9002103193829031,1.8541899270244377,-1.9967121647044075,1.8541899270244377,-1.9967121647044075,1.8541899270244377,-1.9967121647044075,0.04353485451020197,1.0044082963110388,-1.559264736803797,1.5557805283326889,-1.559264736803797,1.5557805283326889,0.0,0.0,0.0,0.0,0.0,0.0,0.5609499059622902,0.5609499059622902,0.5609499059622902,0.5711113599522435,0.5711113599522435,0.49945139238786274,0.49945139238786274
55.0,0.055,0.001,0.499,8.155473860658082,51.46210441404496,0.14233987092881678,0.8981831620301917,1.8855812303321773,-2.0271573527114684,1.8855812303321773,-2.0271573527114684,1.8855812303321773,-2.0271573527114684,0.041947438809465866,1.0059898494169395,-1.587415700736106,1.5815531059007528,-1.587415700736106,1.5815531059007528,0.0,0.0,0.0,0.0,0.0,0.0,0.5710811265017643,0.5710811265017643,0.5710811265017643,0.5812266208334805,0.5812266208334805,0.508790524969191,0.508790524969191
56.0,0.056,0.001,0.499,8.265304308889549,51.34421826304983,0.14425677386939706,0.8961256605528236,1.916902940580276,-2.057501477368081,1.916902940580276,-2.057501477368081,1.916902940580276,-2.057501477368081,0.040331883200752455,1.0075970368734521,-1.615555608713411,1.6071874565127608,-1.615555608713411,1.6071874565127608,0.0,0.0,0.0,0.0,0.0,0.0,0.5811961980614353,0.5811961980614353,0.5811961980614353,0.5913253470395752,0.5913253470395752,0.518142664545714,0.518142664545714
57.0,0.057,0.001,0.499,8.376925392430937,51.22459909538896,0.14620492929183793,0.8940379122286463,1.9481554224408766,-2.087748324177305,1.9481554224408766,-2.087748324177305,1.9481554224408766,-2.087748324177305,0.038688198959783565,1.0092297178159073,-1.643684240968889,1.6326809424550852,-1.643684240968889,1.6326809424550852,0.0,0.0,0.0,0.0,0.0,0.0,0.5912947506551858,0.5912947506551858,0.5912947506551858,0.6014071708759884,0.6014071708759884,0.5275079584735156,0.5275079584735156
58.0,0.058,0.001,0.499,8.490333164472014,51.103252274719985,0.1481842683113059,0.8919200106711455,1.9793390194679867,-2.1179015575007774,1.9793390194679867,-2.1179015575007774,1.9793390194679867,-2.1179015575007774,0.03701639758313386,1.010887748735358,-1.6718013766497017,1.658030919450781,-1.6718013766497017,1.658030919450781,0.0,0.0,0.0,0.0,0.0,0.0,0.6013764159625511,0.6013764159625511,0.6013764159625511,0.6114717265174785,0.6114717265174785,0.5368865497913367,0.5368865497913367
59.0,0.059000000000000004,0.001,0.499,8.605523696678251,50.980182961671176,0.1501947223654293,0.8897720459502761,2.010454054123395,-2.14796472086932,2.010454054123395,-2.14796472086932,2.010454054123395,-2.14796472086932,0.03531649078934026,1.0125709834720311,-1.699906793793603,1.6832347366731732,-1.699906793793603,1.6832347366731732,0.0,0.0,0.0,0.0,0.0,0.0,0.6114408275176583,0.6114408275176583,0.6114408275176583,0.6215186501977964,0.6215186501977964,0.5462785771713516,0.5462785771713516
60.0,0.06,0.001,0.499,8.722493077983172,50.85539612074937,0.15223622319322086,0.8875941047130282,2.0415008277915576,-2.1779412372478983,2.0415008277915576,-2.1779412372478983,2.0415008277915576,-2.1779412372478983,0.03358849052003558,1.0142792732087955,-1.7280002693046745,1.708289736764512,-1.7280002693046745,1.708289736764512,0.0,0.0,0.0,0.0,0.0,0.0,0.6214876209010352,0.6214876209010352,0.6214876209010352,0.6315475804019168,0.6315475804019169,0.5556841748717578,0.5556841748717578
61.0,0.061,0.001,0.499,8.841237413380954,50.72889652723525,0.1543087028140046,0.8853862703037724,2.0724796207837333,-2.2078344092559044,2.0724796207837333,-2.2078344092559044,2.0724796207837333,-2.2078344092559044,0.031832408941107455,1.0160124664646553,-1.7560815789281292,1.7331932558596594,-1.7560815789281292,1.7331932558596594,0.0,0.0,0.0,0.0,0.0,0.0,0.6315164339335158,0.6315164339335158,0.6315164339335158,0.6415581580609253,0.6415581580609253,0.5651034726912401,0.5651034726912401
62.0,0.062,0.001,0.499,8.961752822718656,50.600688774068516,0.15641209350633622,0.8831486228844286,2.1033906923316237,-2.237647419343727,2.1033906923316237,-2.237647419343727,2.1033906923316237,-2.237647419343727,0.030048258443883338,1.01777040908827,-1.7841504972241164,1.7579426236147666,-1.7841504972241164,1.7579426236147666,0.0,0.0,0.0,0.0,0.0,0.0,0.6415269068743273,0.6415269068743273,0.6415269068743275,0.651550026749695,0.651550026749695,0.5745365959253709,0.5745365959253709
63.0,0.063,0.001,0.499,9.0840354394875,50.47077727872541,0.158546327786907,0.8808812395545021,2.134234280570778,-2.2673833299265276,2.134234280570778,-2.2673833299265276,2.134234280570778,-2.2673833299265276,0.028236051646342873,1.019552944251511,-1.8122067975404648,1.782535163240897,-1.8122067975404648,1.782535163240897,0.0,0.0,0.0,0.0,0.0,0.0,0.6515186826187073,0.6515186826187073,0.6515186826187073,0.6615228328874874,0.6615228328874874,0.5839836653250112,0.5839836653250112
64.0,0.064,0.001,0.499,9.208081409612628,50.339166290090944,0.160711338389421,0.878584194471026,2.1650106025139926,-2.297045083476145,2.1650106025139926,-2.297045083476145,2.1650106025139926,-2.297045083476145,0.02639580139435858,1.0213599124430535,-1.8402502519842927,1.8069681915425466,-1.8402502519842927,1.8069681915425466,0.0,0.0,0.0,0.0,0.0,0.0,0.6614914069032686,0.6614914069032686,0.6614914069032686,0.6714762259416079,0.6714762259416079,0.5934447970567757,0.5934447970567757
65.0,0.065,0.001,0.499,9.333886890240766,50.20585989532827,0.16290705824343596,0.8762575589684539,2.195719854014948,-2.3266355025720062,2.195719854014948,-2.3266355025720062,2.195719854014948,-2.3266355025720062,0.02452752076296616,1.0231911514620144,-1.86828063139242,1.8312390189610064,-1.86828063139242,1.8312390189610064,0.0,0.0,0.0,0.0,0.0,0.0,0.6714447285091009,0.6714447285091009,0.6714447285091008,0.6814098586342578,0.6814098586342578,0.602920102665623,0.602920102665623
66.0,0.066,0.001,0.499,9.461448048525275,50.070862026747335,0.16513342045315826,0.873901401678542,2.2263622097222937,-2.3561572899119336,2.2263622097222937,-2.3561572899119336,2.2263622097222937,-2.3561572899119336,0.022631223057665652,1.025046496411637,-1.896297705300508,1.8553449496225127,-1.896297705300508,1.8553449496225127,0.0,0.0,0.0,0.0,0.0,0.0,0.6813782994704095,0.6813782994704095,0.6813782994704095,0.6913233871527177,0.6913233871527177,0.6124096890396395,0.6124096890396395
67.0,0.067,0.001,0.499,9.590761060408017,49.934176468675254,0.16739035827618268,0.8715157886502584,2.256937823024405,-2.385613028283702,2.256937823024405,-2.385613028283702,2.256937823024405,-2.385613028283702,0.020706921815754797,1.0269257796930282,-1.9243012419108556,1.8792832813911222,-1.9243012419108556,1.8792832813911222,0.0,0.0,0.0,0.0,0.0,0.0,0.6912917752889425,0.6912917752889425,0.6912917752889425,0.7012164713630048,0.7012164713630048,0.6219136583770811,0.6219136583770811
68.0,0.068,0.001,0.499,9.721822109397554,49.79580686433048,0.16967780510216768,0.8691007834697602,2.2874468259850094,-2.4150051804982064,2.2874468259850094,-2.4150051804982064,2.2874468259850094,-2.4150051804982064,0.018754630807696016,1.0288288309989544,-1.9522910080587825,1.903051305926248,-1.9522910080587825,1.903051305926248,0.0,0.0,0.0,0.0,0.0,0.0,0.701184815146124,0.701184815146124,0.701184815146124,0.7110887750271423,0.7110887750271423,0.6314321081557351,0.6314321081557351
69.0,0.069,0.001,0.499,9.854627385343127,49.65575672270293,0.17199569443143756,0.8666564473804751,2.317889329269892,-2.4443360892850863,2.317889329269892,-2.4443360892850863,2.317889329269892,-2.4443360892850863,0.016774364038518497,1.0307554773076992,-1.9802667691775167,1.9266463087447887,-1.9802667691775167,1.9266463087447887,0.0,0.0,0.0,0.0,0.0,0.0,0.7110570821249378,0.7110570821249378,0.7110570821249378,0.7209399660241815,0.7209399660241815,0.6409651311046729,0.6409651311046729
70.0,0.07,0.001,0.499,9.989173083203951,49.514029425442246,0.17434395985350243,0.8641828394033234,2.3482654220648653,-2.4736079771516426,2.3482654220648653,-2.4736079771516426,2.3482654220648653,-2.4736079771516426,0.014766135749256979,1.032705542876987,-2.0082282892615178,1.950065569287779,-2.0082282892615178,1.950065569287779,0.0,0.0,0.0,0.0,0.0,0.0,0.720908243430204,0.720908243430204,0.720908243430204,0.7307697165751187,0.7307697165751188,0.650512815178455,0.650512815178455
71.0,0.07100000000000001,0.001,0.499,10.125455401813307,49.37062823375616,0.17672253502548763,0.8616800164571176,2.378575171985199,-2.5028229462058964,2.378575171985199,-2.5028229462058964,2.378575171985199,-2.5028229462058964,0.012729960418428825,1.0346788492379784,-2.0361753308281534,1.9733063609914865,-2.0361753308281534,1.9733063609914865,0.0,0.0,0.0,0.0,0.0,0.0,0.7307379706172542,0.7307379706172542,0.7307379706172543,0.7405777034718427,0.7405777034718427,0.6600752435338573,0.6600752435338573
72.0,0.07200000000000001,0.001,0.499,10.263470542636977,49.22555629532096,0.17913135365046431,0.8591480334791729,2.4088186249766914,-2.531982977944623,2.4088186249766914,-2.531982977944623,2.4088186249766914,-2.531982977944623,0.010665852763551172,1.0366752151893412,-2.0641076548776534,1.9963659513628762,-2.0641076548776534,1.9963659513628762,0.0,0.0,0.0,0.0,0.0,0.0,0.7405459398194019,0.7405459398194019,0.7405459398194018,0.7503636083102585,0.7503636083102585,0.6696524945091847,0.6696524945091847
73.0,0.073,0.001,0.499,10.40321470852554,49.0788166512062,0.18157034945567288,0.8565869435461657,2.438995805208567,-2.5610899330072057,2.438995805208567,-2.5610899330072057,2.438995805208567,-2.5610899330072057,0.008573827742699911,1.0386944567914007,-2.09202502085126,2.0192416020593638,-2.09202502085126,2.0192416020593638,0.0,0.0,0.0,0.0,0.0,0.0,0.7503318319873349,0.7503318319873349,0.7503318319873349,0.7601271177277151,0.7601271177277151,0.6792446416062388,0.6792446416062388
74.0,0.074,0.001,0.499,10.544684102460065,48.930412242815265,0.18403945617063125,0.8539967979952695,2.4691067149583796,-2.5901455508961644,2.4691067149583796,-2.5901455508961644,2.4691067149583796,-2.5901455508961644,0.0064539005561124185,1.0407363873603734,-2.1199271865874927,2.0419305689727723,-2.1199271865874927,2.0419305689727723,0.0,0.0,0.0,0.0,0.0,0.0,0.7600953331234094,0.7600953331234094,0.7600953331234094,0.7698679236448815,0.7698679236448815,0.688851753475003,0.688851753475003
75.0,0.075,0.001,0.499,10.687874926290778,48.78034591884388,0.18653860750512033,0.8513776465456043,2.499151334489093,-2.6191514496652086,2.499151334489093,-2.6191514496652086,2.499151334489093,-2.6191514496652086,0.004306086647835968,1.0428008174626908,-2.1478139082764502,2.0644301023174045,-2.1478139082764502,2.0644301023174045,0.0,0.0,0.0,0.0,0.0,0.0,0.7698361345273167,0.7698361345273167,0.7698361345273166,0.779585723512195,0.779585723512195,0.6984738939011189,0.6984738939011189
76.0,0.076,0.001,0.499,10.832783379468227,48.62862044225832,0.18906773712703887,0.8487295374200287,2.5291296219185275,-2.6481091255756923,2.5291296219185275,-2.6481091255756923,2.5291296219185275,-2.6481091255756923,0.0021304017074239077,1.044887554909413,-2.17568494041206,2.0867374467221462,-2.17568494041206,2.0867374467221462,0.0,0.0,0.0,0.0,0.0,0.0,0.7795539330442731,0.7795539330442731,0.7795539330442731,0.7892802205610184,0.7892802205610183,0.7081111217962117,0.7081111217962117
77.0,0.077,0.001,0.499,10.979405657766561,48.47523849729502,0.1916267786401202,0.8460525174673064,2.5590415130813344,-2.6770199527223473,2.5590415130813344,-2.6770199527223473,2.5590415130813344,-2.6770199527223473,-7.313832831828959e-05,1.0469964047507394,-2.2035400357421975,2.1088498413265033,-2.2035400357421975,2.1088498413265033,0.0,0.0,0.0,0.0,0.0,0.0,0.7892484313165656,0.7892484313165656,0.7892484313165655,0.7989511240596281,0.7989511240596281,0.7177634911911371,0.7177634911911371
78.0,0.078,0.001,0.499,11.127737951998462,48.32020269648338,0.19421566556150388,0.8433466322846772,2.5888869213836894,-2.7058851826292014,2.5888869213836894,-2.7058851826292014,2.5888869213836894,-2.7058851826292014,-0.0023045172735348765,1.0491271692706199,-2.2313789452165866,2.1307645198804837,-2.2313789452165866,2.1307645198804837,0.0,0.0,0.0,0.0,0.0,0.0,0.7989193380418997,0.7989193380418997,0.7989193380418997,0.8085981495741518,0.8085981495741517,0.7274310512322151,0.7274310512322151
79.0,0.079,0.001,0.499,11.27777644672137,48.16351558769335,0.19683433129915476,0.8406119263408606,2.618665737650874,-2.734705943816598,2.618665737650874,-2.734705943816598,2.618665737650874,-2.734705943816598,-0.004563718691467279,1.0512796479814681,-2.259201417932402,2.152478710848227,-2.259201417932402,2.152478710848227,0.0,0.0,0.0,0.0,0.0,0.0,0.8085663682345066,0.8085663682345066,0.8085663682345066,0.8182210192345787,0.8182210192345788,0.737113846180514,0.737113846180514
80.0,0.08,0.001,0.499,11.429517318934549,48.00517966120942,0.1994827091291227,0.8378484430995203,2.648377829967933,-2.7634832413402615,2.648377829967933,-2.7634832413402615,2.648377829967933,-2.7634832413402615,-0.006850725892544757,1.0534536376189834,-2.2870072010774787,2.173989637515283,-2.2870072010774787,2.173989637515283,0.0,0.0,0.0,0.0,0.0,0.0,0.8181892434944233,0.8181892434944233,0.8181892434944233,0.8278194620059498,0.8278194620059498,0.7468119154142536,0.7468119154142536
81.0,0.081,0.001,0.499,11.582956736766656,47.84519735683259,0.20216073217263628,0.835056225143217,2.6780230435135874,-2.7922179563033738,2.6780230435135874,-2.7922179563033738,2.6780230435135874,-2.7922179563033738,-0.009165521932415807,1.0556489321370828,-2.31479603987105,2.1952945180994443,-2.31479603987105,2.1952945180994443,0.0,0.0,0.0,0.0,0.0,0.0,0.8277876922783433,0.8277876922783433,0.8277876922783431,0.8373932139648277,0.8373932139648277,0.7565252934343887,0.7565252934343887
82.0,0.082,0.001,0.499,11.73809085815342,47.68357107101178,0.20486833337302388,0.8322353142978743,2.7076012003875976,-2.820910845342666,2.7076012003875976,-2.820910845342666,2.7076012003875976,-2.820910845342666,-0.011508089609917732,1.0578653227029478,-2.3425676775019246,2.2163905658650265,-2.3425676775019246,2.2163905658650265,0.0,0.0,0.0,0.0,0.0,0.0,0.8373614501786131,0.8373614501786131,0.8373614501786131,0.846942018581156,0.846942018581156,0.7662540098734439,0.7662540098734439
83.0,0.083,0.001,0.499,11.894915829505052,47.52030316400607,0.20760544547245563,0.8293857517577848,2.7371120994317657,-2.8495625400895443,2.7371120994317657,-2.8495625400895443,2.7371120994317657,-2.8495625400895443,-0.013878411464981748,1.0601025976921883,-2.3703218550640157,2.2372749892404986,-2.3703218550640157,2.2372749892404986,0.0,0.0,0.0,0.0,0.0,0.0,0.8469102602051488,0.8469102602051488,0.8469102602051487,0.8564656270055839,0.8564656270055839,0.7759980895076581,0.7759980895076581
84.0,0.084,0.001,0.499,12.053427784363057,47.35539596707927,0.21037200098850042,0.8265075782111775,2.7665555160447806,-2.8781735466073175,2.7665555160447806,-2.8781735466073175,2.7665555160447806,-2.8781735466073175,-0.01627646977647088,1.0623605426841276,-2.3980583114891325,2.2579449919393615,-2.3980583114891325,2.2579449919393615,0.0,0.0,0.0,0.0,0.0,0.0,0.8564338730765032,0.8564338730765032,0.8564338730765032,0.8659637983623517,0.8659637983623516,0.7857575522725053,0.7857575522725053
85.0,0.085,0.001,0.499,12.213622842046087,47.18885178972796,0.21316793219049154,0.8236008339663718,2.79593120199111,-2.9067442448056284,2.79593120199111,-2.9067442448056284,2.79593120199111,-2.9067442448056284,-0.01870224655994783,1.0646389404572119,-2.4257767834769517,2.2783977730841665,-2.4257767834769517,2.2783977730841665,0.0,0.0,0.0,0.0,0.0,0.0,0.8659320475103056,0.8659320475103056,0.8659320475103056,0.8754363000477956,0.8754363000477956,0.7955324132816555,0.7955324132816555
86.0,0.08600000000000001,0.001,0.499,12.375497106284532,47.020672926944385,0.2159931710756957,0.8206655590785387,2.8252388852041594,-2.935274887833228,2.8252388852041594,-2.935274887833228,2.8252388852041594,-2.935274887833228,-0.021155723565369905,1.0669375709845454,-2.4534770054220743,2.298630527333573,-2.4534770054220743,2.298630527333573,0.0,0.0,0.0,0.0,0.0,0.0,0.8754045505270195,0.8754045505270195,0.8754045505270195,0.8848829080345476,0.8848829080345477,0.805322682849437,0.805322682849437
87.0,0.08700000000000001,0.001,0.499,12.539046663843497,46.850861666515236,0.21884764934527962,0.8177017934770884,2.8544782695839137,-2.9637656014502753,2.8544782695839137,-2.9637656014502753,2.8544782695839137,-2.9637656014502753,-0.02363688227470799,1.0692562114295578,-2.4811587093380867,2.318640445012341,-2.4811587093380867,2.318640445012341,0.0,0.0,0.0,0.0,0.0,0.0,0.8848511577530999,0.8848511577530999,0.8848511577530999,0.894303407181471,0.894303407181471,0.8151283665168618,0.8151283665168618
88.0,0.088,0.001,0.499,12.704267583133896,46.67942029635758,0.22173129838006891,0.814709577093707,2.8836490347893036,-2.9922163833814004,2.8836490347893036,-2.9922163833814004,2.8836490347893036,-2.9922163833814004,-0.026145703899486523,1.071594636141802,-2.5088216247785318,2.338424712244149,-2.5088216247785318,2.338424712244149,0.0,0.0,0.0,0.0,0.0,0.0,0.8942716537321795,0.8942716537321795,0.8942716537321796,0.9036975915493768,0.9036975915493768,0.8249494650812762,0.8249494650812762
89.0,0.089,0.001,0.499,12.871155912811362,46.506351111892855,0.22464404921609446,0.8116889499910561,2.912750836025536,-3.0206271026508085,2.912750836025536,-3.0206271026508085,2.912750836025536,-3.0206271026508085,-0.028682169378241234,1.0739526166528892,-2.53646547875471,2.357980511087137,-2.53646547875471,2.357980511087137,0.0,0.0,0.0,0.0,0.0,0.0,0.9036658322431671,0.9036658322431671,0.9036658322431671,0.9130652647225475,0.9130652647225475,0.8347859746296962,0.8347859746296962
90.0,0.09,0.001,0.499,13.03970768036268,46.3316564234599,0.2275858325199211,0.8086399524921554,2.9417833038266443,-3.048997498900764,2.9417833038266443,-3.048997498900764,2.9417833038266443,-3.048997498900764,-0.031246259373891448,1.0763299216725613,-2.5640899956502134,2.3773050196720678,-2.5640899956502134,2.3773050196720678,0.0,0.0,0.0,0.0,0.0,0.0,0.9130334966218159,0.9130334966218159,0.913033496621816,0.9224062401360793,0.9224062401360793,0.844637886575886,0.844637886575886
91.0,0.091,0.001,0.499,13.209918890679528,46.1553385637679,0.23055657856375464,0.8055626253104605,2.970746043833532,-3.0773271816948498,2.970746043833532,-3.0773271816948498,2.970746043833532,-3.0773271816948498,-0.03383795427102357,1.0787263170849042,-2.5916948971321174,2.3963954123429994,-2.5916948971321174,2.3963954123429994,0.0,0.0,0.0,0.0,0.0,0.0,0.9223744600908305,0.9223744600908305,0.9223744600908305,0.9317203414090428,0.9317203414090428,0.8545051877012407,0.8545051877012407
92.0,0.092,0.001,0.499,13.38178552461924,45.977399895390064,0.23355621720032244,0.802457009680653,2.9996386365677847,-3.1056156298074495,2.9996386365677847,-3.1056156298074495,2.9996386365677847,-3.1056156298074495,-0.036457234173082304,1.0811415659447046,-2.619279902058732,2.4152488598003674,-2.619279902058732,2.4152488598003674,0.0,0.0,0.0,0.0,0.0,0.0,0.9316885460914343,0.9316885460914343,0.9316885460914344,0.9410074026834432,0.9410074026834432,0.8643878601995268,0.8643878601995268
93.0,0.093,0.001,0.499,13.555303537552389,45.79784281829873,0.236584677837524,0.7993231474901521,3.0284606372015554,-3.1338621905009805,3.0284606372015554,-3.1338621905009805,3.0284606372015554,-3.1338621905009805,-0.039104078899466134,1.083575428473951,-2.646844726383833,2.4338625292463725,-2.646844726383833,2.4338625292463725,0.0,0.0,0.0,0.0,0.0,0.0,0.9409755886265553,0.9409755886265553,0.9409755886265553,0.9502672689689439,0.9502672689689439,0.8742858817255388,0.8742858817255388
94.0,0.094,0.001,0.499,13.730468857896986,45.616669777442446,0.2396418894128478,0.7961610814113597,3.0572115753238314,-3.162066078792453,3.0572115753238314,-3.162066078792453,3.0572115753238314,-3.162066078792453,-0.04177846798252342,1.0860276620584834,-2.6743890830572905,2.45223358453257,-2.6743890830572905,2.45223358453257,0.0,0.0,0.0,0.0,0.0,0.0,0.9502354326047129,0.9502354326047129,0.9502354326047129,0.9594997964933091,0.9594997964933091,0.8841992254477269,0.8841992254477269
95.0,0.095,0.001,0.499,13.907277385639087,45.43388327036559,0.24272778036755122,0.7929708550346486,3.0858909547034146,-3.190226376711019,3.0858909547034146,-3.190226376711019,3.0858909547034146,-3.190226376711019,-0.04448038066444543,1.088498021244793,-2.701912681922003,2.470359186309561,-2.701912681922003,2.470359186309561,0.0,0.0,0.0,0.0,0.0,0.0,0.9594679341917495,0.9594679341917495,0.9594679341917495,0.9687048530584825,0.9687048530584826,0.8941278601048495,0.8941278601048495
96.0,0.096,0.001,0.499,14.08572499083966,45.249485854871025,0.24584227862060018,0.7897525130021004,3.1144982530489633,-3.218342032548239,3.1144982530489633,-3.218342032548239,3.1144982530489633,-3.218342032548239,-0.047209795894052484,1.0909862577369718,-2.729415229607057,2.488236492178682,-2.729415229607057,2.488236492178682,0.0,0.0,0.0,0.0,0.0,0.0,0.9686729611690489,0.9686729611690489,0.9686729611690489,0.9778823184022163,0.9778823184022163,0.9040717500667005,0.9040717500667005
97.0,0.097,0.001,0.499,14.26580751212755,45.063480156725916,0.24898531154236664,0.7865061011419975,3.1430329217664608,-3.246411860102875,3.1430329217664608,-3.246411860102875,3.1430329217664608,-3.246411860102875,-0.049966692323469515,1.0934921203938173,-2.7568964294170297,2.505862656845598,-2.7568964294170297,2.505862656845598,0.0,0.0,0.0,0.0,0.0,0.0,0.9778503932945989,0.9778503932945989,0.9778503932945988,0.987032084565139,0.987032084565139,0.9140308553989682,0.9140308553989682
98.0,0.098,0.001,0.499,14.447520755178427,44.87586887741111,0.25215680592808115,0.7832316666040754,3.171494385714501,-3.2744345379220987,3.171494385714501,-3.2744345379220987,3.171494385714501,-3.2744345379220987,-0.052751048304686875,1.096015355226093,-2.784355981217357,2.5232348322757,-2.784355981217357,2.5232348322757,0.0,0.0,0.0,0.0,0.0,0.0,0.9870001226724514,0.9870001226724514,0.9870001226724514,0.9961540562631194,0.9961540562631195,0.9240051319322684,0.9240051319322684
99.0,0.099,0.001,0.499,14.630860491179607,44.68665480191403,0.25535668797103894,0.7799292579955343,3.1998820429577934,-3.3024086085410946,3.1998820429577934,-3.3024086085410946,3.1998820429577934,-3.3024086085410946,-0.05556284188600255,1.098555705393944,-2.8117935813156736,2.540350167851209,-2.8117935813156736,2.540350167851209,0.0,0.0,0.0,0.0,0.0,0.0,0.9961220541243477,0.9961220541243477,0.9961220541243478,1.0052481512647697,1.0052481512647697,0.9339945313354066,0.9339945313354066
100.0,0.1,0.001,0.499,14.815822455280685,44.49584080656515,0.2585848832355583,0.7765989255178112,3.2281952645193255,-3.3303324777231156,3.2281952645193255,-3.3303324777231156,3.2281952645193255,-3.3303324777231156,-0.05840205080834161,1.101112911204474,-2.839208922339065,2.557205810529899,-2.839208922339065,2.557205810529899,0.0,0.0,0.0,0.0,0.0,0.0,1.005216105570269,1.005216105570269,1.005216105570269,1.014314300773902,1.0143143007739022,0.9439990011929106,0.9439990011929106
101.0,0.101,0.001,0.499,15.00240234502989,44.30342986691781,0.2618413166296899,0.773240721104109,3.2564333941316286,-3.358204413702149,3.2564333941316286,-3.358204413702149,3.2564333941316286,-3.358204413702149,-0.06126865250144875,1.1036867101094794,-2.866601693107134,2.573798905005342,-2.866601693107134,2.573798905005342,0.0,0.0,0.0,0.0,0.0,0.0,1.0142822084093264,1.0142822084093264,1.0142822084093264,1.023352449816724,1.023352449816724,0.9540184850868838,0.9540184850868838
102.0,0.10200000000000001,0.001,0.499,15.190595818796195,44.1094250656712,0.2651259123776775,0.7698546985576785,3.2845957479876287,-3.3860225464304476,3.2845957479876287,-3.3860225464304476,3.2845957479876287,-3.3860225464304476,-0.06416262407994958,1.106276836703348,-2.8939715785008238,2.5901265938685887,-2.8939715785008238,2.5901265938685887,0.0,0.0,0.0,0.0,0.0,0.0,1.023320307909585,1.023320307909585,1.023320307909585,1.032362557633531,1.0323625576335311,0.9640529226832188,0.9640529226832188
103.0,0.10300000000000001,0.001,0.499,15.380398494177147,43.91382960063603,0.2684385939921691,0.7664409136908452,3.3126816144915843,-3.4137848668332667,3.3126816144915843,-3.4137848668332667,3.3126816144915843,-3.4137848668332667,-0.06708394233927648,1.1088830227211193,-2.921318259326906,2.606186017771202,-2.921318259326906,2.606186017771202,0.0,0.0,0.0,0.0,0.0,0.0,1.0323303635998142,1.0323303635998142,1.0323303635998142,1.0413445980746263,1.0413445980746263,0.9741022498222156,0.9741022498222156
104.0,0.10400000000000001,0.001,0.499,15.571805946392443,43.71664679274229,0.27177928424617975,0.762999424464772,3.340690254010643,-3.4414892260732683,3.340690254010643,-3.4414892260732683,3.340690254010643,-3.4414892260732683,-0.07003258375145455,1.1115049970367088,-2.948641412178076,2.6219743155895516,-2.948641412178076,2.6219743155895516,0.0,0.0,0.0,0.0,0.0,0.0,1.0413123496659316,1.0413123496659316,1.0413123496659313,1.0502985600001695,1.0502985600001695,0.9841663986136415,0.9841663986136415
105.0,0.105,0.001,0.499,15.764813706663368,43.51788009408855,0.2751479051448073,0.7595302911299449,3.368620898627568,-3.4691333348271445,3.368620898627568,-3.4691333348271445,3.368620898627568,-3.4691333348271445,-0.07300852446074312,1.1141424856612991,-2.975940709288573,2.637488624590298,-2.975940709288573,2.637488624590298,0.0,0.0,0.0,0.0,0.0,0.0,1.0502662553516613,1.0502662553516613,1.0502662553516613,1.059224447683608,1.059224447683608,0.9942452975362778,0.9942452975362778
106.0,0.106,0.001,0.499,15.959417260578151,43.31753309603179,0.27854437789670256,0.7560335763673677,3.396472751895226,-3.4967147625771253,3.396472751895226,-3.4967147625771253,3.396472751895226,-3.4967147625771253,-0.07601174027912838,1.1167952117418962,-3.0032158183852626,2.6527260805969815,-3.0032158183852626,2.6527260805969815,0.0,0.0,0.0,0.0,0.0,0.0,1.0591920853610457,1.0591920853610457,1.0591920853610457,1.0681222812183386,1.0681222812183386,1.0043388715419812,1.0043388715419812
107.0,0.107,0.001,0.499,16.155612046443377,43.11560953731683,0.281968622885296,0.7525093454304476,3.4242449885934465,-3.5242309369201528,3.4242449885934465,-3.5242309369201528,3.4242449885934465,-3.5242309369201528,-0.0790422066816625,1.1194628955600539,-3.030466402534114,2.6676838181576477,-3.030466402534114,2.6676838181576477,0.0,0.0,0.0,0.0,0.0,0.0,1.068089860269845,1.068089860269845,1.068089860269845,1.076992096927184,1.076992096927184,1.0144470421643,1.0144470421643
108.0,0.108,0.001,0.499,16.35339345362168,42.91211331224415,0.2854205596397849,0.74895766628755,3.451936754488902,-3.5516791428976098,3.451936754488902,-3.5516791428976098,3.451936754488902,-3.5516791428976098,-0.08209989880164449,1.1221452545307673,-3.057692119982002,2.682358970713433,-3.057692119982002,2.682358970713433,0.0,0.0,0.0,0.0,0.0,0.0,1.0769596169289544,1.0769596169289544,1.0769596169289544,1.0858339477742474,1.0858339477742474,1.0245697276316783,1.0245697276316783
109.0,0.109,0.001,0.499,16.55275682085584,42.70704847887481,0.28890010680588357,0.7453786097652014,3.4795471660986776,-3.579056522348617,3.4795471660986776,-3.579056522348617,3.4795471660986776,-3.579056522348617,-0.08518479142563827,1.1248420032015354,-3.084892623993778,2.696748670768044,-3.084892623993778,2.696748670768044,0.0,0.0,0.0,0.0,0.0,0.0,1.0858014088819614,1.0858014088819614,1.0858014088819614,1.094647903778663,1.094647903778663,1.0347068429852748,1.0347068429852748
110.0,0.11,0.001,0.499,16.753697434579628,42.5004192672708,0.2924071821163418,0.7417722496919114,3.507075310458248,-3.6063600732900234,3.507075310458248,-3.6063600732900234,3.507075310458248,-3.6063600732900234,-0.08829685898832282,1.1275528532515935,-3.112067562684546,2.7108500500580712,-3.112067562684546,2.7108500500580712,0.0,0.0,0.0,0.0,0.0,0.0,1.094615306777174,1.094615306777174,1.094615306777174,1.1034340524297328,1.1034340524297328,1.044858300201427,1.044858300201427
111.0,0.111,0.001,0.499,16.956210527215635,42.29223008776932,0.2959417023612364,0.738138663042585,3.534520244894594,-3.633586649326348,3.534520244894594,-3.633586649326348,3.534520244894594,-3.633586649326348,-0.0914360755671699,1.1302775134913177,-3.139216578847088,2.724660239724069,-3.139216578847088,2.724660239724069,0.0,0.0,0.0,0.0,0.0,0.0,1.1034013987822462,1.1034013987822462,1.1034013987822462,1.1121924991028767,1.1121924991028769,1.055024008318789,1.055024008318789
112.0,0.112,0.001,0.499,17.160291275460427,42.08248553928885,0.29950358335804167,0.7344779300834919,3.5618809968052396,-3.660732959093047,3.5618809968052396,-3.660732959093047,3.5618809968052396,-3.660732959093047,-0.09460241487694428,1.1330156898618,-3.1663393097743784,2.738176370482352,-3.1663393097743784,2.738176370482352,0.0,0.0,0.0,0.0,0.0,0.0,1.1121597910005403,1.1121597910005403,1.1121597910005403,1.1209233674758057,1.1209233674758055,1.0652038735701634,1.0652038735701634
113.0,0.113,0.001,0.499,17.365934798557447,41.87119041766508,0.30309273992148567,0.7307901345177553,3.589156563444015,-3.687795565736613,3.589156563444015,-3.687795565736613,3.589156563444015,-3.687795565736613,-0.09779585026402142,1.1357670854345974,-3.1934353870771464,2.7513955727974513,-3.1934353870771464,2.7513955727974513,0.0,0.0,0.0,0.0,0.0,0.0,1.1208906078878382,1.1208906078878382,1.120890607887838,1.129626799944257,1.129626799944257,1.0753977995190527,1.0753977995190527
114.0,0.114,0.001,0.499,17.57313615655807,41.65834972401428,0.30670908583320006,0.7270753636313202,3.6163459117143923,-3.7147708864351365,3.6163459117143923,-3.7147708864351365,3.6163459117143923,-3.7147708864351365,-0.10101635470051784,1.1385314004116525,-3.220504436496422,2.764314977055183,-3.220504436496422,2.764314977055183,0.0,0.0,0.0,0.0,0.0,0.0,1.129593992667396,1.129593992667396,1.129593992667396,1.1383029580366197,1.1383029580366197,1.085605687200944,1.085605687200944
115.0,0.115,0.001,0.499,17.7818903485713,41.443968673121574,0.31035253381117134,0.7233337084393571,3.643447977971273,-3.7416551919630967,3.643447977971273,-3.7416551919630967,3.643447977971273,-3.7416551919630967,-0.10426390077822888,1.1413083321253887,-3.247546077711031,2.7769317137362868,-3.247546077711031,2.7769317137362868,0.0,0.0,0.0,0.0,0.0,0.0,1.1382701077439008,1.1382701077439008,1.1382701077439008,1.1469520228266918,1.1469520228266918,1.0958274352693567,1.0958274352693567
116.0,0.116,0.001,0.499,17.99219231100263,41.2280527018515,0.3140229954790035,0.7195652638330527,3.670461667832141,-3.7684446063042727,3.670461667832141,-3.7684446063042727,3.670461667832141,-3.7684446063042727,-0.10753846070236887,1.1440975750389792,-3.2745599241399908,2.789242913590589,-3.2745599241399908,2.789242913590589,0.0,0.0,0.0,0.0,0.0,0.0,1.1469191351171693,1.1469191351171693,1.1469191351171693,1.155574195343794,1.155574195343794,1.106062940146647,1.106062940146647
117.0,0.117,0.001,0.499,18.204036915782712,41.010607477577615,0.317720381335002,0.715770128726736,3.697385855998538,-3.7951351063168035,3.697385855998538,-3.7951351063168035,3.697385855998538,-3.7951351063168035,-0.11084000628510864,1.146898820746791,-3.301545582739764,2.8012457078116615,-3.301545582739764,2.8012457078116615,0.0,0.0,0.0,0.0,0.0,0.0,1.1555412767886233,1.1555412767886233,1.1555412767886233,1.164169696979402,1.164169696979402,1.1163120961796082,1.1163120961796082
118.0,0.11800000000000001,0.001,0.499,18.417418968586407,40.79163890662817,0.3214446007210909,0.7119484062052814,3.724219386088846,-3.8217225214545536,3.724219386088846,-3.8217225214545536,3.724219386088846,-3.8217225214545536,-0.11416850893890497,1.149711757975003,-3.3285026537963383,2.8129372282119363,-3.3285026537963383,2.8129372282119363,0.0,0.0,0.0,0.0,0.0,0.0,1.1641367551720234,1.1641367551720234,1.1641367551720234,1.1727387698894183,1.1727387698894183,1.126574795799849,1.126574795799849
119.0,0.11900000000000001,0.001,0.499,18.63233320704298,40.57115314274426,0.3251955617915743,0.7081002036717323,3.7509610704834073,-3.848202533549077,3.7509610704834073,-3.848202533549077,3.7509610704834073,-3.848202533549077,-0.11752393966961706,1.1525360725824012,-3.355430730712095,2.8243146073982563,-3.355430730712095,2.8243146073982563,0.0,0.0,0.0,0.0,0.0,0.0,1.1727058134899813,1.1727058134899813,1.1727058134899813,1.1812816773911312,1.1812816773911312,1.1368509296889784,1.1368509296889784
120.0,0.12,0.001,0.499,18.84877429893819,40.34915659554669,0.3289731714817573,0.7042256329950757,3.7776096901830414,-3.8745706766566004,3.7776096901830414,-3.8745706766566004,3.7776096901830414,-3.8745706766566004,-0.12090626906940449,1.155371447561349,-3.382329399787435,2.8353749789478355,-3.382329399787435,2.8353749789478355,0.0,0.0,0.0,0.0,0.0,0.0,1.181248716173726,1.181248716173726,1.181248716173726,1.1897987043538962,1.1897987043538962,1.1471403869485883,1.1471403869485883
121.0,0.121,0.001,0.499,19.0667368404091,40.125655939007686,0.3327773354764394,0.7003248106581011,3.804163994682061,-3.9008223369745805,3.804163994682061,-3.9008223369745805,3.804163994682061,-3.9008223369745805,-0.12431546730940163,1.1582175630389335,-3.4091982399971377,2.8461154775846094,-3.4091982399971377,2.8461154775846094,0.0,0.0,0.0,0.0,0.0,0.0,1.1897657492506248,1.1897657492506248,1.1897657492506246,1.198290157582481,1.198290157582481,1.1574430552750417,1.1574430552750417
122.0,0.122,0.001,0.499,19.2862153541325,39.90065811992311,0.3366079581782963,0.6963978579052686,3.8306227018569263,-3.9269527528325177,3.8306227018569263,-3.9269527528325177,3.8306227018569263,-3.9269527528325177,-0.12775150413216305,1.1610740962782895,-3.436036822761428,2.856533239355964,-3.436036822761428,2.856533239355964,0.0,0.0,0.0,0.0,0.0,0.0,1.1982572207260347,1.1982572207260347,1.1982572207260347,1.2067563661919891,1.2067563661919891,1.1677588211390617,1.1677588211390617
123.0,0.123,0.001,0.499,19.507204287507935,39.67417036638062,0.340464942676168,0.6924449008905068,3.856984497871704,-3.952957014761834,3.856984497871704,-3.952957014761834,3.856984497871704,-3.952957014761834,-0.13121434884387478,1.1639407216800994,-3.4628447117117336,2.8666254018098356,-3.4628447117117336,2.8666254018098356,0.0,0.0,0.0,0.0,0.0,0.0,1.206723460959222,1.206723460959222,1.2067234609592221,1.2151976819732182,1.2151976819732182,1.1780875699701194,1.1780875699701194
124.0,0.124,0.001,0.499,19.729698010836316,39.44620019621913,0.34434819071326955,0.6884660708248571,3.8832480371015503,-3.978830065649751,3.8832480371015503,-3.978830065649751,3.8832480371015503,-3.978830065649751,-0.1347039703063259,1.1668171107842715,-3.489621462451113,2.8763891041721696,-3.489621462451113,2.8763891041721696,0.0,0.0,0.0,0.0,0.0,0.0,1.2151648230241128,1.2151648230241128,1.2151648230241128,1.2236144797472477,1.2236144797472477,1.1884291863456091,1.1884291863456091
125.0,0.125,0.001,0.499,19.95369081549528,39.21675542547422,0.348257602655345,0.6844615041238749,3.909411942075452,-4.0045667009822195,3.909411942075452,-4.0045667009822195,3.909411942075452,-4.0045667009822195,-0.13822033692863522,1.1697029322717962,-3.516366622309348,2.885821487524748,-3.516366622309348,2.885821487524748,0.0,0.0,0.0,0.0,0.0,0.0,1.2235816830645814,1.2235816830645814,1.2235816830645814,1.2320071577080058,1.2320071577080058,1.1987835541848073,1.1987835541848073
126.0,0.126,0.001,0.499,20.179176912112442,38.98584417680432,0.35219307745878453,0.6804313425546937,3.9354748034395115,-4.030161569181079,3.9354748034395115,-4.030161569181079,3.9354748034395115,-4.030161569181079,-0.1417634166587279,1.1725978519667797,-3.543079730092687,2.8949196949833813,-3.543079730092687,2.8949196949833813,0.0,0.0,0.0,0.0,0.0,0.0,1.2319744406337974,1.2319744406337974,1.2319744406337974,1.2403761377515103,1.2403761377515103,1.2091505569475927,1.2091505569475927
127.0,0.127,0.001,0.499,20.40615042873777,38.75347488789184,0.3561545126387266,0.676375733382653,3.961435179942086,-4.0556091720407155,3.961435179942086,-4.0556091720407155,3.961435179942086,-4.0556091720407155,-0.14533317697455614,1.1755015328386562,-3.5697603158282383,2.9036808718764786,-3.5697603158282383,2.9036808718764786,0.0,0.0,0.0,0.0,0.0,0.0,1.2403435190208176,1.2403435190208176,1.2403435190208176,1.2487218657904187,1.2487218657904189,1.2195300778379186,1.2195300778379186
128.0,0.128,0.001,0.499,20.634605409016476,38.519656319813265,0.36014180423716874,0.6722948295173834,3.9872915984421216,-4.080903865269627,3.9872915984421216,-4.080903865269627,3.9872915984421216,-4.080903865269627,-0.14892958487505917,1.1784136350045802,-3.5964079005030167,2.9121021659240087,-3.5964079005030167,2.9121021659240087,0.0,0.0,0.0,0.0,0.0,0.0,1.2486893655655158,1.2486893655655158,1.2486893655655158,1.2570448120524826,1.2570448120524826,1.2299220000120095,1.2299220000120095
129.0,0.129,0.001,0.499,20.86453581036376,38.28439756537192,0.3641548467911108,0.668188789658241,4.013042553942061,-4.106039859142363,4.013042553942061,-4.106039859142363,4.013042553942061,-4.106039859142363,-0.1525526068708568,1.181333815731997,-3.6230219957976404,2.9201807274168665,-3.6230219957976404,2.9201807274168665,0.0,0.0,0.0,0.0,0.0,0.0,1.2570124519511503,1.2570124519511503,1.2570124519511505,1.2653454713614418,1.2653454713614418,1.2403262067912666,1.2403262067912666
130.0,0.13,0.001,0.499,21.09593550214294,38.04770805738671,0.36819353330075755,0.6640577784389736,4.038686509646723,-4.131011219267434,4.038686509646723,-4.131011219267434,4.038686509646723,-4.131011219267434,-0.15620220897467152,1.1842617294413937,-3.6496021038146953,2.9279137093966723,-3.6496021038146953,2.9279137093966723,0.0,0.0,0.0,0.0,0.0,0.0,1.2653132744857567,1.2653132744857567,1.2653132744857567,1.2736243633988398,1.2736243633988398,1.2507425818798472,1.2507425818798472
131.0,0.131,0.001,0.499,21.328798263848533,37.8095975769299,0.3722577551978071,0.6599019665714968,4.064221897049592,-4.155811867476856,4.064221897049592,-4.155811867476856,4.064221897049592,-4.155811867476856,-0.1598783566914733,1.1871970277092299,-3.676147716801776,2.935298267836026,-3.676147716801776,2.935298267836026,0.0,0.0,0.0,0.0,0.0,0.0,1.273592354358469,1.273592354358469,1.273592354358469,1.281882032945206,1.281882032945206,1.2611710095868889,1.2611710095868889
132.0,0.132,0.001,0.499,21.56311778329593,37.57007626150668,0.3763474023138551,0.6557215309886537,4.089647116047951,-4.180435582843047,4.089647116047951,-4.180435582843047,4.089647116047951,-4.180435582843047,-0.16358101500834252,1.1901393592710492,-3.702658316869222,2.9423315618192514,-3.702658316869222,2.9423315618192514,0.0,0.0,0.0,0.0,0.0,0.0,1.281850237880234,1.281850237880234,1.281850237880234,1.2901190500989965,1.2901190500989965,1.2716113750533475,1.2716113750533475
133.0,0.133,0.001,0.499,21.79888765481939,37.32915461316875,0.38046236284894347,0.6515166549858248,4.1149605350883665,-4.204876002828912,4.1149605350883665,-4.204876002828912,4.1149605350883665,-4.204876002828912,-0.1673101483840451,1.1930883700247727,-3.729133375702572,2.949010753723658,-3.729133375702572,2.949010753723658,0.0,0.0,0.0,0.0,0.0,0.0,1.2900874966972748,1.2900874966972748,1.2900874966972748,1.298336010471637,1.298336010471637,1.2820635644834049,1.2820635644834049
134.0,0.134,0.001,0.499,22.036101377480207,37.086843506554075,0.38460252334028744,0.6472875283612478,4.140160491343985,-4.22912662457694,4.140160491343985,-4.22912662457694,4.140160491343985,-4.22912662457694,-0.17106572073831486,1.1960437030341742,-3.7555723542697668,2.9553330094013712,-3.7555723542697668,2.9553330094013712,0.0,0.0,0.0,0.0,0.0,0.0,1.2983047279841193,1.2983047279841193,1.2983047279841193,1.30653353535698,1.30653353535698,1.2925274653804069,1.2925274653804069
135.0,0.135,0.001,0.499,22.27475235328696,36.843154196844566,0.3887677686312126,0.6430343475549046,4.165245290925174,-4.253180806343231,4.165245290925174,-4.253180806343231,4.165245290925174,-4.253180806343231,-0.17484769544083797,1.199004998532536,-3.7819747025231245,2.9612954983617636,-3.7819747025231245,2.9612954983617636,0.0,0.0,0.0,0.0,0.0,0.0,1.3065025546098692,1.3065025546098692,1.3065025546098692,1.314712271873438,1.314712271873438,1.3030029667872847,1.3030029667872847
136.0,0.136,0.001,0.499,22.514833885429795,36.59809832763277,0.39295798184033764,0.6387573157858223,4.190213209125028,-4.277031769082357,4.190213209125028,-4.277031769082357,4.190213209125028,-4.277031769082357,-0.17865603529993412,1.2019718939264905,-3.8083398590961366,2.9668953939545393,-3.8083398590961366,2.9668953939545393,0.0,0.0,0.0,0.0,0.0,0.0,1.3146816252745304,1.3146816252745304,1.3146816252745304,1.3228728930770337,1.3228728930770335,1.3134899595314071,1.3134899595314071
137.0,0.137,0.001,0.499,22.756339176530876,36.35168793868898,0.3971730443310389,0.6344566431876333,4.21506249070126,-4.3006725981890135,4.21506249070126,-4.3006725981890135,4.21506249070126,-4.3006725981890135,-0.18249070255092925,1.204944023800044,-3.8346672509951176,2.9721298735535213,-3.8346672509951176,2.9721298735535213,0.0,0.0,0.0,0.0,0.0,0.0,1.3228426146204963,1.3228426146204963,1.3228426146204963,1.3310160980435568,1.3310160980435568,1.323988336473808,1.323988336473808
138.0,0.138,0.001,0.499,22.99926132691318,36.10393547361905,0.4014128356812349,0.6301325469422309,4.239791350196027,-4.324096245402365,4.239791350196027,-4.324096245402365,4.239791350196027,-4.324096245402365,-0.186351658844215,1.207921019918785,-3.860956293285759,2.9769961187411997,-3.860956293285759,2.9769961187411997,0.0,0.0,0.0,0.0,0.0,0.0,1.330986223309369,1.330986223309369,1.330986223309369,1.3391426119180192,1.3391426119180192,1.334497992762736,1.334497992762736
139.0,0.139,0.001,0.499,23.243593332889844,35.854853787403606,0.40567723365353014,0.6257852514113519,4.264397972295227,-4.3472955308790135,4.264397972295227,-4.3472955308790135,4.264397972295227,-4.3472955308790135,-0.19023886523298963,1.2109025112342793,-3.887206388774639,2.981491315494092,-3.887206388774639,2.981491315494092,0.0,0.0,0.0,0.0,0.0,0.0,1.3391131780667977,1.3391131780667977,1.3391131780667977,1.3472531859295416,1.3472531859295416,1.3450188260914508,1.3450188260914508
140.0,0.14,0.001,0.499,23.489328085076462,35.6044561538083,0.40996611416575895,0.6214149882659115,4.288880512228785,-4.370263145440451,4.288880512228785,-4.370263145440451,4.288880512228785,-4.370263145440451,-0.19415228216067537,1.2138881238886483,-3.913416927685746,2.985612654368985,-3.913416927685746,2.985612654368985,0.0,0.0,0.0,0.0,0.0,0.0,1.3472242316935457,1.3472242316935457,1.3472242316935457,1.3553485973698176,1.3553485973698176,1.355550736960205,1.355550736960205
141.0,0.14100000000000001,0.001,0.499,23.736458366728755,35.35275627265516,0.4142793512619724,0.6170219966129107,4.3132370962134745,-4.392991653000808,4.3132370962134745,-4.392991653000808,4.3132370962134745,-4.392991653000808,-0.19809186944800744,1.2168774812193384,-3.9395872873320754,2.98935733069012,-3.9395872873320754,2.98935733069012,0.0,0.0,0.0,0.0,0.0,0.0,1.3553201630390888,1.3553201630390888,1.3553201630390888,1.363429649533282,1.363429649533282,1.3660936289423402,1.3660936289423402
142.0,0.14200000000000002,0.001,0.499,23.984976852108147,35.099768276944026,0.4186168170839122,0.6126065231197301,4.337465821939761,-4.415473493180622,4.337465821939761,-4.415473493180622,4.337465821939761,-4.415473493180622,-0.2020575862797898,1.2198702037640758,-3.9657168317823728,2.9927225447373877,-3.9657168317823728,2.9927225447373877,0.0,0.0,0.0,0.0,0.0,0.0,1.363401776936164,1.363401776936164,1.363401776936164,1.3714971716170918,1.3714971716170918,1.3766474089544103,1.3766474089544103
143.0,0.14300000000000002,0.001,0.499,24.234876104877806,34.84550673981334,0.42297838184301634,0.6081688221356178,4.3615647591041755,-4.437700984112262,4.3615647591041755,-4.437700984112262,4.3615647591041755,-4.437700984112262,-0.2060493911913129,1.2228659092660115,-3.991804911523087,2.9957055019356065,-3.991804911523087,2.9957055019356065,0.0,0.0,0.0,0.0,0.0,0.0,1.3714699040978464,1.3714699040978464,1.3714699040978464,1.3795520185790497,1.3795520185790497,1.3872119875302538,1.3872119875302538
144.0,0.14400000000000002,0.001,0.499,24.486148576531935,34.58998668132887,0.427363913793005,0.6037091558101754,4.385531949988667,-4.45966632544251,4.385531949988667,-4.45966632544251,4.385531949988667,-4.45966632544251,-0.21006724205442853,1.2258642126790564,-4.017850863115624,2.99830341304496,-4.017850863115624,2.99830341304496,0.0,0.0,0.0,0.0,0.0,0.0,1.3795254009665587,1.3795254009665587,1.3795254009665587,1.387595070951593,1.387595070951593,1.3977872790989259,1.3977872790989259
145.0,0.145,0.001,0.499,24.73878660486097,34.33322357508877,0.43177327920309333,0.5992277942086377,4.409365410088366,-4.481361601537639,4.409365410088366,-4.481361601537639,4.409365410088366,-4.481361601537639,-0.2141110960632775,1.2288647261734091,-4.043854008848969,3.0005134943526657,-4.043854008848969,3.0005134943526657,0.0,0.0,0.0,0.0,0.0,0.0,1.387569149527918,1.387569149527918,1.387569149527918,1.3956272346099983,1.3956272346099983,1.4083732022663944,1.4083732022663944
146.0,0.146,0.001,0.499,24.992782412455647,34.07523335463318,0.4362063423318825,0.5947250154237416,4.433063128789157,-4.502778784896185,4.433063128789157,-4.502778784896185,4.433063128789157,-4.502778784896185,-0.21818090971966528,1.231867059141275,-4.06981365638779,3.002332967865958,-4.06981365638779,3.002332967865958,0.0,0.0,0.0,0.0,0.0,0.0,1.3956020570672085,1.3956020570672085,1.3956020570672087,1.4036494404929685,1.4036494404929685,1.4189696801009042,1.4189696801009042
147.0,0.147,0.001,0.499,25.248128105252803,33.816032419645985,0.44066296540197886,0.5902011056839672,4.45662307009639,-4.523909739774358,4.45662307009639,-4.523909739774358,4.45662307009639,-4.523909739774358,-0.22227663881808135,1.2348708182027814,-4.0957290984160855,3.003759061506467,-4.0957290984160855,3.003759061506467,0.0,0.0,0.0,0.0,0.0,0.0,1.403625055890891,1.403625055890891,1.403625055890891,1.41166264427381,1.41166264427381,1.4295766404218941,1.4295766404218941
148.0,0.148,0.001,0.499,25.50481567112594,33.55563764193652,0.4451430085753949,0.5856563594579384,4.480043173416034,-4.5447462260288605,4.480043173416034,-4.5447462260288605,4.480043173416034,-4.5447462260288605,-0.22639823843035786,1.2378756072120876,-4.121599612276505,3.004789009306072,-4.121599612276505,3.004789009306072,0.0,0.0,0.0,0.0,0.0,0.0,1.411639102985627,1.411639102985627,1.411639102985627,1.4196678259804434,1.4196678259804434,1.440194016092368,1.440194016092368
149.0,0.149,0.001,0.499,25.762836978523595,33.29406637118832,0.44964632992978437,0.5810910795547568,4.5033213543894925,-4.565279903181575,4.5033213543894925,-4.565279903181575,4.5033213543894925,-4.565279903181575,-0.2305456628899633,1.2408810272636919,-4.1474244596054355,3.0054200516043243,-4.1474244596054355,3.0054200516043243,0.0,0.0,0.0,0.0,0.0,0.0,1.419645179638582,1.419645179638582,1.419645179638582,1.427665989562546,1.427665989562546,1.450821745314596,1.450821745314596
150.0,0.15,0.001,0.499,26.022183775158727,33.031336440462034,0.4541727854355676,0.5765055772200465,4.526455505783242,-4.585502334710316,4.526455505783242,-4.585502334710316,4.526455505783242,-4.585502334710316,-0.23471886577592727,1.2438866766989394,-4.173202885963965,3.0056494352475163,-4.173202885963965,3.0056494352475163,0.0,0.0,0.0,0.0,0.0,0.0,1.4276442909940323,1.4276442909940323,1.4276442909940326,1.435658162404193,1.435658162404193,1.4614597719290188,1.4614597719290188
151.0,0.151,0.001,0.499,26.282847686752252,32.767466171439324,0.458722228934002,0.5719001722274769,4.549443498434375,-4.605404992569517,4.549443498434375,-4.605404992569517,4.549443498434375,-4.605404992569517,-0.2389177998963921,1.2468921511127289,-4.198934120464843,3.005474413789495,-4.198934120464843,3.005474413789495,0.0,0.0,0.0,0.0,0.0,0.0,1.4356374655621649,1.4356374655621649,1.4356374655621649,1.443645394780426,1.443645394780426,1.4721080457162337,1.4721080457162337
152.0,0.152,0.001,0.499,26.544820215833997,32.50247437939438,0.46329451211625505,0.5672751929655325,4.572283182253039,-4.62497926194436,4.572283182253039,-4.62497926194436,4.572283182253039,-4.62497926194436,-0.24314241727178768,1.2498970433604233,-4.224617375395562,3.0048922476943036,-4.224617375395562,3.0048922476943036,0.0,0.0,0.0,0.0,0.0,0.0,1.4436257546688842,1.4436257546688842,1.4436257546688842,1.4516287592562611,1.4516287592562611,1.4827665227019202,1.4827665227019202
153.0,0.153,0.001,0.499,26.808092740604447,32.2363803778795,0.46788948450353773,0.5626309765192911,4.594972387282683,-4.6442164462414794,4.594972387282683,-4.6442164462414794,4.594972387282683,-4.6442164462414794,-0.24739266911762536,1.252900943564964,-4.250251845837686,3.0039002045407446,-4.250251845837686,3.0039002045407446,0.0,0.0,0.0,0.0,0.0,0.0,1.451610231850266,1.451610231850266,1.451610231850266,1.4596093500267686,1.4596093500267684,1.4934351654645632,1.4934351654645632
154.0,0.154,0.001,0.499,27.072656513860558,31.969203983110972,0.4725069934283566,0.5579678687469721,4.617508924818891,-4.663107772318939,4.617508924818891,-4.663107772318939,4.617508924818891,-4.663107772318939,-0.2516685058269079,1.255903439124193,-4.2758367092825615,3.0024955592289597,-4.2758367092825615,3.0024955592289597,0.0,0.0,0.0,0.0,0.0,0.0,1.4595919921830482,1.4595919921830482,1.4595919921830482,1.4675882821969182,1.4675882821969182,1.5041139434458242,1.5041139434458242
155.0,0.155,0.001,0.499,27.338502661989093,31.70096551804152,0.4771468840169441,0.5532862243510144,4.639890588587502,-4.681644395957737,4.639890588587502,-4.681644395957737,4.639890588587502,-4.681644395957737,-0.25596987695215145,1.2589041147183822,-4.3013711252435565,3.0006755941891132,-4.3013711252435565,3.0006755941891132,0.0,0.0,0.0,0.0,0.0,0.0,1.4675721515636255,1.4675721515636255,1.4675721515636255,1.4755666910000487,1.4755666910000487,1.514802833263404,1.514802833263404
156.0,0.156,0.001,0.499,27.60562218403087,31.43168581610526,0.4818089991729267,0.5485864069434377,4.662115155982572,-4.699817407576603,4.662115155982572,-4.699817407576603,4.662115155982572,-4.699817407576603,-0.2602967311870164,1.2619025523179743,-4.326854234864962,2.998437599592277,-4.326854234864962,2.998437599592277,0.0,0.0,0.0,0.0,0.0,0.0,1.4755518459144814,1.4755518459144814,1.4755518459144814,1.4835457309539155,1.4835457309539157,1.5255018190262335,1.5255018190262335
157.0,0.157,0.001,0.499,27.87400595081941,31.161386224621268,0.4864931795622913,0.5438687891052464,4.684180389364611,-4.717617838191309,4.684180389364611,-4.717617838191309,4.684180389364611,-4.717617838191309,-0.2646490163475441,1.2648983311915378,-4.352285160527724,2.9957788735636113,-4.352285160527724,2.9957788735636113,0.0,0.0,0.0,0.0,0.0,0.0,1.4835322303391683,1.4835322303391683,1.4835322303391683,1.491526574953437,1.4915265749534372,1.5362108926518148,1.5362108926518148
158.0,0.158,0.001,0.499,28.143644704197428,30.89008860784159,0.4911992635997107,0.5391337524396272,4.706084037419389,-4.735036665619193,4.706084037419389,-4.735036665619193,4.706084037419389,-4.735036665619193,-0.2690266793529963,1.2678910279139357,-4.377663005452149,2.992696722397927,-4.377663005452149,2.992696722397927,0.0,0.0,0.0,0.0,0.0,0.0,1.491514478207757,1.491514478207757,1.491514478207757,1.4995104132993937,1.4995104132993937,1.5469300541855473,1.5469300541855473
159.0,0.159,0.001,0.499,28.414529056314667,30.617815349629772,0.49592708743628816,0.5343816876186983,4.727823836577446,-4.7520648209289655,4.727823836577446,-4.7520648209289655,4.727823836577446,-4.7520648209289655,-0.27342966620629405,1.2708802163747135,-4.40298685329776,2.9891884607777346,-4.40298685329776,2.9891884607777346,0.0,0.0,0.0,0.0,0.0,0.0,1.499499780176962,1.499499780176962,1.499499780176962,1.507498452662521,1.507498452662521,1.5576593121218314,1.5576593121218314
160.0,0.16,0.001,0.499,28.68664948901052,30.344589355755765,0.5006764849487825,0.529612994423563,4.749397512494303,-4.768693195135262,4.749397512494303,-4.768693195135262,4.749397512494303,-4.768693195135262,-0.2778579219740545,1.2738654677867074,-4.428255767760462,2.9852514119938633,-4.428255767760462,2.9852514119938633,0.0,0.0,0.0,0.0,0.0,0.0,1.5074893431532024,1.5074893431532024,1.5074893431532024,1.5154919149826025,1.5154919149826025,1.5683986837267778,1.5683986837267778
161.0,0.161,0.001,0.499,28.959996353284968,30.07043405579336,0.5054472877303736,0.5248280817774263,4.770802781591181,-4.784912646136727,4.770802781591181,-4.784912646136727,4.770802781591181,-4.784912646136727,-0.2823113907662217,1.2768463506948762,-4.453468792167206,2.9808829081687462,-4.453468792167206,2.9808829081687462,0.0,0.0,0.0,0.0,0.0,0.0,1.515484389181946,1.515484389181946,1.5154843891819463,1.5234920363023607,1.5234920363023607,1.5791481953622977,1.5791481953622977
162.0,0.162,0.001,0.499,29.234559868861194,29.795373404606188,0.5102393250830295,0.5200273677715306,4.792037352655871,-4.800714005895748,4.792037352655871,-4.800714005895748,4.792037352655871,-4.800714005895748,-0.28679001571529,1.2798224309853585,-4.478624949068317,2.9760802904824604,-4.478624949068317,2.9760802904824604,0.0,0.0,0.0,0.0,0.0,0.0,1.5234861542799774,1.5234861542799774,1.5234861542799776,1.5315000655361628,1.5315000655361628,1.5899078828113813,1.5899078828113813
163.0,0.163,0.001,0.499,29.510330123843367,29.519431883408743,0.5150524240115327,0.5152112796836734,4.813098928503216,-4.816088087857196,4.813098928503216,-4.816088087857196,4.813098928503216,-4.816088087857196,-0.2912937389551177,1.2827932718947601,-4.5037232398276945,2.970840909401617,-4.5037232398276945,2.970840909401617,0.0,0.0,0.0,0.0,0.0,0.0,1.5314958871952424,1.5314958871952424,1.5314958871952424,1.5395172631737337,1.539517263173734,1.6006777916043269,1.6006777916043269
164.0,0.164,0.001,0.499,29.78729707447293,29.242634500388743,0.5198864092192272,0.5103802539890706,4.833985207694459,-4.831025694602793,4.833985207694459,-4.831025694602793,4.833985207694459,-4.831025694602793,-0.2958225015993287,1.2857584340196713,-4.5287626442110565,2.965162124911185,-4.5287626442110565,2.965162124911185,0.0,0.0,0.0,0.0,0.0,0.0,1.5395148481098797,1.5395148481098797,1.5395148481098797,1.5475448999193568,1.5475448999193568,1.6114579773457078,1.6114579773457078
165.0,0.165,0.001,0.499,30.06545054498672,28.965006790877766,0.5247411031055418,0.5055347363633337,4.854693886314536,-4.845517625736947,4.854693886314536,-4.845517625736947,4.854693886314536,-4.845517625736947,-0.30037624371930116,1.2887174753264206,-4.55374211997245,2.9590413067493357,-4.55374211997245,2.9590413067493357,0.0,0.0,0.0,0.0,0.0,0.0,1.5475443072697646,1.5475443072697646,1.5475443072697643,1.5555842552671888,1.555584255267189,1.6222485060418304,1.6222485060418304
166.0,0.166,0.001,0.499,30.344780227580152,28.686574817056997,0.5296163257653479,0.5006751816773346,4.875222659806147,-4.859554685999048,4.875222659806147,-4.859554685999048,4.875222659806147,-4.859554685999048,-0.3049549043217404,1.2916699511610659,-4.578660602439218,2.952475834645399,-4.578660602439218,2.952475834645399,0.0,0.0,0.0,0.0,0.0,0.0,1.5555855435606019,1.5555855435606019,1.5555855435606019,1.563636616013666,1.563636616013666,1.633049454428433,1.633049454428433
167.0,0.167,0.001,0.499,30.62527568247872,28.407365167185603,0.5345118949902071,0.49580205398373817,4.895569224859272,-4.873127693596427,4.895569224859272,-4.873127693596427,4.895569224859272,-4.873127693596427,-0.309558421325836,1.294615414259627,-4.60351700409564,2.945463098561007,-4.60351700409564,2.945463098561007,0.0,0.0,0.0,0.0,0.0,0.0,1.5636398430142917,1.5636398430142917,1.5636398430142915,1.57170327470813,1.57170327470813,1.643860910298385,1.643860910298385
168.0,0.168,0.001,0.499,30.906926338120766,28.127404954339347,0.5394276262715616,0.4909158264949869,4.915731281354518,-4.886227488751265,4.915731281354518,-4.886227488751265,4.915731281354518,-4.886227488751265,-0.3141867315400015,1.2975534147585615,-4.628310214165473,2.938000498934511,-4.628310214165473,2.938000498934511,0.0,0.0,0.0,0.0,0.0,0.0,1.5717084972544624,1.5717084972544624,1.5717084972544624,1.57978552804313,1.57978552804313,1.654682972829101,1.654682972829101
169.0,0.169,0.001,0.499,31.18972149145465,27.84672181464773,0.5443633328059201,0.486016981552533,4.9357065343585305,-4.898844942453905,4.9357065343585305,-4.898844942453905,4.9357065343585305,-4.898844942453905,-0.3188397706381951,1.3004835002054902,-4.653039098193596,2.93008544692875,-4.653039098193596,2.93008544692875,0.0,0.0,0.0,0.0,0.0,0.0,1.5797928018851817,1.5797928018851817,1.5797928018851817,1.5878846751861082,1.5878846751861082,1.6655157529094107,1.6655157529094107
170.0,0.17,0.001,0.499,31.473650308353058,27.565343905018214,0.5493188255020894,0.4811060105871189,4.955492696169387,-4.910970965414072,4.955492696169387,-4.910970965414072,4.955492696169387,-4.910970965414072,-0.3235174731358221,1.3034052155701725,-4.677702497627016,2.9217153646822425,-4.677702497627016,2.9217153646822425,0.0,0.0,0.0,0.0,0.0,0.0,1.5878940548220253,1.5878940548220253,1.5878940548220253,1.5960020160544368,1.596002016054437,1.6763593734655913,1.6763593734655913
171.0,0.171,0.001,0.499,31.758701824147277,27.283299900336818,0.5542939129904991,0.47618341406991826,4.975087488409739,-4.92259651720064,4.975087488409739,-4.92259651720064,4.975087488409739,-4.92259651720064,-0.32821977236521754,1.3063181032557365,-4.702299229395447,2.9128876855638794,-4.702299229395447,2.9128876855638794,0.0,0.0,0.0,0.0,0.0,0.0,1.5960135545594332,1.5960135545594332,1.5960135545594334,1.6041388495360611,1.6041388495360611,1.687213969786269,1.687213969786269
172.0,0.17200000000000001,0.001,0.499,32.04486494428396,27.000618990134804,0.5592884016346643,0.4712497014543586,4.9944886441651635,-4.933712615559613,4.9944886441651635,-4.933712615559613,4.9944886441651635,-4.933712615559613,-0.3329466004507093,1.3092217031101676,-4.726828085491716,2.9035998544311865,-4.726828085491716,2.9035998544311865,0.0,0.0,0.0,0.0,0.0,0.0,1.604152598395756,1.604152598395756,1.604152598395756,1.6122964716582917,1.6122964716582917,1.698079689845889,1.698079689845889
173.0,0.17300000000000001,0.001,0.499,32.332128445106854,26.717330874711916,0.5643020955448292,0.46630539110845953,5.013693910164984,-4.944310345899089,5.013693910164984,-4.944310345899089,5.013693910164984,-4.944310345899089,-0.3376978882832615,1.3121155524380599,-4.7512878325522525,2.893849327892218,-4.7512878325522525,2.893849327892218,0.0,0.0,0.0,0.0,0.0,0.0,1.6123124805954776,1.6123124805954776,1.6123124805954776,1.6204761737075644,1.6204761737075644,1.708956694626431,1.708956694626431
174.0,0.17400000000000002,0.001,0.499,32.62048097476576,26.433465760707332,0.5693347965938318,0.4613510102375305,5.032701049002568,-4.954380870929018,5.032701049002568,-4.954380870929018,5.032701049002568,-4.954380870929018,-0.34247356549469943,1.314999186012631,-4.775677211437889,2.8836335745711534,-4.775677211437889,2.8836335745711534,0.0,0.0,0.0,0.0,0.0,0.0,1.6204944905126517,1.6204944905126517,1.6204944905126517,1.6286792403032626,1.6286792403032626,1.7198451584370533,1.7198451584370533
175.0,0.17500000000000002,0.001,0.499,32.909911054254756,26.149054356110145,0.5743863044352236,0.45638709479708783,5.051507841391862,-4.963915440442652,5.051507841391862,-4.963915440442652,5.051507841391862,-4.963915440442652,-0.3472735604315147,1.3178721360880088,-4.799994936815264,2.872950075377646,-4.799994936815264,2.872950075377646,0.0,0.0,0.0,0.0,0.0,0.0,1.6286999106603504,1.6286999106603504,1.6286999106603504,1.636906947428995,1.636906947428995,1.7307452692313212,1.7307452692313212
176.0,0.176,0.001,0.499,33.200407078581584,25.864127864702105,0.5794564165236804,0.4514141893958622,5.070112088456707,-4.972905401225625,5.070112088456707,-4.972905401225625,5.070112088456707,-4.972905401225625,-0.35209780012825376,1.3207339324117888,-4.8242396967390695,2.861796323779986,-4.8242396967390695,2.861796323779986,0.0,0.0,0.0,0.0,0.0,0.0,1.6369300147474284,1.6369300147474284,1.6369300147474284,1.6451605604249973,1.6451605604249973,1.7416572289216816,1.7416572289216816
177.0,0.177,0.001,0.499,33.49195731806991,25.578717979926168,0.5845449281377296,0.44643284718878445,5.088511614049204,-4.981342207077726,5.088511614049204,-4.981342207077726,5.088511614049204,-4.981342207077726,-0.3569462102804892,1.323584102237871,-4.848410152235426,2.8501698260821295,-4.848410152235426,2.8501698260821295,0.0,0.0,0.0,0.0,0.0,0.0,1.6451860656662805,1.6451860656662805,1.6451860656662805,1.6534413319455625,1.6534413319455625,1.752581253690819,1.752581253690819
178.0,0.178,0.001,0.499,33.7845499197958,25.292856878175282,0.5896516324048229,0.44144362975985296,5.106704267093207,-4.989217428931486,5.106704267093207,-4.989217428931486,5.106704267093207,-4.989217428931486,-0.36181871521737585,1.3264221703395755,-4.872504936886666,2.838068101704633,-4.872504936886666,2.838068101704633,0.0,0.0,0.0,0.0,0.0,0.0,1.6534693134570289,1.6534693134570289,1.653469313457029,1.6617504998857473,1.6617504998857473,1.763517574299529,1.763517574299529
179.0,0.179,0.001,0.499,34.078172909159726,25.006577211496833,0.5947763203287717,0.4364471069948021,5.1246879239487715,-4.996522765050848,5.1246879239487715,-4.996522765050848,5.1246879239487715,-4.996522765050848,-0.3667152378737936,1.329247659023045,-4.8965226564177895,2.8254886834695423,-4.8965226564177895,2.8254886834695423,0.0,0.0,0.0,0.0,0.0,0.0,1.6617809932332748,1.6617809932332748,1.6617809932332748,1.670089285281781,1.670089285281781,1.7744664363907299,1.7744664363907299
180.0,0.18,0.001,0.499,34.37281419159495,24.71991209970917,0.5999187808195648,0.4314438569435098,5.142460490793165,-5.0032500512923255,5.142460490793165,-5.0032500512923255,5.142460490793165,-5.0032500512923255,-0.37163569976207855,1.3320600881409344,-4.920461888284908,2.8124291178892733,-4.920461888284908,2.8124291178892733,0.0,0.0,0.0,0.0,0.0,0.0,1.6701223230866464,1.6701223230866464,1.6701223230866467,1.678458890189891,1.678458890189891,1.7854281007892197,1.7854281007892197
181.0,0.181,0.001,0.499,34.668461554413035,24.43289512192769,0.6050788007255787,0.4264344656720996,5.160019906013851,-5.009391271410222,5.160019906013851,-5.009391271410222,5.160019906013851,-5.009391271410222,-0.37658002094334453,1.334858975106394,-4.944321181265951,2.7988869654595137,-4.944321181265951,2.7988869654595137,0.0,0.0,0.0,0.0,0.0,0.0,1.6784945019703015,1.6784945019703015,1.6784945019703015,1.6868604955484972,1.6868604955484972,1.7964028437967818,1.7964028437967818
182.0,0.182,0.001,0.499,34.96510266878688,24.145560307499046,0.6102561648681873,0.42141952710471287,5.1773641426086385,-5.014938567386729,5.1773641426086385,-5.014938567386729,5.1773641426086385,-5.014938567386729,-0.3815481199983985,1.33764383490735,-4.968099055053941,2.7848598009561774,-4.968099055053941,2.7848598009561774,0.0,0.0,0.0,0.0,0.0,0.0,1.686898707562639,1.686898707562639,1.686898707562639,1.695295259028923,1.695295259028923,1.807390957482224,1.807390957482224
183.0,0.183,0.001,0.499,35.262725091871374,23.857942126343207,0.6154506560787754,0.4163996428549459,5.194491210588015,-5.019884249766944,5.194491210588015,-5.019884249766944,5.194491210588015,-5.019884249766944,-0.38653991399825166,1.3404141801210865,-4.9917939998531455,2.770345213736433,-4.9917939998531455,2.770345213736433,0.0,0.0,0.0,0.0,0.0,0.0,1.6953360941266626,1.6953360941266626,1.6953360941266624,1.7037643128799975,1.7037643128799975,1.8183927499659296,1.8183927499659296
184.0,0.184,0.001,0.499,35.56131626906156,23.570075478704247,0.6206620552381499,0.4113754220469677,5.211399159374483,-5.0242208079781925,5.211399159374483,-5.0242208079781925,5.211399159374483,-5.0242208079781925,-0.3915553184742301,1.3431695209291303,-5.0154044759784195,2.755340808043824,-5.0154044759784195,2.755340808043824,0.0,0.0,0.0,0.0,0.0,0.0,1.7038077903571462,1.7038077903571462,1.7038077903571465,1.712268761772083,1.7122687617720833,1.8294085456984845,1.8294085456984845
185.0,0.185,0.001,0.499,35.86086353638774,23.281995684312037,0.6258901413183434,0.4063474811263553,5.228086080193587,-5.027940920612367,5.228086080193587,-5.027940920612367,5.228086080193587,-5.027940920612367,-0.3965942473876881,1.3459093651324479,-5.038928913458044,2.739844203317497,-5.038928913458044,2.739844203317497,0.0,0.0,0.0,0.0,0.0,0.0,1.7123148972327569,1.7123148972327569,1.7123148972327569,1.720809680646263,1.720809680646263,1.8404386857329413,1.8404386857329413
186.0,0.186,0.001,0.499,36.16135412304687,22.993738470958125,0.6311346914267946,0.40131644366070585,5.244550108451143,-5.031037465649455,5.244550108451143,-5.031037465649455,5.244550108451143,-5.031037465649455,-0.4016566130993285,1.3486332181669534,-5.062365711640393,2.723853034505533,-5.062365711640393,2.723853034505533,0.0,0.0,0.0,0.0,0.0,0.0,1.72085848587181,1.72085848587181,1.7208584858718097,1.7293881125745203,1.7293881125745203,1.8514835279902526,1.8514835279902526
187.0,0.187,0.001,0.499,36.46277515406894,22.705339962490555,0.6363954808528857,0.39628294013010595,5.260789426091058,-5.0335035305998925,5.260789426091058,-5.0335035305998925,5.260789426091058,-5.0335035305998925,-0.40674232633813323,1.3513405831193357,-5.085713238804758,2.707364952382404,-5.085713238804758,2.707364952382404,0.0,0.0,0.0,0.0,0.0,0.0,1.7294395954003454,1.7294395954003454,1.7294395954003454,1.7380050666369058,1.7380050666369058,1.8625434475174223,1.8625434475174223
188.0,0.188,0.001,0.499,36.76511365311709,22.416836666233458,0.6416722831168137,0.391247607707563,5.2768022639280465,-5.035332422542935,5.2768022639280465,-5.035332422542935,5.2768022639280465,-5.035332422542935,-0.4118512961699099,1.3540309607432062,-5.108969831776655,2.690377623870528,-5.108969831776655,2.690377623870528,0.0,0.0,0.0,0.0,0.0,0.0,1.7380592308371987,1.7380592308371987,1.7380592308371987,1.7466615158217462,1.7466615158217462,1.8736188367378834,1.8736188367378834
189.0,0.189,0.001,0.499,37.068356545419604,22.128265459838858,0.6469648700207631,0.3862110900295251,5.2925869039494,-5.036517678037911,5.2925869039494,-5.036517678037911,5.2925869039494,-5.036517678037911,-0.41698342996545784,1.356703849475572,-5.132133795547952,2.6728887323659274,-5.132133795547952,2.6728887323659274,0.0,0.0,0.0,0.0,0.0,0.0,1.7467183610034152,1.7467183610034152,1.7467183610034152,1.7553583949550249,1.7553583949550249,1.8847101056936224,1.8847101056936224
190.0,0.19,0.001,0.499,37.372490660831616,21.83966357757915,0.6522730117023431,0.3811740369566402,5.308141681579965,-5.037053072884895,5.308141681579965,-5.037053072884895,5.308141681579965,-5.037053072884895,-0.42213863336836,1.35935874545364,-5.155203402902172,2.6548959780679713,-5.155203402902172,2.6548959780679713,0.0,0.0,0.0,0.0,0.0,0.0,1.7554179164617862,1.7554179164617862,1.7554179164617862,1.764096598665133,1.764096598665133,1.8958176822785495,1.8958176822785495
191.0,0.191,0.001,0.499,37.6775027370242,21.551068596090378,0.6575964766902475,0.37613710432492903,5.323464987904387,-5.0369326317111724,5.323464987904387,-5.0369326317111724,5.323464987904387,-5.0369326317111724,-0.4273168102624053,1.3619951425319532,-5.178176894045311,2.6363970783131747,-5.178176894045311,2.6363970783131747,0.0,0.0,0.0,0.0,0.0,0.0,1.7641587874900462,1.7641587874900462,1.7641587874900462,1.772876979389132,1.772876979389132,1.9069420124626053,1.9069420124626053
192.0,0.192,0.001,0.499,37.98337942279799,21.262518419577546,0.6629350319620881,0.3711009536875693,5.338555271840676,-5.036150637359749,5.338555271840676,-5.036150637359749,5.338555271840676,-5.036150637359749,-0.43251786273864784,1.3646125322998661,-5.201052476242518,2.6173897679130356,-5.201052476242518,2.6173897679130356,0.0,0.0,0.0,0.0,0.0,0.0,1.772941822100699,1.772941822100699,1.772941822100699,1.781700345426744,1.781700345426744,1.9180835605060846,1.9180835605060846
193.0,0.193,0.001,0.499,38.29010728151817,20.974051264494733,0.6682884430043473,0.36606625204751314,5.353411042259146,-5.034701640056145,5.353411042259146,-5.034701640056145,5.353411042259146,-5.034701640056145,-0.43774169106210886,1.367210404099362,-5.223828323461014,2.5978717994958664,-5.223828323461014,2.5978717994958664,0.0,0.0,0.0,0.0,0.0,0.0,1.7817678241029307,1.7817678241029307,1.7817678241029307,1.7905674590481173,1.7905674590481173,1.9292428091636513,1.9292428091636513
194.0,0.194,0.001,0.499,38.597672794667446,20.685705643714055,0.6736564738743881,0.3610336715811833,5.368030870040813,-5.032580466329798,5.368030870040813,-5.032580466329798,5.368030870040813,-5.032580466329798,-0.44298819363812847,1.3697882450432146,-5.246502576019593,2.577840943852588,-5.246502576019593,2.577840943852588,0.0,0.0,0.0,0.0,0.0,0.0,1.7906375512248847,1.7906375512248847,1.7906375512248847,1.7994790346614526,1.7994790346614526,1.9404202598775024,1.9404202598775024
195.0,0.195,0.001,0.499,38.90606236551312,20.39752035019885,0.6790388872644575,0.35600388935351673,5.382413390069381,-5.0297822276665825,5.382413390069381,-5.0297822276665825,5.382413390069381,-5.0297822276665825,-0.44825726697837354,1.372345540033501,-5.269073340245094,2.5572949902864344,-5.269073340245094,2.5572949902864344,0.0,0.0,0.0,0.0,0.0,0.0,1.7995517132916181,1.7995517132916181,1.7995517132916181,1.8084357370463757,1.8084357370463757,1.9516164329591374,1.9516164329591374
196.0,0.196,0.001,0.499,39.21526232288418,20.109534440197866,0.6844354445676085,0.3509775870246475,5.396557303151029,-5.026302328869241,5.396557303151029,-5.026302328869241,5.396557303151029,-5.026302328869241,-0.45354880566650974,1.3748817717804676,-5.2915386881361925,2.5362317469665143,-5.2915386881361925,2.5362317469665143,0.0,0.0,0.0,0.0,0.0,0.0,1.808510970471422,1.808510970471422,1.8085109704714222,1.8174381796588193,1.8174381796588193,1.9628318677591736,1.9628318677591736
197.0,0.197,0.001,0.499,39.525258925053876,19.821787215978468,0.6898459059454648,0.3459554505485446,5.410461377856321,-5.022136476102901,5.410461377856321,-5.022136476102901,5.410461377856321,-5.022136476102901,-0.45886270232354465,1.3773964208217528,-5.313896657034914,2.5146490412851787,-5.313896657034914,2.5146490412851787,0.0,0.0,0.0,0.0,0.0,0.0,1.8175159315944975,1.8175159315944975,1.8175159315944978,1.8264869230130367,1.8264869230130367,1.9740671228246445,1.9740671228246445
198.0,0.198,0.001,0.499,39.836038363723155,19.534318208118187,0.6952700303977435,0.34093816986394127,5.424124452278691,-5.01728068460335,5.424124452278691,-5.01728068460335,5.424124452278691,-5.01728068460335,-0.4641988475728509,1.379888965541972,-5.336145249306235,2.492544720219119,-5.336145249306235,2.492544720219119,0.0,0.0,0.0,0.0,0.0,0.0,1.8265671525465887,1.8265671525465887,1.8265671525465887,1.835582473146098,1.835582473146098,1.98532277604321,1.98532277604321
199.0,0.199,0.001,0.499,40.14758676809962,19.247167157375205,0.7007075758334476,0.33592643857791493,5.437545435704118,-5.011731286026345,5.437545435704118,-5.011731286026345,5.437545435704118,-5.011731286026345,-0.4695571300048771,1.382358882192666,-5.358282432026165,2.4699166506941306,-5.358282432026165,2.4699166506941306,0.0,0.0,0.0,0.0,0.0,0.0,1.8356651347489221,1.8356651347489221,1.835665134748922,1.8447252801700336,1.8447252801700336,1.9965994247736931,1.9965994247736931
200.0,0.2,0.001,0.499,40.459890209066906,18.960373996159504,0.7061582991436344,0.330920953642498,5.450723310186801,-5.005484935416909,5.450723310186801,-5.005484935416909,5.450723310186801,-5.005484935416909,-0.47493743614155576,1.3848056449126194,-5.380306136678696,2.44676271995346,-5.380306136678696,2.44676271995346,0.0,0.0,0.0,0.0,0.0,0.0,1.8448103237210183,1.8448103237210183,1.8448103237210183,1.8539157369165036,1.8539157369165036,2.007897685962362,2.007897685962362
201.0,0.201,0.001,0.499,40.77293470343854,18.673978829627643,0.7116219562756602,0.3259224150247196,5.463657132025843,-4.99853861777841,5.463657132025843,-4.99853861777841,5.463657132025843,-4.99853861777841,-0.48033965040041776,1.387228725748549,-5.402214258862023,2.423080835929653,-5.402214258862023,2.423080835929653,0.0,0.0,0.0,0.0,0.0,0.0,1.8540031077423436,1.8540031077423436,1.8540031077423433,1.8631541776785694,1.8631541776785694,2.019218196244359,2.019218196244359
202.0,0.202,0.001,0.499,41.086706218290566,18.38802191642521,0.7170983023087983,0.3209315253704975,5.476346033138223,-4.9908896542220775,5.476346033138223,-4.9908896542220775,5.476346033138223,-4.9908896542220775,-0.4857636550584222,1.3896275946761687,-5.424004658004431,2.398868927619814,-5.424004658004431,2.398868927619814,0.0,0.0,0.0,0.0,0.0,0.0,1.8632438166054477,1.8632438166054477,1.8632438166054477,1.8724408770538343,1.8724408770538343,2.0305616120296786,2.0305616120296786
203.0,0.203,0.001,0.499,41.40119067536659,18.102543649101996,0.7225870915311219,0.31594898966281887,5.488789222323566,-4.982535707678661,5.488789222323566,-4.982535707678661,5.488789222323566,-4.982535707678661,-0.49120933021551244,1.3920017196216328,-5.445675157090245,2.3741249454641724,-5.445675157090245,2.3741249454641724,0.0,0.0,0.0,0.0,0.0,0.0,1.8725327204745041,1.8725327204745041,1.8725327204745041,1.8817760488928654,1.8817760488928654,2.0419286095730946,2.0419286095730946
204.0,0.20400000000000001,0.001,0.499,41.716373955548875,17.817584534225997,0.7280880775175385,0.3109755148746639,5.500985986416559,-4.9734747881549906,5.500985986416559,-4.9734747881549906,5.500985986416559,-4.9734747881549906,-0.4966765537579087,1.3943505664833606,-5.467223542396265,2.348846861727863,-5.467223542396265,2.348846861727863,0.0,0.0,0.0,0.0,0.0,0.0,1.8818700288465777,1.8818700288465777,1.881870028846578,1.8911598453564418,1.8911598453564418,2.0533198850274115,2.0533198850274115
205.0,0.20500000000000002,0.001,0.499,42.03224190338873,17.533185172223234,0.7336010132088616,0.30601180961714447,5.512935691323126,-4.963705257519435,5.512935691323126,-4.963705257519435,5.512935691323126,-4.963705257519435,-0.5021652013211478,1.3966735991542465,-5.488647563239092,2.3230326708858,-5.488647563239092,2.3230326708858,0.0,0.0,0.0,0.0,0.0,0.0,1.891255889622186,1.891255889622186,1.8912558896221858,1.9005923560847786,1.9005923560847786,2.064736154479447,2.064736154479447
206.0,0.20600000000000002,0.001,0.499,42.348780331689525,17.24938623697124,0.7391256509917985,0.301058583783343,5.5246377829368685,-4.9532258338014925,5.5246377829368685,-4.9532258338014925,5.5246377829368685,-4.9532258338014925,-0.5076751462528816,1.3989702795442571,-5.509944931733751,2.296680390010532,-5.509944931733751,2.296680390010532,0.0,0.0,0.0,0.0,0.0,0.0,1.9006903882897142,1.9006903882897142,1.9006903882897142,1.91007360748148,1.91007360748148,2.076178153968116,2.076178153968116
207.0,0.20700000000000002,0.001,0.499,42.665975026135094,16.966228455174768,0.7446617427797311,0.29611654818835087,5.536091787932587,-4.942035594992127,5.536091787932587,-4.942035594992127,5.536091787932587,-4.942035594992127,-0.5132062595754456,1.40124006760342,-5.531113322564056,2.26978805916296,-5.531113322564056,2.26978805916296,0.0,0.0,0.0,0.0,0.0,0.0,1.9101735472206427,1.9101735472206427,1.9101735472206427,1.9196035621145224,1.9196035621145224,2.087646639484002,2.087646639484002
208.0,0.20800000000000002,0.001,0.499,42.98381174995642,16.68375258555307,0.7502090400941652,0.291186414206018,5.547297314434114,-4.930133982332905,5.547297314434114,-4.930133982332905,5.547297314434114,-4.930133982332905,-0.5187584099482108,1.4034824213452057,-5.552150372765104,2.2423537417857755,-5.552150372765104,2.2423537417857755,0.0,0.0,0.0,0.0,0.0,0.0,1.91970532508447,1.91970532508447,1.91970532508447,1.9291821182361604,1.9291821182361604,2.0991423869497905,2.0991423869497905
209.0,0.209,0.001,0.499,43.30227624862926,16.401999397868604,0.7557672941467193,0.28626889340293454,5.558254052554075,-4.917520803083467,5.558254052554075,-4.917520803083467,5.558254052554075,-4.917520803083467,-0.5243314636297292,1.4056967968703051,-5.573053681518369,2.2143755250994994,-5.573053681518369,2.2143755250994994,0.0,0.0,0.0,0.0,0.0,0.0,1.9292856163818888,1.9292856163818888,1.9292856163818888,1.9388091094231716,1.9388091094231716,2.110666192180954,2.110666192180954
210.0,0.21,0.001,0.499,43.62135425459519,16.12100965182759,0.7613362559215229,0.2813646971701761,5.568961774803593,-4.904196232758451,5.568961774803593,-4.904196232758451,5.568961774803593,-4.904196232758451,-0.5299252844396889,1.407882648390806,-5.593820809959784,2.185851520500967,-5.593820809959784,2.185851520500967,0.0,0.0,0.0,0.0,0.0,0.0,1.9389142510952069,1.9389142510952069,1.9389142510952069,1.948484304338413,1.948484304338413,2.1222188708260643,2.1222188708260643
211.0,0.211,0.001,0.499,43.94103149199868,15.840824075883177,0.7669156762578933,0.2764745363533495,5.579420336370399,-4.890160816826609,5.579420336370399,-4.890160816826609,5.579420336370399,-4.890160816826609,-0.5355397337206902,1.4100394282547701,-5.614449281001277,2.1567798639641182,-5.614449281001277,2.1567798639641182,0.0,0.0,0.0,0.0,0.0,0.0,1.948590994463681,1.948590994463681,1.948590994463681,1.9582074066141846,1.9582074066141846,2.1338012582861037,2.1338012582861037
212.0,0.212,0.001,0.499,44.2612936814324,15.561483345972444,0.7725053059331575,0.271599120881483,5.589629675264235,-4.875415471866487,5.589629675264235,-4.875415471866487,5.589629675264235,-4.875415471866487,-0.5411746702998563,1.412166586971213,-5.634936579166185,2.1271587164429344,-5.634936579166185,2.1271587164429344,0.0,0.0,0.0,0.0,0.0,0.0,1.958315546876969,1.958315546876969,1.958315546876969,1.9679780548574537,1.9679780548574537,2.1454142096121784,2.1454142096121784
213.0,0.213,0.001,0.499,44.58212654468329,15.283028064218502,0.7781048957454864,0.26673915939530823,5.599589812328881,-4.859961486174788,5.599589812328881,-4.859961486174788,5.599589812328881,-4.859961486174788,-0.5468299504502954,1.4142635732354893,-5.655280150438985,2.096986264276363,-5.655280150438985,2.096986264276363,0.0,0.0,0.0,0.0,0.0,0.0,1.968087543890911,1.968087543890911,1.968087543890911,1.9777958227764867,1.9777958227764867,2.1570585993810063,2.1570585993810063
214.0,0.214,0.001,0.499,44.90351580947164,15.005498737629244,0.7837141965966069,0.26189535887548304,5.609300851120594,-4.843800519825219,5.609300851120594,-4.843800519825219,5.609300851120594,-4.843800519825219,-0.5525054278524252,1.4163298339550845,-5.6754774021297925,2.066260719595063,-5.6754774021297925,2.066260719595063,0.0,0.0,0.0,0.0,0.0,0.0,1.977906556365486,1.977906556365486,1.977906556365486,1.9876602194280228,1.9876602194280228,2.168735321547578,2.168735321547578
215.0,0.215,0.001,0.499,45.22544721417553,14.72893575682423,0.7893329595742601,0.25706842427130566,5.618762977653197,-4.826934604177398,5.618762977653197,-4.826934604177398,5.618762977653197,-4.826934604177398,-0.5582009535551793,1.4183648142758143,-5.695525702754074,2.0349803207298,-5.695525702754074,2.0349803207298,0.0,0.0,0.0,0.0,0.0,0.0,1.9877720907187264,1.9877720907187264,1.9877720907187264,1.997570689583621,1.997570689583621,2.1804452892743895,2.1804452892743895
216.0,0.216,0.001,0.499,45.54790651253311,14.45337937482114,0.7949609360342706,0.2522590581304685,5.627976460010529,-4.809366140837136,5.627976460010529,-4.809366140837136,5.627976460010529,-4.809366140837136,-0.5639163759371073,1.4203679576084356,-5.715422381928023,2.003143332621308,-5.715422381928023,2.003143332621308,0.0,0.0,0.0,0.0,0.0,0.0,1.997683589304639,1.997683589304639,1.9976835893046387,2.007526614213403,2.007526614213403,2.1921894347366515,2.1921894347366515
217.0,0.217,0.001,0.499,45.87087947831514,14.178869685913071,0.800597877682098,0.24746796023039733,5.636941647827387,-4.791097900071174,5.636941647827387,-4.791097900071174,5.636941647827387,-4.791097900071174,-0.5696515406673873,1.4223387056556671,-5.7351647302800455,1.970748047231437,-5.7351647302800455,1.970748047231437,0.0,0.0,0.0,0.0,0.0,0.0,2.0076404309026548,2.0076404309026548,2.0076404309026548,2.017527311084959,2.0175273110849585,2.2039687089028934,2.2039687089028934
218.0,0.218,0.001,0.499,46.19435190996031,13.905446604667613,0.8062435366537386,0.24269582721171615,5.645658971640588,-4.772133018681179,5.645658971640588,-4.772133018681179,5.645658971640588,-4.772133018681179,-0.5754062906667662,1.4242764984396226,-5.754749999378829,1.9377927839553943,-5.754749999378829,1.9377927839553943,0.0,0.0,0.0,0.0,0.0,0.0,2.017641931324497,2.017641931324497,2.0176419313244973,2.027572035474765,2.027572035474765,2.2157840812903804,2.2157840812903804
219.0,0.219,0.001,0.499,46.518309635166105,13.63314984507838,0.8118976655958507,0.2379433522143726,5.65412894211219,-4.752474997343553,5.65412894211219,-4.752474997343553,5.65412894211219,-4.752474997343553,-0.5811804660684446,1.4261807743296575,-5.774175401678432,1.9042758900348826,-5.774175401678432,1.9042758900348826,0.0,0.0,0.0,0.0,0.0,0.0,2.027687344131595,2.027687344131595,2.027687344131595,2.0376599809890825,2.037659980989082,2.2276365396947813,2.2276365396947813
220.0,0.22,0.001,0.499,46.84273851542794,13.362018899899068,0.8175600177449781,0.23321122451694934,5.6623521491273605,-4.7321276974232696,5.6623521491273605,-4.7321276974232696,5.6623521491273605,-4.7321276974232696,-0.5869739041789255,1.4280509700706294,-5.793438110480876,1.870195740971933,-5.793438110480876,1.870195740971933,0.0,0.0,0.0,0.0,0.0,0.0,2.0377758614619164,2.0377758614619164,2.0377758614619164,2.0477902804908847,2.0477902804908847,2.239527089893541,2.239527089893541
221.0,0.221,0.001,0.499,47.16762445051958,13.092093020189642,0.8232303470057479,0.2285001291796777,5.670329260769799,-4.711095337271626,5.670329260769799,-4.711095337271626,5.670329260769799,-4.711095337271626,-0.5927864394388421,1.4298865208115727,-5.812535259916687,1.8355507409432248,-5.812535259916687,1.8355507409432248,0.0,0.0,0.0,0.0,0.0,0.0,2.047906614960486,2.047906614960486,2.047906614960486,2.0579620071290363,2.0579620071290363,2.251456755322412,2.251456755322412
222.0,0.222,0.001,0.499,47.49295338290813,12.823411195103574,0.828908408027926,0.22381074669165832,5.678061022178048,-4.689382488019401,5.678061022178048,-4.689382488019401,5.678061022178048,-4.689382488019401,-0.598617903383786,1.4316868601347874,-5.831463944943866,1.8003393232146787,-5.831463944943866,1.8003393232146787,0.0,0.0,0.0,0.0,0.0,0.0,2.0580786768132393,2.0580786768132393,2.0580786768132393,2.068174175465601,2.068174175465601,2.263426576724625,2.263426576724625
223.0,0.223,0.001,0.499,47.8187113020967,12.556012131944252,0.8345939562822123,0.21914375262277988,5.685548254286395,-4.666994068878448,5.685548254286395,-4.666994068878448,5.685548254286395,-4.666994068878448,-0.6044681246051518,1.4334514200853434,-5.85022122136575,1.764559950556103,-5.85022122136575,1.764559950556103,0.0,0.0,0.0,0.0,0.0,0.0,2.0682910608761804,2.0682910608761804,2.0682910608761804,2.078425742696827,2.0784257426968265,2.2754376117721975,2.2754376117721975
224.0,0.224,0.001,0.499,48.14488424888881,12.289934236517944,0.8402867481346667,0.21449981728081363,5.692791852454463,-4.643935341966237,5.692791852454463,-4.643935341966237,5.692791852454463,-4.643935341966237,-0.61033692871102,1.435179631200999,-5.868804105868241,1.7282111156556683,-5.868804105868241,1.7282111156556683,0.0,0.0,0.0,0.0,0.0,0.0,2.0785427238993366,2.0785427238993366,2.0785427238993366,2.088715609963094,2.0887156099630935,2.2874909346588916,2.2874909346588916
225.0,0.225,0.001,0.499,48.471458319567844,12.025215593809703,0.8459865409196566,0.20987960537414435,5.6997927849899375,-4.620211906669283,5.6997927849899375,-4.620211906669283,5.6997927849899375,-4.620211906669283,-0.6162241382870969,1.436870922542533,-5.8872095760768675,1.691291341533981,-5.8872095760768675,1.691291341533981,0.0,0.0,0.0,0.0,0.0,0.0,2.088832566836973,2.088832566836973,2.0888325668369725,2.099042623742855,2.0990426237428546,2.2995876356643477,2.2995876356643477
226.0,0.226,0.001,0.499,48.79841966998631,11.761893949007657,0.8516930930112259,0.20528377568058165,5.70655209156921,-4.5958296935627,5.70655209156921,-4.5958296935627,5.70655209156921,-4.5958296935627,-0.6221295728577311,1.4385247217244905,-5.905434570634162,1.6537991819575184,-5.905434570634162,1.6537991819575184,0.0,0.0,0.0,0.0,0.0,0.0,2.0991594362416612,2.0991594362416612,2.0991594362416612,2.1094055773253495,2.1094055773253495,2.311728820688962,2.311728820688962
227.0,0.227,0.001,0.499,49.125754519558846,11.50000668890006,0.8574061638927869,0.20071298072267726,5.713070881561028,-4.570794957904378,5.713070881561028,-4.570794957904378,5.713070881561028,-4.570794957904378,-0.628053048847029,1.4401404549463417,-5.92347598929783,1.6157332218511857,-5.92347598929783,1.6157332218511857,0.0,0.0,0.0,0.0,0.0,0.0,2.1095221257358805,2.1095221257358805,2.10952212573588,2.1198032123567025,2.1198032123567025,2.323915610759077,2.323915610759077
228.0,0.228,0.001,0.499,49.453449155154004,11.239590823668333,0.8631255142250455,0.19616786644995382,5.719350332258517,-4.545114272723438,5.719350332258517,-4.545114272723438,5.719350332258517,-4.545114272723438,-0.6339943795400892,1.4417175470240515,-5.941330693060193,1.5770920777097466,-5.941330693060193,1.5770920777097466,0.0,0.0,0.0,0.0,0.0,0.0,2.1199193775582006,2.1199193775582006,2.1199193775582006,2.1302342204538482,2.130234220453848,2.3361491415020916,2.3361491415020916
229.0,0.229,0.001,0.499,49.781489934879836,10.98068296909819,0.8688509059120707,0.19164907192843017,5.725391687025218,-4.518794521523639,5.725391687025218,-4.518794521523639,5.725391687025218,-4.518794521523639,-0.6399533750443785,1.4432554214220594,-5.9589955042893745,1.5378743980078766,-5.9589955042893745,1.5378743980078766,0.0,0.0,0.0,0.0,0.0,0.0,2.130349884171967,2.130349884171967,2.130349884171967,2.1406972448805597,2.14069724488056,2.3484305625911204,2.3484305625911204
230.0,0.23,0.001,0.499,50.10986329175861,10.723319329229627,0.8745821021654316,0.1871572290378068,5.7311962533609835,-4.491842890623389,5.7311962533609835,-4.491842890623389,5.7311962533609835,-4.491842890623389,-0.6459298422512713,1.444753500285668,-5.9764672068927265,1.4980788636085833,-5.9764672068927265,1.4980788636085833,0.0,0.0,0.0,0.0,0.0,0.0,2.140812289940439,2.140812289940439,2.140812289940439,2.1511908822798143,2.1511908822798143,2.36076103715886,2.36076103715886
231.0,0.231,0.001,0.499,50.4385557372865,10.467535679465339,0.8803188675663254,0.18269296217665196,5.736765400893793,-4.464266861154838,5.736765400893793,-4.464266861154838,5.736765400893793,-4.464266861154838,-0.6519235847977742,1.4462112044738378,-5.993742546502975,1.457704188169728,-5.993742546502975,1.457704188169728,0.0,0.0,0.0,0.0,0.0,0.0,2.1513051928530844,2.1513051928530844,2.1513051928530844,2.161713684456588,2.1617136844565876,2.373141741180349,2.373141741180349
232.0,0.232,0.001,0.499,50.76755386487431,10.213367350155766,0.8860609681256291,0.1782568879759067,5.742100559303717,-4.436074200745259,5.742100559303717,-4.436074200745259,5.742100559303717,-4.436074200745259,-0.6579344030284618,1.4476279535923862,-6.01081823068757,1.416749118548386,-6.01081823068757,1.416749118548386,0.0,0.0,0.0,0.0,0.0,0.0,2.1618271463053653,2.1618271463053653,2.1618271463053653,2.172264160205198,2.172264160205198,2.385573862824348,2.385573862824348
233.0,0.233,0.001,0.499,51.09684435316574,9.960849210677583,0.8918081713418144,0.17384961502100216,5.7472032161853885,-4.407272954904547,5.7472032161853885,-4.407272954904547,5.7472032161853885,-4.407272954904547,-0.6639620939576436,1.4490031660275888,-6.027690929181721,1.3752124352027706,-6.027690929181721,1.3752124352027706,0.0,0.0,0.0,0.0,0.0,0.0,2.1723766609181467,2.1723766609181467,2.1723766609181467,2.1828407771752403,2.18284077717524,2.3980586017730787,2.3980586017730787
234.0,0.234,0.001,0.499,51.426413969230026,9.710015654021113,0.8975602462566699,0.169471743582859,5.752074914855455,-4.377871438143175,5.752074914855455,-4.377871438143175,5.752074914855455,-4.377871438143175,-0.6700064512317893,1.4503362589801803,-6.044357274145619,1.3330929525914446,-6.044357274145619,1.3330929525914446,0.0,0.0,0.0,0.0,0.0,0.0,2.18295220639881,2.18295220639881,2.1829522063988094,2.1934419637702276,2.1934419637702276,2.4105971685101233,2.4105971685101233
235.0,0.23500000000000001,0.001,0.499,51.75624957162617,9.460900581900644,0.9033169635087814,0.16512386535801368,5.756717252111561,-4.347878224845317,5.756717252111561,-4.347878224845317,5.756717252111561,-4.347878224845317,-0.6760672650922356,1.4516266484997498,-6.060813860446328,1.290389519569538,-6.060813860446328,1.290389519569538,0.0,0.0,0.0,0.0,0.0,0.0,2.193552213431879,2.193552213431879,2.193552213431879,2.2040661110730744,2.2040661110730744,2.423190783576296,2.423190783576296
236.0,0.23600000000000002,0.001,0.499,52.08633811333637,9.213537390400306,0.9090780953847309,0.16080656321809153,5.761131875949457,-4.31730213992216,5.761131875949457,-4.31730213992216,5.761131875949457,-4.31730213992216,-0.6821443223382004,1.4528737495195314,-6.077057245964828,1.247101019781686,-6.077057245964828,1.247101019781686,0.0,0.0,0.0,0.0,0.0,0.0,2.2041750755981235,2.2041750755981235,2.2041750755981235,2.2147115747926227,2.2147115747926227,2.4358406767933576,2.4358406767933576
237.0,0.23700000000000002,0.001,0.499,52.41666664456662,8.9679589561666,0.9148434158679758,0.156520410968821,5.765320483244849,-4.2861522492705495,5.765320483244849,-4.2861522492705495,5.765320483244849,-4.2861522492705495,-0.6882374062901292,1.4540769758915828,-6.093083951928711,1.203226372051395,-6.093083951928711,1.203226372051395,0.0,0.0,0.0,0.0,0.0,0.0,2.214819151309853,2.214819151309853,2.214819151309853,2.225376677225533,2.225376677225533,2.448548086455464,2.448548086455464
238.0,0.23800000000000002,0.001,0.499,52.74722231541292,8.724197623157323,0.9206127006853824,0.15226597311875878,5.769284817406582,-4.2544378500622075,5.769284817406582,-4.2544378500622075,5.769284817406582,-4.2544378500622075,-0.6943462967534002,1.4552357404223493,-6.108890463271018,1.1587645307665426,-6.108890463271018,1.1587645307665426,0.0,0.0,0.0,0.0,0.0,0.0,2.225482765767452,2.225482765767452,2.225482765767452,2.2360597092279693,2.2360597092279693,2.4613142584882945,2.4613142584882945
239.0,0.23900000000000002,0.001,0.499,53.07799237839164,8.482285189955157,0.9263857273513901,0.14804380465787012,5.773026666007727,-4.22216846088867,5.773026666007727,-4.22216846088867,5.773026666007727,-4.22216846088867,-0.7004707699824159,1.45634945490861,-6.124473229015705,1.113714486260713,-6.124473229015705,1.113714486260713,0.0,0.0,0.0,0.0,0.0,0.0,2.236164212918745,2.236164212918745,2.236164212918745,2.24675893219166,2.2467589321916606,2.4741404455758484,2.4741404455758484
240.0,0.24,0.001,0.499,53.40896419083336,8.24225289765272,0.9321622752097911,0.14385445084608317,5.776547858401036,-4.189353811786957,5.776547858401036,-4.189353811786957,5.776547858401036,-4.189353811786957,-0.7066105986451061,1.4574175301738002,-6.139828662690235,1.0680752651900605,-6.139828662690235,1.0680752651900605,0.0,0.0,0.0,0.0,0.0,0.0,2.2468617574261205,2.2468617574261205,2.2468617574261205,2.257472580019072,2.257472580019072,2.487027906254923,2.487027906254923
241.0,0.241,0.001,0.499,53.740125217139465,8.004131418314552,0.9379421254731163,0.13969844701191247,5.779850263325184,-4.156003834170702,5.779850263325184,-4.156003834170702,5.779850263325184,-4.156003834170702,-0.7127655517878719,1.4584393761047056,-6.154953142765777,1.0218459309053975,-6.154953142765777,1.0218459309053975,0.0,0.0,0.0,0.0,0.0,0.0,2.2575736366317876,2.2575736366317876,2.2575736366317876,2.2681988610926447,2.2681988610926447,2.4999779039773617,2.4999779039773617
242.0,0.242,0.001,0.499,54.07146303090154,7.767950844019992,0.9437250612596243,0.13557631836122133,5.782935786508029,-4.12212865069113,5.782935786508029,-4.12212865069113,5.782935786508029,-4.12212865069113,-0.7189353948009974,1.4594144016885249,-6.169843013125521,0.975025583819193,-6.169843013125521,0.975025583819193,0.0,0.0,0.0,0.0,0.0,0.0,2.268298062515905,2.268298062515905,2.268298062515905,2.278935960233198,2.278935960233198,2.512991706140182,2.512991706140182
243.0,0.243,0.001,0.499,54.4029653168835,7.533740676489661,0.9495108676278974,0.13148857979616954,5.785806368273043,-4.087738565051788,5.785806368273043,-4.087738565051788,5.785806368273043,-4.087738565051788,-0.7251198893845591,1.4603420150502922,-6.184494583561579,0.9276133617671657,-6.184494583561579,0.9276133617671657,0.0,0.0,0.0,0.0,0.0,0.0,2.2790332236439026,2.2790332236439026,2.2790332236439026,2.2896820406428913,2.2896820406428913,2.5260705830837447,2.5260705830837447
244.0,0.244,0.001,0.499,54.73461987286717,7.301529817296797,0.9552993316090522,0.12743573574436912,5.78846398115483,-4.052844051800424,5.78846398115483,-4.052844051800424,5.78846398115483,-4.052844051800424,-0.7313187935148601,1.4612216234906563,-6.198904130300975,0.8796084403641561,-6.198904130300975,0.8796084403641561,0.0,0.0,0.0,0.0,0.0,0.0,2.2897772870976643,2.2897772870976643,2.2897772870976643,2.300435245828278,2.3004352458282775,2.5392158070581963,2.5392158070581963
245.0,0.245,0.001,0.499,55.06641461136206,7.071346558663496,0.9610902422365817,0.12341827999824836,5.790910627529502,-4.017455746120745,5.790910627529502,-4.017455746120745,5.790910627529502,-4.017455746120745,-0.7375318614114212,1.4620526335240103,-6.213067896561208,0.8310100333539526,-6.213067896561208,0.8310100333539526,0.0,0.0,0.0,0.0,0.0,0.0,2.3005284003877913,2.3005284003877913,2.3005284003877913,2.311193701499325,2.3111937014993247,2.5524286511584284,2.5524286511584284
246.0,0.246,0.001,0.499,55.398337561180604,6.843218574840587,0.9668833905738471,0.11943669556460224,5.793148337265453,-3.9815844336461264,5.793148337265453,-3.9815844336461264,5.793148337265453,-3.9815844336461264,-0.7437588435045571,1.462834450916963,-6.226982093135881,0.7818173929527482,-6.226982093135881,0.7818173929527482,0.0,0.0,0.0,0.0,0.0,0.0,2.311284693340612,2.311284693340612,2.311284693340612,2.321955517440455,2.321955517440455,2.5657103882278913,2.5657103882278913
247.0,0.247,0.001,0.499,55.73037686888016,6.6171729140686475,0.9726785697392469,0.1154914545242857,5.795179165399841,-3.9452410403165312,5.795179165399841,-3.9452410403165312,5.795179165399841,-3.9452410403165312,-0.749999486403568,1.463566480727149,-6.2406428990108695,0.7320298101858997,-6.2406428990108695,0.7320298101858997,0.0,0.0,0.0,0.0,0.0,0.0,2.3220442799573897,2.3220442799573897,2.3220442799573897,2.3327187893499404,2.3327187893499404,2.5790622897316102,2.5790622897316102
248.0,0.248,0.001,0.499,56.06252080007376,6.393235991116543,0.9784755749290928,0.11158301790198662,5.797005189845838,-3.9084366222990905,5.797005189845838,-3.9084366222990905,5.797005189845838,-3.9084366222990905,-0.7562535328655795,1.4642481273423666,-6.254046462011528,0.6816466152176603,-6.254046462011528,0.6816466152176603,0.0,0.0,0.0,0.0,0.0,0.0,2.3328052602415963,2.3328052602415963,2.3328052602415963,2.343481600644272,2.343481600644272,2.5924856245988397,2.5924856245988397
249.0,0.249,0.001,0.499,56.39475774061146,6.171433580392697,0.9842742034382282,0.10771183554599473,5.798628509135473,-3.8711823559918916,5.798628509135473,-3.8711823559918916,5.798628509135473,-3.8711823559918916,-0.7625207217650609,1.46487879452004,-6.267188899481407,0.6306671776735528,-6.267188899481407,0.6306671776735528,0.0,0.0,0.0,0.0,0.0,0.0,2.3435657219909585,2.3435657219909585,2.3435657219909585,2.3542420242243782,2.3542420242243782,2.605981658035822,2.605981658035822
250.0,0.25,0.001,0.499,56.72707619763469,5.951790809623275,0.9900742546784308,0.10387834601786515,5.800051240202566,-3.8334895281295793,5.800051240202566,-3.8334895281295793,5.800051240202566,-3.8334895281295793,-0.7688007880640538,1.465457885426995,-6.280066298992958,0.5790909069550507,-6.280066298992958,0.5790909069550507,0.0,0.0,0.0,0.0,0.0,0.0,2.354323742553357,2.354323742553357,2.3543237425533574,2.3649981242008247,2.3649981242008247,2.6195516503091825,2.6195516503091825
251.0,0.251,0.001,0.499,57.0594648005061,5.734332154090427,0.9958755301946408,0.10008297649185677,5.801275516210034,-3.7953695260083884,5.801275516210034,-3.7953695260083884,5.801275516210034,-3.7953695260083884,-0.7750934627831445,1.4659848026795412,-6.292674719090718,0.5269172525462317,-6.292674719090718,0.5269172525462317,0.0,0.0,0.0,0.0,0.0,0.0,2.3650773905373077,2.3650773905373077,2.3650773905373077,2.3757479575754337,2.375747957575434,2.6331968555005405,2.6331968555005405
252.0,0.252,0.001,0.499,57.39191230161774,5.519081431422804,1.0016778336790664,0.09632614266400956,5.802303484425507,-3.7568338278472035,5.802303484425507,-3.7568338278472035,5.802303484425507,-3.7568338278472035,-0.781398472973212,1.4664589483838533,-6.305010190067423,0.4741457043120691,-6.305010190067423,0.4741457043120691,0.0,0.0,0.0,0.0,0.0,0.0,2.3758247274843076,2.3758247274843076,2.3758247274843076,2.386489575877015,2.386489575877015,2.6469185202329775,2.6469185202329775
253.0,0.253,0.001,0.499,57.72440757708039,5.306061796929663,1.0074809709832153,0.09260824867070937,5.803137304148907,-3.7178939933001867,5.803137304148907,-3.7178939933001867,5.803137304148907,-3.7178939933001867,-0.7877155416879855,1.4668797241766414,-6.317068714773539,0.4207757927880254,-6.317068714773539,0.4207757927880254,0.0,0.0,0.0,0.0,0.0,0.0,2.386563809492343,2.386563809492343,2.386563809492343,2.3972210267491563,2.3972210267491563,2.6607178823700512,2.6607178823700512
254.0,0.254,0.001,0.499,58.05693962729749,5.09529573946904,1.0132847501279107,0.08892968701657393,5.803779144695356,-3.678561654135442,5.803779144695356,-3.678561654135442,5.803779144695356,-3.678561654135442,-0.7940443879574461,1.467246531266102,-6.3288462694606675,0.36680708946061213,-6.3288462694606675,0.36680708946061213,0.0,0.0,0.0,0.0,0.0,0.0,2.3972926887896673,2.3972926887896673,2.397292688789667,2.407940355488324,2.407940355488324,2.6745961696881144,2.6745961696881144
255.0,0.255,0.001,0.499,58.389497577426624,4.886805077839718,1.0190889813113473,0.08529083851148085,5.804231183436433,-3.6388485050930837,5.804231183436433,-3.6388485050930837,5.804231183436433,-3.6388485050930837,-0.8003847267621055,1.4675587704731405,-6.340338804659291,0.312239207038583,-6.340338804659291,0.312239207038583,0.0,0.0,0.0,0.0,0.0,0.0,2.4080094152662164,2.4080094152662164,2.4080094152662164,2.4186456065307564,2.4186456065307564,2.688554598522725,2.688554598522725
256.0,0.256,0.001,0.499,58.72207067773248,4.68061095768601,1.0248934769152498,0.08169207221654587,5.804495603902543,-3.5987662949349817,5.804495603902543,-3.5987662949349817,5.804495603902543,-3.5987662949349817,-0.8067362690081968,1.4678158422728549,-6.351542246091306,0.2570717997144272,-6.351542246091306,0.2570717997144272,0.0,0.0,0.0,0.0,0.0,0.0,2.4187120379449003,2.4187120379449003,2.4187120379449003,2.429334824886885,2.429334824886885,2.702594372390031,2.702594372390031
257.0,0.257,0.001,0.499,59.05464830383461,4.476733848903736,1.0306980515091986,0.07813374539884853,5.804574593948791,-3.5583268176973433,5.804574593948791,-3.5583268176973433,5.804574593948791,-3.5583268176973433,-0.8130987215038147,1.4680171468362708,-6.362452495617797,0.20130456341583342,-6.362452495617797,0.20130456341583342,0.0,0.0,0.0,0.0,0.0,0.0,2.4293986064071547,2.4293986064071547,2.4293986064071547,2.4400060575222926,2.4400060575222926,2.716716680584023,2.716716680584023
258.0,0.258,0.001,0.499,59.38721995685389,4.275193543535176,1.0365025218531851,0.07461620349469235,5.804470343986498,-3.517541904156183,5.804470343986498,-3.517541904156183,5.804470343986498,-3.517541904156183,-0.8194717869360372,1.4681620840723175,-6.373065432222507,0.1449372360467982,-6.373065432222507,0.1449372360467982,0.0,0.0,0.0,0.0,0.0,0.0,2.440067172164548,2.440067172164548,2.4400671721645475,2.4506573546844397,2.4506573546844397,2.7309226967506395,2.7309226967506395
259.0,0.259,0.001,0.499,59.7197752634615,4.0760091541403245,1.0423067068984673,0.07113978008117772,5.804185045282164,-3.4764234135146372,5.804185045282164,-3.4764234135146372,5.804185045282164,-3.4764234135146372,-0.8258551638490685,1.4682500536700356,-6.383376913031422,0.08796959771805574,-6.383376913031422,0.08796959771805574,0.0,0.0,0.0,0.0,0.0,0.0,2.45071578997271,2.45071578997271,2.4507157899727097,2.4612867711746107,2.4612867711746103,2.745213577439749,2.745213577439749
260.0,0.26,0.001,0.499,60.05230397583447,3.879199112631254,1.0481104277867928,0.06770479685585773,5.803720888325386,-3.4349832253199906,5.803720888325386,-3.4349832253199906,5.803720888325386,-3.4349832253199906,-0.8322485466234375,1.468280455141002,-6.393382774368918,0.030401470966512814,-6.393382774368918,0.030401470966512814,0.0,0.0,0.0,0.0,0.0,0.0,2.4613425190951377,2.4613425190951377,2.4613425190951372,2.471892367564768,2.471892367564768,2.7595904606360726,2.7595904606360726
261.0,0.261,0.001,0.499,60.384795971521584,3.6847811695560506,1.0539135078480597,0.06431156362424052,5.803080061266951,-3.3932332316172085,5.803080061266951,-3.3932332316172085,5.803080061266951,-3.3932332316172085,-0.8386516254562884,1.4682526878619655,-6.403078832850879,-0.027767279036621746,-6.403078832850879,-0.027767279036621746,0.0,0.0,0.0,0.0,0.0,0.0,2.4719454245101353,2.4719454245101353,2.471945424510135,2.482472211359224,2.482472211359224,2.774054464270203,2.774054464270203
262.0,0.262,0.001,0.499,60.71724125322404,3.492772393818439,1.0597157725964876,0.0609603782948958,5.80226474842803,-3.351185329344724,5.80226474842803,-3.351185329344724,5.80226474842803,-3.351185329344724,-0.8450640863428036,1.4681661511176762,-6.412460886515214,-0.08653674428931672,-6.412460886515214,-0.08653674428931672,0.0,0.0,0.0,0.0,0.0,0.0,2.482522578063239,2.482522578063239,2.482522578063239,2.493024378101188,2.493024378101188,2.7886066847108886,2.7886066847108886
263.0,0.263,0.001,0.499,61.049629948494704,3.3031891728189464,1.0655170497253688,0.057651526881918595,5.801277128881126,-3.3088514129772055,5.801277128881126,-3.3088514129772055,5.801277128881126,-3.3088514129772055,-0.8514856110587938,1.468020244143902,-6.421524715990173,-0.14590697377410095,-6.421524715990173,-0.14590697377410095,0.0,0.0,0.0,0.0,0.0,0.0,2.4930720595653804,2.4930720595653804,2.4930720595653804,2.5035469524245095,2.5035469524245095,2.8032481952398136,2.8032481952398136
264.0,0.264,0.001,0.499,61.38195230936017,3.1160472130032377,1.071317169100472,0.05438528351449956,5.800119375103153,-3.2662433674190323,5.800119375103153,-3.2662433674190323,5.800119375103153,-3.2662433674190323,-0.8579158771444947,1.4678143661706164,-6.4302660857008505,-0.20587797328563298,-6.4302660857008505,-0.20587797328563298,0.0,0.0,0.0,0.0,0.0,0.0,2.503591957836218,2.503591957836218,2.503591957836218,2.514038029051041,2.514038029051041,2.817980044510185,2.817980044510185
265.0,0.265,0.001,0.499,61.71419871186988,2.931361540803106,1.0771159627521727,0.05116191045334831,5.798793651700759,-3.2233730611512508,5.798793651700759,-3.2233730611512508,5.798793651700759,-3.2233730611512508,-0.864354557889609,1.4675479164653458,-6.438680745114283,-0.2664497052707302,-6.438680745114283,-0.2664497052707302,0.0,0.0,0.0,0.0,0.0,0.0,2.514080371692746,2.514080371692746,2.5140803716927462,2.5244957137342565,2.5244957137342565,2.8328032549904276,2.8328032549904276
266.0,0.266,0.001,0.499,62.046359655576246,2.749146503955481,1.0829132648663804,0.04798165811371446,5.79730211420778,-3.180252339633853,5.79730211420778,-3.180252339633853,5.79730211420778,-3.180252339633853,-0.8708013223196325,1.4672202943766646,-6.446764430023491,-0.3276220886811165,-6.446764430023491,-0.3276220886811165,0.0,0.0,0.0,0.0,0.0,0.0,2.5245354108868447,2.5245354108868447,2.5245354108868447,2.534918124149901,2.534918124149901,2.8477188213944005,2.8477188213944005
267.0,0.267,0.001,0.499,62.37842576295009,2.5694157731847733,1.088708911774335,0.04484476509475012,5.79564690795443,-3.1368930189643387,5.79564690795443,-3.1368930189643387,5.79564690795443,-3.1368930189643387,-0.8772558351835034,1.4668308993778254,-6.454512863870853,-0.38939499883913203,-6.454512863870853,-0.38939499883913203,0.0,0.0,0.0,0.0,0.0,0.0,2.5349551969886845,2.5349551969886845,2.5349551969886845,2.545303390734565,2.545303390734565,2.8627277090995364,2.8627277090995364
268.0,0.268,0.001,0.499,62.71038777873521,2.3921823442338717,1.0945027419413427,0.04175145821495745,5.793830167007655,-3.0933068797926677,5.793830167007655,-3.0933068797926677,5.793830167007655,-3.0933068797926677,-0.8837177569426146,1.4663791311105088,-6.461921759111148,-0.45176826731663294,-6.461921759111148,-0.45176826731663294,0.0,0.0,0.0,0.0,0.0,0.0,2.5453378642177755,2.5453378642177755,2.5453378642177755,2.555649657473245,2.555649657473245,2.877830852554404,2.877830852554404
269.0,0.269,0.001,0.499,63.042236569246434,2.217458540229135,1.1002945959545245,0.038701952553465535,5.791854013181828,-3.0495056614919176,5.791854013181828,-3.0495056614919176,5.791854013181828,-3.0495056614919176,-0.8901867437612292,1.4658643894286816,-6.468986818614613,-0.514741681827288,-6.468986818614613,-0.514741681827288,0.0,0.0,0.0,0.0,0.0,0.0,2.555681560225806,2.555681560225806,2.555681560225806,2.565955082637042,2.565955082637042,2.893029153677181,2.893029153677181
270.0,0.27,0.001,0.499,63.37396312161488,2.045256014364808,1.1060843165096432,0.035696451496882345,5.789720555118788,-3.0055010565831886,5.789720555118788,-3.0055010565831886,5.789720555118788,-3.0055010565831886,-0.8966624474983396,1.465286074442549,-6.475703737110336,-0.5783149861324595,-6.475703737110336,-0.5783149861324595,0.0,0.0,0.0,0.0,0.0,0.0,2.5659844468272968,2.5659844468272968,2.5659844468272968,2.576217839472238,2.5762178394722386,2.9083234802466094,2.9083234802466094
271.0,0.271,0.001,0.499,63.7055585429844,1.8755857528924351,1.1118717483970793,0.03273514679146975,5.787431887436008,-2.9613047054125974,5.787431887436008,-2.9613047054125974,5.787431887436008,-2.9613047054125974,-0.9031445157010098,1.4646435865625882,-6.482068202670306,-0.6424878799608318,-6.482068202670306,-0.6424878799608318,0.0,0.0,0.0,0.0,0.0,0.0,2.5762447006850167,2.5762447006850167,2.5762447006850167,2.5864361168421373,2.5864361168421373,2.9237146642870258,2.9237146642870258
272.0,0.272,0.001,0.499,64.03701405966305,1.7084580784009633,1.1176567384870209,0.02981821860039223,5.784990089941537,-2.9169281910775213,5.784990089941537,-2.9169281910775213,5.784990089941537,-2.9169281910775213,-0.9096325915992443,1.4639363265436462,-6.488075898234408,-0.7072600189419241,-6.488075898234408,-0.7072600189419241,0.0,0.0,0.0,0.0,0.0,0.0,2.5864605139463275,2.5864605139463275,2.5864605139463275,2.5966081198230744,2.5966081198230744,2.9392035004490884,2.9392035004490884
273.0,0.273,0.001,0.499,64.3683210162334,1.5438826533734815,1.123439135713935,0.02694583556579359,5.782397226914177,-2.8723830345986396,5.782397226914177,-2.8723830345986396,5.782397226914177,-2.8723830345986396,-0.9161263141024208,1.4631636955290928,-6.493722503176638,-0.7726310145535974,-6.493722503176638,-0.7726310145535974,0.0,0.0,0.0,0.0,0.0,0.0,2.596630094834999,2.596630094834999,2.596630094834999,2.6067320702561223,2.6067320702561223,2.954790744387872,2.954790744387872
274.0,0.274,0.001,0.499,64.69947087462505,1.3818684840067188,1.1292187910603824,0.024118154875459846,5.77965534644721,-2.8276806903337457,5.77965534644721,-2.8276806903337457,5.77965534644721,-2.8276806903337457,-0.9226253177973337,1.462325095095009,-6.499003694912827,-0.8386004340836304,-6.499003694912827,-0.8386004340836304,0.0,0.0,0.0,0.0,0.0,0.0,2.6067516681988794,2.6067516681988794,2.6067516681988794,2.616806207256039,2.616806207256039,2.970477111140024,2.970477111140024
275.0,0.275,0.001,0.499,65.03045521315332,1.2224239242797263,1.1349955575402362,0.021335322333831078,5.776766479853872,-2.7828325416287703,5.776766479853872,-2.7828325416287703,5.776766479853872,-2.7828325416287703,-0.9291292329478837,1.4614199272944037,-6.503915150550091,-0.9051678006054096,-6.503915150550091,-0.9051678006054096,0.0,0.0,0.0,0.0,0.0,0.0,2.6168234760167612,2.6168234760167612,2.6168234760167612,2.6268287876790923,2.6268287876790923,2.986263273501708,2.986263273501708
276.0,0.276,0.001,0.499,65.36126572552713,1.065556680258432,1.1407692901813689,0.0185974724371301,5.773732641132629,-2.737849896700977,5.773732641132629,-2.737849896700977,5.773732641132629,-2.737849896700977,-0.935637685496462,1.460447594701436,-6.508452548578259,-0.9723325929677356,-6.508452548578259,-0.9723325929677356,0.0,0.0,0.0,0.0,0.0,0.0,2.626843777861611,2.626843777861611,2.6268437778616116,2.636798086551391,2.636798086551391,3.002149860409077,3.002149860409077
277.0,0.277,0.001,0.499,65.69189421982965,0.9112738146230823,1.146539846007859,0.015904728452381237,5.770555826490218,-2.6927439847488617,5.770555826490218,-2.6927439847488617,5.770555826490218,-2.6927439847488617,-0.9421502970670654,1.4594075004556373,-6.512611570603488,-1.0400942457987103,-6.512611570603488,-1.0400942457987103,0.0,0.0,0.0,0.0,0.0,0.0,2.6368108513279145,2.6368108513279145,2.6368108513279145,2.646712397459437,2.646712397459437,3.0181374553230618,3.0181374553230618
278.0,0.278,0.001,0.499,66.02233261747469,0.7595817514059187,1.1523070840217793,0.013257202500098347,5.767238013920314,-2.647525952282889,5.767238013920314,-2.647525952282889,5.767238013920314,-2.647525952282889,-0.9486666849701897,1.4582990483061136,-6.516387903124238,-1.108452149523624,-6.516387903124238,-1.108452149523624,0.0,0.0,0.0,0.0,0.0,0.0,2.6467229924190483,2.6467229924190483,2.6467229924190483,2.656570032904585,2.656570032904585,3.034226594620267,3.034226594620267
279.0,0.279,0.001,0.499,66.35257295214217,0.6104862809267869,1.1580708651846148,0.010654995640427491,5.763781162835596,-2.6022068596708556,5.763781162835596,-2.6022068596708556,5.763781162835596,-2.6022068596708556,-0.9551864622095395,1.4571216426557168,-6.519777239349817,-1.1774056503967085,-6.519777239349817,-1.1774056503967085,0.0,0.0,0.0,0.0,0.0,0.0,2.656578515901259,2.656578515901259,2.6565785159012596,2.6663693246231275,2.6663693246231275,3.050417765991784,3.050417765991784
280.0,0.28,0.001,0.499,66.68260736869532,0.46399256491476165,1.1638310523983657,0.008098197962536113,5.760187213750946,-2.556797677891378,5.760187213750946,-2.556797677891378,5.760187213750946,-2.556797677891378,-0.9617092374906011,1.45587468860517,-6.522775281061605,-1.2469540505465782,-6.522775281061605,-1.2469540505465782,0.0,0.0,0.0,0.0,0.0,0.0,2.6663757556215475,2.6663757556215475,2.6663757556215475,2.6761086238737515,2.6761086238737515,3.0667114068517547,3.0667114068517547
281.0,0.281,0.001,0.499,67.01242812208255,0.3201051418042434,1.169587510486381,0.0055868886770473886,5.756458088015396,-2.5113092854887245,5.756458088015396,-2.5113092854887245,5.756458088015396,-2.5113092854887245,-0.9682346152311182,1.454557591997135,-6.525377740517134,-1.3170966080351114,-6.525377740517134,-1.3170966080351114,0.0,0.0,0.0,0.0,0.0,0.0,2.676113064795338,2.676113064795338,2.676113064795338,2.685786301694079,2.6857863016940793,3.083107902757527,3.083107902757527
282.0,0.28200000000000003,0.001,0.499,67.34202757622664,0.17882793219439624,1.1753401061739717,0.0031211362113253826,5.752595687590467,-2.465752465722006,5.752595687590467,-2.465752465722006,5.752595687590467,-2.465752465722006,-0.9747621955735153,1.4531697594602055,-6.5275803423970915,-1.3878325369294757,-6.5275803423970915,-1.3878325369294757,0.0,0.0,0.0,0.0,0.0,0.0,2.6857888162608146,2.6857888162608146,2.6857888162608146,2.6954007491280025,2.6954007491280025,3.099607585843252,3.099607585843252
283.0,0.28300000000000003,0.001,0.499,67.67139820290375,0.04016424446119955,1.1810887080688441,0.000700998307423828,5.748601894872437,-2.4201379039015545,5.748601894872437,-2.4201379039015545,5.748601894872437,-2.4201379039015545,-0.9812915743993107,1.4517105984528187,-6.529378825795379,-1.4591610073869214,-6.529378825795379,-1.4591610073869214,0.0,0.0,0.0,0.0,0.0,0.0,2.6954014027090603,2.6954014027090603,2.6954014027090603,2.7049503774255337,2.7049503774255337,3.11621073326878,3.11621073326878
284.0,0.28400000000000003,0.001,0.499,68.00053258061456,-0.09588321948819216,1.1868331866414004,-0.0016734778774813454,5.744478572556112,-2.3744761849051734,5.744478572556112,-2.3744761849051734,5.744478572556112,-2.3744761849051734,-0.987822343345563,1.4501795173070668,-6.530768946252259,-1.531081145751906,-6.530768946252259,-1.531081145751906,0.0,0.0,0.0,0.0,0.0,0.0,2.7049492368810264,2.7049492368810264,2.7049492368810264,2.7144336182168307,2.7144336182168307,3.132917565685717,3.132917565685717
285.0,0.28500000000000003,0.001,0.499,68.32676190543305,-0.21820644386676072,1.192526962476041,-0.003808420894543161,5.693775834640689,-2.1349430170618158,5.693775834640689,-2.1349430170618158,5.693775834640689,-2.1349430170618158,-0.9943540898233936,1.4485759252724018,-6.531746477830658,-1.6035920346650259,-6.531746477830658,-1.6035920346650259,0.0,0.0,0.0,0.0,0.0,0.0,2.714430751744667,2.714430751744667,2.714430751744667,2.747303940376218,2.747303940376218,3.149728245722504,3.149728245722504
286.0,0.28600000000000003,0.001,0.499,68.65033409932948,-0.32786280955787794,1.1981743626274355,-0.005722285521624104,5.64740015139433,-1.9138646270809423,5.64740015139433,-1.9138646270809423,5.64740015139433,-1.9138646270809423,-1.0008863970386292,1.4468992325592187,-6.53230721523564,-1.6766927131831544,-6.53230721523564,-1.6766927131831544,0.0,0.0,0.0,0.0,0.0,0.0,2.7472995450654474,2.7472995450654474,2.747299545065448,2.7778827050651196,2.7778827050651196,3.1666428764903687,3.1666428764903687
287.0,0.28700000000000003,0.001,0.499,68.97147922725473,-0.42583617451066363,1.2037794024864694,-0.007432243319308233,5.605039859033824,-1.7099577976841298,5.605039859033824,-1.7099577976841298,5.605039859033824,-1.7099577976841298,-1.0074188440146064,1.4451488503823087,-6.532446975977057,-1.7503821769100945,-6.532446975977057,-1.7503821769100945,0.0,0.0,0.0,0.0,0.0,0.0,2.7778771491647394,2.7778771491647394,2.7778771491647394,2.8063234937191597,2.8063234937191597,3.183661500112016,3.183661500112016
288.0,0.28800000000000003,0.001,0.499,69.29041068482121,-0.5130417283291002,1.209345806509189,-0.008954267359465065,5.566404022719749,-1.5220240401568326,5.566404022719749,-1.5220240401568326,5.566404022719749,-1.5220240401568326,-1.0139510056171817,1.4433241910041716,-6.532161602575343,-1.8246593781369556,-6.532161602575343,-1.8246593781369556,0.0,0.0,0.0,0.0,0.0,0.0,2.8063171024200555,2.8063171024200555,2.8063171024200555,2.832769820870301,2.832769820870301,3.200784096274889,3.200784096274889
289.0,0.289,0.001,0.499,69.60732630956458,-0.5903305365753213,1.2148770276119758,-0.010303211538304166,5.531221102786626,-1.3489441788391012,5.531221102786626,-1.3489441788391012,5.531221102786626,-1.3489441788391012,-1.020482452581992,1.4414246677781803,-6.531446964810427,-1.8995232259913646,-6.531446964810427,-1.8995232259913646,0.0,0.0,0.0,0.0,0.0,0.0,2.8327628733232575,2.8327628733232575,2.8327628733232575,2.8573557497471644,2.8573557497471644,3.218010580810824,3.218010580810824
290.0,0.29,0.001,0.499,69.92240942036632,-0.6584937939460711,1.220376265312892,-0.011492884808308044,5.499237700916119,-1.1896732700038772,5.499237700916119,-1.1896732700038772,5.499237700916119,-1.1896732700038772,-1.0270127515440057,1.4394496951915858,-6.530298962013686,-1.974972586594512,-6.530298962013686,-1.974972586594512,0.0,0.0,0.0,0.0,0.0,0.0,2.857348479740654,2.857348479740654,2.857348479740654,2.880206479735249,2.8802064797352496,3.2353408043039398,3.2353408043039398
291.0,0.291,0.001,0.499,70.2358297894239,-0.7182668043926642,1.2258464826957627,-0.012536120644430061,5.470217382870723,-1.043235836122017,5.470217382870723,-1.043235836122017,5.470217382870723,-1.043235836122017,-1.0335414650694086,1.437398688908361,-6.5287135254028525,-2.051006283224914,-6.5287135254028525,-2.051006283224914,0.0,0.0,0.0,0.0,0.0,0.0,2.880199078525966,2.880199078525966,2.880199078525966,2.9014389038240513,2.9014389038240513,3.252774550728523,3.252774550728523
292.0,0.292,0.001,0.499,70.54774455094902,-0.7703327052088115,1.231290422269949,-0.013444842041688634,5.443939574186352,-0.9087213972585734,5.443939574186352,-0.9087213972585734,5.443939574186352,-0.9087213972585734,-1.0400681516898684,1.4352710658118732,-6.526686620459778,-2.1276230964876475,-6.526686620459778,-2.1276230964876475,0.0,0.0,0.0,0.0,0.0,0.0,2.901431524125436,2.901431524125436,2.901431524125436,2.9211621354919504,2.9211621354919504,3.2703115361187183,3.2703115361187183
293.0,0.293,0.001,0.499,70.8582990505612,-0.8153259511101658,1.2367106207950649,-0.01423012232382671,5.4201985251159215,-0.785280282138076,5.4201985251159215,-0.785280282138076,5.4201985251159215,-0.785280282138076,-1.0465923659392193,1.4330662440473856,-6.524214249350911,-2.2048217644876886,-6.524214249350911,-2.2048217644876886,0.0,0.0,0.0,0.0,0.0,0.0,2.9211548959645044,2.9211548959645044,2.9211548959645044,2.9394780053243172,2.9394780053243172,3.2879514072717466,3.2879514072717466
294.0,0.294,0.001,0.499,71.16762763913125,-0.8538355733758297,1.2421094231361591,-0.014902242026061864,5.398802341094218,-0.672119702235154,5.398802341094218,-0.672119702235154,5.398802341094218,-0.672119702235154,-1.0531136583926097,1.4307836430643797,-6.52129245339035,-2.282600983005829,-6.52129245339035,-2.282600983005829,0.0,0.0,0.0,0.0,0.0,0.0,2.939470995152305,2.939470995152305,2.939470995152305,2.9564815281857864,2.956481528185786,3.3056937404863875,3.3056937404863875
295.0,0.295,0.001,0.499,71.47585441461719,-0.886408228215832,1.247488995211194,-0.01547074209913557,5.379572075034982,-0.5685000730737064,5.379572075034982,-0.5685000730737064,5.379572075034982,-0.5685000730737064,-1.0596315757081551,1.4284226836587042,-6.51791731554531,-2.3609594056755108,-6.51791731554531,-2.3609594056755108,0.0,0.0,0.0,0.0,0.0,0.0,2.9564748114822867,2.9564748114822867,2.9564748114822867,2.9722613420810835,2.9722613420810835,3.3235380403384083,3.3235380403384083
296.0,0.296,0.001,0.499,71.78309391522886,-0.9135510476694514,1.252851336089051,-0.015944473666875597,5.362340877856915,-0.4737315677400255,5.362340877856915,-0.4737315677400255,5.362340877856915,-0.4737315677400255,-1.066145660671139,1.4259827880145455,-6.514084962983804,-2.4398956441587503,-6.514084962983804,-2.4398956441587503,0.0,0.0,0.0,0.0,0.0,0.0,2.9722549619784253,2.9722549619784253,2.9722549619784253,2.9869001200121237,2.9869001200121237,3.3414837384946185,3.3414837384946185
297.0,0.297,0.001,0.499,72.08945176705784,-0.9357343055264312,1.2581982892928036,-0.016331644555298796,5.346953203752768,-0.3871708884231988,5.346953203752768,-0.3871708884231988,5.346953203752768,-0.3871708884231988,-1.0726554522408034,1.4234633797462264,-6.509791569664365,-2.5194082683191557,-6.509791569664365,-2.5194082683191557,0.0,0.0,0.0,0.0,0.0,0.0,2.986894102357928,2.986894102357928,2.9868941023579283,3.0004749562201085,3.000474956220108,3.359530192567138,3.359530192567138
298.0,0.298,0.001,0.499,72.3950252891174,-0.9533939099953629,1.2635315533596583,-0.016639862797881558,5.33326406685455,-0.3082182425827602,5.33326406685455,-0.3082182425827602,5.33326406685455,-0.3082182425827602,-1.079160485599771,1.4208638839398364,-6.505033358967567,-2.5994958063898608,-6.505033358967567,-2.5994958063898608,0.0,0.0,0.0,0.0,0.0,0.0,3.0004693128528213,3.0004693128528213,3.0004693128528217,3.0130577282227353,3.0130577282227353,3.3776766850094964,3.3776766850094964
299.0,0.299,0.001,0.499,72.69990405855415,-0.9669337341193204,1.2688526917057583,-0.016876177308985572,5.321138346100065,-0.23631451110401475,5.321138346100065,-0.23631451110401475,5.321138346100065,-0.23631451110401475,-1.08566029220614,1.4181837271947024,-6.499806606369145,-2.6801567451340116,-6.499806606369145,-2.6801567451340116,0.0,0.0,0.0,0.0,0.0,0.0,3.013052459828421,3.013052459828421,3.013052459828421,3.024715436039823,3.024715436039823,3.3959224220560773,3.3959224220560773
300.0,0.3,0.001,0.499,73.00417043861955,-0.9767277942565152,1.274163141841024,-0.01704711590551795,5.310450135265586,-0.17093859653237756,5.310450135265586,-0.17093859653237756,5.310450135265586,-0.17093859653237756,-1.0921543998482945,1.4154223376647073,-6.494107642154468,-2.7613895299952373,-6.494107642154468,-2.7613895299952373,0.0,0.0,0.0,0.0,0.0,0.0,3.0247105346098664,3.0247105346098664,3.0247105346098664,3.035510519960321,3.035510519960321,3.4142665327064265,3.4142665327064265
301.0,0.301,0.001,0.499,73.30790007182397,-0.9831222863014886,1.2794642239763159,-0.01715872084569532,5.3010821352918525,-0.11160494017737142,5.3010821352918525,-0.11160494017737142,5.3010821352918525,-0.11160494017737142,-1.0986423327024686,1.412579145099472,-6.487932854174127,-2.8431925652353263,-6.487932854174127,-2.8431925652353263,0.0,0.0,0.0,0.0,0.0,0.0,3.035505970880249,3.035505970880249,3.035505970880249,3.0455011581494325,3.045501158149433,3.43270806775586,3.43270806775586
302.0,0.302,0.001,0.499,73.61116234054171,-0.986437488718303,1.2847571490625083,-0.017216582043238806,5.292925086192434,-0.05786119754348462,5.292925086192434,-0.05786119754348462,5.292925086192434,-0.05786119754348462,-1.1051236113931089,1.4096535808854158,-6.481278690640389,-2.9255642140561,-6.481278690640389,-2.9255642140561,0.0,0.0,0.0,0.0,0.0,0.0,3.045496941954266,3.045496941954266,3.0454969419542657,3.054741545332864,3.0547415453328637,3.451245998873779,3.451245998873779
303.0,0.303,0.001,0.499,73.91402079718834,-0.9869695408894272,1.2900430262985005,-0.01722586810541731,5.285877235992353,-0.009286062178504173,5.285877235992353,-0.009286062178504173,5.285877235992353,-0.009286062178504173,-1.1115977530560732,1.4066450780867135,-6.4741416629642705,-3.0085027987022466,-6.4741416629642705,-3.0085027987022466,0.0,0.0,0.0,0.0,0.0,0.0,3.054737639166002,3.054737639166002,3.054737639166002,3.063282153730173,3.063282153730173,3.46987921773104,3.46987921773104
304.0,0.304,0.001,0.499,74.21653356595482,-0.9849921047506466,1.2953228701427997,-0.017191355334047663,5.279843844299044,0.03451277136964718,5.279843844299044,0.03451277136964718,5.279843844299044,0.03451277136964718,-1.1180642714047062,1.403553071486172,-6.466518348632988,-3.092006600541617,-6.466518348632988,-3.092006600541617,0.0,0.0,0.0,0.0,0.0,0.0,3.0632785325424394,3.0632785325424394,3.0632785325424394,3.071169977343552,3.071169977343552,3.488606535177685,3.488606535177685
305.0,0.305,0.001,0.499,74.51875371795357,-0.980757917181503,1.3005976068610556,-0.017117454819819092,5.274736718255991,0.07390051422856984,5.274736718255991,0.07390051422856984,5.274736718255991,0.07390051422856984,-1.1245226767988337,1.4003769976260527,-6.458405394127536,-3.1760738601192298,-6.458405394127536,-3.1760738601192298,0.0,0.0,0.0,0.0,0.0,0.0,3.071166614865931,3.071166614865931,3.0711666148659313,3.0784487606438713,3.0784487606438713,3.507426680472257,3.507426680472257
306.0,0.306,0.001,0.499,74.82072962151152,-0.9745002401506866,1.3058680806398266,-0.017008237752104922,5.270473778771068,0.10921706771416864,5.270473778771068,0.10921706771416864,5.270473778771068,0.10921706771416864,-1.130972476316714,1.3971162948488718,-6.449799517880173,-3.26070277718095,-6.449799517880173,-3.26070277718095,0.0,0.0,0.0,0.0,0.0,0.0,3.0784456301659042,3.0784456301659042,3.0784456301659042,3.085159212633356,3.085159212633356,3.526338300563898,3.526338300563898
307.0,0.307,0.001,0.499,75.12250526923114,-0.9664342151746834,1.3111350592948727,-0.01686745905872557,5.26697865504614,0.1407786933793507,5.26697865504614,0.1407786933793507,5.26697865504614,0.1407786933793507,-1.1374131738299855,1.3937704033382092,-6.440697513271584,-3.3458915106625136,-6.440697513271584,-3.3458915106625136,0.0,0.0,0.0,0.0,0.0,0.0,3.085156287617669,3.085156287617669,3.085156287617669,3.0913392072046557,3.0913392072046557,3.5453399594283574,3.5453399594283574
308.0,0.308,0.001,0.499,75.42412058333574,-0.9567581282341834,1.3163992396004347,-0.01669857948290462,5.264180305561874,0.16887957582094865,5.264180305561874,0.16887957582094865,5.264180305561874,0.16887957582094865,-1.1438442700816531,1.39033876515957,-6.431096251667531,-3.431638178639263,-6.431096251667531,-3.431638178639263,0.0,0.0,0.0,0.0,0.0,0.0,3.091336461761175,3.091336461761175,3.091336461761175,3.0970239706592384,3.0970239706592384,3.564430137458955,3.564430137458955
309.0,0.309,0.001,0.499,75.72561170071539,-0.9456545909046324,1.3216612522642264,-0.016504786197885857,5.262012663791687,0.19379328501876295,5.262012663791687,0.19379328501876295,5.262012663791687,0.19379328501876295,-1.150265262767148,1.3868208243013385,-6.420992685494812,-3.5179408582316363,-6.420992685494812,-3.5179408582316363,0.0,0.0,0.0,0.0,0.0,0.0,3.0970213799013795,3.0970213799013795,3.0970213799013795,3.1022462571946443,3.1022462571946443,3.583607230913525,3.583607230913525
310.0,0.31,0.001,0.499,76.02701123899854,-0.9332916430933594,1.326921666571258,-0.016289012053326918,5.260414307031672,0.21577414455893995,5.260414307031672,0.21577414455893995,5.260414307031672,0.21577414455893995,-1.1566756466185042,1.3832160267158773,-6.4103838513563725,-3.6047975854611134,-6.4103838513563725,-3.6047975854611134,0.0,0.0,0.0,0.0,0.0,0.0,3.1022437974997965,3.1022437974997965,3.1022437974997965,3.1070365131195503,3.1070365131195503,3.602869551418262,3.602869551418262
311.0,0.311,0.001,0.499,76.32834854488678,-0.9198237824344591,1.3321809947180971,-0.016053953541629293,5.259328146839228,0.23505851169762518,5.259328146839228,0.23505851169762518,5.259328146839228,0.23505851169762518,-1.1630749134916896,1.3795238203608264,-6.399266873185469,-3.6922063550509616,-6.399266873185469,-3.6922063550509616,0.0,0.0,0.0,0.0,0.0,0.0,3.107034162309553,3.107034162309553,3.107034162309553,3.1114230305082042,3.1114230305082042,3.622215325529351,3.622215325529351
312.0,0.312,0.001,0.499,76.62964992591064,-0.9053929250726852,1.3374396958577695,-0.015802087566780677,5.258701139672326,0.2518659748486156,5.258701139672326,0.2518659748486156,5.258701139672326,0.2518659748486156,-1.1694625524571283,1.3757436552406608,-6.387638965438805,-3.7801651201657567,-6.387638965438805,-3.7801651201657567,0.0,0.0,0.0,0.0,0.0,0.0,3.1114207679636516,3.1114207679636516,3.1114207679636516,3.115432090961318,3.115432090961318,3.641642694353188,3.641642694353188
313.0,0.313,0.001,0.499,76.93093886668817,-0.8901293022677125,1.3426981798741835,-0.01553568709305141,5.258484016414141,0.266400473729268,5.258484016414141,0.266400473729268,5.258484016414141,0.266400473729268,-1.1758380498934569,1.3718749834485775,-6.375497436328614,-3.868671792083258,-6.375497436328614,-3.868671792083258,0.0,0.0,0.0,0.0,0.0,0.0,3.115429897682529,3.115429897682529,3.115429897682529,3.1190881000986406,3.1190881000986406,3.6611497132259307,3.6611497132259307
314.0,0.314,0.001,0.499,77.23223623069818,-0.8741522969690106,1.347956810903738,-0.015256835745980484,5.258631029554485,0.2788513470709254,5.258631029554485,0.2788513470709254,5.258631029554485,0.2788513470709254,-1.1822008895845506,1.3679172592087856,-6.362839691093716,-3.957724239791806,-6.362839691093716,-3.957724239791806,0.0,0.0,0.0,0.0,0.0,0.0,3.119085958727247,3.119085958727247,3.119085958727247,3.1224137133694168,3.1224137133694168,3.6807343514530584,3.6807343514530584
315.0,0.315,0.001,0.499,77.53356044851387,-0.8575712242481078,1.3532159106206185,-0.014967441433488115,5.259099716880493,0.2893943124923688,5.259099716880493,0.2893943124923688,5.259099716880493,0.2893943124923688,-1.1885505528198603,1.3638699389192797,-6.349663235309643,-4.047320289505989,-6.349663235309643,-4.047320289505989,0.0,0.0,0.0,0.0,0.0,0.0,3.122411608174035,3.122411608174035,3.122411608174035,3.1254299537300994,3.1254299537300994,3.700394492109543,3.700394492109543
316.0,0.316,0.001,0.499,77.8349215275712,-0.8404603294659637,1.3584756536875318,-0.014668799981577382,5.2597430669132725,0.2986414519107328,5.2597430669132725,0.2986414519107328,5.2597430669132725,0.2986414519107328,-1.1948865184980983,1.3597324811951867,-6.335965678237992,-4.137457724092861,-6.335965678237992,-4.137457724092861,0.0,0.0,0.0,0.0,0.0,0.0,3.125427870567756,3.125427870567756,3.125427870567756,3.128210661664707,3.128210661664707,3.7201279319011795,3.7201279319011795
317.0,0.317,0.001,0.499,78.13631111606358,-0.8228173093121842,1.3637358943379547,-0.014360871189898214,5.260240650422891,0.3079287916791668,5.260240650422891,0.3079287916791668,5.260240650422891,0.3079287916791668,-1.2012082632343135,1.3555043469127863,-6.321744736215233,-4.228134282400541,-6.321744736215233,-4.228134282400541,0.0,0.0,0.0,0.0,0.0,0.0,3.1282085903276604,3.1282085903276604,3.1282085903276604,3.1309173264738024,3.1309173264738024,3.7399323810875313,3.7399323810875313
318.0,0.318,0.001,0.499,78.43772090432994,-0.8046400651523162,1.3689964875409415,-0.014043618430369607,5.260593202986692,0.3172527595286078,5.260593202986692,0.3172527595286078,5.260593202986692,0.3172527595286078,-1.2075152614703948,1.3511849992543057,-6.306998236081311,-4.319347658480527,-6.306998236081311,-4.319347658480527,0.0,0.0,0.0,0.0,0.0,0.0,3.13091526421329,3.13091526421329,3.1309152642132894,3.133549439884112,3.133549439884112,3.759805463466925,3.759805463466925
319.0,0.319,0.001,0.499,78.73914262470765,-0.7859267006352328,1.3742572889985583,-0.013717008605420623,5.260801457616822,0.32660982494898483,5.260801457616822,0.32660982494898483,5.260801457616822,0.32660982494898483,-1.2138069855890432,1.346773903753611,-6.291724118648447,-4.411095500694527,-6.291724118648447,-4.411095500694527,0.0,0.0,0.0,0.0,0.0,0.0,3.133547383804469,3.133547383804469,3.133547383804469,3.1361065026808768,3.1361065026808763,3.779744716423797,3.779744716423797
320.0,0.32,0.001,0.499,79.04056805137755,-0.7666755192610939,1.3795181551431768,-0.013381012105543292,5.260866144618407,0.33599649987733043,5.260866144618407,0.33599649987733043,5.260866144618407,0.33599649987733043,-1.220082906031254,1.3422705283429148,-6.275920442210666,-4.503375410696123,-6.275920442210666,-4.503375410696123,0.0,0.0,0.0,0.0,0.0,0.0,3.1361044497407655,3.1361044497407655,3.1361044497407655,3.1385880248067934,3.1385880248067934,3.7997475910386918,3.7997475910386918
321.0,0.321,0.001,0.499,79.34198900020064,-0.7468850219105283,1.3847789431346251,-0.013035602766168707,5.260787991448392,0.345409339374586,5.260787991448392,0.345409339374586,5.260787991448392,0.345409339374586,-1.2263424914173486,1.337674343400638,-6.259585386094686,-4.596184942276959,-6.259585386094686,-4.596184942276959,0.0,0.0,0.0,0.0,0.0,0.0,3.138585971820444,3.138585971820444,3.1385859718204445,3.140993525458905,3.140993525458905,3.8198114522611095,3.8198114522611095
322.0,0.322,0.001,0.499,79.64339732854695,-0.7265539043357244,1.3900395108572003,-0.012680757823878296,5.260567722575187,0.35484494229041036,5.260567722575187,0.35484494229041036,5.260567722575187,0.35484494229041036,-1.2325852086716016,1.3329848218005713,-6.242717254252942,-4.689521600066642,-6.242717254252942,-4.689521600066642,0.0,0.0,0.0,0.0,0.0,0.0,3.1409914690968255,3.1409914690968255,3.1409914690968255,3.1433225331832935,3.1433225331832935,3.8399335791453426,3.8399335791453426
323.0,0.323,0.001,0.499,79.94478493511625,-0.7056810546141575,1.3952997169165398,-0.012316457871962972,5.260206059339301,0.3642999519153241,5.260206059339301,0.3642999519153241,5.260206059339301,0.3642999519153241,-1.238810523150501,1.3282014389624965,-6.225314478899618,-4.7833828380748695,-6.225314478899618,-4.7833828380748695,0.0,0.0,0.0,0.0,0.0,0.0,3.1433204699744586,3.1433204699744586,3.1433204699744586,3.1455745859674913,3.1455745859674913,3.860111165149387,3.860111165149387
324.0,0.324,0.001,0.499,80.24614375975091,-0.6842655505657129,1.400559420636355,-0.011942686815343438,5.259703719815115,0.373771056619533,5.259703719815115,0.373771056619533,5.259703719815115,0.373771056619533,-1.2450178987746918,1.3233236729044329,-6.207375624190757,-4.877766058063721,-6.207375624190757,-4.877766058063721,0.0,0.0,0.0,0.0,0.0,0.0,3.1455725123002956,3.1455725123002956,3.1455725123002956,3.1477492313305855,3.1477492313305855,3.8803413184969564,3.8803413184969564
325.0,0.325,0.001,0.499,80.54746578324102,-0.662306657134009,1.405818482055029,-0.011559431824865648,5.259061418673966,0.38325499047779005,5.259061418673966,0.38325499047779005,5.259061418673966,0.38325499047779005,-1.2512067981646415,1.3183510042966955,-6.188899389949631,-4.972668607737372,-6.188899389949631,-4.972668607737372,0.0,0.0,0.0,0.0,0.0,0.0,3.147747143455593,3.147747143455593,3.147747143455593,3.1498460264108727,3.1498460264108727,3.9006210626025473,3.9006210626025473
326.0,0.326,0.001,0.499,80.84874302712151,-0.6398038237327529,1.4110767619220776,-0.011166683290985975,5.258279867048681,0.392748533879673,5.258279867048681,0.392748533879673,5.258279867048681,0.392748533879673,-1.2573766827800803,1.3132829165179596,-6.169884615438749,-5.068087778735821,-6.169884615438749,-5.068087778735821,0.0,0.0,0.0,0.0,0.0,0.0,3.1498439204423785,3.1498439204423785,3.1498439204423785,3.1518645380510204,3.151864538051021,3.9209473365594696,3.9209473365594696
327.0,0.327,0.001,0.499,81.14996755346188,-0.6167566815580009,1.4163341216944774,-0.010764434776861306,5.257359772399741,0.4022485141246695,5.257359772399741,0.4022485141246695,5.257359772399741,0.4022485141246695,-1.2635270130632603,1.308118895713541,-6.150330283180047,-5.164020804418521,-6.150330283180047,-5.164020804418521,0.0,0.0,0.0,0.0,0.0,0.0,3.151862409969089,3.151862409969089,3.1518624099690893,3.153804342880654,3.153804342880654,3.941316995690711,3.941316995690711
328.0,0.328,0.001,0.499,81.45113146464809,-0.5931650408672267,1.4215904235328605,-0.010352682970859827,5.256301838383203,0.4117518060014788,5.256301838383203,0.4117518060014788,5.256301838383203,0.4117518060014788,-1.2696572485860853,1.302858430856118,-6.130235522825006,-5.260464857423066,-6.130235522825006,-5.260464857423066,0.0,0.0,0.0,0.0,0.0,0.0,3.1538021885348457,3.1538021885348457,3.1538021885348457,3.155665027396291,3.155665027396291,3.9617268121624156,3.9617268121624156
329.0,0.329,0.001,0.499,81.75222690315724,-0.5690288882261361,1.426845530297581,-0.00993142763850887,5.255106764720561,0.42125533235095675,5.255106764720561,0.42125533235095675,5.255106764720561,0.42125533235095675,-1.275766848201162,1.2975010138091345,-6.109599615076653,-5.357417046983349,-6.109599615076653,-5.357417046983349,0.0,0.0,0.0,0.0,0.0,0.0,3.155662842506415,3.155662842506415,3.155662842506415,3.157446188038566,3.157446188038566,3.98217347565976,3.98217347565976
330.0,0.33,0.001,0.499,82.05324605132468,-0.5443483837241955,1.4320993055446518,-0.009500671573896724,5.253775247070664,0.4307560646121472,5.253775247070664,0.4307560646121472,5.253775247070664,0.4307560646121472,-1.2818552701968275,1.2920461393931437,-6.088421995665589,-5.454874415990814,-6.088421995665589,-5.454874415990814,0.0,0.0,0.0,0.0,0.0,0.0,3.157443968199333,3.157443968199333,3.157443968199333,3.1591474312666596,3.1591474312666596,4.002653594124932,4.002653594124932
331.0,0.331,0.001,0.499,82.35418113110417,-0.5191238581598756,1.4373516135215556,-0.009060420550545862,5.252307976903862,0.44025102335086175,5.252307976903862,0.44025102335086175,5.252307976903862,0.44025102335086175,-1.28792197245621,1.286493305455362,-6.066702259382464,-5.552833937781619,-6.066702259382464,-5.552833937781619,0.0,0.0,0.0,0.0,0.0,0.0,3.15914517194968,3.15914517194968,3.15914517194968,3.1607683736298875,3.1607683736298875,4.023163694556892,4.023163694556892
332.0,0.332,0.001,0.499,82.65502440382068,-0.49335581019663965,1.442602319162934,-0.008610683271775575,5.250705641378519,0.4497372787702873,5.250705641378519,0.4497372787702873,5.250705641378519,0.4497372787702873,-1.2939664126203796,1.2808420129427303,-6.044440164169514,-5.651292512631714,-6.044440164169514,-5.651292512631714,0.0,0.0,0.0,0.0,0.0,0.0,3.1607660701870226,3.1607660701870226,3.160766070187023,3.162308641836363,3.162308641836363,4.043700223872577,4.043700223872577
333.0,0.333,0.001,0.499,82.95576816991651,-0.46704490349073335,1.447851288086154,-0.008151471320572454,5.248968923220022,0.45921195120312003,5.248968923220022,0.45921195120312003,5.248968923220022,0.45921195120312003,-1.2999880482556536,1.2750917659787893,-6.021635635274064,-5.750246963940957,-6.021635635274064,-5.750246963940957,0.0,0.0,0.0,0.0,0.0,0.0,3.162306289503116,3.162306289503116,3.162306289503116,3.1637678728186893,3.1637678728186898,4.064259549829154,4.064259549829154
334.0,0.334,0.001,0.499,83.25640476869046,-0.4401919637918653,1.4530983865867564,-0.007682799108987713,5.247098500602434,0.4686722115847418,5.247098500602434,0.4686722115847418,5.247098500602434,0.4686722115847418,-1.3059863370251208,1.2692420719447026,-5.998288769467147,-5.8496940340865375,-5.998288769467147,-5.8496940340865375,0.0,0.0,0.0,0.0,0.0,0.0,3.1637654667182216,3.1637654667182216,3.1637654667182216,3.1651457137966297,3.1651457137966297,4.08483796200693,4.08483796200693
335.0,0.335,0.001,0.499,83.55692657803041,-0.412797976017888,1.4583434816337892,-0.007204683827080736,5.245095047032936,0.478115281906976,5.245095047032936,0.478115281906976,5.245095047032936,0.478115281906976,-1.3119607368644515,1.2632924415647775,-5.974399839330679,-5.949630379925049,-5.974399839330679,-5.949630379925049,0.0,0.0,0.0,0.0,0.0,0.0,3.165143248942461,3.165143248942461,3.165143248942461,3.166441822336669,3.1664418223366684,4.105431672852498,4.105431672852498
336.0,0.336,0.001,0.499,83.85732601413956,-0.3848640813046192,1.4635864408650283,-0.006717145391428758,5.242959231239163,0.48753843565197813,5.242959231239163,0.48753843565197813,5.242959231239163,0.48753843565197813,-1.3179107061620683,1.2572423889968558,-5.949969297616909,-6.050052567921639,-5.949969297616909,-6.050052567921639,0.0,0.0,0.0,0.0,0.0,0.0,3.1664392936371297,3.1664392936371297,3.1664392936371297,3.167655866408457,3.1676558664084564,4.126036818781693,4.126036818781693
337.0,0.337,0.001,0.499,84.15759553125625,-0.35639157403196564,1.4688271325820879,-0.006220206393222923,5.240691717059595,0.49693899820583554,5.240691717059595,0.49693899820583554,5.240691717059595,0.49693899820583554,-1.3238357039437525,1.251091431927972,-5.924997781684185,-6.1509570688837165,-5.924997781684185,-6.1509570688837165,0.0,0.0,0.0,0.0,0.0,0.0,3.1676532686705987,3.1676532686705987,3.1676532686705987,3.168787524438042,3.168787524438042,4.146649461341928,4.146649461341928
338.0,0.338,0.001,0.499,84.45772762136768,-0.32738189882753505,1.4740654257454249,-0.00571389204597145,5.2382931633371,0.5063143472514733,5.2382931633371,0.5063143472514733,5.2382931633371,0.5063143472514733,-1.3297351900617658,1.2448390916756964,-5.899486118013356,-6.252340252275719,-5.899486118013356,-6.252340252275719,0.0,0.0,0.0,0.0,0.0,0.0,3.1687848523714712,3.1687848523714712,3.1687848523714712,3.169836485357884,3.169836485357884,4.167265588433499,4.167265588433499
339.0,0.339,0.001,0.499,84.75771481391791,-0.2978366475489439,1.4793011899692405,-0.00519823013283097,5.235764223815769,0.5156619131404798,5.235764223815769,0.5156619131404798,5.235764223815769,0.5156619131404798,-1.3356086253885753,1.2384848932956058,-5.873435326809485,-6.3541983800904465,-5.873435326809485,-6.3541983800904465,0.0,0.0,0.0,0.0,0.0,0.0,3.1698337335793636,3.1698337335793636,3.1698337335793636,3.1708024486535646,3.1708024486535646,4.187881115589423,4.187881115589423
340.0,0.34,0.001,0.499,85.05754967550988,-0.26775755624604997,1.4845342955162817,-0.00467325095358748,5.233105547041152,0.5249791792434899,5.233105547041152,0.5249791792434899,5.233105547041152,0.5249791792434899,-1.3414554720152692,1.2320283656953543,-5.846846626693856,-6.4565276002515,-5.846846626693856,-6.4565276002515,0.0,0.0,0.0,0.0,0.0,0.0,3.1707996116907875,3.1707996116907875,3.170799611690787,3.171685124407191,3.171685124407191,4.208491887313453,4.208491887313453
341.0,0.341,0.001,0.499,85.35722480960204,-0.2371465021043575,1.4897646132925457,-0.0041389872713087,5.230317776264014,0.5342636822787805,5.230317776264014,0.5342636822787805,5.230317776264014,0.5342636822787805,-1.3472751934547609,1.225469041755834,-5.819721439491612,-6.55932393952029,-5.819721439491612,-6.55932393952029,0.0,0.0,0.0,0.0,0.0,0.0,3.171682196704052,3.171682196704052,3.171682196704052,3.172484233337429,3.172484233337429,4.229093678475884,4.229093678475884
342.0,0.342,0.001,0.499,85.65673285619982,-0.20600550037086196,1.4949920148418934,-0.0035954742586899405,5.227401549347715,0.5435130126187591,5.227401549347715,0.5435130126187591,5.227401549347715,0.5435130126187591,-1.3530672548498817,1.218806458459954,-5.792061395120688,-6.6625832958800935,-5.792061395120688,-6.6625832958800935,0.0,0.0,0.0,0.0,0.0,0.0,3.1724812092575303,3.1724812092575303,3.17248120925753,3.1731995068361307,3.1731995068361307,4.2496821957668445,4.2496821957668445
343.0,0.343,0.001,0.499,85.95606649154166,-0.17433670126361836,1.5002163723405726,-0.003042749444115899,5.224357498679326,0.5527248145740414,5.224357498679326,0.5527248145740414,5.224357498679326,0.5527248145740414,-1.3588311231864698,1.2120401570295856,-5.763868336588072,-6.766301430368591,-5.763868336588072,-6.766301430368591,0.0,0.0,0.0,0.0,0.0,0.0,3.173196380668051,3.173196380668051,3.1731963806680517,3.173830687001532,3.1738306870015323,4.270253079206821,4.270253079206821
344.0,0.34400000000000003,0.001,0.499,86.25521842778053,-0.1421423868663331,1.505437558591657,-0.0024808526574610574,5.221186251084577,0.5618967866548417,5.221186251084577,0.5618967866548417,5.221186251084577,0.5618967866548417,-1.3645662675115695,1.2051696830712564,-5.735144325099774,-6.870473958329249,-5.735144325099774,-6.870473958329249,0.0,0.0,0.0,0.0,0.0,0.0,3.1738274529641397,3.1738274529641397,3.1738274529641393,3.1743775266679957,3.1743775266679957,4.290801903714167,4.290801903714167
345.0,0.34500000000000003,0.001,0.499,86.55418141266057,-0.10942496800929384,1.5106554470194038,-0.0019098259756516426,5.217888427746739,0.5710266818094147,5.217888427746739,0.5710266818094147,5.217888427746739,0.5710266818094147,-1.3702721591568607,1.1981945867312054,-5.70589164529123,-6.975096340050919,-5.70589164529123,-6.975096340050919,0.0,0.0,0.0,0.0,0.0,0.0,3.174374178913833,3.174374178913833,3.174374178913833,3.174839789432237,3.174839789432237,4.3113241807295095,4.3113241807295095
346.0,0.34600000000000003,0.001,0.499,86.85294822918938,-0.07618698113796617,1.5158699116635332,-0.0013297136680123257,5.214464644129532,0.5801123076393169,5.214464644129532,0.5801123076393169,5.214464644129532,0.5801123076393169,-1.375948271967446,1.1911144228604413,-5.67611281058523,-7.08016387076394,-5.67611281058523,-7.08016387076394,0.0,0.0,0.0,0.0,0.0,0.0,3.174836322053762,3.174836322053762,3.174836322053762,3.1752172496760593,3.175217249676059,4.331815359896952,4.331815359896952
347.0,0.34700000000000003,0.001,0.499,87.15151169530614,-0.04243108517059699,1.5210808271734373,-0.0007405621414210573,5.210915509904142,0.5891515265912685,5.210915509904142,0.5891515265912685,5.210915509904142,0.5891515265912685,-1.3815940825361308,1.1839287511904812,-5.645810568684826,-7.185671669960071,-5.645810568684826,-7.185671669960071,0.0,0.0,0.0,0.0,0.0,0.0,3.1752136567099503,3.1752136567099503,3.1752136567099503,3.175509692585522,3.1755096925855226,4.352270830802155,4.352270830802155
348.0,0.34800000000000003,0.001,0.499,87.44986466354582,-0.008160058346176799,1.5262880688023177,-0.00014241988529562838,5.207241628880435,0.5981422561254289,5.207241628880435,0.5981422561254289,5.207241628880435,0.5981422561254289,-1.3872090704433397,1.1766371365204786,-5.614987907208982,-7.291614670002524,-5.614987907208982,-7.291614670002524,0.0,0.0,0.0,0.0,0.0,0.0,3.1755059680178728,3.1755059680178728,3.1755059680178728,3.1757169141665775,3.1757169141665775,4.372685924767406,4.372685924767406
349.0,0.34900000000000003,0.001,0.499,87.74800002069959,0.026623204935878407,1.5314915124012602,0.000464662583564284,5.203443598942448,0.6070824688599123,5.203443598942448,0.6070824688599123,5.203443598942448,0.6070824688599123,-1.3927927185028188,1.1692391489164873,-5.583648059479107,-7.397987603991436,-5.583648059479107,-7.397987603991436,0.0,0.0,0.0,0.0,0.0,0.0,3.1757130519378425,3.1757130519378425,3.1757130519378425,3.175838721257109,3.175838721257109,4.393055916703959,4.393055916703959
350.0,0.35000000000000003,0.001,0.499,88.04591068747189,0.0619156972829555,1.5366910344132485,0.0010806327762556806,5.199522011988228,0.6159701926913965,5.199522011988228,0.6159701926913965,5.199522011988228,0.6159701926913965,-1.3983445130132837,1.1617343639236382,-5.551794510464916,-7.504784992849179,-5.551794510464916,-7.504784992849179,0.0,0.0,0.0,0.0,0.0,0.0,3.175834715267763,3.175834715267763,3.175834715267763,3.1758749315353905,3.1758749315353905,4.413376027022033,4.413376027022033
351.0,0.35100000000000003,0.001,0.499,88.34358961813425,0.09771430148200613,1.5418865118671226,0.0017054362871473817,5.195477453874089,0.624803510891701,5.195477453874089,0.624803510891701,5.195477453874089,0.624803510891701,-1.403863944016182,1.1541223627920492,-5.519431002898358,-7.612001131589004,-5.519431002898358,-7.612001131589004,0.0,0.0,0.0,0.0,0.0,0.0,3.1758707756501856,3.1758707756501856,3.1758707756501856,3.1758253735249338,3.1758253735249338,4.433641423599007,4.433641423599007
352.0,0.352,0.001,0.499,88.64102980017618,0.13401579367645938,1.5470778223714858,0.0023390168493276123,5.1913105043633445,0.6335805621802306,5.1913105043633445,0.6335805621802306,5.1913105043633445,0.6335805621802306,-1.4093505055597466,1.1464027327173194,-5.486561543564672,-7.719630074729728,-5.486561543564672,-7.719630074729728,0.0,0.0,0.0,0.0,0.0,0.0,3.1758210615791587,3.1758210615791587,3.1758210615791587,3.175689886595753,3.175689886595753,4.453847223806504,4.453847223806504
353.0,0.353,0.001,0.499,88.93822425395346,0.1708168465458976,1.5522648441085654,0.002981316390099816,5.187021737079592,0.6422995407722035,5.187021737079592,0.6422995407722035,5.187021737079592,0.6422995407722035,-1.4148036959695265,1.1385750670965011,-5.45319040977985,-7.827665620818376,-5.45319040977985,-7.827665620818376,0.0,0.0,0.0,0.0,0.0,0.0,3.1756854123995324,3.1756854123995324,3.175685412399533,3.1754683209619854,3.1754683209619854,4.473988496597225,4.473988496597225
354.0,0.354,0.001,0.499,89.23516603233382,0.20811403248710483,1.55744745582803,0.0036322750865024228,5.182611719464576,0.6509586964026067,5.182611719464576,0.6509586964026067,5.182611719464576,0.6509586964026067,-1.4202230181255906,1.130638965800479,-5.419322156064047,-7.936101296022068,-5.419322156064047,-7.936101296022068,0.0,0.0,0.0,0.0,0.0,0.0,3.1754636783062127,3.1754636783062127,3.1754636783062127,3.175160537675921,3.1751605376759207,4.494060264652579,4.494060264652579
355.0,0.355,0.001,0.499,89.53184822034069,0.24590382679509515,1.5626255368407707,0.004291831420828266,5.178081012740706,0.6595563343258432,5.178081012740706,0.6595563343258432,5.178081012740706,0.6595563343258432,-1.4256079797466112,1.1225940354637292,-5.384961621020647,-8.044930336749848,-5.384961621020647,-8.044930336749848,0.0,0.0,0.0,0.0,0.0,0.0,3.175155720337067,3.175155720337067,3.175155720337067,3.1747664086183986,3.1747664086183986,4.51405750659235,4.51405750659235
356.0,0.356,0.001,0.499,89.82826393479496,0.28418261084272695,1.5677989670126489,0.004959922236119322,5.173430171878247,0.6680908152910564,5.173430171878247,0.6680908152910564,5.173430171878247,0.6680908152910564,-1.430958093681042,1.1144398897924643,-5.350113934430853,-8.154145671264745,-5.350113934430853,-8.154145671264745,0.0,0.0,0.0,0.0,0.0,0.0,3.1747614103642317,3.1747614103642317,3.1747614103642317,3.174285816485609,3.174285816485609,4.533975159247838,4.533975159247838
357.0,0.357,0.001,0.499,90.12440632395513,0.3229466752575106,1.5729676267582162,0.005636482791612466,5.168659745567244,0.6765605554931435,5.168659745567244,0.6765605554931435,5.168659745567244,0.6765605554931435,-1.4362728782056158,1.1061761498922182,-5.314784524573755,-8.263739900246021,-5.314784524573755,-8.263739900246021,0.0,0.0,0.0,0.0,0.0,0.0,3.174280631079556,3.174280631079556,3.1742806310795557,3.1737186547722884,3.1737186547722884,4.5538081200001574,4.5538081200001574
358.0,0.358,0.001,0.499,90.42026856715616,0.36219222309421817,1.5781313970344104,0.006321446818111951,5.163770276194186,0.6849640264994855,5.163770276194186,0.6849640264994855,5.163770276194186,0.6849640264994855,-1.4415518573313977,1.0978024446159567,-5.278979125781863,-8.373705276261472,-5.278979125781863,-8.373705276261472,0.0,0.0,0.0,0.0,0.0,0.0,3.173713275980024,3.173713275980024,3.173713275980024,3.1730648277512996,3.1730648277512996,4.573551249185566,4.573551249185566
359.0,0.359,0.001,0.499,90.71584387444724,0.40191537300190694,1.583290159334234,0.007014746573264402,5.158762299823464,0.6932997551524503,5.158762299823464,0.6932997551524503,5.158762299823464,0.6932997551524503,-1.4467945611176398,1.089318410933847,-5.242703786242069,-8.48403368210967,-5.242703786242069,-8.48403368210967,0.0,0.0,0.0,0.0,0.0,0.0,3.1730592493443965,3.1730592493443965,3.173059249344397,3.1723242504496683,3.1723242504496683,4.593199372569979,4.593199372569979
360.0,0.36,0.001,0.499,91.01112548622879,0.4421121623839726,1.5884437956804176,0.007716312896712145,5.15363634618362,0.7015663234477434,5.15363634618362,0.7015663234477434,5.15363634618362,0.7015663234477434,-1.4520005259936917,1.0807236943258547,-5.20596487605188,-8.59471660799232,-5.20596487605188,-8.59471660799232,0.0,0.0,0.0,0.0,0.0,0.0,3.1723184662119275,3.1723184662119275,3.1723184662119275,3.1714968486210195,3.1714968486210195,4.61274728389505,4.61274728389505
361.0,0.361,0.001,0.499,91.30610667288887,0.48277855054985486,1.593592188619076,0.008426075265100847,5.14839293865842,0.7097623683887021,5.14839293865842,0.7097623683887021,5.14839293865842,0.7097623683887021,-1.4571692950892323,1.0720179491983772,-5.168769095540548,-8.705745127477424,-5.168769095540548,-8.705745127477424,0.0,0.0,0.0,0.0,0.0,0.0,3.171490852353348,3.171490852353348,3.1714908523533474,3.170582558714481,3.170582558714481,4.632189747498475,4.632189747498475
362.0,0.362,0.001,0.499,91.6007807344395,0.5239104218570222,1.5987352212133588,0.009143961846917502,5.143032594282746,0.7178865818166547,5.143032594282746,0.7178865818166547,5.143032594282746,0.7178865818166547,-1.4623004185730968,1.0632008393261625,-5.1311234838644735,-8.817109872214733,-5.1311234838644735,-8.817109872214733,0.0,0.0,0.0,0.0,0.0,0.0,3.1705763442395605,3.1705763442395605,3.1705763442395605,3.169581327840046,3.169581327840046,4.651521501011398,4.651521501011398
363.0,0.363,0.001,0.499,91.89514100015285,0.565503588841875,1.6038727770371022,0.009869899557134985,5.137555823743332,0.7259377102174823,5.137555823743332,0.7259377102174823,5.137555823743332,0.7259377102174823,-1.4673934540009825,1.0542720383207964,-5.09303542788577,-8.928801005366061,-5.09303542788577,-8.928801005366061,0.0,0.0,0.0,0.0,0.0,0.0,3.1695748890076176,3.1695748890076176,3.169574889007618,3.168493113730454,3.168493113730454,4.670737258136162,4.670737258136162
364.0,0.364,0.001,0.499,92.18918082819792,0.6075537953382095,1.6090047401684866,0.010603814111639532,5.131963131384314,0.7339145545045472,5.131963131384314,0.7339145545045472,5.131963131384314,0.7339145545045472,-1.472447966672325,1.0452312301270819,-5.054512671342406,-9.04080819371454,-5.054512671342406,-9.04080819371454,0.0,0.0,0.0,0.0,0.0,0.0,3.1684864444229364,3.1684864444229364,3.1684864444229364,3.1673178846995618,3.167317884699562,4.689831711507802,4.689831711507802
365.0,0.365,0.001,0.499,92.48289360527765,0.6500567195819028,1.6141309951837042,0.0113456300814177,5.126255015217614,0.7418159697781681,5.126255015217614,0.7418159697781681,5.126255015217614,0.7418159697781681,-1.4774635299966425,1.0360781095486633,-5.015563324317622,-9.15312057841865,-5.015563324317622,-9.15312057841865,0.0,0.0,0.0,0.0,0.0,0.0,3.16731097883582,3.16731097883582,3.16731097883582,3.1660556195972913,3.1660556195972913,4.708799535643053,4.708799535643053
366.0,0.366,0.001,0.499,92.7762727462671,0.6930079773004827,1.6192514271506424,0.012095270946479547,5.1204319669381375,0.7496408650618476,5.1204319669381375,0.7496408650618476,5.1204319669381375,0.7496408650618476,-1.482439725869658,1.026812382804284,-4.976195873015512,-9.26572674437925,-4.976195873015512,-9.26572674437925,0.0,0.0,0.0,0.0,0.0,0.0,3.1660484711382626,3.1660484711382626,3.1660484711382626,3.164706307761142,3.164706307761142,4.727635389980856,4.727635389980856
367.0,0.367,0.001,0.499,93.06931169385246,0.7364031247862669,1.624365921622586,0.012852659149495021,5.114494471943753,0.7573882030154744,5.114494471943753,0.7573882030154744,5.114494471943753,0.7573882030154744,-1.4873761450595067,1.0174337681160937,-4.936419189848623,-9.378614688190526,-4.936419189848623,-9.378614688190526,0.0,0.0,0.0,0.0,0.0,0.0,3.1646989107144003,3.1646989107144003,3.164698910714401,3.1632699489643232,3.1632699489643232,4.746333922018636,4.746333922018636
368.0,0.368,0.001,0.499,93.3620039181719,0.7802376619517638,1.629474364631946,0.013617716149120765,5.108443009360056,0.7650569996257438,5.108443009360056,0.7650569996257438,5.108443009360056,0.7650569996257438,-1.492272387603349,1.0079419963314447,-4.896242543842271,-9.491771784649089,-4.896242543842271,-9.491771784649089,0.0,0.0,0.0,0.0,0.0,0.0,3.1632622973889273,3.1632622973889273,3.1632622973889273,3.161746553360542,3.161746553360542,4.764889770548881,4.764889770548881
369.0,0.369,0.001,0.499,93.65434291645774,0.8245070353660456,1.634576642684016,0.014390362472994826,5.102278052069864,0.7726463238740605,5.102278052069864,0.7726463238740605,5.102278052069864,0.7726463238740605,-1.497128063214708,0.9983368115796453,-4.855675611358845,-9.605184751799404,-4.855675611358845,-9.605184751799404,0.0,0.0,0.0,0.0,0.0,0.0,3.1617386413714232,3.1617386413714232,3.161738641371423,3.1601361414254727,3.1601361414254723,4.7832975690007835,4.7832975690007835
370.0,0.37,0.001,0.499,93.94632221268074,0.8692066412708197,1.6396726427507635,0.015170517770377033,5.096000066747426,0.7801552973822063,5.096000066747426,0.7801552973822063,5.096000066747426,0.7801552973822063,-1.5019427917018517,0.9886179719651471,-4.814728487143756,-9.718839614498188,-4.814728487143756,-9.718839614498188,0.0,0.0,0.0,0.0,0.0,0.0,3.160127963197871,3.160127963197871,3.160127963197871,3.1584387438949633,3.1584387438949633,4.801551948891932,4.801551948891932
371.0,0.371,0.001,0.499,94.23793535719669,0.9143318285749418,1.6447622522646608,0.015958100864413106,5.089609513897301,0.7875830940360745,5.089609513897301,0.7875830940360745,5.089609513897301,0.7875830940360745,-1.5067162033975445,0.9787852502986614,-4.773411695692813,-9.832721666485751,-4.773411695692813,-9.832721666485751,0.0,0.0,0.0,0.0,0.0,0.0,3.1584302936695776,3.1584302936695776,3.1584302936695776,3.156654401700016,3.156654401700016,4.81964754339526,4.81964754339526
372.0,0.372,0.001,0.499,94.52917592639528,0.9598779018261321,1.6498453591125586,0.016753029804000896,5.083106847897854,0.794928939587791,5.083106847897854,0.794928939587791,5.083106847897854,0.794928939587791,-1.5114479396004832,0.9688384348677032,-4.731736202938661,-9.946815430958246,-4.731736202938661,-9.946815430958246,0.0,0.0,0.0,0.0,0.0,0.0,3.156645673785976,3.156645673785976,3.1566456737859756,3.1547831658985945,3.154783165898595,4.837578991026581,4.837578991026581
373.0,0.373,0.001,0.499,94.82003752235195,1.005840124158676,1.654921851629608,0.017555221915237458,5.076492517049338,0.8021921112365611,5.076492517049338,0.8021921112365611,5.076492517049338,0.8021921112365611,-1.5161376530287347,0.9587773302480614,-4.689713428251507,-10.06110461964168,-4.689713428251507,-10.06110461964168,0.0,0.0,0.0,0.0,0.0,0.0,3.154774154679025,3.154774154679025,3.154774154679025,3.152825097604287,3.1528250976042864,4.8553409394582365,4.8553409394582365
374.0,0.374,0.001,0.499,95.1105137724826,1.0522137202159103,1.6599916185932344,0.018364593852426055,5.069766963626486,0.8093719371885976,5.069766963626486,0.8093719371885976,5.069766963626486,0.8093719371885976,-1.5207850082854812,0.9486017581576851,-4.64735525674658,-10.175572090376354,-4.64735525674658,-10.175572090376354,0.0,0.0,0.0,0.0,0.0,0.0,3.1528157975396494,3.1528157975396494,3.1528157975396494,3.1507802679119004,3.1507802679119004,4.8729280494644,4.8729280494644
375.0,0.375,0.001,0.499,95.40059832920166,1.0989938790463174,1.66505454921717,0.019181061648622558,5.0629306239355705,0.8164677961965034,5.0629306239355705,0.8164677961965034,5.0629306239355705,0.8164677961965034,-1.525389682337369,0.9383115583544559,-4.604674051887721,-10.290199803229168,-4.604674051887721,-10.290199803229168,0.0,0.0,0.0,0.0,0.0,0.0,3.1507706735440104,3.1507706735440104,3.1507706735440104,3.148648757820025,3.148648757820025,4.890334999003682,4.890334999003682
376.0,0.376,0.001,0.499,95.69028486958356,1.1461757569720747,1.670110533145546,0.020004540765701056,5.055983928375854,0.8234791170784997,5.055983928375854,0.8234791170784997,5.055983928375854,0.8234791170784997,-1.529951365005742,0.9279065895792948,-4.561682668373056,-10.404968775161096,-4.561682668373056,-10.404968775161096,0.0,0.0,0.0,0.0,0.0,0.0,3.1486388637765996,3.1486388637765996,3.1486388637766,3.1464306581506287,3.146430658150629,4.907556487444616,4.907556487444616
377.0,0.377,0.001,0.499,95.9795670950282,1.1937544804289255,1.6751594604470512,0.02083494614391896,5.048927301505367,0.8304053782179035,5.048927301505367,0.8304053782179035,5.048927301505367,0.8304053782179035,-1.5344697594710268,0.9173867305460067,-4.518394465284843,-10.51985903328815,-4.518394465284843,-10.51985903328815,0.0,0.0,0.0,0.0,0.0,0.0,3.1464204591477927,3.1464204591477927,3.1464204591477927,3.144126069465725,3.144126069465725,4.924587239939499,4.924587239939499
378.0,0.378,0.001,0.499,96.26843873093013,1.2417251487762635,1.6802012216091622,0.021672192250962237,5.04176116211094,0.8372461070432783,5.04176116211094,0.8372461070432783,5.04176116211094,0.8372461070432783,-1.5389445827905082,0.9067518809792203,-4.474823319481407,-10.634849566786343,-4.474823319481407,-10.634849566786343,0.0,0.0,0.0,0.0,0.0,0.0,3.1441155603126423,3.1441155603126423,3.144115560312642,3.141735101981192,3.141735101981192,4.941422011951959,4.941422011951959
379.0,0.379,0.001,0.499,96.55689352635224,1.2900828370763526,1.6852357075324447,0.02251619313045193,5.034485923282406,0.8440008794896946,5.034485923282406,0.8440008794896946,5.034485923282406,0.8440008794896946,-1.5433755664297124,0.8960019627017156,-4.430983639204352,-10.749918277504754,-4.430983639204352,-10.749918277504754,0.0,0.0,0.0,0.0,0.0,0.0,3.1417242775831578,3.1417242775831578,3.1417242775831578,3.139257875477798,3.1392578754777976,4.958055593943232,4.958055593943232
380.0,0.38,0.001,0.499,96.84492525370376,1.3388225988416196,1.6902628095249355,0.023366862449893482,5.027101992490896,0.85066931944155,5.027101992490896,0.85066931944155,5.027101992490896,0.85066931944155,-1.5477624568075816,0.88513692077235,-4.386890377869161,-10.865041929365612,-4.386890377869161,-10.865041929365612,0.0,0.0,0.0,0.0,0.0,0.0,3.139246730839848,3.139246730839848,3.139246730839848,3.1366945192094793,3.136694519209479,4.974482816221896,4.974482816221896
381.0,0.381,0.001,0.499,97.13252770842314,1.3879394687489945,1.6952824192966065,0.0242241135480509,5.019609771671131,0.857251098157415,5.019609771671131,0.857251098157415,5.019609771671131,0.857251098157415,-1.5521050158555834,0.8741567246757032,-4.342559048001672,-10.980196096646758,-4.342559048001672,-10.980196096646758,0.0,0.0,0.0,0.0,0.0,0.0,3.1366830494390103,3.1366830494390103,3.1366830494390103,3.134045171808962,3.134045171808962,4.990698553961212,4.990698553961212
382.0,0.382,0.001,0.499,97.41969470866569,1.4374284653202956,1.7002944289539141,0.025087859481728283,5.012009657307637,0.8637459336773836,5.012009657307637,0.8637459336773836,5.012009657307637,0.8637459336773836,-1.5564030215908602,0.8630613695644435,-4.298005735276834,-11.095355111259657,-4.298005735276834,-11.095355111259657,0.0,0.0,0.0,0.0,0.0,0.0,3.1340333721196,3.1340333721196,3.1340333721196,3.131309981190764,3.131309981190764,5.0066977323876785,5.0066977323876785
383.0,0.383,0.001,0.499,97.70642009499646,1.4872845935676804,1.705298730994439,0.0259580130719417,5.004302040524755,0.8701535902134193,5.004302040524755,0.8701535902134193,5.004302040524755,0.8701535902134193,-1.5606562687034697,0.8518508775552879,-4.253247112609551,-11.21049200915561,-4.253247112609551,-11.21049200915561,0.0,0.0,0.0,0.0,0.0,0.0,3.131297846904467,3.131297846904467,3.131297846904467,3.1284891044516767,3.1284891044516767,5.022475332143629,5.022475332143629
384.0,0.384,0.001,0.499,97.99269773008858,1.537502847603226,1.7102952183016193,0.0268344869494649,4.99648730718039,0.8764738775231987,4.99648730718039,0.8764738775231987,4.99648730718039,0.8764738775231987,-1.56486456915771,0.840525299079274,-4.208300454240266,-11.325578476013868,-4.208300454240266,-11.325578476013868,0.0,0.0,0.0,0.0,0.0,0.0,3.1284766310022336,3.1284766310022336,3.1284766310022336,3.125582707768753,3.125582707768753,5.038026394825777,5.038026394825777
385.0,0.385,0.001,0.499,98.27852149842703,1.588078213211711,1.7152837841395827,0.02771719359973287,4.9885658379633515,0.8827066502679691,4.9885658379633515,0.8827066502679691,4.9885658379633515,0.8827066502679691,-1.5690277528074603,0.8290847142868858,-4.163183649750311,-11.440584792388153,-4.163183649750311,-11.440584792388153,0.0,0.0,0.0,0.0,0.0,0.0,3.1255698907041216,3.1255698907041216,3.1255698907041216,3.122590966294927,3.122590966294927,5.053346028700575,5.053346028700575
386.0,0.386,0.001,0.499,98.56388530601824,1.6390056703857248,1.720264322148077,0.028606045407087815,4.980538008494211,0.8888518073549454,4.980538008494211,0.8888518073549454,4.980538008494211,0.8888518073549454,-1.5731456680253941,0.8175292345083733,-4.117915217933817,-11.555479778512472,-4.117915217933817,-11.555479778512472,0.0,0.0,0.0,0.0,0.0,0.0,3.1225778012795264,3.1225778012795264,3.1225778012795264,3.1195140640522743,3.1195140640522743,5.068429414595953,5.068429414595953
387.0,0.387,0.001,0.499,98.8487830801057,1.6902801958222402,1.7252367263375064,0.029500954698352594,4.972404189429547,0.8949092912647794,4.972404189429547,0.8949092912647794,4.972404189429547,0.8949092912647794,-1.5772181823458384,0.80585900376938,-4.072514320444249,-11.670230738993368,-4.072514320444249,-11.670230738993368,0.0,0.0,0.0,0.0,0.0,0.0,3.119500546869851,3.119500546869851,3.119500546869851,3.1163521938230434,3.116352193823043,5.083271811967585,5.083271811967585
388.0,0.388,0.001,0.499,99.13320876889178,1.741896765379832,1.7302008910840758,0.030401833785717244,4.964164746569476,0.9008790873646502,4.964164746569476,0.9008790873646502,4.964164746569476,0.9008790873646502,-1.5812451831209628,0.7940742003617365,-4.027000775124386,-11.784803407643503,-4.027000775124386,-11.784803407643503,0.0,0.0,0.0,0.0,0.0,0.0,3.1163383203782726,3.1163383203782726,3.1163383203782726,3.1131055570384825,3.113105557038483,5.0978685651361415,5.0978685651361415
389.0,0.389,0.001,0.499,99.41715634126561,1.7938503564957435,1.735156711125044,0.03130859500892477,4.955820040968343,0.9067612232075262,4.955820040968343,0.9067612232075262,4.955820040968343,0.9067612232075262,-1.5852265781898816,0.7821750384689954,-3.9813950689187596,-11.8991618927411,-3.9813950689187596,-11.8991618927411,0.0,0.0,0.0,0.0,0.0,0.0,3.113091323359622,3.113091323359622,3.113091323359622,3.1097743636655886,3.109774363665588,5.112215109690125,5.112215109690125
390.0,0.39,0.001,0.499,99.7006197865379,1.8461359505620443,1.7401040815540925,0.03222115077674293,4.947370429048456,0.9125557678181618,4.947370429048456,0.9125557678181618,4.947370429048456,0.9125557678181618,-1.5891622965601389,0.7701617698459646,-3.9357183702573413,-12.013268623030807,-3.9357183702573413,-12.013268623030807,0.0,0.0,0.0,0.0,0.0,0.0,3.109759765905963,3.109759765905963,3.1097597659059626,3.106358832091789,3.106358832091789,5.126306979046772,5.126306979046772
391.0,0.391,0.001,0.499,99.98359311418214,1.8987485352601536,1.745042897816809,0.03313941360770933,4.938816262716745,0.918262830966399,4.938816262716745,0.918262830966399,4.938816262716745,0.918262830966399,-1.5930522891009273,0.7580346855511504,-3.889992540788564,-12.127084294814233,-3.889992540788564,-12.127084294814233,0.0,0.0,0.0,0.0,0.0,0.0,3.106343866531705,3.106343866531705,3.106343866531705,3.1028591890077064,3.1028591890077064,5.140139811161139,5.140139811161139
392.0,0.392,0.001,0.499,100.26607035358272,1.9516831068530298,1.7499730557062934,0.034063296170137675,4.930157889484218,0.9238825624283461,4.930157889484218,0.9238825624283461,4.930157889484218,0.9238825624283461,-1.5968965292472561,0.7457941177306381,-3.844240146328682,-12.240567820512354,-3.844240146328682,-12.240567820512354,0.0,0.0,0.0,0.0,0.0,0.0,3.1028438520560138,3.1028438520560138,3.1028438520560138,3.0992756692880183,3.0992756692880183,5.153709355370923,5.153709355370923
393.0,0.393,0.001,0.499,100.54804555379003,2.004934672434367,1.7548944513588813,0.034992711321373694,4.921395652588079,0.92941515123602,4.921395652588079,0.92941515123602,4.921395652588079,0.92941515123602,-1.6006950137141391,0.7334404414515209,-3.798484466883065,-12.353676279117183,-3.798484466883065,-12.353676279117183,0.0,0.0,0.0,0.0,0.0,0.0,3.0992599574839,3.0992599574839,3.0992599574839,3.095608515870534,3.095608515870534,5.167011479361704,5.167011479361704
394.0,0.394,0.001,0.499,100.82951278328287,2.058498252134174,1.7598069812499977,0.03592757214628973,4.912529891116395,0.9348608249160356,4.912529891116395,0.9348608249160356,4.912529891116395,0.9348608249160356,-1.6044477632197225,0.7209740765825347,-3.7527495055833824,-12.46636486898624,-3.7527495055833824,-12.46636486898624,0.0,0.0,0.0,0.0,0.0,0.0,3.095592425884054,3.095592425884054,3.095592425884054,3.091857979633547,3.091857979633547,5.180042176234217,5.180042176234217
395.0,0.395,0.001,0.499,101.1104661297378,2.1123688812801404,1.7647105421901328,0.036867791995007664,4.903560940135166,0.9402198487179353,4.903560940135166,0.9402198487179353,4.903560940135166,0.9402198487179353,-1.6081548232160954,0.7083954897190645,-3.7070599963728506,-12.578586863470157,-3.7070599963728506,-12.578586863470157,0.0,0.0,0.0,0.0,0.0,0.0,3.0918415082678754,3.0918415082678754,3.0918415082678754,3.0880243192715526,3.0880243192715526,5.192797571651916,5.192797571651916
396.0,0.396,0.001,0.499,101.39089969980631,2.1665416125142256,1.7696050313209504,0.037813284519840416,4.894489130817671,0.945492524832753,4.894489130817671,0.945492524832753,4.894489130817671,0.945492524832753,-1.6118162646263552,0.6957051961491636,-3.6614414102598967,-12.690293569900929,-3.6614414102598967,-12.690293569900929,0.0,0.0,0.0,0.0,0.0,0.0,3.0880074634629553,3.0880074634629553,3.0880074634629553,3.0841078011693988,3.0841078011693988,5.2052739310435285,5.2052739310435285
397.0,0.397,0.001,0.499,101.67080761889915,2.2210115178639525,1.7744903461115262,0.03876396371144283,4.885314790575952,0.9506791916024132,4.885314790575952,0.9506791916024132,4.885314790575952,0.9506791916024132,-1.6154321845863042,0.6829037618566581,-3.6159199599489233,-12.80143429250543,-3.6159199599489233,-12.80143429250543,0.0,0.0,0.0,0.0,0.0,0.0,3.0840905579890947,3.0840905579890947,3.0840905579890947,3.080108699274961,3.080108699274961,5.217467666831536,5.217467666831536
398.0,0.398,0.001,0.499,101.95018403097856,2.2757736907679145,1.7793663843547205,0.03971974393416339,4.876038243194311,0.9557802227205637,4.876038243194311,0.9557802227205637,4.876038243194311,0.9557802227205637,-1.6190027071889497,0.6699918055568127,-3.570522602645437,-12.911956299845402,-3.570522602645437,-12.911956299845402,0.0,0.0,0.0,0.0,0.0,0.0,3.0800910659287997,3.0800910659287997,3.0800910659287997,3.0760272949704226,3.076027294970423,5.229375345653451,5.229375345653451
399.0,0.399,0.001,0.499,102.22902309835818,2.3308232480550326,1.7842330441636851,0.04068053996058883,4.866659808964656,0.9607960264254468,4.866659808964656,0.9607960264254468,4.866659808964656,0.9607960264254468,-1.6225279842297715,0.656970000759392,-3.5252770408218663,-13.021804797420627,-3.5252770408218663,-13.021804797420627,0.0,0.0,0.0,0.0,0.0,0.0,3.0760092688003815,3.0760092688003815,3.0760092688003815,3.071863876942224,3.071863876942224,5.240993695538705,5.240993695538705
400.0,0.4,0.001,0.499,102.50731900151075,2.386155331877148,1.7890902239685087,0.04164626700527424,4.857179804823593,0.9657270446854108,4.857179804823593,0.9657270446854108,4.857179804823593,0.9657270446854108,-1.6260081959504917,0.6438390778532862,-3.4802117207201237,-13.130922906105889,-3.4802117207201237,-13.130922906105889,0.0,0.0,0.0,0.0,0.0,0.0,3.0718454554268413,3.0718454554268413,3.0718454554268413,3.067618741049797,3.067618741049797,5.2523196129995835,5.2523196129995835
401.0,0.401,0.001,0.499,102.78506593888385,2.441765111594564,1.7939378225129998,0.04261684075765191,4.847598544491093,0.9705737523776681,4.847598544491093,0.9705737523776681,4.847598544491093,0.9705737523776681,-1.6294435517788493,0.6305998262061624,-3.4353558283576016,-13.239251647123789,-3.4353558283576016,-13.239251647123789,0.0,0.0,0.0,0.0,0.0,0.0,3.067599921803606,3.067599921803606,3.0675999218036054,3.0632921901931143,3.0632921901931143,5.2633501699903045,5.2633501699903045
402.0,0.402,0.001,0.499,103.06225812672362,2.4976477856141748,1.7987757388516104,0.04359217741411281,4.837916338610617,0.9753366564609023,4.837916338610617,0.9753366564609023,4.837916338610617,0.9753366564609023,-1.6328342910616442,0.6172530962718785,-3.3907392827950806,-13.346729934283896,-3.3907392827950806,-13.346729934283896,0.0,0.0,0.0,0.0,0.0,0.0,3.0632729709677355,3.0632729709677355,3.063272970967735,3.0588845341791964,3.0588845341791964,5.274082620683914,5.274082620683914
403.0,0.403,0.001,0.499,103.33888979890659,2.5537985831798773,1.8036038723465009,0.04457219370925514,4.828133494890543,0.9800162951423275,4.828133494890543,0.9800162951423275,4.828133494890543,0.9800162951423275,-1.6361806837880626,0.6037998016976354,-3.3463927264182702,-13.453294574243126,-3.3463927264182702,-13.453294574243126,0.0,0.0,0.0,0.0,0.0,0.0,3.058864912863198,3.058864912863198,3.058864912863198,3.0543960895875926,3.0543960895875926,5.2845144080122815,5.2845144080122815
404.0,0.404,0.001,0.499,103.6149552067797,2.610212766114972,1.8084221226647477,0.04555680694629494,4.818250318246763,0.9846132370398019,4.818250318246763,0.9846132370398019,4.818250318246763,0.9846132370398019,-1.6394830313000424,0.5902409214220735,-3.3023475119796655,-13.558880275561801,-3.3023475119796655,-13.558880275561801,0.0,0.0,0.0,0.0,0.0,0.0,3.054376064206091,3.054376064206091,3.054376064206091,3.0498271796349776,3.0498271796349776,5.2946431699102,5.2946431699102
405.0,0.405,0.001,0.499,103.89044861900848,2.666885630516308,1.813230389775694,0.04654593502663453,4.808267110946305,0.9891280803395929,4.808267110946305,0.9891280803395929,4.808267110946305,0.9891280803395929,-1.6427416669861867,0.5765775017547299,-3.2586356861444457,-13.663419667343632,-3.2586356861444457,-13.663419667343632,0.0,0.0,0.0,0.0,0.0,0.0,3.0498067483498215,3.0498067483498215,3.049806748349821,3.0451781340388906,3.045178134038891,5.304466745200514,5.304466745200514
406.0,0.406,0.001,0.499,104.16536432143363,2.723812508399955,1.8180285739484459,0.04753949647858492,4.798184172751847,0.9935614519503917,4.798184172751847,0.9935614519503917,4.798184172751847,0.9935614519503917,-1.6459569569554704,0.5628106584264752,-3.215289969283568,-13.766843328254689,-3.215289969283568,-13.766843328254689,0.0,0.0,0.0,0.0,0.0,0.0,3.0451572951480577,3.0451572951480577,3.045157295148058,3.0404492888807417,3.0404492888807417,5.313983179053381,5.313983179053381
407.0,0.40700000000000003,0.001,0.499,104.4396966169358,2.780988769298229,1.8228165757495127,0.04853741048523909,4.788001801066964,0.997914006654168,4.788001801066964,0.997914006654168,4.788001801066964,0.997914006654168,-1.6491293006867298,0.5489415785997597,-3.172343731259386,-13.86907982671545,-3.172343731259386,-13.86907982671545,0.0,0.0,0.0,0.0,0.0,0.0,3.040428040818236,3.040428040818236,3.040428040818236,3.035640986468125,3.0356409864681253,5.323190727949362,5.323190727949362
408.0,0.40800000000000003,0.001,0.499,104.71343982530881,2.8384098218079084,1.8275942960405946,0.049539596911493546,4.777720291082001,1.0021864262544549,4.777720291082001,1.0021864262544549,4.777720291082001,1.0021864262544549,-1.6522591316496842,0.5349715228267098,-3.1298309629544114,-13.970055773049928,-3.1298309629544114,-13.970055773049928,0.0,0.0,0.0,0.0,0.0,0.0,3.0356193278026353,3.0356193278026353,3.0356193278026353,3.030753575196561,3.030753575196561,5.332087864073166,5.332087864073166
409.0,0.40900000000000003,0.001,0.499,104.98658828314123,2.896071115089545,1.8323616359765151,0.050545976330216194,4.767339935920393,1.0063794187226454,4.767339935920393,1.0063794187226454,4.767339935920393,1.0063794187226454,-1.6553469178929867,0.5209018269423541,-3.087786243302568,-14.06969588435573,-3.087786243302568,-14.06969588435573,0.0,0.0,0.0,0.0,0.0,0.0,3.030731504632225,3.030731504632225,3.030731504632225,3.0257874094107007,3.0257874094107007,5.340673279062531,5.340673279062531
410.0,0.41000000000000003,0.001,0.499,105.2591363437063,2.9539681403177775,1.8371184970033005,0.051556470047559075,4.756861026785331,1.0104937173428803,4.756861026785331,1.0104937173428803,4.756861026785331,1.0104937173428803,-1.6583931625945816,0.5067339038795267,-3.0462447015948477,-14.167923062827429,-3.0462447015948477,-14.167923062827429,0.0,0.0,0.0,0.0,0.0,0.0,3.025764925784713,3.025764925784713,3.025764925784713,3.020742849265109,3.020742849265109,5.34894588703526,5.34894588703526
411.0,0.41100000000000003,0.001,0.499,105.5310783768604,3.0120964320826027,1.8418647808564073,0.052571000127415175,4.746283853106606,1.014530079856099,4.746283853106606,1.014530079856099,4.746283853106606,1.014530079856099,-1.6613984045694297,0.4924692453913046,-3.005241974847978,-14.264658488222082,-3.005241974847978,-14.264658488222082,0.0,0.0,0.0,0.0,0.0,0.0,3.0207199515478376,3.0207199515478376,3.0207199515478376,3.015620260584679,3.0156202605846794,5.35690482681681,5.35690482681681
412.0,0.41200000000000003,0.001,0.499,105.80240876894982,3.0704515697415875,1.8466003895590948,0.053589489415018995,4.735608702687519,1.0184892876038172,4.735608702687519,1.0184892876038172,4.735608702687519,1.0184892876038172,-1.6643632187294755,0.47810942366620596,-2.964814160045845,-14.359821725098659,-2.964814160045845,-14.359821725098659,0.0,0.0,0.0,0.0,0.0,0.0,3.0155969478783415,3.0155969478783415,3.0155969478783415,3.010420014724759,3.010420014724759,5.364549463291169,5.364549463291169
413.0,0.41300000000000003,0.001,0.499,106.07312192272597,3.129029178723042,1.8513252254209465,0.05461186155969119,4.724835861851709,1.022372144672193,4.724835861851709,1.022372144672193,4.724835861851709,1.022372144672193,-1.6672882164905647,0.46365609282081377,-2.924997761089306,-14.453330845392195,-2.924997761089306,-14.453330845392195,0.0,0.0,0.0,0.0,0.0,0.0,3.010396286262036,3.010396286262036,3.0103962862620355,3.0051424884310887,3.0051424884310887,5.371879387799389,5.371879387799389
414.0,0.41400000000000003,0.001,0.499,106.34321225726906,3.1878249317802005,1.8560391910365361,0.05563804103672812,4.7139656155897685,1.0261794770369297,4.7139656155897685,1.0261794770369297,4.7139656155897685,1.0261794770369297,-1.6701740461208856,0.44911099025401624,-2.8858296303208437,-14.545102566797507,-2.8858296303208437,-14.545102566797507,0.0,0.0,0.0,0.0,0.0,0.0,3.0051183435745865,3.0051183435745865,3.0051183435745865,2.9997880636995777,2.9997880636995773,5.378894417512929,5.378894417512929
415.0,0.41500000000000004,0.001,0.499,106.61267420792001,3.24683455019648,1.8607421892842417,0.05666795316843768,4.702998247705517,1.0299121317095594,4.702998247705517,1.0299121317095594,4.702998247705517,1.0299121317095594,-1.673021393025412,0.43447593784668026,-2.8473469045264244,-14.63505240733598,-2.8473469045264244,-14.63505240733598,0.0,0.0,0.0,0.0,0.0,0.0,2.9997635019403517,2.9997635019403517,2.9997635019403517,2.9943571276360386,2.9943571276360386,5.385594593713277,5.385594593713277
416.0,0.41600000000000004,0.001,0.499,106.88150222622089,3.306053804941945,1.8654341233252036,0.05770152414432332,4.6919340409618036,1.0335709758856406,4.6919340409618036,1.0335709758856406,4.6919340409618036,1.0335709758856406,-1.6758309799607702,0.41975284299031845,-2.809586935358057,-14.723094856361834,-2.809586935358057,-14.723094856361834,0.0,0.0,0.0,0.0,0.0,0.0,2.9943321485915093,2.9943321485915093,2.9943321485915093,2.98885007231594,2.98885007231594,5.391980178914988,5.391980178914988
417.0,0.417,0.001,0.499,107.14969077986353,3.3654785177810997,1.8701148966024292,0.05873868104041872,4.680773277225704,1.0371568960953956,4.680773277225704,1.0371568960953956,4.680773277225704,1.0371568960953956,-1.678603567174937,0.4049436994281871,-2.77258721416683,-14.809143562131387,-2.77258721416683,-14.809143562131387,0.0,0.0,0.0,0.0,0.0,0.0,2.988824675729128,2.988824675729128,2.988824675729128,2.9832672946442185,2.9832672946442185,5.398051652776707,5.398051652776707
418.0,0.418,0.001,0.499,107.41723435264656,3.4251045623321876,1.8747844128400422,0.059779351837776024,4.669516237613,1.0406707973573044,4.669516237613,1.0406707973573044,4.669516237613,1.0406707973573044,-1.6813399524662247,0.39005058789227676,-2.7363852912875766,-14.89311153591035,-2.7363852912875766,-14.89311153591035,0.0,0.0,0.0,0.0,0.0,0.0,2.98324148038208,2.98324148038208,2.98324148038208,2.9776091962152718,2.9776091962152718,5.4038097067536786,5.4038097067536786
419.0,0.419,0.001,0.499,107.6841274444405,3.4849278650781925,1.879442576042674,0.06082346544011118,4.658163202631803,1.0441136023351567,4.658163202631803,1.0441136023351567,4.658163202631803,1.0441136023351567,-1.6840409711560973,0.375075676519846,-2.7010186898725417,-14.97491137243075,-2.7010186898725417,-14.97491137243075,0.0,0.0,0.0,0.0,0.0,0.0,2.9775829642672966,2.9775829642672966,2.9775829642672966,2.9718761831731597,2.9718761831731597,5.4092552374559615,5.4092552374559615
420.0,0.42,0.001,0.499,107.95036457116119,3.5449444063297726,1.8840892904949993,0.06187095169061024,4.646714452325212,1.0474862504990636,4.646714452325212,1.0474862504990636,4.646714452325212,1.0474862504990636,-1.6867074959705295,0.3600212210335144,-2.6665248144321296,-15.054455486331616,-2.6665248144321296,-15.054455486331616,0.0,0.0,0.0,0.0,0.0,0.0,2.9718495336485597,2.9718495336485597,2.9718495336485597,2.9660686660721085,2.9660686660721085,5.414389338688824,5.414389338688824
421.0,0.421,0.001,0.499,108.21594026475118,3.6051502211403705,1.8887244607614122,0.06292174138790115,4.635170266412885,1.0507896972909072,4.635170266412885,1.0507896972909072,4.635170266412885,1.0507896972909072,-1.689340436824835,0.34488956466948695,-2.6329408543055473,-15.131656364027492,-2.6329408543055473,-15.131656364027492,0.0,0.0,0.0,0.0,0.0,0.0,2.9660415991995692,2.9660415991995692,2.9660415991995697,2.9601870597373594,2.9601870597373594,5.4192132921658605,5.4192132921658605
422.0,0.422,0.001,0.499,108.48084907316931,3.6655414001737996,1.8933479916858436,0.06397576630119585,4.6235309244314005,1.0540249132947055,4.6235309244314005,1.0540249132947055,4.6235309244314005,1.0540249132947055,-1.6919407405071873,0.32968313783923897,-2.600303682352259,-15.206426830247988,-2.600303682352259,-15.206426830247988,0.0,0.0,0.0,0.0,0.0,0.0,2.9601595758621007,2.9601595758621007,2.9601595758621007,2.9542317831264597,2.9542317831264597,5.423728556900693,5.423728556900693
423.0,0.423,0.001,0.499,108.7450855603882,3.7261140905245935,1.897959788391717,0.0650329591846082,4.61179670587331,1.0571928834123534,4.61179670587331,1.0571928834123534,4.61179670587331,1.0571928834123534,-1.6945093902564132,0.31440445751095686,-2.568649749225885,-15.278680328282132,-2.568649749225885,-15.278680328282132,0.0,0.0,0.0,0.0,0.0,0.0,2.9542038827087054,2.9542038827087054,2.9542038827087054,2.9482032591910268,2.9482032591910263,5.4279367573001345,5.4279367573001345
424.0,0.424,0.001,0.499,109.0086443063995,3.7868644964914693,1.9025597562820418,0.0660932537906534,4.599967890324761,1.0602946060451899,4.599967890324761,1.0602946060451899,4.599967890324761,1.0602946060451899,-1.697047405230078,0.29905612629821077,-2.538014973664586,-15.34833121274607,-2.538014973664586,-15.34833121274607,0.0,0.0,0.0,0.0,0.0,0.0,2.9481749428043624,2.9481749428043624,2.9481749428043624,2.9421019147390712,2.9421019147390712,5.431839669999539,5.431839669999539
425.0,0.425,0.001,0.499,109.2715199072272,3.8477888803042544,1.9071478010396434,0.06715658488293523,4.588044757601582,1.0633310922818295,4.588044757601582,1.0633310922818295,4.588044757601582,1.0633310922818295,-1.6995558398593829,0.28364083124473605,-2.5084346293049946,-15.415295053474706,-2.5084346293049946,-15.415295053474706,0.0,0.0,0.0,0.0,0.0,0.0,2.9420731830676483,2.9420731830676483,2.9420731830676483,2.9359281802979282,2.9359281802979282,5.43543920950017,5.43543920950017
426.0,0.426,0.001,0.499,109.53370697494837,3.9088835628046623,1.911723828627527,0.06822288824802791,4.57602758788374,1.0663033650926836,4.57602758788374,1.0663033650926836,4.57602758788374,1.0663033650926836,-1.7020357830879822,0.2681613422958153,-2.4799432285992498,-15.479488948920764,-2.4799432285992498,-15.479488948920764,0.0,0.0,0.0,0.0,0.0,0.0,2.9358990341349442,2.9358990341349442,2.9358990341349442,2.9296824899778704,2.9296824899778704,5.4387374126879555,5.4387374126879555
427.0,0.427,0.001,0.499,109.7952001377217,3.970144924081329,1.9162877452893752,0.0692921007065595,4.563916661848047,1.0692124585315854,4.563916661848047,1.0692124585315854,4.563916661848047,1.0692124585315854,-1.7044883574924674,0.2526205104485829,-2.452574404485283,-15.540831847232369,-2.452574404485283,-15.540831847232369,0.0,0.0,0.0,0.0,0.0,0.0,2.9296529302236003,2.9296529302236003,2.9296529302236003,2.923365281336434,2.923365281336434,5.441736422332854,5.441736422332854
428.0,0.428,0.001,0.499,110.05599403982343,4.031569404059529,1.9208394575501742,0.07036416012350442,4.551712260799042,1.072059416944917,4.551712260799042,1.072059416944917,4.551712260799042,1.072059416944917,-1.7069147182829953,0.23702126557560613,-2.4263607905278985,-15.59924487297678,-2.4263607905278985,-15.59924487297678,0.0,0.0,0.0,0.0,0.0,0.0,2.9233353089954837,2.9233353089954837,2.9233353089954837,2.916976995243549,2.916976995243549,5.444438469687881,5.444438469687881
429.0,0.429,0.001,0.499,110.31608334169073,4.093153503046034,1.925378872216972,0.07143900541769305,4.539414666797931,1.0748452941886284,4.539414666797931,1.0748452941886284,4.539414666797931,1.0748452941886284,-1.7093160521833062,0.2213666139183184,-2.4013339003108243,-15.654651657287705,-2.4013339003108243,-15.654651657287705,0.0,0.0,0.0,0.0,0.0,0.0,2.916946611423329,2.916946611423329,2.916946611423329,2.9105180757475027,2.9105180757475027,5.446845856326108,5.446845856326108
430.0,0.43,0.001,0.499,110.57546271997232,4.154893782229587,1.9299058963797615,0.07251657657054657,4.527024162789515,1.0775711528535195,4.527024162789515,1.0775711528535195,4.527024162789515,1.0775711528535195,-1.7116935761902226,0.20565963524927716,-2.377524006916388,-15.706978669041257,-2.377524006916388,-15.706978669041257,0.0,0.0,0.0,0.0,0.0,0.0,2.910487281655324,2.910487281655324,2.910487281655324,2.903988969941796,2.903988969941796,5.448960935372158,5.448960935372158
431.0,0.431,0.001,0.499,110.8341268675862,4.2167868641374735,1.9344204374124885,0.07359681463404572,4.514541032726999,1.0802380634991464,4.514541032726999,1.0802380634991464,4.514541032726999,1.0802380634991464,-1.7140485362136009,0.18990347970476168,-2.354960023378238,-15.756155544515483,-2.354960023378238,-15.756155544515483,0.0,0.0,0.0,0.0,0.0,0.0,2.9039577668832957,2.9039577668832957,2.9039577668832957,2.897390127832958,2.897390127832958,5.450786092301568,5.450786092301568
432.0,0.432,0.001,0.499,111.09207049378455,4.278829433048719,1.9389224029741832,0.07467966173794241,4.5019655616946155,1.0828471038966996,4.5019655616946155,1.0828471038966996,4.5019655616946155,1.0828471038966996,-1.716382205598633,0.17410136429189665,-2.3336693850321826,-15.802115412865021,-2.3336693850321826,-15.802115412865021,0.0,0.0,0.0,0.0,0.0,0.0,2.8973585172092253,2.8973585172092253,2.8973585172092253,2.890722002209347,2.890722002209347,5.452323725496322,5.452323725496322
433.0,0.433,0.001,0.499,111.34928832422533,4.341018235364438,1.9434117010102112,0.0757650610962236,4.489298036027965,1.0853993582811854,4.489298036027965,1.0853993582811854,4.489298036027965,1.0853993582811854,-1.7186958835333526,0.15825656907724686,-2.313677934719385,-15.844795214649787,-2.313677934719385,-15.844795214649787,0.0,0.0,0.0,0.0,0.0,0.0,2.890689985514835,2.890689985514835,2.890689985514835,2.8839850485110077,2.8839850485110077,5.453576226757256,5.453576226757256
434.0,0.434,0.001,0.499,111.60577510105078,4.403350079935893,1.9478882397536432,0.07685295701283683,4.476538743432013,1.0878959166132312,4.476538743432013,1.0878959166132312,4.476538743432013,1.0878959166132312,-1.720990893345166,0.14237243306664832,-2.295009811813613,-15.884136010598557,-2.295009811813613,-15.884136010598557,0.0,0.0,0.0,0.0,0.0,0.0,2.8839526273316083,2.8839526273316083,2.8839526273316083,2.8771797247006115,2.877179724700611,5.454545961983807,5.454545961983807
435.0,0.435,0.001,0.499,111.86152558297252,4.465821838350813,1.9523519277267398,0.07794329488668765,4.463687973096657,1.090337873850818,4.463687973096657,1.090337873850818,4.463687973096657,1.090337873850818,-1.7232685806912151,0.12645234978888034,-2.2776873460489426,-15.920083277767988,-2.2776873460489426,-15.920083277767988,0.0,0.0,0.0,0.0,0.0,0.0,2.8771469007102892,2.8771469007102892,2.8771469007102892,2.870306491135548,2.870306491135548,5.455235252238008,5.455235252238008
436.0,0.436,0.001,0.499,112.1165345453631,4.528430445178585,1.9568026737425497,0.07903602121591888,4.450746015809796,1.092726329231234,4.450746015809796,1.092726329231234,4.450746015809796,1.092726329231234,-1.7255303116483305,0.11049976259860267,-2.2617309571154554,-15.952587190277667,-2.2617309571154554,-15.952587190277667,0.0,0.0,0.0,0.0,0.0,0.0,2.8702732660950434,2.8702732660950434,2.8702732660950434,2.8633658104411865,2.8633658104411865,5.455646355412548,5.455646355412548
437.0,0.437,0.001,0.499,112.37079678035383,4.591172898174902,1.9612403869066175,0.0801310836014824,4.437713164067845,1.095062385563522,4.437713164067845,1.095062385563522,4.437713164067845,1.095062385563522,-1.7277774707092979,0.0945181597167388,-2.247159060967422,-15.981602881863864,-2.247159060967422,-15.981602881863864,0.0,0.0,0.0,0.0,0.0,0.0,2.8633321861952084,2.8633321861952084,2.8633321861952084,2.8563581473853716,2.8563581473853716,5.4557814487218455,5.4557814487218455
438.0,0.438,0.001,0.499,112.62430709693895,4.654046258446483,1.965664976618801,0.08122843075001408,4.4245897121836215,1.0973471485316886,4.4245897121836215,1.0973471485316886,4.4245897121836215,1.0973471485316886,-1.7300114586930488,0.0785110690291389,-2.2339879837510157,-16.007090687599902,-2.2339879837510157,-16.007090687599902,0.0,0.0,0.0,0.0,0.0,0.0,2.856324125860117,2.856324125860117,2.856324125860117,2.8492839687541776,2.8492839687541776,5.455642612230282,5.455642612230282
439.0,0.439,0.001,0.499,112.87706032108566,4.717047650576505,1.9700763525751925,0.082328012476023,4.411375956391549,1.0995817260089191,4.411375956391549,1.0995817260089191,4.411375956391549,1.0995817260089191,-1.7322336905772555,0.06248205266685973,-2.222231884206716,-16.02901636227917,-2.222231884206716,-16.02901636227917,0.0,0.0,0.0,0.0,0.0,0.0,2.849249551955189,2.849249551955189,2.849249551955189,2.8421437432289665,2.8421437432289665,5.455231813622798,5.455231813622798
440.0,0.44,0.001,0.499,113.12905129585015,4.780174262711383,1.9744744247701427,0.08342977970340604,4.398072194950121,1.101767227383038,4.398072194950121,1.101767227383038,4.398072194950121,1.101767227383038,-1.734445593262591,0.046434701393712745,-2.2119026853356614,-16.047351273146987,-2.2119026853356614,-16.047351273146987,0.0,0.0,0.0,0.0,0.0,0.0,2.842108933238611,2.842108933238611,2.8421089332386114,2.8349379412647897,2.8349379412647897,5.454550894410222,5.454550894410222
441.0,0.441,0.001,0.499,113.38027488149918,4.843423346609566,1.9788591034983842,0.08453368446629947,4.3846787282415844,1.103904762893429,4.3846787282415844,1.103904762893429,4.3846787282415844,1.103904762893429,-1.736648603278631,0.0303726288288152,-2.203010016039946,-16.062072564897544,-2.203010016039946,-16.062072564897544,0.0,0.0,0.0,0.0,0.0,0.0,2.8349027402399725,2.8349027402399725,2.8349027402399725,2.8276670349701623,2.827667034970162,5.453601557744969,5.453601557744969
442.0,0.442,0.001,0.499,113.63072595563742,4.906792217653001,1.983230299357253,0.08563967990927909,4.3711958588687745,1.1059954429796295,4.3711958588687745,1.1059954429796295,4.3711958588687745,1.1059954429796295,-1.7388441644419863,0.014299465533696137,-2.195561163355302,-16.073163295119063,-2.195561163355302,-16.073163295119063,0.0,0.0,0.0,0.0,0.0,0.0,2.827631445139998,2.827631445139998,2.827631445139998,2.8203314979882403,2.8203314979882403,5.452385358002375,5.452385358002375
443.0,0.443,0.001,0.499,113.88039941334002,4.970278254821957,1.9875879232490021,0.08674772028692088,4.357623891749076,1.1080403776417833,4.357623891749076,1.1080403776417833,4.357623891749076,1.1080403776417833,-1.7410337254777783,-0.0017811470049738862,-2.1895610357920745,-16.08061253867002,-2.1895610357920745,-16.08061253867002,0.0,0.0,0.0,0.0,0.0,0.0,2.820295521651305,2.820295521651305,2.820295521651305,2.812931805379453,2.812931805379453,5.450903692259411,5.450903692259411
444.0,0.444,0.001,0.499,114.1292901672904,5.0338789006338995,1.9919318863832076,0.08785776096273401,4.343963134205458,1.1100406758131385,4.343963134205458,1.1100406758131385,4.343963134205458,1.1100406758131385,-1.743218737615967,-0.017865562464770807,-2.185012138188578,-16.08441545979692,-2.185012138188578,-16.08441545979692,0.0,0.0,0.0,0.0,0.0,0.0,2.81289544490212,2.81289544490212,2.81289544490212,2.8054684335055904,2.8054684335055904,5.449157793776124,5.449157793776124
445.0,0.445,0.001,0.499,114.37739314792324,5.097591661047105,1.9962621002792622,0.08896975840747876,4.330213896054557,1.1119974447447483,4.330213896054557,1.1119974447447483,4.330213896054557,1.1119974447447483,-1.7454006521743286,-0.03395013581592474,-2.1819145583616195,-16.08457335115393,-2.1819145583616195,-16.08457335115393,0.0,0.0,0.0,0.0,0.0,0.0,2.805431691319662,2.805431691319662,2.8054316913196615,2.797941859915389,2.7979418599153894,5.4471487275566215,5.4471487275566215
446.0,0.446,0.001,0.499,114.62470330357208,5.161414105329736,2.000578476768954,0.0900836701968813,4.3163764896917645,1.1139117894025319,4.3163764896917645,1.1139117894025319,4.3163764896917645,1.1139117894025319,-1.747580918140043,-0.05003122945517538,-2.180265965714409,-16.08109363925064,-2.180265965714409,-16.08109363925064,0.0,0.0,0.0,0.0,0.0,0.0,2.7979047385145184,2.7979047385145184,2.7979047385145184,2.7903525632316653,2.7903525632316653,5.444877388036208,5.444877388036208
447.0,0.447,0.001,0.499,114.87121560062188,5.225343865895076,2.0048809279991273,0.09119945500875812,4.302451230173291,1.1157848118768285,4.302451230173291,1.1157848118768285,4.302451230173291,1.1157848118768285,-1.7497609797618774,-0.06610521931140438,-2.180061621834357,-16.073989856229005,-2.180061621834357,-16.073989856229005,0.0,0.0,0.0,0.0,0.0,0.0,2.79031506517136,2.79031506517136,2.79031506517136,2.782701023039968,2.782701023039968,5.442344498910119,5.442344498910119
448.0,0.448,0.001,0.499,115.11692502366597,5.289378638103673,2.0091693664344223,0.09231707261956269,4.288438435295192,1.1176176108045732,4.288438435295192,1.1176176108045732,4.288438435295192,1.1176176108045732,-1.7519422741648623,-0.0821685008896525,-2.181294402984829,-16.06328157824812,-2.181294402984829,-16.06328157824812,0.0,0.0,0.0,0.0,0.0,0.0,2.782663150932949,2.782663150932949,2.782663150932949,2.7749877197788266,2.7749877197788266,5.439550615087944,5.439550615087944
449.0,0.449,0.001,0.499,115.36182657566741,5.353516180033088,2.0134437048600917,0.09343648390036689,4.274338425669319,1.119411280804201,4.274338425669319,1.119411280804201,4.274338425669319,1.119411280804201,-1.7541262289991304,-0.09821749522078005,-2.183954834268065,-16.048994331127545,-2.183954834268065,-16.048994331127545,0.0,0.0,0.0,0.0,0.0,0.0,2.7749494762944167,2.7749494762944167,2.7749494762944167,2.7672131346315876,2.7672131346315876,5.4364961267268885,5.4364961267268885
450.0,0.45,0.001,0.499,115.60591527812446,5.417754312216013,2.017703856384888,0.09455765081229027,4.260151524796184,1.1211669119233807,4.260151524796184,1.1211669119233807,4.260151524796184,1.1211669119233807,-1.7563142601342439,-0.11424865468504075,-2.1880311351135573,-16.031159464260707,-2.1880311351135573,-16.031159464260707,0.0,0.0,0.0,0.0,0.0,0.0,2.7671745224934616,2.7671745224934616,2.7671745224934616,2.7593777494198712,2.7593777494198712,5.433181265267192,5.433181265267192
451.0,0.451,0.001,0.499,115.84918617124008,5.4820909173474845,2.0219497344440227,0.09568053640138993,4.245878059134722,1.1228855890996623,4.245878059134722,1.1228855890996623,4.245878059134722,1.1228855890996623,-1.7585077694098732,-0.13025846867919263,-2.1935092756293475,-16.009813994151884,-2.1935092756293475,-16.009813994151884,0.0,0.0,0.0,0.0,0.0,0.0,2.7593387714025486,2.7593387714025486,2.7593387714025486,2.7514820464986536,2.7514820464986536,5.429606111365032,5.429606111365032
452.0,0.452,0.001,0.499,116.0916343140953,5.546523939961934,2.026181252802192,0.09680510479302404,4.231518358168939,1.1245683916341103,4.231518358168939,1.1245683916341103,4.231518358168939,1.1245683916341103,-1.7607081424531184,-0.1462434690984407,-2.200373043245073,-15.98500041924804,-2.200373043245073,-15.98500041924804,0.0,0.0,0.0,0.0,0.0,0.0,2.7514427054268515,2.7514427054268515,2.7514427054268515,2.7435265086530065,2.743526508653007,5.425770604592624,5.425770604592624
453.0,0.453,0.001,0.499,116.33325478482612,5.611051386080831,2.0303983255566633,0.09793132118570202,4.217072754471437,1.1262163926779822,4.217072754471437,1.1262163926779822,4.217072754471437,1.1262163926779822,-1.7629167465720952,-0.16220023560646493,-2.208604118976939,-15.956766508024243,-2.208604118976939,-15.956766508024243,0.0,0.0,0.0,0.0,0.0,0.0,2.743486807398817,2.743486807398817,2.7434868073988175,2.7355116189965134,2.7355116189965134,5.421674554752458,5.421674554752458
454.0,0.454,0.001,0.499,116.57404268080401,5.675671322831662,2.034600867140427,0.09905915184443452,4.202541583763806,1.1278306587325009,4.202541583763806,1.1278306587325009,4.202541583763806,1.1278306587325009,-1.765134928734653,-0.1781254006689994,-2.2181821625576728,-15.925165062534477,-2.2181821625576728,-15.925165062534477,0.0,0.0,0.0,0.0,0.0,0.0,2.7354715604773725,2.7354715604773725,2.7354715604773725,2.727437860871343,2.727437860871343,5.417317654633223,5.417317654633223
455.0,0.455,0.001,0.499,116.81399311881957,5.740381878039009,2.038788792325401,0.10018856409359628,4.187925184973893,1.1294122491617566,4.187925184973893,1.1294122491617566,4.187925184973893,1.1294122491617566,-1.767364013640253,-0.19401565432885368,-2.229084905600234,-15.890253659854269,-2.229084905600234,-15.890253659854269,0.0,0.0,0.0,0.0,0.0,0.0,2.727397448048299,2.727397448048299,2.727397448048299,2.7193057177500437,2.719305717750044,5.412699494019216,5.412699494019216
456.0,0.456,0.001,0.499,117.05310123526931,5.805181239788458,2.042962016225691,0.10131952630931504,4.173223900289934,1.1309622157187604,4.173223900289934,1.1309622157187604,4.173223900289934,1.1309622157187604,-1.7696053018921565,-0.20986774870286873,-2.2412882519034927,-15.852094374015044,-2.2412882519034927,-15.852094374015044,0.0,0.0,0.0,0.0,0.0,0.0,2.7192649536257747,2.7192649536257747,2.7192649536257747,2.711115673139023,2.711115673139023,5.407819574753091,5.407819574753091
457.0,0.457,0.001,0.499,117.29136218634544,5.870067655964124,2.0471204543009027,0.1024520079113997,4.158438075211565,1.1324816020846633,4.158438075211565,1.1324816020846633,4.158438075211565,1.1324816020846633,-1.7718600682761183,-0.22567850218402963,-2.254766383961864,-15.81075348116089,-2.254766383961864,-15.81075348116089,0.0,0.0,0.0,0.0,0.0,0.0,2.7110745607556157,2.7110745607556157,2.7110745607556157,2.7028682104837527,2.7028682104837527,5.402677326643909,5.402677326643909
458.0,0.458,0.001,0.499,117.52877114822829,5.935039433760513,2.0512640223595002,0.10358597935482085,4.143568058597712,1.1339714434211414,4.143568058597712,1.1339714434211414,4.143568058597712,1.1339714434211414,-1.7741295601508276,-0.24144480333477522,-2.26949187470929,-15.766301150745596,-2.26949187470929,-15.766301150745596,0.0,0.0,0.0,0.0,0.0,0.0,2.7028267529207537,2.7028267529207537,2.7028267529207537,2.6945638130756873,2.6945638130756877,5.39727212400848,5.39727212400848
459.0,0.459,0.001,0.499,117.76532331728143,6.000094939169507,2.0553926365622117,0.10472141212075678,4.128614202711374,1.1354327659359358,4.128614202711374,1.1354327659359358,4.128614202711374,1.1354327659359358,-1.7764149959543385,-0.2571636144604071,-2.285435803510838,-15.718811125631866,-2.285435803510838,-15.718811125631866,0.0,0.0,0.0,0.0,0.0,0.0,2.694522013448608,2.694522013448608,2.694522013448608,2.686202963960924,2.686202963960924,5.391603302633873,5.391603302633873
460.0,0.46,0.001,0.499,118.00101391024897,6.065232596443198,2.059506213425473,0.10585827870721831,4.113576863261314,1.1368665864615275,4.113576863261314,1.1368665864615275,4.113576863261314,1.1368665864615275,-1.7787175638297508,-0.2728319748543638,-2.3025678754122487,-15.668360393956709,-2.3025678754122487,-15.668360393956709,0.0,0.0,0.0,0.0,0.0,0.0,2.6861608254196447,2.6861608254196447,2.6861608254196447,2.677786145850586,2.677786145850586,5.3856701769525746,5.3856701769525746
461.0,0.461,0.001,0.499,118.23583816445532,6.130450887533332,2.063604669824914,0.10699655261926523,4.098456399440667,1.1382739120469167,4.098456399440667,1.1382739120469167,4.098456399440667,1.1382739120469167,-1.781038420372419,-0.28844700370995296,-2.320856542668266,-15.615028855589209,-2.320856542668266,-15.615028855589209,0.0,0.0,0.0,0.0,0.0,0.0,2.677743671576691,2.677743671576691,2.677743671576691,2.669313841032953,2.669313841032953,5.3794720572286705,5.3794720572286705
462.0,0.462,0.001,0.499,118.46979133800676,6.19574835150812,2.0676879229988763,0.10813620835882769,4.083253173962486,1.1396557395624631,4.083253173962486,1.1396557395624631,4.083253173962486,1.1396557395624631,-1.7833786895000125,-0.3040059026958851,-2.340269127593645,-15.558898985932183,-2.340269127593645,-15.558898985932183,0.0,0.0,0.0,0.0,0.0,0.0,2.66927103423926,2.66927103423926,2.66927103423926,2.6607865312873256,2.6607865312873256,5.373008266563518,5.373008266563518
463.0,0.463,0.001,0.499,118.7028687099951,6.261123583947154,2.0717558905519686,0.10927722141414542,4.067967553092257,1.1410130553177362,4.067967553092257,1.1410130553177362,4.067967553092257,1.1410130553177362,-1.7857394614458277,-0.319505958195596,-2.3607719458152268,-15.5000554997109,-2.3607719458152268,-15.5000554997109,0.0,0.0,0.0,0.0,0.0,0.0,2.6607433952149138,2.6607433952149138,2.6607433952149138,2.652204697799647,2.6522046977996467,5.3662781575418945,5.3662781575418945
464.0,0.464,0.001,0.499,118.93506558070283,6.326575236315152,2.075808490458646,0.11041956824883774,4.052599906677387,1.1423468346923156,4.052599906677387,1.1423468346923156,4.052599906677387,1.1423468346923156,-1.7881217918748757,-0.3349445432128502,-2.3823304290480727,-15.438585017254207,-2.3823304290480727,-15.438585017254207,0.0,0.0,0.0,0.0,0.0,0.0,2.6521612357176068,2.6521612357176068,2.6521612357176068,2.643568821079853,2.643568821079853,5.359281128354531,5.359281128354531
465.0,0.465,0.001,0.499,119.16637727180986,6.392102015315313,2.07984564106682,0.11156322629061721,4.037150608173717,1.14365804177947,4.037150608173717,1.14365804177947,4.037150608173717,1.14365804177947,-1.7905267011214479,-0.35031911894846046,-2.4049092465720063,-15.374575735610255,-2.4049092465720063,-15.374575735610255,0.0,0.0,0.0,0.0,0.0,0.0,2.6435250362828766,2.6435250362828766,2.6435250362828766,2.6348793808809754,2.6348793808809754,5.352016638249455,5.352016638249455
466.0,0.466,0.001,0.499,119.39679912660166,6.4577026822229655,2.083867261101489,0.11270817391965984,4.021620034669061,1.144947629042635,4.021620034669061,1.144947629042635,4.021620034669061,1.144947629042635,-1.7929551735460934,-0.3656272360551156,-2.4284724246454577,-15.308117106655118,-2.4284724246454577,-15.308117106655118,0.0,0.0,0.0,0.0,0.0,0.0,2.6348352766879946,2.6348352766879946,2.6348352766879946,2.626136856119985,2.626136856119985,5.344484222182453,5.344484222182453
467.0,0.467,0.001,0.499,119.62632651017852,6.523376052200284,2.087873269668393,0.11385439045664444,4.006008566903825,1.1462165369846036,4.006008566903825,1.1462165369846036,4.006008566903825,1.1462165369846036,-1.795408157009253,-0.38086653557926814,-2.452983463159797,-15.239299524152514,-2.452983463159797,-15.239299524152514,0.0,0.0,0.0,0.0,0.0,0.0,2.626092435873378,2.626092435873378,2.626092435873378,2.6173417248003714,2.6173417248003714,5.336683504555593,5.336683504555593
468.0,0.468,0.001,0.499,119.85495480966581,6.589120993592755,2.091863586257682,0.11500185615047377,3.9903165892887262,1.147465693829331,3.9903165892887262,1.147465693829331,3.9903165892887262,1.147465693829331,-1.7978865624581608,-0.3960347496007793,-2.478405448907823,-15.168214021511162,-2.478405448907823,-15.168214021511162,0.0,0.0,0.0,0.0,0.0,0.0,2.617296991863072,2.617296991863072,2.617296991863072,2.608494463936454,2.608494463936454,5.328614211951826,5.328614211951826
469.0,0.46900000000000003,0.001,0.499,120.08267943442519,6.654936427208142,2.0958381307476017,0.11615055216569002,3.974544489919655,1.1486960152162493,3.974544489919655,1.1486960152162493,3.974544489919655,1.1486960152162493,-1.8003912636230741,-0.4111297015825466,-2.504701164913278,-15.094951981767329,-2.504701164913278,-15.094951981767329,0.0,0.0,0.0,0.0,0.0,0.0,2.6084494216924408,2.6084494216924408,2.6084494216924408,2.599595549479432,2.599595549479432,5.320276184792704,5.320276184792704
470.0,0.47000000000000003,0.001,0.499,120.28766936458935,6.779466652137093,2.0994158799623994,0.11832401460894934,3.577749214797704,2.173462443259326,3.577749214797704,2.173462443259326,3.577749214797704,2.173462443259326,-1.802923096818417,-0.4261493064436448,-2.531833195342824,-15.019604861098207,-2.531833195342824,-15.019604861098207,0.0,0.0,0.0,0.0,0.0,0.0,2.5995502013314193,2.5995502013314193,2.5995502013314193,2.6358221708848664,2.6358221708848664,5.311669387864889,5.311669387864889
471.0,0.47100000000000003,0.001,0.499,120.47167550174224,6.957657520773377,2.1026273928995938,0.12143403196364119,3.211512937194494,3.1100173546918586,3.211512937194494,3.1100173546918586,3.211512937194494,3.1100173546918586,-1.8054828608440134,-0.4410915703705952,-2.559764025596523,-14.942263926950439,-2.559764025596523,-14.942263926950439,0.0,0.0,0.0,0.0,0.0,0.0,2.6357373232049133,2.6357373232049133,2.6357373232049133,2.666857106490075,2.666857106490075,5.302793919679044,5.302793919679044
472.0,0.47200000000000003,0.001,0.499,120.63632698100375,7.184803447085246,2.1055011033309863,0.12539847626027573,2.8737104313925723,3.9644442966345226,2.8737104313925723,3.9644442966345226,2.8737104313925723,3.9644442966345226,-1.80807131698126,-0.45595459038224634,-2.5884561372463626,-14.863020011651153,-2.5884561372463626,-14.863020011651153,0.0,0.0,0.0,0.0,0.0,0.0,2.666736904775371,2.666736904775371,2.666736904775371,2.6930405317740553,2.6930405317740553,5.293650020641665,5.293650020641665
473.0,0.47300000000000003,0.001,0.499,120.78313918986804,7.456525947602129,2.1080634597577936,0.13014092854604734,2.5623564268073697,4.74245228577162,2.5623564268073697,4.74245228577162,2.5623564268073697,4.74245228577162,-1.8106891890788237,-0.4707365536644054,-2.6178720975637195,-14.781963282159076,-2.6178720975637195,-14.781963282159076,0.0,0.0,0.0,0.0,0.0,0.0,2.6928897912107277,2.6928897912107277,2.6928897912107277,2.7147036766350188,2.7147036766350188,5.284238080036112,5.284238080036112
474.0,0.47400000000000003,0.001,0.499,120.9135212820341,7.768753151598608,2.11033905655173,0.1355903212700819,2.275596793936504,5.449392724034549,2.275596793936504,5.449392724034549,2.275596793936504,5.449392724034549,-1.8133371637222686,-0.48543573669081874,-2.6479746434449782,-14.699183026413339,-2.6479746434449782,-14.699183026413339,0.0,0.0,0.0,0.0,0.0,0.0,2.714527500338219,2.714527500338219,2.714527500338219,2.7321651609830555,2.7321651609830555,5.2745586418235195,5.2745586418235195
475.0,0.47500000000000003,0.001,0.499,121.02878321407293,8.117700338611971,2.1123507567680178,0.14168059859903748,2.0117002162873825,6.090277328955601,2.0117002162873825,6.090277328955601,2.0117002162873825,6.090277328955601,-1.8160158904818777,-0.5000505041473684,-2.6787267596090794,-14.614767456549632,-2.6787267596090794,-14.614767456549632,0.0,0.0,0.0,0.0,0.0,0.0,2.7319687524351273,2.7319687524351273,2.7319687524351273,2.7457290067626285,2.7457290067626285,5.264612409287069,5.264612409287069
476.0,0.47600000000000003,0.001,0.499,121.13014233247654,8.499851523970182,2.1141198071110794,0.1483503950239374,1.7690503430615843,6.669796424899913,1.7690503430615843,6.669796424899913,1.7690503430615843,6.669796424899913,-1.8187259822328787,-0.5145793076764473,-2.7100917510009657,-14.52880352907897,-2.7100917510009657,-14.52880352907897,0.0,0.0,0.0,0.0,0.0,0.0,2.7455175703465735,2.7455175703465735,2.7455175703465735,2.7556836783915273,2.7556836783915273,5.254400248554422,5.254400248554422
477.0,0.47700000000000004,0.001,0.499,121.21872953792683,8.911942086594307,2.115665945521328,0.15554273215812425,1.5461384102486164,7.192337134186841,1.5461384102486164,7.192337134186841,1.5461384102486164,7.192337134186841,-1.8214680155422691,-0.5290206844584122,-2.742033309390304,-14.441376781964884,-2.742033309390304,-14.441376781964884,0.0,0.0,0.0,0.0,0.0,0.0,2.755462354017304,2.755462354017304,2.755462354017304,2.7623017542476047,2.7623017542476047,5.243923191042839,5.243923191042839
478.0,0.47800000000000004,0.001,0.499,121.29559505264103,9.350942415244294,2.1170075018343306,0.16320473331040372,1.3415563130030257,7.662001152279467,1.3415563130030257,7.662001152279467,1.3415563130030257,7.662001152279467,-1.8242425311164743,-0.5433732556468033,-2.7745155742051484,-14.352571188391034,-2.7745155742051484,-14.352571188391034,0.0,0.0,0.0,0.0,0.0,0.0,2.7620755613284524,2.7620755613284524,2.7620755613284524,2.7658399857540927,2.7658399857540927,5.233182434879523,5.233182434879523
479.0,0.47900000000000004,0.001,0.499,121.36171381549617,9.814042537479672,2.118161491943498,0.17128735520979926,1.1539901091676485,8.082621899395546,1.1539901091676485,8.082621899395546,1.1539901091676485,8.082621899395546,-1.8270500343041596,-0.5576357246736868,-2.8075031876852137,-14.262469026883597,-2.8075031876852137,-14.262469026883597,0.0,0.0,0.0,0.0,0.0,0.0,2.7656137674962977,2.7656137674962977,2.7656137674962977,2.766539594964717,2.766539594964717,5.222179345356323,5.222179345356323
480.0,0.48,0.001,0.499,121.41799052838483,10.298637688272965,2.119143705875605,0.17974513613034065,0.9822139321066312,8.457780920541396,0.9822139321066312,8.457780920541396,0.9822139321066312,8.457780920541396,-1.8298909956486387,-0.5718068754410282,-2.8409613444790924,-14.171150767341372,-2.8409613444790924,-14.171150767341372,0.0,0.0,0.0,0.0,0.0,0.0,2.7663179617635256,2.7663179617635256,2.7663179617635256,2.7646267191860847,2.7646267191860847,5.210915454482934,5.210915454482934
481.0,0.481,0.001,0.499,121.4652643759599,10.802314771191984,2.119968790165876,0.188535959594118,0.8250842902708464,8.79082346377736,0.8250842902708464,8.79082346377736,0.8250842902708464,8.79082346377736,-1.8327658514844827,-0.5858855704134593,-2.874855835844058,-14.078694972431187,-2.874855835844058,-14.078694972431187,0.0,0.0,0.0,0.0,0.0,0.0,2.7644139932937466,2.7644139932937466,2.7644139932937466,2.76031294620964,2.7603129462096403,5.199392459706362,5.199392459706362
482.0,0.482,0.001,0.499,121.50431343962997,11.322839663406592,2.120650324896739,0.19762083280185153,0.6815347308632609,9.084873207733509,0.6815347308632609,9.084873207733509,0.6815347308632609,9.084873207733509,-1.835675004573119,-0.5998707486271858,-2.9091530886362453,-13.985178213726451,-2.9091530886362453,-13.985178213726451,0.0,0.0,0.0,0.0,0.0,0.0,2.7601131107895958,2.7601131107895958,2.7601131107895958,2.753795904894644,2.753795904894644,5.1876122218667815,5.1876122218667815
483.0,0.483,0.001,0.499,121.53585882539407,11.858145315759604,2.1212008957421347,0.20696367893994772,0.5505708453952523,9.342846138096185,0.5505708453952523,9.342846138096185,0.5505708453952523,9.342846138096185,-1.838618824772422,-0.6137614236290877,-2.943820199303108,-13.890675001901865,-2.943820199303108,-13.890675001901865,0.0,0.0,0.0,0.0,0.0,0.0,2.7536125603235004,2.7536125603235004,2.7536125603235,2.745259888557645,2.745259888557645,5.175576762460995,5.175576762460995
484.0,0.484,0.001,0.499,121.56056852387518,12.406320600234851,2.121632161337805,0.21653114253209735,0.43126559567040545,9.567463592149627,0.43126559567040545,9.567463592149627,0.43126559567040545,9.567463592149627,-1.8415976497355315,-0.6275566813593343,-2.9788249631094357,-13.795257730246602,-2.9788249631094357,-13.795257730246602,0.0,0.0,0.0,0.0,0.0,0.0,2.7450962180647065,2.7450962180647065,2.745096218064707,2.7348764962284653,2.7348764962284653,5.163288260284887,5.163288260284887
485.0,0.485,0.001,0.499,121.57906101973603,12.965599858963344,2.1219549162774882,0.2262924070350228,0.3227549396832158,9.761264502925433,0.3227549396832158,9.761264502925433,0.3227549396832158,9.761264502925433,-1.8446117856343747,-0.641255677990055,-3.0141358988431217,-13.698996630720721,-3.0141358988431217,-13.698996630720721,0.0,0.0,0.0,0.0,0.0,0.0,2.73473524206086,2.73473524206086,2.73473524206086,2.722805281388091,2.722805281388091,5.1507490475253235,5.1507490475253235
486.0,0.486,0.001,0.499,121.59190866654733,13.53435311114282,2.1221791500154787,0.23621902391698027,0.22423373799037113,9.926616881957472,0.22423373799037113,9.926616881957472,0.22423373799037113,9.926616881957472,-1.8476615079036323,-0.654857637731809,-3.0497222692576713,-13.601959741754092,-3.0497222692576713,-13.601959741754092,0.0,0.0,0.0,0.0,0.0,0.0,2.722688731851436,2.722688731851436,2.722688731851436,2.709194400569122,2.7091944005691215,5.1379616053704105,5.1379616053704105
487.0,0.487,0.001,0.499,121.59964084212882,14.111076876700707,2.122314101937718,0.24628475250046525,0.13495192223953317,10.065728583484978,0.13495192223953317,10.065728583484978,0.13495192223953317,10.065728583484978,-1.8507470620011477,-0.6683618506187817,-3.0855540975154714,-13.504212886972633,-3.0855540975154714,-13.504212886972633,0.0,0.0,0.0,0.0,0.0,0.0,2.7091043875941616,2.7091043875941616,2.7091043875941616,2.6941812559353617,2.6941812559353617,5.124928559204629,5.124928559204629
488.0,0.488,0.001,0.499,121.60274689839977,14.6943855780609,2.1223683128463984,0.25646540989473293,0.054210908680279196,10.180657394267667,0.054210908680279196,10.180657394267667,0.054210908680279196,10.180657394267667,-1.8538686641810471,-0.6817676702828137,-3.1216021798994715,-13.405819664032004,-3.1216021798994715,-13.405819664032004,0.0,0.0,0.0,0.0,0.0,0.0,2.694119162325145,2.694119162325145,2.694119162325145,2.6778931271157163,2.6778931271157163,5.111652673452567,5.111652673452567
489.0,0.489,0.001,0.499,121.60167891885521,15.283003483882357,2.122349673087002,0.2667387303875113,-0.018639759396638932,10.273320492778359,-0.018639759396638932,10.273320492778359,-0.018639759396638932,10.273320492778359,-1.8570265022761085,-0.6950745117255567,-3.1578380950615297,-13.306841442742948,-3.1578380950615297,-13.306841442742948,0.0,0.0,0.0,0.0,0.0,0.0,2.6778599022695957,2.6778599022695957,2.6778599022695957,2.6604477884105022,2.6604477884105022,5.09813684613162,5.09813684613162
490.0,0.49,0.001,0.499,121.5968542959271,15.875757161057939,2.122265467531739,0.2770842337075287,-0.08420555526298673,10.345503320017437,-0.08420555526298673,10.345503320017437,-0.08420555526298673,10.345503320017437,-1.8602207364861822,-0.7082818490972408,-3.194234210073622,-13.20733737168408,-3.194234210073622,-13.20733737168408,0.0,0.0,0.0,0.0,0.0,0.0,2.6604439711357655,2.6604439711357655,2.6604439711357655,2.6419541081622615,2.6419541081622615,5.0843841031704455,5.0843841031704455
491.0,0.491,0.001,0.499,121.58865813969027,16.47156840355576,2.1221224176193987,0.28748310160951407,-0.14304991234037173,10.398867901985376,-0.14304991234037173,10.398867901985376,-0.14304991234037173,10.398867901985376,-1.863451500169726,-0.7213892134897568,-3.230763683543752,-13.107364392516017,-3.230763683543752,-13.107364392516017,0.0,0.0,0.0,0.0,0.0,0.0,2.641979855113837,2.641979855113837,2.641979855113837,2.6225126276655724,2.6225126276655724,5.0703975925460565,5.0703975925460565
492.0,0.492,0.001,0.499,121.57744552863036,17.069447608831467,2.121926720638658,0.2979180622707822,-0.19569698074076564,10.434960661268137,-0.19569698074076564,10.434960661268137,-0.19569698074076564,10.434960661268137,-1.866718900635778,-0.7343961907509912,-3.267400466052078,-13.006977261234304,-3.267400466052078,-13.006977261234304,0.0,0.0,0.0,0.0,0.0,0.0,2.62256774596396,2.62256774596396,2.6225677459639596,2.6022161175186453,2.6022161175186453,5.056180578288436,5.056180578288436
493.0,0.493,0.001,0.499,121.5635436124994,17.668487574529053,2.1216840864298363,0.30837328202323894,-0.24263420882168366,10.45521975245675,-0.24263420882168366,10.45521975245675,-0.24263420882168366,10.45521975245675,-1.870023019933933,-0.7473024193266178,-3.304119298154817,-12.906228575626587,-3.304119298154817,-12.906228575626587,0.0,0.0,0.0,0.0,0.0,0.0,2.6023001001899364,2.6023001001899364,2.6023001001899364,2.5811501098091183,2.5811501098091183,5.041736434397491,5.041736434397491
494.0,0.494,0.001,0.499,121.54725357664238,18.267857690020698,2.1213997716688633,0.31883426397662684,-0.28431476097304226,10.4609819533879,-0.28431476097304226,10.4609819533879,-0.28431476097304226,10.4609819533879,-1.8733639156401272,-0.7601075881348489,-3.340895706194192,-12.805168808231098,-3.340895706194192,-12.805168808231098,0.0,0.0,0.0,0.0,0.0,0.0,2.5812621728106597,2.5812621728106597,2.5812621728106597,2.5593934049808733,2.5593934049808733,5.027068638713038,5.027068638713038
495.0,0.495,0.001,0.499,121.52885247658038,18.866798499017722,2.1210786118867926,0.3292877531181834,-0.3211597820706982,10.45348914155657,-0.3211597820706982,10.45348914155657,-0.3211597820706982,10.45348914155657,-1.8767416216362696,-0.7728114344789767,-3.3777059961423452,-12.703846344127847,-3.3777059961423452,-12.703846344127847,0.0,0.0,0.0,0.0,0.0,0.0,2.559532524737337,2.559532524737337,2.559532524737337,2.5370185526467375,2.5370185526467375,5.0121807667745095,5.0121807667745095
496.0,0.496,0.001,0.499,121.50859495107879,19.46461661102459,2.120725051368483,0.33972164750075945,-0.3535605183094952,10.433894382576026,-0.3535605183094952,10.433894382576026,-0.3535605183094952,10.433894382576026,-1.8801561488819656,-0.785413742001907,-3.4145272456959717,-12.602307522930264,-3.4145272456959717,-12.602307522930264,0.0,0.0,0.0,0.0,0.0,0.0,2.537183503180301,2.537183503180301,2.537183503180301,2.514092305990113,2.514092305990113,4.99707648570312,4.99707648570312
497.0,0.497,0.001,0.499,121.48671482141118,20.060679940817007,2.12034317106502,0.35012491515603794,-0.3818803034629452,10.4032676552785,-0.3818803034629452,10.4032676552785,-0.3818803034629452,10.4032676552785,-1.8836074861767924,-0.7979143386862897,-3.451337294826723,-12.500596684382712,-3.451337294826723,-12.500596684382712,0.0,0.0,0.0,0.0,0.0,0.0,2.5142816948957325,2.5142816948957325,2.514281694895732,2.490676049734471,2.490676049734471,4.9817595481354235,4.9817595481354235
498.0,0.498,0.001,0.499,121.46342658404626,20.65441325641549,2.119936714646016,0.36048751639201415,-0.40645641900366,10.362601235976186,-0.40645641900366,10.362601235976186,-0.40645641900366,10.362601235976186,-1.8870956009117728,-0.8103130949032974,-3.4881147349803157,-12.398756217007676,-3.4881147349803157,-12.398756217007676,0.0,0.0,0.0,0.0,0.0,0.0,2.4908883524141348,2.4908883524141348,2.4908883524141348,2.4668262019511378,2.4668262019511378,4.966233786233591,4.966233786233591
499.0,0.499,0.001,0.499,121.43892680353405,21.2452940172091,2.119509112810062,0.37080033115455163,-0.4276018359543158,10.31281476253746,-0.4276018359543158,10.31281476253746,-0.4276018359543158,10.31281476253746,-1.8906204398088777,-0.8226099215125825,-3.5248388971049938,-12.296826609285104,-3.5248388971049938,-12.296826609285104,0.0,0.0,0.0,0.0,0.0,0.0,2.467059793657515,2.467059793657515,2.467059793657515,2.442594590222874,2.442594590222874,4.950503105794289,4.950503105794289
