step,time_s,dt_s,duration_s,mj_q1_deg,mj_q2_deg,mujoco_q1_rad,mujoco_q2_rad,mj_qd1_raw,mj_qd2_raw,mj_qd1_rad_s,mj_qd2_rad_s,mujoco_qdot1_rad_s,mujoco_qdot2_rad_s,bridge_q1_rad,bridge_q2_rad,bridge_qd1,bridge_qd2,bridge_qdot1_rad_s,bridge_qdot2_rad_s,tau0,tau1,tau1_Nm,tau2_Nm,tau1_applied_Nm,tau2_applied_Nm,mj_hand_speed_norm_fd,mujoco_ee_speed_fd_3d_m_s,mujoco_ee_speed_fd_xz_m_s,mujoco_ee_speed_jac_3d_m_s,mujoco_ee_speed_jac_xz_m_s,bridge_hand_speed_xz,bridge_ee_speed_xz_m_s
0.0,0.0,0.001,0.499,5.002088059159929,54.997385535776786,0.08730290610703366,0.9598854575880106,0.03644350731719041,-0.045631008870626884,0.03644350731719041,-0.045631008870626884,0.03644350731719041,-0.045631008870626884,0.08729490705265455,0.9599016029733584,0.028444452938073603,-0.029485623522873917,0.028444452938073603,-0.029485623522873917,0.0,0.0,0.0,0.0,0.0,0.0,0.0,0.0,0.0,0.010476155776721298,0.010476155776721298,0.008949696215335555,0.008949696215335555
1.0,0.001,0.001,0.499,5.0062542946495805,54.99219705073698,0.08737562063374152,0.9597949014408755,0.07271452670785386,-0.09055614713501776,0.07271452670785386,-0.09055614713501776,0.07271452670785386,-0.09055614713501776,0.08735179606034262,0.9598426301681211,0.056889007688057144,-0.05897280523723271,0.056889007688057144,-0.05897280523723271,0.0,0.0,0.0,0.0,0.0,0.0,0.010476106078891888,0.010476106078891888,0.010476106078891888,0.02095514131203063,0.02095514131203063,0.01789918893832912,0.01789918893832912
2.0,0.002,0.001,0.499,5.012488996850758,54.984474003474226,0.0874844367150334,0.9596601088378532,0.10881608129188691,-0.1347926030222684,0.10881608129188691,-0.1347926030222684,0.10881608129188691,-0.1347926030222684,0.08743712991276634,0.959754166227132,0.08533385242372148,-0.08846394098903432,0.08533385242372148,-0.08846394098903432,0.0,0.0,0.0,0.0,0.0,0.0,0.020954950268094723,0.020954950268094723,0.020954950268094723,0.03143706864222312,0.03143706864222312,0.026848200796022455,0.026848200796022455
3.0,0.003,0.001,0.499,5.020782624261897,54.97425489121348,0.08762918782029143,0.9594817516822722,0.14475110525801735,-0.17835715558102705,0.14475110525801735,-0.17835715558102705,0.14475110525801735,-0.17835715558102705,0.08755090908802891,0.9596362048009028,0.11377917526257371,-0.11796142622923811,0.11377917526257371,-0.11796142622923811,0.0,0.0,0.0,0.0,0.0,0.0,0.03143665566625813,0.03143665566625813,0.03143665566625813,0.041922027644254914,0.041922027644254914,0.035796454226455644,0.035796454226455644
4.0,0.004,0.001,0.499,5.0311257985889934,54.961577272556156,0.08780971026740701,0.9592604854953898,0.18052244711557666,-0.22126618688241087,0.18052244711557666,-0.22126618688241087,0.18052244711557666,-0.22126618688241087,0.08769313425227325,0.9594887371450792,0.14222516424434112,-0.14746765582365953,0.14222516424434112,-0.14746765582365953,0.0,0.0,0.0,0.0,0.0,0.0,0.041921322500810376,0.041921322500810376,0.041921322500810376,0.05241008670618795,0.05241008670618795,0.04474367139422832,0.04474367139422832
5.0,0.005,0.001,0.499,5.043509300014131,54.94647778955559,0.08802584314020108,0.9589969498016809,0.216132872794072,-0.263535693708885,0.216132872794072,-0.263535693708885,0.216132872794072,-0.263535693708885,0.08786380625958265,0.9593117521212169,0.1706720073094023,-0.17698502386234477,0.1706720073094023,-0.17698502386234477,0.0,0.0,0.0,0.0,0.0,0.0,0.05240902883531576,0.05240902883531576,0.052409028835315764,0.06290129339184794,0.06290129339184794,0.05368957410604,0.05368957410604
6.0,0.006,0.001,0.499,5.057924062633299,54.928992189150684,0.08827742820879897,0.9586917685029274,0.2515850685978958,-0.3051812987535112,0.2515850685978958,-0.3051812987535112,0.2515850685978958,-0.3051812987535112,0.0880629261518598,0.9591052361977486,0.1991198922771522,-0.20651592346830247,0.1991198922771522,-0.20651592346830247,0.0,0.0,0.0,0.0,0.0,0.0,0.06289983127207324,0.06289983127207324,0.06289983127207324,0.07339567509904138,0.07339567509904138,0.06263388372620013,0.06263388372620013
7.0,0.007,0.001,0.499,5.0743611700555995,54.90915534398482,0.0885643098528221,0.9583455502415748,0.28688164402313193,-0.3462182613526671,0.28688164402313193,-0.3462182613526671,0.28688164402313193,-0.3462182613526671,0.08829049515868409,0.9588691734511431,0.22756900682428732,-0.23606274660542897,0.22756900682428732,-0.23606274660542897,0.0,0.0,0.0,0.0,0.0,0.0,0.07339376564141187,0.07339376564141187,0.07339376564141187,0.08389323971073996,0.08389323971073996,0.07157632109209937,0.07157632109209937
8.0,0.008,0.001,0.499,5.09281185115632,54.88700127263512,0.08888633498726516,0.9579588887538006,0.3220251344430624,-0.38666148777411774,0.3220251344430624,-0.38666148777411774,0.3220251344430624,-0.38666148777411774,0.08854651469714708,0.9586035455672576,0.25601953846299697,-0.26562788388546305,0.25601953846299697,-0.26562788388546305,0.0,0.0,0.0,0.0,0.0,0.0,0.08389084768891544,0.08389084768891544,0.08389084768891544,0.09439397623870023,0.09439397623870023,0.0805166064296333,0.0805166064296333
9.0,0.009000000000000001,0.001,0.499,5.113267475976718,54.86256315927663,0.08924335299093379,0.9575323632127195,0.3570180036686404,-0.4265255410811603,0.3570180036686404,-0.4265255410811603,0.3570180036686404,-0.4265255410811603,0.08883098637166613,0.9583083318428838,0.28447167451904676,-0.2952137243738047,0.28447167451904676,-0.2952137243738047,0.0,0.0,0.0,0.0,0.0,0.0,0.09439107374667238,0.09439107374667238,0.09439107374667238,0.10489785545904266,0.10489785545904266,0.08945445926857046,0.08945445926857046
10.0,0.01,0.001,0.499,5.135719551763686,54.83587337280453,0.08963521563732367,0.957066538562127,0.3918626463898787,-0.46582465059247946,0.3918626463898787,-0.46582465059247946,0.3918626463898787,-0.46582465059247946,0.08914391197377587,0.9579835091874898,0.31292560210973924,-0.3248226553940322,0.31292560210973924,-0.3248226553940322,0.0,0.0,0.0,0.0,0.0,0.0,0.10489442140123707,0.10489442140123707,0.10489442140123707,0.1154048305393655,0.1154048305393655,0.09838959835785692,0.09838959835785692
11.0,0.011,0.001,0.499,5.1601597191427855,54.8069634854363,0.09006177702782747,0.9565619658411707,0.4265613905038014,-0.5045727209563218,0.4265613905038014,-0.5045727209563218,0.4265613905038014,-0.5045727209563218,0.08948529348189761,0.9576290521251588,0.3413815081217366,-0.35445706233094926,0.3413815081217366,-0.35445706233094926,0.0,0.0,0.0,0.0,0.0,0.0,0.11540085014620356,0.11540085014620356,0.11540085014620356,0.12591483765701872,0.12591483765701872,0.10732174158084974,0.10732174158084974
12.0,0.012,0.001,0.499,5.186579748418489,54.7758642908152,0.0905228935271618,0.956019182500314,0.4611164993343221,-0.5427833408566326,0.4611164993343221,-0.5427833408566326,0.4611164993343221,-0.5427833408566326,0.08985513306108635,0.9572449327967268,0.36983957918873,-0.38411932843199414,0.36983957918873,-0.38411932843199414,0.0,0.0,0.0,0.0,0.0,0.0,0.12591030202921522,0.12591030202921522,0.12591030202921522,0.13642779660820853,0.13642779660820853,0.1162506058704729,0.1162506058704729
13.0,0.013000000000000001,0.001,0.499,5.2149715359957,54.74260582163499,0.09101842370091094,0.9554387127089462,0.49553017374914565,-0.580469791367885,0.49553017374914565,-0.580469791367885,0.49553017374914565,-0.580469791367885,0.09025343306275528,0.95683112096212,0.3983000016689388,-0.41381183460683996,0.3983000016689388,-0.41381183460683996,0.0,0.0,0.0,0.0,0.0,0.0,0.1364227022843526,0.1364227022843526,0.1364227022843526,0.14694361140764708,0.14694361140764708,0.1251759071242889,0.1251759071242889
14.0,0.014,0.001,0.499,5.245327100916939,54.707217366805125,0.09154822825508947,0.9548210676549718,0.5298045541785341,-0.6176450539744697,0.5298045541785341,-0.6176450539744697,0.5298045541785341,-0.6176450539744697,0.0906801960243777,0.9563875840028949,0.42676296162242305,-0.4435369592250135,0.42676296162242305,-0.4435369592250135,0.0,0.0,0.0,0.0,0.0,0.0,0.14693795995682135,0.14693795995682135,0.14693795995682132,0.1574621708785003,0.15746217087850034,0.13409736011948029,0.13409736011948029
15.0,0.015,0.001,0.499,5.2776385815098505,54.66972748817494,0.09211216997763001,0.954166745836702,0.5639417225405385,-0.6543218182697027,0.5639417225405385,-0.6543218182697027,0.5639417225405385,-0.6543218182697027,0.0911354246691659,0.9559142869249836,0.4552286447881916,-0.4732970779113594,0.4552286447881916,-0.4732970779113594,0.0,0.0,0.0,0.0,0.0,0.0,0.15745596851532806,0.15745596851532806,0.15745596851532806,0.16798334923242722,0.16798334923242722,0.14301467842773669,0.14301467842773669
16.0,0.016,0.001,0.499,5.311898232139885,54.63016403683419,0.09271011368170708,0.9534762333473533,0.5979437040770708,-0.6905124893487424,0.5979437040770708,-0.6905124893487424,0.5979437040770708,-0.6905124893487424,0.09161912190572698,0.9554111923616444,0.48369723656108715,-0.5030945633391721,0.48369723656108715,-0.5030945633391721,0.0,0.0,0.0,0.0,0.0,0.0,0.16797660645476573,0.16797660645476573,0.1679766064547657,0.17850700663953503,0.17850700663953503,0.15192757433004225,0.15192757433004225
17.0,0.017,0.001,0.499,5.34809842006334,54.58855416900672,0.09334192615081205,0.9527500041524444,0.6318124691049751,-0.7262291949089795,0.6318124691049751,-0.7262291949089795,0.6318124691049751,-0.7262291949089795,0.0921312908276954,0.9548782605766236,0.5121689219684293,-0.5329317850208188,0.5121689219684293,-0.5329317850208188,0.0,0.0,0.0,0.0,0.0,0.0,0.1784997378844227,0.1784997378844227,0.1784997378844227,0.18903298978811275,0.18903298978811275,0.1608357587313602,0.1608357587313602
18.0,0.018000000000000002,0.001,0.499,5.386231622376059,54.54492436155345,0.0940074760854981,0.9519885203603736,0.6655499346860537,-0.7614837920707836,0.6655499346860537,-0.7614837920707836,0.6655499346860537,-0.7614837920707836,0.0926719347133418,0.954315449467528,0.5406438856463945,-0.562811109095671,0.5406438856463945,-0.562811109095671,0.0,0.0,0.0,0.0,0.0,0.0,0.1890252131098184,0.1890252131098184,0.1890252131098184,0.1995611324340309,0.1995611324340309,0.16973894107521215,0.16973894107521215
19.0,0.019,0.001,0.499,5.426290423053404,54.49930042709977,0.0947066340517179,0.9511922324864428,0.6991579662198089,-0.7962878739308423,0.6991579662198089,-0.7962878739308423,0.6991579662198089,-0.7962878739308423,0.09324105702515792,0.9537227145694128,0.5691223118161131,-0.5927348981151617,0.5691223118161131,-0.5927348981151617,0.0,0.0,0.0,0.0,0.0,0.0,0.19955286919853574,0.19955286919853574,0.19955286919853574,0.2100912559397265,0.21009125593972652,0.1786368292581499,0.1786368292581499
20.0,0.02,0.001,0.499,5.4682675100772595,54.45170752880218,0.09543927243068039,0.9503615797105831,0.7326383789624816,-0.8306527758597185,0.7326383789624816,-0.8306527758597185,0.7326383789624816,-0.8306527758597185,0.09383866140941738,0.953100009058588,0.5976043842594595,-0.622705510824782,0.5976043842594595,-0.622705510824782,0.0,0.0,0.0,0.0,0.0,0.0,0.21008253053812764,0.21008253053812764,0.21008253053812764,0.22062316980271893,0.22062316980271893,0.18752912954411927,0.18752912954411927
21.0,0.021,0.001,0.499,5.512155672646043,54.40217019476812,0.09620526537015618,0.9494969901290284,0.7659929394757927,-0.8645895815546739,0.7659929394757927,-0.8645895815546739,0.7659929394757927,-0.8645895815546739,0.09446475169571189,0.9524472837566452,0.6260902862945138,-0.6527253019428279,0.6260902862945138,-0.6527253019428279,0.0,0.0,0.0,0.0,0.0,0.0,0.22061400938042014,0.22061400938042014,0.22061400938042014,0.2311566721736259,0.23115667217362593,0.19641554647871584,0.19641554647871584
22.0,0.022,0.001,0.499,5.557947798463872,54.350712332142365,0.09700448873716482,0.9485988810001702,0.7992233670086271,-0.8981091288582629,0.7992233670086271,-0.8981091288582629,0.7992233670086271,-0.8981091288582629,0.09511933189646256,0.9517644871347095,0.6545802007506688,-0.6827966219357043,0.6545802007506688,-0.6827966219357043,0.0,0.0,0.0,0.0,0.0,0.0,0.23114710637622582,0.23114710637622582,0.23114710637622582,0.24169155036367126,0.24169155036367126,0.20529578280333477,0.20529578280333477
23.0,0.023,0.001,0.499,5.605636871105248,54.29735724087299,0.09783682007197957,0.9476676589848175,0.8323313348147486,-0.9312220153526835,0.8323313348147486,-0.9312220153526835,0.8323313348147486,-0.9312220153526835,0.09580240620640591,0.9510515653179199,0.6830743099433573,-0.7129218167895914,0.6830743099433573,-0.7129218167895914,0.0,0.0,0.0,0.0,0.0,0.0,0.24168161109743502,0.24168161109743502,0.24168161109743502,0.2522275813416981,0.2522275813416981,0.2141695393692157,0.2141695393692157
24.0,0.024,0.001,0.499,5.655215967451723,54.242127627169,0.09870213854338905,0.9467037203810782,0.8653184714094835,-0.9639386037393853,0.8653184714094835,-0.9639386037393853,0.8653184714094835,-0.9639386037393853,0.09651397900205429,0.9503084620901416,0.7115727956483724,-0.7431032277782728,0.7115727956483724,-0.7431032277782728,0.0,0.0,0.0,0.0,0.0,0.0,0.2522173025471609,0.2522173025471609,0.25221730254716096,0.2627645322207214,0.2627645322207214,0.22303651505138877,0.22303651505138877
25.0,0.025,0.001,0.499,5.70667825519725,54.18504561666155,0.09960032490515722,0.9457074513540652,0.8981863617681685,-0.9962690270129723,0.8981863617681685,-0.9962690270129723,0.8981863617681685,-0.9962690270129723,0.09725405484113003,0.9495351188989147,0.7400758390757523,-0.7733431912269233,0.7400758390757523,-0.7733431912269233,0.0,0.0,0.0,0.0,0.0,0.0,0.26275394966259696,0.26275394966259696,0.262753949662597,0.2733021607340688,0.2733021607340688,0.23189640666252445,0.23189640666252445
26.0,0.026000000000000002,0.001,0.499,5.760016990419001,54.12613276728008,0.10053126145362624,0.9446792281606272,0.9309365484690311,-1.0282231934380008,0.9309365484690311,-1.0282231934380008,0.9309365484690311,-1.0282231934380008,0.09802263846197323,0.9487314748606431,0.7685836208431988,-0.80364403827165,0.7685836208431988,-0.80364403827165,0.0,0.0,0.0,0.0,0.0,0.0,0.27329131180023997,0.27329131180023997,0.27329131180023997,0.28384021570117934,0.28384021570117934,0.24074890886669564,0.24074890886669564
27.0,0.027,0.001,0.499,5.815225515210641,54.06541008185406,0.10149483198640928,0.9436194173692903,0.9635705327830385,-1.0598107913368626,0.9635705327830385,-1.0598107913368626,0.9635705327830385,-1.0598107913368626,0.09881973478292223,0.9478974667660286,0.7970963209489988,-0.8340080946145733,0.7970963209489988,-0.8340080946145733,0.0,0.0,0.0,0.0,0.0,0.0,0.2838291392173271,0.2838291392173271,0.2838291392173271,0.29437843748314085,0.29437843748314085,0.2495937140930591,0.2495937140930591
28.0,0.028,0.001,0.499,5.872297255375137,54.00289802045076,0.10249092176212242,0.9425283760755938,0.9960897757131342,-1.0910412936965461,0.9960897757131342,-1.0910412936965461,0.9960897757131342,-1.0910412936965461,0.09964534890166665,0.9470330290857544,0.8256141187444155,-0.864437680274235,0.8256141187444155,-0.864437680274235,0.0,0.0,0.0,0.0,0.0,0.0,0.2943671735372911,0.2943671735372911,0.2943671735372911,0.30491655842806453,0.30491655842806453,0.25843051244946613,0.25843051244946613
29.0,0.029,0.001,0.499,5.931225718174344,53.93861651245909,0.10351941746110759,0.9414064521129921,1.0284956989851668,-1.1219239626017055,1.0284956989851668,-1.1219239626017055,1.0284956989851668,-1.1219239626017055,0.10049948609457217,0.9461380939764232,0.8541371929055125,-0.894935109331112,0.8541371929055125,-0.894935109331112,0.0,0.0,0.0,0.0,0.0,0.0,0.30490514820470505,0.30490514820470505,0.30490514820470505,0.3154543033064047,0.3154543033064047,0.2672589916360136,0.2672589916360136
30.0,0.03,0.001,0.499,5.992004490132735,53.872584968428974,0.1045802071471003,0.940253984259491,1.0607896859927066,-1.152467853501109,1.0607896859927066,-1.152467853501109,1.0607896859927066,-1.152467853501109,0.10138215181597654,0.9452125912867553,0.8826657214043773,-0.9255026896680113,0.8826657214043773,-0.9255026896680113,0.0,0.0,0.0,0.0,0.0,0.0,0.31544278893369154,0.31544278893369154,0.31544278893369154,0.32599138973634684,0.32599138973634684,0.27607883685854834,0.27607883685854834
31.0,0.031,0.001,0.499,6.054627234892725,53.804822291675414,0.10567318022979814,0.9390713024401768,1.092973082697844,-1.1826818193142112,1.092973082697844,-1.1826818193142112,1.092973082697844,-1.1826818193142112,0.10229335169745624,0.9442564485640501,0.911199881479702,-0.9561427227051171,0.911199881479702,-0.9561427227051171,0.0,0.0,0.0,0.0,0.0,0.0,0.3259798141410935,0.3259798141410935,0.3259798141410935,0.3365275285993941,0.3365275285993941,0.2848897307421402,0.2848897307421402
32.0,0.032,0.001,0.499,6.1190876911192165,53.73534688965607,0.10679822742828811,0.9378587279257925,1.1250471984899653,-1.212574514384276,1.1250471984899653,-1.212574514384276,1.1250471984899653,-1.212574514384276,0.10323309154706292,0.9432695910609207,0.9397398496066833,-0.9868575031294545,0.9397398496066833,-0.9868575031294545,0.0,0.0,0.0,0.0,0.0,0.0,0.3365159353726355,0.3365159353726355,0.3365159353726355,0.34706242444629526,0.34706242444629526,0.2936913532445393,0.2936913532445393
33.0,0.033,0.001,0.499,6.185379670451043,53.66417668513077,0.10795524073529252,0.9366165735275083,1.1570133070044057,-1.2421543982841798,1.1570133070044057,-1.2421543982841798,1.1570133070044057,-1.2421543982841798,0.10420137734852912,0.9422519417423021,0.9682858014661978,-1.0176493186185298,0.9682858014661978,-1.0176493186185298,0.0,0.0,0.0,0.0,0.0,0.0,0.3470508577155119,0.3470508577155119,0.3470508577155119,0.3575957758934644,0.3575957758934644,0.3024833815696383,0.3024833815696383
34.0,0.034,0.001,0.499,6.253497055497121,53.59132912711111,0.10914411338219532,0.9353451437880276,1.188872646902798,-1.2714297394807388,1.188872646902798,-1.2714297394807388,1.188872646902798,-1.2714297394807388,0.10519821526044233,0.9412034212927441,0.9968379119132076,-1.0485204495579021,0.9968379119132076,-1.0485204495579021,0.0,0.0,0.0,0.0,0.0,0.0,0.3575842802057674,0.3575842802057674,0.3575842802057673,0.3681272760100503,0.3681272760100503,0.311265490080958,0.311265490080958
35.0,0.035,0.001,0.499,6.323433797875218,53.51682120160781,0.11036473980481216,0.9340447351691644,1.220626422616842,-1.3004086188631432,1.220626422616842,-1.3004086188631432,1.220626422616842,-1.3004086188631432,0.10622361161538668,0.9401239481239917,1.0253963549443506,-1.0794731687524346,1.0253963549443506,-1.0794731687524346,0.0,0.0,0.0,0.0,0.0,0.0,0.3681158962222684,0.3681158962222684,0.3681158962222685,0.37865661269582046,0.3786566126958204,0.3200373502151818,0.3200373502151818
36.0,0.036000000000000004,0.001,0.499,6.39518391629134,53.440669442183506,0.11161701560986931,0.9327156362360236,1.252275805057149,-1.329098933140818,1.252275805057149,-1.329098933140818,1.252275805057149,-1.329098933140818,0.10727757291905135,0.9390134383828608,1.0539613036646647,-1.1105097411309663,1.0539613036646647,-1.1105097411309663,0.0,0.0,0.0,0.0,0.0,0.0,0.3786453938692295,0.3786453938692295,0.3786453938692295,0.3891834690500328,0.3891834690500328,0.32879863039576274,0.32879863039576274
37.0,0.037,0.001,0.499,6.468741494657815,53.362889940317906,0.11290083754215804,0.9313581278379078,1.2838219322887316,-1.3575083981157954,1.2838219322887316,-1.3575083981157954,1.2838219322887316,-1.3575083981157954,0.10836010584930475,0.9378718059594167,1.0825329302533957,-1.1416324234441426,1.0825329302533957,-1.1416324234441426,0.0,0.0,0.0,0.0,0.0,0.0,0.3891724563584774,0.3891724563584774,0.3891724563584774,0.3997075237314727,0.3997075237314727,0.33754899594663246,0.33754899594663246
38.0,0.038,0.001,0.499,6.544100680248254,53.2834983555925,0.11421610345233268,0.9299724832860734,1.3152659101746416,-1.3856445518344527,1.3152659101746416,-1.3856445518344527,1.3152659101746416,-1.3856445518344527,0.10947121725523358,0.9366989624954615,1.1111114059288327,-1.1728434639551317,1.1111114059288327,-1.1728434639551317,0.0,0.0,0.0,0.0,0.0,0.0,0.3996967623688716,0.3996967623688716,0.39969676236887164,0.410228451309835,0.410228451309835,0.34628810900604107,0.34628810900604107
39.0,0.039,0.001,0.499,6.621255681887656,53.20250992570122,0.11556271226532187,0.9285589685284501,1.3466088129891882,-1.4135147576232545,1.3466088129891882,-1.4135147576232545,1.3466088129891882,-1.4135147576232545,0.1106109141561457,0.9354948173933385,1.1396969009121167,-1.2041451021229521,1.1396969009121167,-1.2041451021229521,0.0,0.0,0.0,0.0,0.0,0.0,0.410217986408474,0.410217986408474,0.41021798640847407,0.42074592260863897,0.42074592260863897,0.3550156284405617,0.3550156284405617
40.0,0.04,0.001,0.499,6.70020076817597,53.11993947629369,0.11694056394932398,0.9271178423214371,1.3778516840021051,-1.441126207012931,1.3778516840021051,-1.441126207012931,1.3778516840021051,-1.441126207012931,0.11177920374053565,0.9342592778250604,1.1682895843899614,-1.2355395682781238,1.1682895843899614,-1.2355395682781238,0.0,0.0,0.0,0.0,0.0,0.0,0.42073579916252074,0.42073579916252074,0.4207357991625208,0.43125960503986976,0.43125960503986976,0.36373120975929707,0.36373120975929707
41.0,0.041,0.001,0.499,6.780930265743547,53.03580143065689,0.11834955948535894,0.9256493563988818,1.4089955360349666,-1.4684859225553295,1.4089955360349666,-1.4684859225553295,1.4089955360349666,-1.4684859225553295,0.11297609336501188,0.93299224874177,1.1968896244762248,-1.2670290832903535,1.1968896244762248,-1.2670290832903535,0.0,0.0,0.0,0.0,0.0,0.0,0.43124986783375063,0.43124986783375063,0.4312498678337507,0.44176916293053237,0.44176916293053237,0.3724345050283236,0.3724345050283236
42.0,0.042,0.001,0.499,6.863438557536949,52.95010981924156,0.11978960083735005,0.9241537556383448,1.440041351991102,-1.4956007605369936,1.440041351991102,-1.4956007605369936,1.440041351991102,-1.4956007605369936,0.11420159055318414,0.931693632883542,1.2254971881722658,-1.2986158582279541,1.2254971881722658,-1.2986158582279541,0.0,0.0,0.0,0.0,0.0,0.0,0.4417598564723834,0.4417598564723834,0.4417598564723834,0.4522742578413206,0.4522742578413206,0.38112516278541875,0.38112516278541875
43.0,0.043000000000000003,0.001,0.499,6.947720081133678,52.86287828903867,0.12126059092271024,0.9226312782247514,1.4709900853601932,-1.522477413593344,1.4709900853601932,-1.522477413593344,1.4709900853601932,-1.522477413593344,0.11545570299451016,0.9303633307895334,1.2541124413260198,-1.3303020940086914,1.2541124413260198,-1.3303020940086914,0.0,0.0,0.0,0.0,0.0,0.0,0.452265426302513,0.452265426302513,0.452265426302513,0.4627745488775966,0.4627745488775966,0.3898028279551143,0.3898028279551143
44.0,0.044,0.001,0.499,7.0337693270844115,52.77412011281164,0.12276243358340894,0.9210821558115243,1.5018426606986937,-1.5491224132271768,1.5018426606986937,-1.5491224132271768,1.5018426606986937,-1.5491224132271768,0.11673843854309988,0.9290012408084917,1.2827355485897192,-1.362089981041742,1.2827355485897192,-1.362089981041742,0.0,0.0,0.0,0.0,0.0,0.0,0.46276623603653727,0.46276623603653727,0.46276623603653727,0.47326969299287924,0.47326969299287924,0.39846714176412423,0.39846714176412423
45.0,0.045,0.001,0.499,7.1215808372814635,52.68384819818953,0.12429503355749608,0.9195066136792893,1.5325999740871468,-1.5755421322350274,1.5325999740871468,-1.5755421322350274,1.5325999740871468,-1.5755421322350274,0.11804980521647607,0.9276072591096313,1.3113666733761873,-1.3939816988604399,1.3113666733761873,-1.3939816988604399,0.0,0.0,0.0,0.0,0.0,0.0,0.47326194218232126,0.47326194218232126,0.47326194218232126,0.48375934528504544,0.48375934528504544,0.40711774165720077,0.40711774165720077
46.0,0.046,0.001,0.499,7.211149203352173,52.59207509662634,0.12585829645106153,0.9179048708922445,1.5632628935654425,-1.6017427870448078,1.5632628935654425,-1.6017427870448078,1.5632628935654425,-1.6017427870448078,0.1193898111942897,0.9261812796938858,1.3400059778136284,-1.425979415745479,1.3400059778136284,-1.425979415745479,0.0,0.0,0.0,0.0,0.0,0.0,0.4837521993451056,0.4837521993451056,0.4837521993451056,0.4942431592854423,0.4942431592854423,0.41575426121347253,0.41575426121347253
47.0,0.047,0.001,0.499,7.302469065076014,52.498813012231196,0.12745212871060851,0.9162771404522765,1.5938322595469967,-1.6277304399679775,1.5938322595469967,-1.6277304399679775,1.5938322595469967,-1.6277304399679775,0.12075846481698853,0.9247231944055475,1.3686536226988302,-1.4580852883382305,1.3686536226988302,-1.4580852883382305,0.0,0.0,0.0,0.0,0.0,0.0,0.4942366605201095,0.4942366605201095,0.4942366605201095,0.5047207872411149,0.5047207872411149,0.4243763300633241,0.4243763300633241
48.0,0.048,0.001,0.499,7.395535108824308,52.40407381047428,0.12907643759582133,0.9146236294509071,1.6243088852127994,-1.6535110013693743,1.6243088852127994,-1.6535110013693743,1.6243088852127994,-1.6535110013693743,0.12215577458443723,0.9232328929443037,1.3973097674486974,-1.4903014612438241,1.3973097674486974,-1.4903014612438241,0.0,0.0,0.0,0.0,0.0,0.0,0.504714977376387,0.504714977376387,0.504714977376387,0.5151918803903514,0.5151918803903514,0.4329835738058826,0.4329835738058826
49.0,0.049,0.001,0.499,7.490342066021379,52.30786902677292,0.13073113115270754,0.9129445392191494,1.6546935568862287,-1.6790902317577063,1.6546935568862287,-1.6790902317577063,1.6546935568862287,-1.6790902317577063,0.12358174915448726,0.92171026287768,1.4259745700500275,-1.5226300666236359,1.4259745700500275,-1.5226300666236359,0.0,0.0,0.0,0.0,0.0,0.0,0.5151868005404058,0.5151868005404058,0.5151868005404058,0.5256560892317457,0.5256560892317457,0.4415756139271757,0.4415756139271757
50.0,0.05,0.001,0.499,7.586884711626162,52.210209874962345,0.13241611818709703,0.9112400654753499,1.684987034389497,-1.704473743799583,1.684987034389497,-1.704473743799583,1.684987034389497,-1.704473743799583,0.1250363973414947,0.9201551896539032,1.4546481870074375,-1.5550732237768086,1.4546481870074375,-1.5550732237768086,0.0,0.0,0.0,0.0,0.0,0.0,0.5256517798642671,0.5256517798642671,0.5256517798642673,0.5361130637869805,0.5361130637869805,0.4501520677190358,0.4501520677190358
51.0,0.051000000000000004,0.001,0.499,7.685157862633208,52.11110725565522,0.13413130823847957,0.90951039847109,1.7151900513825475,-1.7296670042598496,1.7151900513825475,-1.7296670042598496,1.7151900513825475,-1.7296670042598496,0.12651972811478404,0.9185675566151927,1.483330773289346,-1.5876330387104294,1.483330773289346,-1.5876330387104294,0.0,0.0,0.0,0.0,0.0,0.0,0.5361095646922482,0.5361095646922482,0.5361095646922482,0.5465624538575308,0.5465624538575308,0.4587125481988246,0.4587125481988246
52.0,0.052000000000000005,0.001,0.499,7.785156376592157,52.01057176449412,0.13587661155416475,0.9077557231352191,1.7453033156851896,-1.7546753358708802,1.7453033156851896,-1.7546753358708802,1.7453033156851896,-1.7546753358708802,0.12803175059705596,0.9169472450114947,1.5120224822719104,-1.6203116036979721,1.5120224822719104,-1.6203116036979721,0.0,0.0,0.0,0.0,0.0,0.0,0.5465598041230498,0.5465598041230498,0.5465598041230498,0.557003909275486,0.557003909275486,0.4672566640300602,0.4672566640300602
53.0,0.053,0.001,0.499,7.886875150144748,51.90861370030078,0.13765193906374798,0.9059762192160857,1.7753275095832235,-1.7795039191333815,1.7753275095832235,-1.7795039191333815,1.7753275095832235,-1.7795039191333815,0.12957247406273678,0.9152941340146691,1.540723465680819,-1.6531109968256044,1.540723465680819,-1.6531109968256044,0.0,0.0,0.0,0.0,0.0,0.0,0.5570021472610683,0.5570021472610683,0.5570021472610683,0.5674370801486898,0.5674370801486897,0.47578401944403254,0.47578401944403254
54.0,0.054,0.001,0.499,7.990309117578483,51.80524307312602,0.13945720235386724,0.9041720614220345,1.8052632901192756,-1.8041577940511628,1.8052632901192756,-1.8041577940511628,1.8052632901192756,-1.8041577940511628,0.13114190793626762,0.9136081007331431,1.569433873530827,-1.6860332815259476,1.569433873530827,-1.6860332815259476,0.0,0.0,0.0,0.0,0.0,0.0,0.5674362434633471,0.5674362434633471,0.5674362434633471,0.5778616171003922,0.5778616171003922,0.484294214162498,0.484294214162498
55.0,0.055,0.001,0.499,8.095453249396138,51.700469612203804,0.14129231364323627,0.9023434195602323,1.8351112893690278,-1.8286418618022364,1.8351112893690278,-1.8286418618022364,1.8351112893690278,-1.8286418618022364,0.13274006179033054,0.9118890202270443,1.5981538540629272,-1.7190805060988668,1.5981538540629272,-1.7190805060988668,0.0,0.0,0.0,0.0,0.0,0.0,0.5778617425848437,0.5778617425848437,0.5778617425848438,0.5882771715036097,0.5882771715036097,0.4927868433215501,0.4927868433215501
56.0,0.056,0.001,0.499,8.202302550900287,51.59430277381321,0.1431571857579398,0.9004904586738838,1.8648721147035021,-1.8529608863485196,1.8648721147035021,-1.8529608863485196,1.8648721147035021,-1.8529608863485196,0.1343669453440096,0.9101367655238255,1.6268835536790374,-1.7522547032188558,1.6268835536790374,-1.7522547032188558,0.0,0.0,0.0,0.0,0.0,0.0,0.5882782952121596,0.5882782952121596,0.5882782952121596,0.5986833957103832,0.5986833957103833,0.501261497396767,0.501261497396767
57.0,0.057,0.001,0.499,8.310852060792085,51.48675174905147,0.1450517321069778,0.8986133391778974,1.8945463490380268,-1.8771194959863362,1.8945463490380268,-1.8771194959863362,1.8945463490380268,-1.8771194959863362,0.13602256846088367,0.9083512076343969,1.6556231168740871,-1.7855578894285722,1.6556231168740871,-1.7855578894285722,0.0,0.0,0.0,0.0,0.0,0.0,0.5986855528963199,0.5986855528963199,0.5986855528963199,0.6090799432761249,0.6090799432761249,0.5097177621297454,0.5097177621297454
58.0,0.058,0.001,0.499,8.421096849783607,51.37782547152146,0.1469758666580463,0.8967122169930576,1.9241345510684884,-1.9011221848398292,1.9241345510684884,-1.9011221848398292,1.9241345510684884,-1.9011221848398292,0.13770694114704904,0.9065322155697788,1.6843726861653747,-1.8189920646180613,1.6843726861653747,-1.8189920646180613,0.0,0.0,0.0,0.0,0.0,0.0,0.6090831683790502,0.6090831683790502,0.6090831683790502,0.6194664691792401,0.6194664691792401,0.5181552184561325,0.5181552184561325
59.0,0.059000000000000004,0.001,0.499,8.533032019223018,51.2675326249368,0.14892950391354173,0.8947872436787583,1.9536372554954458,-1.9249733142993264,1.9536372554954458,-1.9249733142993264,1.9536372554954458,-1.9249733142993264,0.1394200735490681,0.9046796563582896,1.7131324020190664,-1.8525592114892004,1.7131324020190664,-1.8525592114892004,0.0,0.0,0.0,0.0,0.0,0.0,0.6194707958130711,0.6194707958130711,0.6194707958130711,0.6298426300362094,0.6298426300362094,0.526573442435277,0.526573442435277
60.0,0.06,0.001,0.499,8.646652699731908,51.155881650647565,0.1509125588867784,0.8928385665643517,1.9830549732366567,-1.9486771144066308,1.9830549732366567,-1.9486771144066308,1.9830549732366567,-1.9486771144066308,0.1411619759518418,0.9027933950632847,1.741902402773704,-1.886261295004878,1.741902402773704,-1.886261295004878,0.0,0.0,0.0,0.0,0.0,0.0,0.6298480909815452,0.6298480909815452,0.629848090981545,0.6402080843123107,0.6402080843123107,0.5349720051816262,0.5349720051816262
61.0,0.061,0.001,0.499,8.761954049854188,51.04288075508958,0.15292494707840695,0.8908663288791625,2.0123881916285504,-1.9722376851891412,2.0123881916285504,-1.9722376851891412,2.0123881916285504,-1.9722376851891412,0.14293265877640238,0.9008732948014623,1.7706828245605808,-1.9201002618224106,1.7706828245605808,-1.9201002618224106,0.0,0.0,0.0,0.0,0.0,0.0,0.6402147115084336,0.6402147115084336,0.6402147115084336,0.6505624925281606,0.6505624925281606,0.5433504727980017,0.5433504727980017
62.0,0.062,0.001,0.499,8.878931254715921,50.92853791716004,0.1549665844530241,0.8888706698812179,2.0416373746171486,-1.9956589979446477,2.0416373746171486,-1.9956589979446477,2.0416373746171486,-1.9956589979446477,0.1447321325776232,0.8989192167617516,1.7994738012208378,-1.9540780397106872,1.7994738012208378,-1.9540780397106872,0.0,0.0,0.0,0.0,0.0,0.0,0.6505703170658375,0.6505703170658375,0.6505703170658376,0.6609055174622476,0.6609055174622476,0.5517084063108919,0.5517084063108919
63.0,0.063,0.001,0.499,8.997579524695507,50.81286089552234,0.15703738741596304,0.8868517249847393,2.070802962938925,-2.0189448964785863,2.070802962938925,-2.0189448964785863,2.070802962938925,-2.0189448964785863,0.14656040804184234,0.8969310202248011,1.8282754642191361,-1.9881965369505186,1.8282754642191361,-1.9881965369505186,0.0,0.0,0.0,0.0,0.0,0.0,0.660914569581756,0.660914569581756,0.660914569581756,0.6712368243496328,0.6712368243496328,0.5600453616079155,0.5600453616079155
64.0,0.064,0.001,0.499,9.117894094103692,50.695857235842546,0.1591372727902551,0.8848096258864439,2.0998853742920707,-2.0420990982954863,2.0998853742920707,-2.0420990982954863,2.0998853742920707,-2.0420990982954863,0.14841749598439608,0.8949085625830835,1.8570879425537448,-2.022457641717649,1.8570879425537448,-2.022457641717649,0.0,0.0,0.0,0.0,0.0,0.0,0.671247133435065,0.671247133435065,0.671247133435065,0.6815560810769803,0.6815560810769803,0.5683608893776018,0.5683608893776018
65.0,0.065,0.001,0.499,9.239870219872856,50.577534277960154,0.16126615779375372,0.8827445006906975,2.1288850034986107,-2.065125195746287,2.1288850034986107,-2.065125195746287,2.1288850034986107,-2.065125195746287,0.15030340734705896,0.8928516993616356,1.8859113626628858,-2.0568632214478835,1.8859113626628858,-2.0568632214478835,0.0,0.0,0.0,0.0,0.0,0.0,0.6815676756564452,0.6815676756564452,0.6815676756564452,0.6918629583740844,0.6918629583740844,0.5766545350516586,0.5766545350516586
66.0,0.066,0.001,0.499,9.363503180255096,50.457899162995616,0.16342396001641152,0.8806564740335644,2.157802222657806,-2.088026657133156,2.157802222657806,-2.088026657133156,2.157802222657806,-2.088026657133156,0.15221815319538615,0.8907602842394517,1.9147458483271707,-2.091415122183757,1.9147458483271707,-2.091415122183757,0.0,0.0,0.0,0.0,0.0,0.0,0.691875866118491,0.691875866118491,0.691875866118491,0.7021571300020534,0.7021571300020534,0.5849258387498977,0.5849258387498977
67.0,0.067,0.001,0.499,9.488788273528623,50.3369588403968,0.16561059739770279,0.878545667205791,2.186637381291256,-2.1108068277733993,2.186637381291256,-2.1108068277733993,2.186637381291256,-2.1108068277733993,0.1541617447159541,0.8886341690715496,1.9435915205679537,-2.1261151679021695,1.9435915205679537,-2.1261151679021695,0.0,0.0,0.0,0.0,0.0,0.0,0.7021713777253543,0.7021713777253543,0.7021713777253543,0.7124382729383044,0.7124382729383044,0.5931743352279928,0.5931743352279928
68.0,0.068,0.001,0.499,9.615720816712017,50.21472007492684,0.16782598820418287,0.876412198274767,2.2153908064800936,-2.1334689310240003,2.2153908064800936,-2.1334689310240003,2.2153908064800936,-2.1334689310240003,0.15613419321349553,0.8864732039117272,1.9724484975414274,-2.160965159822385,1.9724484975414274,-2.160965159822385,0.0,0.0,0.0,0.0,0.0,0.0,0.7124538866001082,0.7124538866001082,0.7124538866001081,0.7227060675585198,0.7227060675585198,0.6013995538282668,0.6013995538282668
69.0,0.069,0.001,0.499,9.744296144285908,50.09118945359538,0.17007005100717754,0.8742561822054987,2.244062802994669,-2.1560160692682984,2.244062802994669,-2.1560160692682984,2.244062802994669,-2.1560160692682984,0.15813551010792382,0.8842772370360334,2.0013168944282733,-2.1959668756937853,2.0013168944282733,-2.1959668756937853,0.0,0.0,0.0,0.0,0.0,0.0,0.7227230722660611,0.7227230722660611,0.7227230722660611,0.7329601978157171,0.7329601978157171,0.6096010184336991,0.6096010184336991
70.0,0.07,0.001,0.499,9.874509606921695,49.96637339253544,0.17234270466059462,0.8720777309806325,2.2726536534170796,-2.1784512248662726,2.2726536534170796,-2.1784512248662726,2.2726536534170796,-2.1784512248662726,0.1601657069312425,0.8820461149669707,2.0301968233186822,-2.231122069062745,2.0301968233186822,-2.231122069062745,0.0,0.0,0.0,0.0,0.0,0.0,0.7329786178274371,0.7329786178274371,0.7329786178274371,0.7432003514165669,0.7432003514165669,0.6177782474253659,0.6177782474253659
71.0,0.07100000000000001,0.001,0.499,10.00635657021687,49.840278143827774,0.17464386827885153,0.8698769537195626,2.3011636182569135,-2.200777261069866,2.3011636182569135,-2.200777261069866,2.3011636182569135,-2.200777261069866,0.16222479532433504,0.8797796824984527,2.0590883930925425,-2.266432468517991,2.0590883930925425,-2.266432468517991,0.0,0.0,0.0,0.0,0.0,0.0,0.7432202101471637,0.7432202101471637,0.7432202101471636,0.7534262199951044,0.7534262199951045,0.6259307536435285,0.6259307536435285
72.0,0.07200000000000001,0.001,0.499,10.139832413436629,49.712909802274766,0.1769734612149121,0.8676539567966579,2.3295929360605454,-2.2229969229047533,2.3295929360605454,-2.2229969229047533,2.3295929360605454,-2.2229969229047533,0.16431278703362964,0.877477782721539,2.0879917092946,-2.301899776913779,2.0879917092946,-2.301899776913779,0.0,0.0,0.0,0.0,0.0,0.0,0.7534475400206818,0.7534475400206818,0.7534475400206818,0.7636374992839635,0.7636374992839635,0.6340580443525975,0.6340580443525975
73.0,0.073,0.001,0.499,10.274932528261381,49.584274312125594,0.1793314030384264,0.865408843958638,2.357941823514322,-2.245112838019923,2.357941823514322,-2.245112838019923,2.357941823514322,-2.245112838019923,0.166429693907634,0.8751402570509688,2.1169068740043793,-2.3375256705702108,2.1169068740043793,-2.3375256705702108,0.0,0.0,0.0,0.0,0.0,0.0,0.7636603023479809,0.7636603023479809,0.7636603023479809,0.773833889283259,0.7738338892832589,0.6421596212102147,0.6421596212102147
74.0,0.074,0.001,0.499,10.41165231753984,49.4543774737545,0.18171761351396837,0.8631417164411316,2.3862104755419598,-2.26712751750643,2.3862104755419598,-2.26712751750643,2.3862104755419598,-2.26712751750643,0.16857552789333466,0.8727669452525187,2.1458339857006474,-2.373311798450006,2.1458339857006474,-2.373311798450006,0.0,0.0,0.0,0.0,0.0,0.0,0.7738581963034279,0.7738581963034279,0.7738581963034279,0.784015094427247,0.784015094427247,0.6502349802406968,0.6502349802406968
75.0,0.075,0.001,0.499,10.54998719404739,49.32322495029389,0.18413201257936485,0.8608526730844449,2.4143990653964678,-2.2890433566866304,2.4143990653964678,-2.2890433566866304,2.4143990653964678,-2.2890433566866304,0.17075030103245487,0.8703576854712077,2.174773139120207,-2.409259781311006,2.174773139120207,-2.409259781311006,0.0,0.0,0.0,0.0,0.0,0.0,0.7840409255031596,0.7840409255031596,0.7840409255031596,0.7941808237488724,0.7941808237488724,0.6582836118131083,0.6582836118131083
76.0,0.076,0.001,0.499,10.689932579249405,49.19082227422377,0.18657452032411176,0.8585418104485697,2.4425077447468997,-2.310862635875209,2.4425077447468997,-2.310862635875209,2.4425077447468997,-2.310862635875209,0.17295402545756564,0.8679123142603741,2.2037244251107824,-2.445371210833695,2.2037244251107824,-2.445371210833695,0.0,0.0,0.0,0.0,0.0,0.0,0.7942081981700325,0.7942081981700325,0.7942081981700325,0.804330791042322,0.804330791042322,0.6663050006242345,0.6663050006242345
77.0,0.077,0.001,0.499,10.83148390206928,49.05717485391909,0.189045056967872,0.8562092229274564,2.470536643760233,-2.3325875211132767,2.470536643760233,-2.3325875211132767,2.470536643760233,-2.3325875211132767,0.1751867133880434,0.8654306666116511,2.2326879304777707,-2.4816476487229835,2.2326879304777707,-2.4816476487229835,0.0,0.0,0.0,0.0,0.0,0.0,0.8043597272970119,0.8043597272970119,0.8043597272970118,0.8144647150236858,0.8144647150236858,0.6742986256867375,0.6742986256867375
78.0,0.078,0.001,0.499,10.974636597660885,48.92228798015663,0.19154354283905065,0.8538550028625795,2.4984858711786604,-2.3542200648768006,2.4984858711786604,-2.3542200648768006,2.4984858711786604,-2.3542200648768006,0.177448377125868,0.8629125759858677,2.261663737824612,-2.5180906257834996,2.261663737824612,-2.5180906257834996,0.0,0.0,0.0,0.0,0.0,0.0,0.8144952308082855,0.8144952308082855,0.8144952308082855,0.8245823194898289,0.8245823194898289,0.6822639603227997,0.6822639603227997
79.0,0.079,0.001,0.499,11.11938610618518,48.786166832582566,0.1940698983534432,0.8514792406558189,2.526355514392576,-2.3757622067606183,2.526355514392576,-2.3757622067606183,2.526355514392576,-2.3757622067606183,0.17973902905125452,0.8603578743449001,2.2906519253865354,-2.554701640967608,2.2906519253865354,-2.554701640967608,0.0,0.0,0.0,0.0,0.0,0.0,0.8246144317183771,0.8246144317183771,0.8246144317183771,0.8346833334755679,0.834683333475568,0.6902004721635623,0.6902004721635623
80.0,0.08,0.001,0.499,11.26572787159082,48.648816486142195,0.19662404399295275,0.8490820248816796,2.554145639509534,-2.3972157741392666,2.554145639509534,-2.3972157741392666,2.554145639509534,-2.3972157741392666,0.18205868161811195,0.8577663921845047,2.3196525668574193,-2.591482160395357,2.3196525668574193,-2.591482160395357,0.0,0.0,0.0,0.0,0.0,0.0,0.834717058290649,0.834717058290649,0.8347170582906491,0.8447674914092406,0.8447674914092406,0.6981076231546846,0.6981076231546846
81.0,0.081,0.001,0.499,11.413657340398451,48.51024191747315,0.19920590028437218,0.8466634423988738,2.5818562914194407,-2.418582482805846,2.5818562914194407,-2.418582482805846,2.5818562914194407,-2.418582482805846,0.18440734734932146,0.8551379585681591,2.348665731209512,-2.6284336163455455,2.348665731209512,-2.6284336163455455,0.0,0.0,0.0,0.0,0.0,0.0,0.8448028441912973,0.8448028441912973,0.8448028441912973,0.8548345332667522,0.8548345332667521,0.7059848695683663,0.7059848695683663
82.0,0.082,0.001,0.499,11.563169960488585,48.370448011263065,0.20181538777822844,0.8442235784612837,2.6094874938562533,-2.439863937590138,2.6094874938562533,-2.439863937590138,2.6094874938562533,-2.439863937590138,0.1867850388318272,0.852472401161942,2.37769148250574,-2.665557406217076,2.37769148250574,-2.665557406217076,0.0,0.0,0.0,0.0,0.0,0.0,0.8548715286477351,0.8548715286477351,0.8548715286477351,0.8648842047241717,0.8648842047241717,0.7138316620221866,0.7138316620221866
83.0,0.083,0.001,0.499,11.714261179892786,48.22943956657305,0.20445242702768487,0.8417625168283266,2.6370392494564365,-2.461061632957166,2.6370392494564365,-2.461061632957166,2.6370392494564365,-2.461061632957166,0.18919176871153154,0.8497695462704823,2.406729879704324,-2.7028548914597468,2.406729879704324,-2.7028548914597468,0.0,0.0,0.0,0.0,0.0,0.0,0.8649228565962718,0.8649228565962718,0.8649228565962719,0.8749162573089515,0.8749162573089516,0.7216474455051266,0.7216474455051266
84.0,0.084,0.001,0.499,11.866926445588057,48.08722130312785,0.2071169385674993,0.8392803398747392,2.664511539814434,-2.482176953587416,2.664511539814434,-2.482176953587416,2.664511539814434,-2.482176953587416,0.19162754968798698,0.8470292188740087,2.4357809764554337,-2.7403273964736177,2.4357809764554337,-2.7403273964736177,0.0,0.0,0.0,0.0,0.0,0.0,0.8749565788387728,0.8749565788387728,0.8749565788387728,0.8849304485498313,0.8849304485498313,0.7294316594111678,0.7294316594111678
85.0,0.085,0.001,0.499,12.021161202294245,47.94379786757381,0.2098088428930347,0.8367771286997993,2.69190432553541,-2.5032111749398847,2.69190432553541,-2.5032111749398847,2.69190432553541,-2.5032111749398847,0.19409239450887655,0.8442512426665326,2.464844820889574,-2.77797620747607,2.464844820889574,-2.77797620747607,0.0,0.0,0.0,0.0,0.0,0.0,0.8849724521892617,0.8849724521892617,0.8849724521892616,0.894926542125476,0.8949265421254761,0.7371837375808589,0.7371837375808589
86.0,0.08600000000000001,0.001,0.499,12.176960891274325,47.79917383970543,0.2125280604393202,0.8342529632360001,2.719217546285501,-2.52416546379916,2.719217546285501,-2.52416546379916,2.719217546285501,-2.52416546379916,0.19658631596427398,0.841435440095197,2.493921455397423,-2.8158025713356594,2.493921455397423,-2.8158025713356594,0.0,0.0,0.0,0.0,0.0,0.0,0.8949702396248779,0.8949702396248779,0.8949702396248779,0.9049043080119127,0.9049043080119127,0.7449031083512789,0.7449031083512789
87.0,0.08700000000000001,0.001,0.499,12.334320949137421,47.65335373866149,0.21527451156016003,0.8317079223571924,2.746451120839833,-2.545040878807714,2.746451120839833,-2.545040878807714,2.746451120839833,-2.545040878807714,0.1991093268806748,0.8385816324008252,2.5230109164008083,-2.8538076943718482,2.5230109164008083,-2.8538076943718482,0.0,0.0,0.0,0.0,0.0,0.0,0.9049497104331834,0.9049497104331834,0.9049497104331834,0.9148635226287876,0.9148635226287875,0.7525891946148267,0.7525891946148267
88.0,0.088,0.001,0.499,12.493236806644491,47.50634202909135,0.21804811650728856,0.8291420839862078,2.7736049471285393,-2.56583837098459,2.7736049471285393,-2.56583837098459,2.7736049471285393,-2.56583837098459,0.20166144011478931,0.8356896396597054,2.5521132341145147,-2.8919927411196866,2.5521132341145147,-2.8919927411196866,0.0,0.0,0.0,0.0,0.0,0.0,0.9149106403582292,0.9149106403582292,0.9149106403582292,0.9248039689844924,0.9248039689844922,0.7602414138872894,0.7602414138872894
89.0,0.089,0.001,0.499,12.653703887516526,47.35814312729239,0.2208487954095696,0.8265555252019762,2.8006789022810277,-2.586558784231675,2.8006789022810277,-2.586558784231675,2.8006789022810277,-2.586558784231675,0.20424266854708792,0.832759280826647,2.58122843229861,-2.930358833058495,2.58122843229861,-2.930358833058495,0.0,0.0,0.0,0.0,0.0,0.0,0.9248528117460519,0.9248528117460519,0.9248528117460519,0.9347254368201809,0.9347254368201809,0.7678591783856683,0.7678591783856683
90.0,0.09,0.001,0.499,12.815717607245206,47.208761407318946,0.22367646825223833,0.8239483223461475,2.8276728426687323,-2.6072028558287403,2.8276728426687323,-2.6072028558287403,2.8276728426687323,-2.6072028558287403,0.20685302507508888,0.8297903737793434,2.6103565280009615,-2.968907047303589,2.6103565280009615,-2.968907047303589,0.0,0.0,0.0,0.0,0.0,0.0,0.93477601368872,0.93477601368872,0.93477601368872,0.9446277227526941,0.9446277227526941,0.7754418951162465,0.7754418951162465
91.0,0.091,0.001,0.499,12.97927337190593,47.05820120706356,0.22653105485618494,0.821320551129229,2.8545866039465975,-2.627771216918448,2.8545866039465975,-2.627771216918448,2.8545866039465975,-2.627771216918448,0.2094925226063785,0.8267827353640833,2.639497531289615,-3.007638415260064,2.639497531289615,-3.007638415260064,0.0,0.0,0.0,0.0,0.0,0.0,0.9446800421692194,0.9446800421692194,0.9446800421692194,0.9545106304164068,0.9545106304164068,0.7829889659734106,0.7829889659734106
92.0,0.092,0.001,0.499,13.14436657697317,46.90646683431089,0.22941247485727848,0.8186722867362465,2.881420001093528,-2.648264392982515,2.881420001093528,-2.648264392982515,2.881420001093528,-2.648264392982515,0.21216117405135318,0.8237361814428457,2.6686514449747034,-3.0465539212376602,2.6686514449747034,-3.0465539212376602,0.0,0.0,0.0,0.0,0.0,0.0,0.954564700201117,0.954564700201117,0.954564700201117,0.9643739706039939,0.9643739706039939,0.7904997878497597,0.7904997878497597
93.0,0.093,0.001,0.499,13.310992606138095,46.75356257276478,0.23232064768573052,0.8160036039319363,2.9081728284520483,-2.668682804310238,2.9081728284520483,-2.668682804310238,2.9081728284520483,-2.668682804310238,0.2148589923156727,0.82065052694182,2.6978182643195394,-3.085654501025691,2.6978182643195394,-3.085654501025691,0.0,0.0,0.0,0.0,0.0,0.0,0.9644297979699684,0.9644297979699684,0.9644297979699684,0.9742175614061181,0.9742175614061181,0.7979737527580482,0.7979737527580482
94.0,0.094,0.001,0.499,13.479146830128432,46.599492688048876,0.23525549254549794,0.8133145771654757,2.934844859767417,-2.6890267664605916,2.934844859767417,-2.6890267664605916,2.934844859767417,-2.6890267664605916,0.21758599029241327,0.8175255859013929,2.7269979767405452,-3.124941040427032,2.7269979767405452,-3.124941040427032,0.0,0.0,0.0,0.0,0.0,0.0,0.9742751529753173,0.9742751529753173,0.9742751529753173,0.98404122835002,0.98404122835002,0.8054102479655356,0.8054102479655356
95.0,0.095,0.001,0.499,13.648824605530551,46.44426143368106,0.23821692839372435,0.8106052806747566,2.9614358482264294,-2.7092964907191175,2.9614358482264294,-2.7092964907191175,2.9614358482264294,-2.7092964907191175,0.22034218085390894,0.8143611715276428,2.7561905614956697,-3.164414373750137,2.7561905614956697,-3.164414373750137,0.0,0.0,0.0,0.0,0.0,0.0,0.9841005901655413,0.9841005901655413,0.9841005901655413,0.9938448045369824,0.9938448045369824,0.8128086561413393,0.8128086561413393
96.0,0.096,0.001,0.499,13.820021273613776,46.28787305702193,0.24120487392022052,0.8078757885902057,2.9879455264961634,-2.7294920845508304,2.9879455264961634,-2.7294920845508304,2.9879455264961634,-2.7294920845508304,0.22312757684326986,0.8111570962453847,2.785395989360928,-3.2040752822580405,2.785395989360928,-3.2040752822580405,0.0,0.0,0.0,0.0,0.0,0.0,0.9939059420802214,0.9939059420802214,0.9939059420802214,1.0036281307786543,1.0036281307786543,0.8201683555174036,0.8201683555174036
97.0,0.097,0.001,0.499,13.992732159156917,46.13033180519747,0.24421924752698343,0.8051261750381553,3.014373606762905,-2.74961355205038,3.014373606762905,-2.74961355205038,3.014373606762905,-2.74961355205038,0.22594219106556457,0.8079131717528114,2.8146142222947077,-3.2439244925733117,2.8146142222947077,-3.2439244925733117,0.0,0.0,0.0,0.0,0.0,0.0,1.003691048981988,1.003691048981988,1.003691048981988,1.0133910557321706,1.0133910557321706,0.8274887200637223,0.8274887200637223
98.0,0.098,0.001,0.499,14.16695256927707,45.971641930996036,0.24725996730775493,0.8023565142437646,3.0407197807715067,-2.76966079439072,3.0407197807715067,-2.76966079439072,3.0407197807715067,-2.76966079439072,0.22878603627865404,0.8046292090777735,2.843845213089464,-3.283962675037893,2.843845213089464,-3.283962675037893,0.0,0.0,0.0,0.0,0.0,0.0,1.0134557589946953,1.0134557589946953,1.0134557589946953,1.0231334360340378,1.0231334360340378,0.834769119678478,0.834769119678478
99.0,0.099,0.001,0.499,14.342677792260693,45.811807698739635,0.25032695102762037,0.7995668806334931,3.0669837198654317,-2.789633610271542,3.0669837198654317,-2.789633610271542,3.0669837198654317,-2.789633610271542,0.2316591251836645,0.8013050186357467,2.8730889050104387,-3.3241904420267696,2.8730889050104387,-3.3241904420267696,0.0,0.0,0.0,0.0,0.0,0.0,1.0231999282373194,1.0231999282373194,1.0231999282373194,1.032855136432715,1.0328551364327148,0.8420089203937839,0.8420089203937839
100.0,0.1,0.001,0.499,14.519903096397048,45.65083339012947,0.2534201161026481,0.7967573489371244,3.0931650750277293,-2.809531696368758,3.0931650750277293,-2.809531696368758,3.0931650750277293,-2.809531696368758,0.23456147041508552,0.7979404102895322,2.9023452314210254,-3.3646083462144056,2.9023452314210254,-3.3646083462144056,0.0,0.0,0.0,0.0,0.0,0.0,1.0329234209534617,1.0329234209534617,1.0329234209534617,1.0425560299198227,1.0425560299198227,0.849207484597735,0.849207484597735
101.0,0.101,0.001,0.499,14.69862372881405,45.488723310065595,0.2565393795795713,0.793927994289338,3.119263476923207,-2.829354647786308,3.119263476923207,-2.829354647786308,3.119263476923207,-2.829354647786308,0.2374930845304799,0.7945351934107393,2.931614115394395,-3.4052168787928725,2.931614115394395,-3.4052168787928725,0.0,0.0,0.0,0.0,0.0,0.0,1.0426261096468379,1.0426261096468379,1.0426261096468377,1.0522359978599047,1.0522359978599047,0.8563641712735026,0.8563641712735026
102.0,0.10200000000000001,0.001,0.499,14.878834914316617,45.32548179244042,0.25968465811551333,0.7910788923308264,3.145278535942053,-2.8491019585116075,3.145278535942053,-2.8491019585116075,3.145278535942053,-2.8491019585116075,0.2404539799997909,0.7910891769430987,2.9608954693110063,-3.4460164676406086,2.9608954693110063,-3.4460164676406086,0.0,0.0,0.0,0.0,0.0,0.0,1.0523078752086545,1.0523078752086545,1.0523078752086543,1.0618949301186524,1.0618949301186524,0.8634783362562324,0.8634783362562324
103.0,0.10300000000000001,0.001,0.499,15.060531854227612,45.161113205905934,0.2628558679577585,0.7882101193089505,3.1712098422451813,-2.868773021875947,3.1712098422451813,-2.868773021875947,3.1712098422451813,-2.868773021875947,0.2434441691942325,0.7876021694676579,2.990189194441613,-3.4870074754407336,2.990189194441613,-3.4870074754407336,0.0,0.0,0.0,0.0,0.0,0.0,1.0619686070463412,1.0619686070463412,1.0619686070463414,1.071532725189488,1.071532725189488,0.8705493325085278,0.8705493325085278
104.0,0.10400000000000001,0.001,0.499,15.243709725231517,44.99562195961411,0.2660529249235701,0.7853217521779293,3.197056965811554,-2.8883671310211807,3.197056965811554,-2.8883671310211807,3.197056965811554,-2.8883671310211807,0.2464636643747479,0.7840739792699101,3.01949518051538,-3.528190197747859,3.01949518051538,-3.528190197747859,0.0,0.0,0.0,0.0,0.0,0.0,1.071608203209662,1.071608203209662,1.071608203209662,1.0811492903184086,1.0811492903184086,0.8775765104153295,0.8775765104153295
105.0,0.105,0.001,0.499,15.428363678220911,44.82901250893016,0.26927574438005786,0.7824138686985552,3.2228194564877684,-2.907883479374056,3.2228194564877684,-2.907883479374056,3.2228194564877684,-2.907883479374056,0.24951247768002063,0.7805044144089077,3.048813305272722,-3.5695648610023323,3.048813305272722,-3.5695648610023323,0.0,0.0,0.0,0.0,0.0,0.0,1.0812265705163393,1.0812265705163393,1.0812265705163393,1.0907445416269583,1.090744541626958,0.884559218099024,0.884559218099024
106.0,0.106,0.001,0.499,15.61448883714598,44.6612893611181,0.272524241224098,0.7794865475374256,3.2484968440401722,-2.9273211611295475,3.2484968440401722,-2.9273211611295475,3.2484968440401722,-2.9273211611295475,0.25259062111402314,0.7768932827884169,3.0781434340024796,-3.611131620490868,3.0781434340024796,-3.611131620490868,0.0,0.0,0.0,0.0,0.0,0.0,1.090823624674669,1.090823624674669,1.090823624674669,1.1003184042332121,1.1003184042332121,0.8914968017556472,0.8914968017556472
107.0,0.107,0.001,0.499,15.802080297867139,44.49245708099803,0.27579832986230784,0.776539868365681,3.274088638209799,-2.946679171744585,3.274088638209799,-2.946679171744585,3.274088638209799,-2.946679171744585,0.25569810653308617,0.7732403922301644,3.10748541906304,-3.652890558252519,3.10748541906304,-3.652890558252519,0.0,0.0,0.0,0.0,0.0,0.0,1.1003992904040567,1.1003992904040567,1.1003992904040567,1.109870812370623,1.109870812370623,0.8983886060130645,0.8983886060130645
108.0,0.108,0.001,0.499,15.991133127010984,44.32252029657443,0.27909792419107826,0.7735739119572375,3.2995943287704006,-2.9659564084435743,3.2995943287704006,-2.9659564084435743,3.2995943287704006,-2.9659564084435743,0.25883494563247317,0.7695455505492355,3.136839099387023,-3.6948416809289744,3.136839099387023,-3.6948416809289744,0.0,0.0,0.0,0.0,0.0,0.0,1.109953501554715,1.109953501554715,1.109953501554715,1.1194017095045785,1.1194017095045785,0.9052339743120473,0.9052339743120473
109.0,0.109,0.001,0.499,16.18164236082979,44.15148370463477,0.28242293757666814,0.7705887602865004,3.3250133855898727,-2.985151670737132,3.3250133855898727,-2.985151670737132,3.3250133855898727,-2.985151670737132,0.26200114993244233,0.7658085656316773,3.166204299969147,-3.7369849175581673,3.166204299969147,-3.7369849175581673,0.0,0.0,0.0,0.0,0.0,0.0,1.1194862012229148,1.1194862012229148,1.1194862012229148,1.1289110484465172,1.1289110484465172,0.9120322493111814,0.9120322493111814
110.0,0.11,0.001,0.499,16.3736030040647,43.9793520763175,0.2857732828353635,0.7675844966255448,3.3503452586953704,-3.0042636609554685,3.3503452586953704,-3.0042636609554685,3.3503452586953704,-3.0042636609554685,0.26519673076377925,0.7620292455143671,3.1955808313368914,-3.779320117310215,3.1955808313368914,-3.779320117310215,0.0,0.0,0.0,0.0,0.0,0.0,1.1289973418659736,1.1289973418659736,1.1289973418659736,1.138398791465421,1.1383987914654212,0.9187827733165788,0.9187827733165788
111.0,0.111,0.001,0.499,16.567010028812913,43.80613026264863,0.28914887221370594,0.7645612056407469,3.375589378342411,-3.0232909847978764,3.375589378342411,-3.0232909847978764,3.375589378342411,-3.0232909847978764,0.26842169925278286,0.7582073984672024,3.2249684890035915,-3.821847047164729,3.2249684890035915,-3.821847047164729,0.0,0.0,0.0,0.0,0.0,0.0,1.1384868854129835,1.1384868854129835,1.1384868854129835,1.147864910396503,1.147864910396503,0.9254848887373803,0.9254848887373803
112.0,0.112,0.001,0.499,16.761858373399033,43.631823200045766,0.2925496173687942,0.7615189734888471,3.4007451550882712,-3.0422321518997975,3.4007451550882712,-3.0422321518997975,3.4007451550882712,-3.0422321518997975,0.27167606630568647,0.7543428330776738,3.254367052903587,-3.864565389528566,3.254367052903587,-3.864565389528566,0.0,0.0,0.0,0.0,0.0,0.0,1.1479548033740559,1.1479548033740559,1.1479548033740556,1.1573093867468993,1.1573093867468993,0.9321379385680734,0.9321379385680734
113.0,0.113,0.001,0.499,16.95814294125094,43.45643591578859,0.2959754293486642,0.7584578879124282,3.425811979869995,-3.0610855764189506,3.425811979869995,-3.0610855764189506,3.425811979869995,-3.0610855764189506,0.27495984259249556,0.7504353583378807,3.2837762868090685,-3.907474739793125,3.2837762868090685,-3.907474739793125,0.0,0.0,0.0,0.0,0.0,0.0,1.1574010769443839,1.1574010769443839,1.1574010769443839,1.166732211798154,1.1667322117981538,0.9387412668986659,0.9387412668986659
114.0,0.114,0.001,0.499,17.155858599780366,43.27997353345455,0.29942621857275153,0.7553780383347861,3.4507892240873206,-3.079849577642035,3.4507892240873206,-3.079849577642035,3.4507892240873206,-3.079849577642035,0.27827303853022384,0.7464847837340504,3.313195937728269,-3.950574603830335,3.313195937728269,-3.950574603830335,0.0,0.0,0.0,0.0,0.0,0.0,1.1668256971093913,1.1668256971093913,1.1668256971093913,1.176133386705287,1.1761333867052868,0.9452942194537873,0.9452942194537873
115.0,0.115,0.001,0.499,17.355000179268554,43.10244127831857,0.3029018948124424,0.7522795159541726,3.475676239690858,-3.098522380613525,3.475676239690858,-3.098522380613525,3.475676239690858,-3.098522380613525,0.2816156642655085,0.7424909193386239,3.342625735284657,-3.993864395426521,3.342625735284657,-3.993864395426521,0.0,0.0,0.0,0.0,0.0,0.0,1.176228664739523,1.176228664739523,1.176228664739523,1.185512922592211,1.1855129225922112,0.951796144161808,0.951796144161808
116.0,0.116,0.001,0.499,17.55556247175726,42.92384448271532,0.3064023671717182,0.7491624138373846,3.5004723592758356,-3.1171021167880992,3.5004723592758356,-3.1171021167880992,3.5004723592758356,-3.1171021167880992,0.2849877296565853,0.7384535759049705,3.372065391076801,-4.037343433653387,3.372065391076801,-4.037343433653387,0.0,0.0,0.0,0.0,0.0,0.0,1.185609990689126,1.185609990689126,1.185609990689126,1.194870840643263,1.1948708406432633,0.9582463917550984,0.9582463917550984
117.0,0.117,0.001,0.499,17.7575402299455,42.74418859136271,0.30992754406789996,0.7460268270126763,3.525176896181757,-3.135586824708251,3.525176896181757,-3.135586824708251,3.525176896181757,-3.135586824708251,0.2883892442546039,0.7343725649647951,3.401514598018589,-4.081010940175408,3.401514598018589,-4.081010940175408,0.0,0.0,0.0,0.0,0.0,0.0,1.1949696958855633,1.1949696958855633,1.1949696958855633,1.204207172190601,1.2042071721906007,0.9646443164025652,0.9646443164025652
118.0,0.11800000000000001,0.001,0.499,17.960928166092337,42.56347916664501,0.31347733321249827,0.7428728525619677,3.549789144598296,-3.153974450708657,3.549789144598296,-3.153974450708657,3.549789144598296,-3.153974450708657,0.2918202172842634,0.7302476989283021,3.430973029659505,-4.1248660364929925,3.430973029659505,-4.1248660364929925,0.0,0.0,0.0,0.0,0.0,0.0,1.2043078114169699,1.2043078114169699,1.2043078114169696,1.2135219587972024,1.2135219587972024,0.9709892763756247,0.9709892763756247
119.0,0.11900000000000001,0.001,0.499,18.16572095092612,42.381721893853985,0.317051641592176,0.7397005897123188,3.574308379677783,-3.172262849648877,3.574308379677783,-3.172262849648877,3.574308379677783,-3.172262849648877,0.29528065762374806,0.7260787911871813,3.4604403394846694,-4.168907741120829,3.4604403394846694,-4.168907741120829,0.0,0.0,0.0,0.0,0.0,0.0,1.2136243786157195,1.2136243786157195,1.2136243786157195,1.2228152523351965,1.2228152523351965,0.9772806347487988,0.9772806347487988
120.0,0.12,0.001,0.499,18.371913212560564,42.19892258638634,0.32065037544983066,0.7365101399266428,3.598733857654618,-3.190449785675984,3.598733857654618,-3.190449785675984,3.598733857654618,-3.190449785675984,0.29877057378394245,0.7218656562204804,3.4899161601943898,-4.213134966700927,3.4899161601943898,-4.213134966700927,0.0,0.0,0.0,0.0,0.0,0.0,1.2229194491341928,1.2229194491341928,1.2229194491341928,1.232087115059253,1.232087115059253,0.9835177601361287,0.9835177601361287
121.0,0.121,0.001,0.499,18.579499535418098,42.015087190895635,0.3242734402658026,0.7333016069936241,3.623064815971974,-3.208532933018727,3.623064815971974,-3.208532933018727,3.623064815971974,-3.208532933018727,0.3022899738869054,0.7176081097034305,3.519400102962969,-4.25754651704993,3.519400102962969,-4.25754651704993,0.0,0.0,0.0,0.0,0.0,0.0,1.2321930850206373,1.2321930850206373,1.2321930850206373,1.2413376196747232,1.2413376196747232,0.9897000274646256,0.9897000274646256
122.0,0.122,0.001,0.499,18.788474459160913,41.83022179239687,0.3279207407392188,0.7300750971168093,3.6473004734161343,-3.226509876814842,3.6473004734161343,-3.226509876814842,3.6473004734161343,-3.226509876814842,0.305838865643582,0.7133059686192901,3.5488917566765594,-4.302141084140368,3.5488917566765594,-4.302141084140368,0.0,0.0,0.0,0.0,0.0,0.0,1.2414453587847223,1.2414453587847223,1.2414453587847223,1.2505668494002478,1.2505668494002478,0.9958268187859897,0.9958268187859897
123.0,0.123,0.001,0.499,18.998832477630124,41.644332619321595,0.3315921807694776,0.7268307190028361,3.671440030258837,-3.2443781139731342,3.671440030258837,-3.2443781139731342,3.671440030258837,-3.2443781139731342,0.30941725633073186,0.7089590513742744,3.5783906871498656,-4.346917245015638,3.5783906871498656,-4.346917245015638,0.0,0.0,0.0,0.0,0.0,0.0,1.250676353460802,1.250676353460802,1.2506763534608023,1.259774898024508,1.259774898024508,1.0018975241278365,1.0018975241278365
124.0,0.124,0.001,0.499,19.210568037793646,41.45742604852159,0.3352876634378856,0.7235685839487642,3.695482668407974,-3.2621350540719627,3.695482668407974,-3.2621350540719627,3.695482668407974,-3.2621350540719627,0.3130251527670534,0.7045671779156358,3.607896436321531,-4.39187345863857,3.607896436321531,-4.39187345863857,0.0,0.0,0.0,0.0,0.0,0.0,1.2598861626634006,1.2598861626634006,1.2598861626634006,1.268961869956805,1.268961869956805,1.007911542385689,1.007911542385689
125.0,0.125,0.001,0.499,19.42367553870311,41.26950861021887,0.3390070909894526,0.7202888059284684,3.7194275515670285,-3.2797780202957605,3.7194275515670285,-3.2797780202957605,3.7194275515670285,-3.2797780202957605,0.31666256128848147,0.7001301698529623,3.6374085214280822,-4.437008062673593,3.6374085214280822,-4.437008062673593,0.0,0.0,0.0,0.0,0.0,0.0,1.2690748906394558,1.2690748906394558,1.2690748906394558,1.278127880271138,1.2781278802711382,1.0138682822569856,1.0138682822569856
126.0,0.126,0.001,0.499,19.638149330460532,41.08058699289976,0.3427503648148562,0.7169915016780573,3.7432738254036053,-3.297304250411229,3.7432738254036053,-3.297304250411229,3.7432738254036053,-3.297304250411229,0.3203294877226378,0.6956478505827597,3.666926434156325,-4.482319270202616,3.666926434156325,-4.482319270202616,0.0,0.0,0.0,0.0,0.0,0.0,1.27824265230799,1.27824265230799,1.27824265230799,1.287273054743438,1.2872730547434377,1.019767163218375,1.019767163218375
127.0,0.127,0.001,0.499,19.853983713195078,40.890668048150665,0.34651738543258365,0.7136767907802724,3.767020617727435,-3.314710897784846,3.767020617727435,-3.314710897784846,3.767020617727435,-3.314710897784846,0.3240259373624119,0.6911200454163848,3.69644963977414,-4.52780516637489,3.69644963977414,-4.52780516637489,0.0,0.0,0.0,0.0,0.0,0.0,1.2873895733014342,1.2873895733014342,1.2873895733014342,1.2963975298816153,1.2963975298816153,1.0256076165475523,1.0256076165475523
128.0,0.128,0.001,0.499,20.07117293605069,40.69975879543311,0.35030805247126184,0.710344795747829,3.7906670386782215,-3.3319950324433205,3.7906670386782215,-3.3319950324433205,3.7906670386782215,-3.3319950324433205,0.3277519149386516,0.6865465817113936,3.7259775762396545,-4.573463704991243,3.7259775762396545,-4.573463704991243,0.0,0.0,0.0,0.0,0.0,0.0,1.2965157899911037,1.2965157899911037,1.296515789991104,1.305501452948064,1.305501452948064,1.0313890863908926,1.0313890863908926
129.0,0.129,0.001,0.499,20.28971119618501,40.50786642679541,0.35412226465218555,0.7069956421056505,3.8142121809237097,-3.3491536421786345,3.8142121809237097,-3.3491536421786345,3.8142121809237097,-3.3491536421786345,0.3315074245919404,0.6819272890063703,3.755509653288812,-4.61929270502328,3.755509653288812,-4.61929270502328,0.0,0.0,0.0,0.0,0.0,0.0,1.3056214495115306,1.3056214495115306,1.3056214495115306,1.3145849819742605,1.3145849819742603,1.0371110308781275,1.0371110308781275
130.0,0.13,0.001,0.499,20.509592637780237,40.31499831151843,0.3579599197720539,0.7036294584719511,3.837655119868348,-3.3661836336992925,3.837655119868348,-3.3661836336992925,3.837655119868348,-3.3661836336992925,0.3352924698434418,0.6772619991593021,3.785045251501421,-4.665289847068251,3.785045251501421,-4.665289847068251,0.0,0.0,0.0,0.0,0.0,0.0,1.314706709774945,1.314706709774945,1.314706709774945,1.323648285767092,1.323648285767092,1.0427729232853018,1.0427729232853018
131.0,0.131,0.001,0.499,20.73081135106663,40.12116200069262,0.3618209146859268,0.7002463766381217,3.86099491387292,-3.3830818338293978,3.86099491387292,-3.3830818338293978,3.86099491387292,-3.3830818338293978,0.3391070535647876,0.6725505464895616,3.8145837213457985,-4.711452669740534,3.8145837213457985,-4.711452669740534,0.0,0.0,0.0,0.0,0.0,0.0,1.323771739473112,1.323771739473112,1.323771739473112,1.3326915439065325,1.3326915439065328,1.0483742532472082,1.0483742532472082
132.0,0.132,0.001,0.499,20.9533613713592,39.926365231723544,0.3657051452904123,0.6968465316473645,3.884230604485522,-3.3998449907571597,3.884230604485522,-3.3998449907571597,3.884230604485522,-3.3998449907571597,0.3429511779469898,0.6677927679235608,3.844124382202191,-4.75777856600083,3.844124382202191,-4.75777856600083,0.0,0.0,0.0,0.0,0.0,0.0,1.3328167180795285,1.3328167180795285,1.3328167180795285,1.3417149467342953,1.3417149467342953,1.0539145280204942,1.0539145280204942
133.0,0.133,0.001,0.499,21.17723667810831,39.73061593276287,0.3696125065070966,0.6934300618720302,3.907361216684261,-3.416469775334424,3.907361216684261,-3.416469775334424,3.907361216684261,-3.416469775334424,0.34682484446835504,0.6629885031441364,3.873666521365207,-4.804264779424396,3.873666521365207,-4.804264779424396,0.0,0.0,0.0,0.0,0.0,0.0,1.341841835833894,1.341841835833894,1.341841835833894,1.350718695333071,1.350718695333071,1.0593932737985865,1.0593932737985865
134.0,0.134,0.001,0.499,21.402431193964897,39.53392222706201,0.3735428922662286,0.6899971090896013,3.9303857591320366,-3.432952782428789,3.9303857591320366,-3.432952782428789,3.9303857591320366,-3.432952782428789,0.3507280538613806,0.6581375947437266,3.903209393025566,-4.85090840040985,3.903209393025566,-4.85090840040985,0.0,0.0,0.0,0.0,0.0,0.0,1.350847293721662,1.350847293721662,1.350847293721662,1.3597030014959688,1.359703001495969,1.0648100370795415,1.0648100370795415
135.0,0.135,0.001,0.499,21.62893878386099,39.33629243724507,0.3774961954906724,0.6865478185572714,3.953303224443789,-3.4492905323298655,3.953303224443789,-3.4492905323298655,3.953303224443789,-3.4492905323298655,0.35466080607861217,0.6532398883813962,3.932752217231529,-4.897706362330338,3.932752217231529,-4.897706362330338,0.0,0.0,0.0,0.0,0.0,0.0,1.3598333034426286,1.3598333034426286,1.3598333034426286,1.368668087685763,1.368668087685763,1.0701643860878824,1.0701643860878824
136.0,0.136,0.001,0.499,21.856753254106255,39.13773508949814,0.381472308080139,0.6830823390850602,3.976112589466562,-3.4654794722111903,3.976112589466562,-3.4654794722111903,3.976112589466562,-3.4654794722111903,0.3586231002574426,0.6482952329437671,3.9622941788304527,-4.944655437629088,3.9622941788304527,-4.944655437629088,0.0,0.0,0.0,0.0,0.0,0.0,1.3688000873695791,1.3688000873695791,1.3688000873695791,1.377614186983558,1.377614186983558,1.0754559122514238,1.0754559122514238
137.0,0.137,0.001,0.499,22.0858683515014,38.938258917671476,0.3854711208957117,0.6796008231074109,3.9988128155727503,-3.481515977649294,3.9988128155727503,-3.481515977649294,3.9988128155727503,-3.481515977649294,0.36261493468383355,0.6433034807099055,3.9918344263909757,-4.991752233861636,3.9918344263909757,-4.991752233861636,0.0,0.0,0.0,0.0,0.0,0.0,1.3777478784965964,1.3777478784965964,1.3777478784965964,1.386541543026477,1.386541543026477,1.0806842317340164,1.0806842317340164
138.0,0.138,0.001,0.499,22.31627776246909,38.7378728672913,0.38949252374467863,0.6761034267532096,4.021402848966881,-3.4973963542013715,4.021402848966881,-3.4973963542013715,4.021402848966881,-3.4973963542013715,0.36663630675493997,0.6382644875202182,4.0213720711064465,-5.03899318968731,4.0213720711064465,-5.03899318968731,0.0,0.0,0.0,0.0,0.0,0.0,1.3866769203742915,1.3866769203742915,1.3866769203742915,1.395450409933971,1.395450409933971,1.0858489870250732,1.0858489870250732
139.0,0.139,0.001,0.499,22.547975112203268,38.536586099477795,0.3935364053656849,0.6725903099141666,4.043881621006275,-3.5131168390429797,4.043881621006275,-3.5131168390429797,4.043881621006275,-3.5131168390429797,0.37068721294062024,0.6331781129494054,4.050906185680262,-5.0863745708128345,4.050906185680262,-5.0863745708128345,0.0,0.0,0.0,0.0,0.0,0.0,1.39558746703757,1.39558746703757,1.39558746703757,1.4043410522223787,1.4043410522223787,1.0909498485866367,1.0909498485866367
140.0,0.14,0.001,0.499,22.780953963837685,38.33440799476574,0.39760265341422085,0.6690616363114994,4.066248048535926,-3.5286736026671304,4.066248048535926,-3.5286736026671304,4.066248048535926,-3.5286736026671304,0.37476764874381413,0.6280442204835142,4.0804358031939,-5.133892465891249,4.0804358031939,-5.133892465891249,0.0,0.0,0.0,0.0,0.0,0.0,1.4044797829170963,1.4044797829170963,1.4044797829170963,1.4132137447073168,1.4132137447073168,1.0959865165586622,1.0959865165586622
141.0,0.14100000000000001,0.001,0.499,23.01520781763439,38.131348156824195,0.40169115444845876,0.6655175735608533,4.088501034237932,-3.5440627506461118,4.088501034237932,-3.5440627506461118,4.088501034237932,-3.5440627506461118,0.37887760865977266,0.6228626777011346,4.10995991595851,-5.1815427823796405,4.10995991595851,-5.1815427823796405,0.0,0.0,0.0,0.0,0.0,0.0,1.413354142742408,1.413354142742408,1.413354142742408,1.4220687723935364,1.4220687723935364,1.1009587225230608,1.1009587225230608
142.0,0.14200000000000002,0.001,0.499,23.250730110193157,37.927416416071544,0.40580179391545457,0.661958293235396,4.110639466995784,-3.5592803254573075,4.110639466995784,-3.5592803254573075,4.110639466995784,-3.5592803254573075,0.38301708613412366,0.617633356458775,4.139477474351027,-5.229321242359573,4.139477474351027,-5.229321242359573,0.0,0.0,0.0,0.0,0.0,0.0,1.4222108314306938,1.4222108314306938,1.4222108314306938,1.430906430351858,1.430906430351858,1.105866231326935,1.105866231326935
143.0,0.14300000000000002,0.001,0.499,23.4875142136826,37.72262283318224,0.4099344561377284,0.6583839709270218,4.132662222273835,-3.5743223083742324,4.132662222273835,-3.5743223083742324,4.132662222273835,-3.5743223083742324,0.3871860735197596,0.6123561330804507,4.168987385635899,-5.277223378324414,4.168987385635899,-5.277223378324414,0.0,0.0,0.0,0.0,0.0,0.0,1.4310501439605023,1.4310501439605023,1.4310501439605023,1.439727023582799,1.4397270235827992,1.110708842965284,1.110708842965284
144.0,0.14400000000000002,0.001,0.499,23.725553435093975,37.51697770248139,0.41408902430024064,0.6547947863055978,4.154568162512233,-3.5891846214239367,4.154568162512233,-3.5891846214239367,4.154568162512233,-3.5891846214239367,0.3913845620325332,0.6070308885515124,4.198488512773596,-5.325244528938184,4.198488512773596,-5.325244528938184,0.0,0.0,0.0,0.0,0.0,0.0,1.4398723852393607,1.4398723852393607,1.4398723852393607,1.4485308668665504,1.4485308668665504,1.1154863945233038,1.1154863945233038
145.0,0.145,0.001,0.499,23.964841015518438,37.31049155522328,0.4182653804377782,0.651190923176186,4.176356137537602,-3.603863129411866,4.176356137537602,-3.603863129411866,4.176356137537602,-3.603863129411866,0.3956125417057504,0.6016575087167415,4.227979673217224,-5.373379834770921,4.227979673217224,-5.373379834770921,0.0,0.0,0.0,0.0,0.0,0.0,1.4486778699464071,1.4486778699464071,1.4486778699464071,1.4573182845989063,1.457318284598906,1.1201987621782346,1.1201987621782346
146.0,0.146,0.001,0.499,24.20537012944882,37.10317516275002,0.42246340542276795,0.6475725695341707,4.1980249849897255,-3.6183536420151907,4.1980249849897255,-3.6183536420151907,4.1980249849897255,-3.6183536420151907,0.399870001343449,0.5962358844827255,4.257459637698647,-5.421624234015995,4.257459637698647,-5.421624234015995,0.0,0.0,0.0,0.0,0.0,0.0,1.4574669223732972,1.4574669223732972,1.4574669223732972,1.4660896106128407,1.4660896106128407,1.1248458632605054,1.1248458632605054
147.0,0.147,0.001,0.499,24.44713388410674,36.89503953952623,0.42668297895353247,0.6439399176182252,4.219573530764497,-3.6326519159455324,4.219573530764497,-3.6326519159455324,4.219573530764497,-3.6326519159455324,0.4041569284724547,0.5907659120245302,4.286927129005698,-5.469972458195212,4.286927129005698,-5.469972458195212,0.0,0.0,0.0,0.0,0.0,0.0,1.4662398762407658,1.4662398762407658,1.4662398762407658,1.4748451879853566,1.4748451879853566,1.1294276583737253,1.1294276583737253
148.0,0.148,0.001,0.499,24.69012531879606,36.6860959460458,0.4309239795430058,0.6402931639610433,4.241000589473346,-3.6467536571819408,4.241000589473346,-3.6467536571819408,4.241000589473346,-3.6467536571819408,0.40847330929320685,0.5852474929966722,4.3163808207521415,-5.5184190278580365,4.3163808207521415,-5.5184190278580365,0.0,0.0,0.0,0.0,0.0,0.0,1.4749970745065866,1.4749970745065866,1.4749970745065866,1.4835853688293106,1.4835853688293106,1.1339441535728279,1.1339441535728279
149.0,0.149,0.001,0.499,24.934337404283596,36.47635589160668,0.4351862845079252,0.6366325094377684,4.262304964919366,-3.660654523274878,4.262304964919366,-3.660654523274878,4.262304964919366,-3.660654523274878,0.41281912862934905,0.5796805347483905,4.345819336142222,-5.566958248281687,4.345819336142222,-5.566958248281687,0.0,0.0,0.0,0.0,0.0,0.0,1.4837388691541287,1.4837388691541287,1.4837388691541287,1.4923105140698953,1.4923105140698953,1.1383954025994325,1.1383954025994325
150.0,0.15,0.001,0.499,25.179763042208112,36.26583113694946,0.4394697699585155,0.6329581593120466,4.28348545059031,-3.6743501257218694,4.28348545059031,-3.6743501257218694,4.28348545059031,-3.6743501257218694,0.41719436987608083,0.5740649505432112,4.375241246731774,-5.61558420517939,4.375241246731774,-5.61558420517939,0.0,0.0,0.0,0.0,0.0,0.0,1.4924656209720162,1.4924656209720162,1.492465620972016,1.5010209932054892,1.5010209932054892,1.1427815091732005,1.1427815091732005
151.0,0.151,0.001,0.499,25.426395064518516,36.05453369675578,0.4437743107886841,0.6292703232796312,4.304540830168639,-3.687836032415381,4.304540830168639,-3.687836032415381,4.304540830168639,-3.687836032415381,0.4215990149472688,0.5684006597827866,4.404645071187987,-5.664290760424544,4.404645071187987,-5.664290760424544,0.0,0.0,0.0,0.0,0.0,0.0,1.5011776993089796,1.5011776993089796,1.5011776993089798,1.509717184052602,1.509717184052602,1.1471026293376687,1.1471026293376687
152.0,0.152,0.001,0.499,25.67422623294225,35.842475842002344,0.4480997806667429,0.6255692155094678,4.325469878058751,-3.7011077701633774,4.325469878058751,-3.7011077701633774,4.325469878058751,-3.7011077701633774,0.42603304422131894,0.5626875882349875,4.434029274050133,-5.713071547799087,4.434029274050133,-5.713071547799087,0.0,0.0,0.0,0.0,0.0,0.0,1.5098754818209958,1.5098754818209958,1.5098754818209958,1.5183994724746703,1.5183994724746703,1.1513589738587249,1.1513589738587249
153.0,0.153,0.001,0.499,25.923249238484907,35.629670102166216,0.4524460520266744,0.6218550546821848,4.346271359931501,-3.7141608272828903,4.346271359931501,-3.7141608272828903,4.346271359931501,-3.7141608272828903,0.4304964364858126,0.5569256682662127,4.463392264493637,-5.761919968774888,4.463392264493637,-5.761919968774888,0.0,0.0,0.0,0.0,0.0,0.0,1.5185593541985365,1.5185593541985365,1.5185593541985365,1.5270682520944663,1.5270682520944663,1.1555508106735306,1.1555508106735306
154.0,0.154,0.001,0.499,26.17345670096204,35.416129267277434,0.45681299605996045,0.618128064025918,4.366944033286106,-3.726990656266819,4.366944033286106,-3.726990656266819,4.366944033286106,-3.726990656266819,0.4349891688809127,0.5511148390778752,4.492732395100131,-5.810829188337529,4.492732395100131,-5.810829188337529,0.0,0.0,0.0,0.0,0.0,0.0,1.527229709876662,1.527229709876662,1.527229709876662,1.5357239239899199,1.5357239239899199,1.159678467387323,1.159678467387323
155.0,0.155,0.001,0.499,26.424841168564125,35.201866389814576,0.4612004827079899,0.614388471349394,4.387486648029479,-3.739592676524049,4.387486648029479,-3.739592676524049,4.387486648029479,-3.739592676524049,0.4395112168415489,0.5452550469470128,4.522047960636213,-5.859792130862417,4.522047960636213,-5.859792130862417,0.0,0.0,0.0,0.0,0.0,0.0,1.535886949732443,1.535886949732443,1.5358869497324432,1.5443668963731754,1.5443668963731754,1.1637423338151307,1.1637423338151307
156.0,0.156,0.001,0.499,26.67739511745579,34.98689478643913,0.46560838065506294,0.6106365090722011,4.407897947073038,-3.7519622771928463,4.407897947073038,-3.7519622771928463,4.407897947073038,-3.7519622771928463,0.4440625540383928,0.539346245470959,4.551337196843861,-5.9088014760537275,4.551337196843861,-5.9088014760537275,0.0,0.0,0.0,0.0,0.0,0.0,1.5445314817592581,1.5445314817592581,1.5445314817592581,1.5529975842527253,1.5529975842527253,1.1677428645650003,1.1677428645650003
157.0,0.157,0.001,0.499,26.931110951410158,34.771228039564505,0.4700365573220099,0.6068724142521738,4.428176666946954,-3.764094820027347,4.428176666946954,-3.764094820027347,4.428176666946954,-3.764094820027347,0.4486431523176384,0.5333883958160017,4.580598279245603,-5.957849654957285,4.580598279245603,-5.957849654957285,0.0,0.0,0.0,0.0,0.0,0.0,1.5531637207322508,1.5531637207322508,1.5531637207322508,1.5616164090785118,1.5616164090785118,1.171680581658865,1.171680581658865
158.0,0.158,0.001,0.499,27.185981001479444,34.55487999875547,0.4744848788604417,0.6030964286098169,4.448321538431819,-3.775985642356812,4.448321538431819,-3.775985642356812,4.448321538431819,-3.775985642356812,0.45325298163960615,0.5273814669699427,4.6098293219677124,-6.0069288460590595,4.6098293219677124,-6.0069288460590595,0.0,0.0,0.0,0.0,0.0,0.0,1.5617840878487206,1.5617840878487206,1.5617840878487206,1.5702237983698848,1.5702237983698848,1.1755560771867022,1.1755560771867022
159.0,0.159,0.001,0.499,27.4419975257027,34.33786478195387,0.47895321014764936,0.5993087985496998,4.468331287207652,-3.787630060117176,4.468331287207652,-3.787630060117176,4.468331287207652,-3.787630060117176,0.45789201001619106,0.5213254359984612,4.639028376584917,-6.05603097148159,4.639028376584917,-6.05603097148159,0.0,0.0,0.0,0.0,0.0,0.0,1.5703930103574246,1.5703930103574246,1.5703930103574246,1.5788201853263857,1.5788201853263855,1.1793700159891043,1.1793700159891043
160.0,0.16,0.001,0.499,27.69915270885176,34.120196776526626,0.48344141478216945,0.5955097751787455,4.488204634520122,-3.7990233709542527,4.488204634520122,-3.7990233709542527,4.488204634520122,-3.7990233709542527,0.4625602034471813,0.51522028830517,4.668193430990242,-6.105147693291231,4.668193430990242,-6.105147693291231,0.0,0.0,0.0,0.0,0.0,0.0,1.5789909211683102,1.5789909211683102,1.5789909211683104,1.587406008421307,1.587406008421307,1.1831231383628338,1.1831231383628338
161.0,0.161,0.001,0.499,27.957438662216305,33.90189064013178,0.4879493550800333,0.5916996143213477,4.507940297863846,-3.810160857397804,4.507940297863846,-3.810160857397804,4.507940297863846,-3.810160857397804,0.46725752585547514,0.5090660178952402,4.6973224082938305,-6.154270409929752,4.6973224082938305,-6.154270409929752,0.0,0.0,0.0,0.0,0.0,0.0,1.587578258443667,1.587578258443667,1.587578258443667,1.5959817109780647,1.5959817109780647,1.1868162627833336,1.1868162627833336
162.0,0.162,0.001,0.499,28.216847423429073,33.68296130139874,0.49247689207171585,0.5878785765312421,4.527536991682561,-3.8210377901055166,4.527536991682561,-3.8210377901055166,4.527536991682561,-3.8210377901055166,0.47198393902122987,0.5028626276424558,4.726413165754746,-6.203390252784415,4.726413165754746,-6.203390252784415,0.0,0.0,0.0,0.0,0.0,0.0,1.596155465176011,1.596155465176011,1.596155465176011,1.6045477407294153,1.6045477407294153,1.190450288637587,1.190450288637587
163.0,0.163,0.001,0.499,28.47737095633212,33.463423960418666,0.4970238854998018,0.5840469271000663,4.546993428085946,-3.8316494311757463,4.546993428085946,-3.8316494311757463,4.546993428085946,-3.8316494311757463,0.4767394025149798,0.49661012955954453,4.755463493749965,-6.2524980829112975,4.755463493749965,-6.2524980829112975,0.0,0.0,0.0,0.0,0.0,0.0,1.604722988743887,1.604722988743887,1.604722988743887,1.613104549359623,1.613104549359623,1.1940261989600325,1.1940261989600325
164.0,0.164,0.001,0.499,28.739001150885095,33.24329408904124,0.5015901938173846,0.5802049360625386,4.566308317582807,-3.841991037527727,4.566308317582807,-3.841991037527727,4.566308317582807,-3.841991037527727,0.48152387362976473,0.4903085450716173,4.78447111478493,-6.301584487927201,4.78447111478493,-6.301584487927201,0.0,0.0,0.0,0.0,0.0,0.0,1.6132812804556758,1.6132812804556758,1.6132812804556758,1.6216525920297062,1.621652592029706,1.197545063163589,1.197545063163589
165.0,0.165,0.001,0.499,29.00172982311646,33.022587430973935,0.5061756741872149,0.5763528781981909,4.585480369830321,-3.8520578643477488,4.585480369830321,-3.8520578643477488,4.585480369830321,-3.8520578643477488,0.48633730731231495,0.4839579052925312,4.813433682550227,-6.350639779086127,4.813433682550227,-6.350639779086127,0.0,0.0,0.0,0.0,0.0,0.0,1.621830795072538,1.621830795072538,1.621830795072538,1.6301923268859357,1.6301923268859357,1.2010080397571437,1.2010080397571437
166.0,0.166,0.001,0.499,29.2655487151185,32.80132000168019,0.5107801824816138,0.5724910330295913,4.604508294398953,-3.8618451685996344,4.604508294398953,-3.8618451685996344,4.604508294398953,-3.8618451685996344,0.4911796560933441,0.47755825130397433,4.842348781029137,-6.39965398855687,4.842348781029137,-6.39965398855687,0.0,0.0,0.0,0.0,0.0,0.0,1.6303719903169482,1.6303719903169482,1.6303719903169482,1.6387242145518108,1.6387242145518108,1.204416379040107,1.204416379040107
167.0,0.167,0.001,0.499,29.530449495087076,32.579508088072835,0.5154035732831665,0.5686196848169937,4.623390801552664,-3.871348212597644,4.623390801552664,-3.871348212597644,4.623390801552664,-3.871348212597644,0.49605087001700504,0.4711096344370555,4.871213923660962,-6.448616866918844,4.871213923660962,-6.448616866918844,0.0,0.0,0.0,0.0,0.0,0.0,1.6389053263646456,1.6389053263646456,1.6389053263646456,1.6472487176037702,1.64724871760377,1.2077714257638967,1.2077714257638967
168.0,0.168,0.001,0.499,29.7964237574069,32.357168247999354,0.5200456998862105,0.5647391225493539,4.642126603043924,-3.880562267639752,4.642126603043924,-3.880562267639752,4.642126603043924,-3.880562267639752,0.5009508965695703,0.46461211655616164,4.90002655256522,-6.497517880893861,4.90002655256522,-6.497517880893861,0.0,0.0,0.0,0.0,0.0,0.0,1.6474312653176026,1.6474312653176026,1.6474312653176026,1.6557663000309586,1.6557663000309586,1.2110746217494277,1.2110746217494277
169.0,0.169,0.001,0.499,30.063463022783182,32.13431730951571,0.5247064142991336,0.5608496399316548,4.660714412923048,-3.889482617699042,4.660714412923048,-3.889482617699042,4.660714412923048,-3.889482617699042,0.5058796806074022,0.4580657703448296,4.928784037831947,-6.54634621133206,4.928784037831947,-6.54634621133206,0.0,0.0,0.0,0.0,0.0,0.0,1.6559502706659244,1.6559502706659244,1.6559502706659244,1.6642774266794083,1.6642774266794083,1.2143275084488785,1.2143275084488785
170.0,0.17,0.001,0.499,30.33155873842048,31.910972369945334,0.5293855672474949,0.5569515353684841,4.6791529483612875,-3.8981045631707683,4.6791529483612875,-3.8981045631707683,4.6791529483612875,-3.8981045631707683,0.5108371642842857,0.45147067959335885,4.957483676883511,-6.595090751470732,4.957483676883511,-6.595090751470732,0.0,0.0,0.0,0.0,0.0,0.0,1.6644628067307756,1.6644628067307756,1.6644628067307756,1.6727825626810353,1.6727825626810355,1.217531729439196,1.217531729439196
171.0,0.171,0.001,0.499,30.600702278249397,31.687150794720566,0.5340830081779819,0.5530451119438117,4.697440930487082,-3.906423424672432,4.697440930487082,-3.906423424672432,4.697440930487082,-3.906423424672432,0.5158232869781992,0.4448269394878736,4.986122693913478,-6.6437401054852465,4.986122693913478,-6.6437401054852465,0.0,0.0,0.0,0.0,0.0,0.0,1.6729693380922128,1.6729693380922128,1.6729693380922128,1.681282172867922,1.681282172867922,1.220689032833962,1.220689032833962
172.0,0.17200000000000001,0.001,0.499,30.870884943201954,31.462870216003335,0.5387985852632168,0.5491306773969177,4.7155770852348216,-3.914434546894011,4.7155770852348216,-3.914434546894011,4.7155770852348216,-3.914434546894011,0.5208379852176075,0.4381346569005219,5.014698239408213,-6.692282587351727,5.014698239408213,-6.692282587351727,0.0,0.0,0.0,0.0,0.0,0.0,1.6814703290034243,1.6814703290034243,1.6814703290034243,1.689776721172381,1.689776721172381,1.2238012735994115,1.2238012735994115
173.0,0.17300000000000001,0.001,0.499,31.142097961536265,31.23814853108265,0.5435321454074222,0.5452085440944224,4.733560144205405,-3.922133302495292,4.733560144205405,-3.922133302495292,4.733560144205405,-3.922133302495292,0.5258811926073645,0.43139395068048036,5.043207389757015,-6.740706220041508,5.043207389757015,-6.740706220041508,0.0,0.0,0.0,0.0,0.0,0.0,1.6899662427923778,1.6899662427923778,1.6899662427923778,1.6982666700133748,1.6982666700133748,1.2268704157595403,1.2268704157595403
174.0,0.17400000000000002,0.001,0.499,31.41433248921112,31.013003900546213,0.5482835342529601,0.5412790289983754,4.751388845537861,-3.9295150960470444,4.751388845537861,-3.9295150960470444,4.751388845537861,-3.9295150960470444,0.5309528397543213,0.4246049519454126,5.071647146956683,-6.788998735067768,5.071647146956683,-6.788998735067768,0.0,0.0,0.0,0.0,0.0,0.0,1.698457541245349,1.698457541245349,1.698457541245349,1.7067524796698834,1.7067524796698836,1.2298985344744244,1.2298985344744244
175.0,0.17500000000000002,0.001,0.499,31.68757961031115,30.78745474622393,0.5530525961877513,0.5373424536303628,4.7690619347912175,-3.9365753680125666,4.7690619347912175,-3.9365753680125666,4.7690619347912175,-3.9365753680125666,0.5360528541927378,0.4177678043730076,5.100014438416528,-6.837147572405009,5.100014438416528,-6.837147572405009,0.0,0.0,0.0,0.0,0.0,0.0,1.706944683981854,1.706944683981854,1.706944683981854,1.7152346076418972,1.715234607641897,1.2328878179750093,1.2328878179750093
176.0,0.176,0.001,0.499,31.961830337523008,30.561519748901212,0.557839174353587,0.5333991440315968,4.786578165835771,-3.943309598765942,4.786578165835771,-3.943309598765942,4.786578165835771,-3.943309598765942,0.5411811603096077,0.4108826644922053,5.128306116869889,-6.885139880802292,5.128306116869889,-6.885139880802292,0.0,0.0,0.0,0.0,0.0,0.0,1.7154281278169898,1.7154281278169898,1.7154281278169896,1.72371350799974,1.72371350799974,1.2358405693368635,1.2358405693368635
177.0,0.177,0.001,0.499,32.23707561266313,30.335217845800123,0.5626431106553399,0.5294494307189537,4.803936301752857,-3.9497133126431394,4.803936301752857,-3.9497133126431394,4.803936301752857,-3.9497133126431394,0.546337679270006,0.40394970197369395,5.156518960398282,-6.932962518511308,5.156518960398282,-6.932962518511308,0.0,0.0,0.0,0.0,0.0,0.0,1.723908326107656,1.723908326107656,1.723908326107656,1.732189630722483,1.732189630722483,1.2387592080745664,1.2387592080745664
178.0,0.178,0.001,0.499,32.51330630725747,30.108568227826797,0.567464245771082,0.5254936486369318,4.821135115742169,-3.95578208202189,4.821135115742169,-3.95578208202189,4.821135115742169,-3.95578208202189,0.5515223289425804,0.3969690999192435,5.184649672574334,-6.980602054450434,5.184649672574334,-6.980602054450434,0.0,0.0,0.0,0.0,0.0,0.0,1.7323857280938315,1.7323857280938315,1.7323857280938315,1.7406634210262708,1.7406634210262708,1.2416462715376841,1.2416462715376841
179.0,0.179,0.001,0.499,32.790513223173605,29.881590336583677,0.5723024191631176,0.5215321371055057,4.838173392035632,-3.9615115314260843,4.838173392035632,-3.9615115314260843,4.838173392035632,-3.9615115314260843,0.55673502382531,0.38994105514941757,5.2126948827296795,-7.028044769825957,5.2126948827296795,-7.028044769825957,0.0,0.0,0.0,0.0,0.0,0.0,1.7408607782268988,1.7408607782268988,1.7408607782268988,1.749135318683414,1.749135318683414,1.2445044160885874,1.2445044160885874
180.0,0.18,0.001,0.499,33.068687093305506,29.65430386114545,0.5771574690899344,0.5175652397638555,4.855049926816781,-3.966897341650238,4.855049926816781,-3.966897341650238,4.855049926816781,-3.966897341650238,0.561975674971664,0.382865778489186,5.240651146353946,-7.075276660231573,5.240651146353946,-7.075276660231573,0.0,0.0,0.0,0.0,0.0,0.0,1.7493339154883358,1.7493339154883358,1.7493339154883358,1.7576057573331678,1.7576057573331678,1.247336418041706,1.247336418041706
181.0,0.181,0.001,0.499,33.34781858231125,29.426728734597795,0.5820292326190789,0.5135933045099561,4.871763529144552,-3.971935253899392,4.871763529144552,-3.971935253899392,4.871763529144552,-3.971935253899392,0.567244189917295,0.37574349505093896,5.268514945630953,-7.12228343824707,5.268514945630953,-7.12228343824707,0.0,0.0,0.0,0.0,0.0,0.0,1.7578055727010926,1.7578055727010926,1.7578055727010926,1.766075163785146,1.766075163785146,1.250145174343288,1.250145174343288
182.0,0.182,0.001,0.499,33.62789828740383,29.198885130338276,0.5869175456409592,0.5096166834360165,4.888313021880358,-3.9766210739396244,4.888313021880358,-3.9766210739396244,4.888313021880358,-3.9766210739396244,0.5725404726074131,0.3685744445143821,5.296282690118143,-7.169050536556885,5.296282690118143,-7.169050536556885,0.0,0.0,0.0,0.0,0.0,0.0,1.7662761758348355,1.7662761758348355,1.7662761758348358,1.7745439573163935,1.7745439573163933,1.2529337029702134,1.2529337029702134
183.0,0.183,0.001,0.499,33.90891673919525,28.970793458139163,0.5918222428835764,0.5056357327597624,4.904697242617258,-3.980950676254193,4.904697242617258,-3.980950676254193,4.904697242617258,-3.980950676254193,0.5778644233249883,0.3613588814027733,5.323950717575162,-7.215563111608809,5.323950717575162,-7.215563111608809,0.0,0.0,0.0,0.0,0.0,0.0,1.774746143302319,1.774746143302319,1.7747461433023193,1.783012548963144,1.783012548963144,1.2557051430260513,1.2557051430260513
184.0,0.184,0.001,0.499,34.19086440259383,28.742474359972054,0.5967431579281864,0.5016508127515622,4.920915044610008,-3.9849200082001373,4.920915044610008,-3.9849200082001373,4.920915044610008,-3.9849200082001373,0.5832159386199357,0.3540970753549406,5.351515294947383,-7.261806047832651,5.351515294947383,-7.261806047832651,0.0,0.0,0.0,0.0,0.0,0.0,1.783215885253877,1.783215885253877,1.783215885253877,1.7914813408083803,1.7914813408083803,1.258462754512284,1.258462754512284
185.0,0.185,0.001,0.499,34.47373167775486,28.513948705594665,0.6016801232258912,0.49766228765740217,4.9369652977047265,-3.988525094160034,4.9369652977047265,-3.988525094160034,4.9369652977047265,-3.988525094160034,0.5885949112394457,0.3467893113925026,5.378972619509983,-7.307763962438065,5.378972619509983,-7.307763962438065,0.0,0.0,0.0,0.0,0.0,0.0,1.7916858028633722,1.7916858028633722,1.7916858028633722,1.79995072526631,1.79995072526631,1.2612099177524785,1.2612099177524785
186.0,0.186,0.001,0.499,34.75750890108435,28.285237587900273,0.606632970115158,0.49367052561771874,4.952846889266882,-3.9917620396834317,4.952846889266882,-3.9917620396834317,4.952846889266882,-3.9917620396834317,0.5940012300596237,0.33943589018169257,5.406318820177962,-7.353421210810005,5.406318820177962,-7.353421210810005,0.0,0.0,0.0,0.0,0.0,0.0,1.8001562876159618,1.8001562876159618,1.8001562876159616,1.8084210843649444,1.8084210843649444,1.2639501324471887,1.2639501324471887
187.0,0.187,0.001,0.499,35.04218634629584,28.05636231803083,0.6116015288402643,0.48967589858210636,4.96855872510627,-3.9946270356123574,4.96855872510627,-3.9946270356123574,4.96855872510627,-3.9946270356123574,0.599434780018611,0.33203712828917314,5.433549958987265,-7.398761892519433,5.433549958987265,-7.398761892519433,0.0,0.0,0.0,0.0,0.0,0.0,1.8086277205910426,1.8086277205910426,1.8086277205910426,1.8168927890279816,1.8168927890279813,1.26668701633756,1.26668701633756
188.0,0.188,0.001,0.499,35.32775422551992,27.827344420254935,0.6165856285706619,0.4856787822199212,4.984099730397602,-3.997116362185161,4.984099730397602,-3.997116362185161,4.984099730397602,-3.997116362185161,0.6048954420513628,0.32459335843120724,5.460662032751858,-7.4437698579658935,5.460662032751858,-7.4437698579658935,0.0,0.0,0.0,0.0,0.0,0.0,1.8171004717448667,1.8171004717448667,1.8171004717448667,1.8253661983572353,1.8253661983572353,1.2694243034559327,1.2694243034559327
189.0,0.189,0.001,0.499,35.61420269046615,27.59820562661224,0.6215850974212572,0.4816795558268084,4.999468850595333,-3.999226393112835,4.999468850595333,-3.999226393112835,4.999468850595333,-3.999226393112835,0.6103830930262641,0.3171049297155398,5.48765097490129,-7.488428715667444,5.48765097490129,-7.488428715667444,0.0,0.0,0.0,0.0,0.0,0.0,1.8255748991963505,1.8255748991963505,1.8255748991963505,1.8338416589168893,1.8338416589168893,1.2721658419423074,1.2721658419423074
190.0,0.19,0.001,0.499,35.901521833637055,27.368967871326234,0.6265997624735985,0.47767860222718656,5.014665052341293,-4.000953599621852,5.014665052341293,-4.000953599621852,5.014665052341293,-4.000953599621852,0.6158976056837671,0.30957220787532763,5.51451265750289,-7.532721840212159,5.51451265750289,-7.532721840212159,0.0,0.0,0.0,0.0,0.0,0.0,1.8340513485094496,1.8340513485094496,1.8340513485094496,1.8423195040208582,1.8423195040208582,1.2749155914062773,1.2749155914062773
191.0,0.191,0.001,0.499,36.18970168959354,27.13965328498763,0.6316294497979622,0.4736763076727291,5.029687324363677,-4.0022945544574595,5.029687324363677,-4.0022945544574595,5.029687324363677,-4.0022945544574595,0.6214388485772394,0.30199557549444367,5.541242893472345,-7.576632380883985,5.541242893472345,-7.576632380883985,0.0,0.0,0.0,0.0,0.0,0.0,1.8425301519858408,1.8425301519858408,1.8425301519858408,1.8508000530246045,1.8508000530246045,1.2776776198150106,1.2776776198150106
192.0,0.192,0.001,0.499,36.4787322362713,26.910284188511028,0.6366739844763282,0.46967306173688783,5.044534678365939,-4.003245935841304,5.044534678365939,-4.003245935841304,5.044534678365939,-4.003245935841304,0.6270066860162153,0.2943754322234695,5.567837438975921,-7.620143270974179,5.567837438975921,-7.620143270974179,0.0,0.0,0.0,0.0,0.0,0.0,1.8510116279556863,1.8510116279556863,1.8510116279556863,1.8592836106227235,1.8592836106227235,1.280456099889094,1.280456099889094
193.0,0.193,0.001,0.499,36.76860339634743,26.680883086867762,0.6417331906262322,0.46566925720551067,5.0592061499041066,-4.0038045313771695,5.0592061499041066,-4.0038045313771695,5.0592061499041066,-4.0038045313771695,0.6326009780122425,0.2867121949856817,5.5942919960270965,-7.663237237787807,5.5942919960270965,-7.663237237787807,0.0,0.0,0.0,0.0,0.0,0.0,1.859496080078435,1.859496080078435,1.859496080078435,1.8677704661536814,1.8677704661536814,1.2832553049895226,1.2832553049895226
194.0,0.194,0.001,0.499,37.05930503865667,26.451472662598334,0.6468068914254833,0.46166528996361206,5.073700799251023,-4.003967241898601,5.073700799251023,-4.003967241898601,5.073700799251023,-4.003967241898601,0.6382215802275223,0.27900629817232875,5.620602215279831,-7.705896813352932,5.620602215279831,-7.705896813352932,0.0,0.0,0.0,0.0,0.0,0.0,1.8679837966487414,1.8679837966487414,1.8679837966487414,1.8762608929130637,1.8762608929130637,1.2860796044808591,1.2860796044808591
195.0,0.195,0.001,0.499,37.35082697965617,26.222075769108056,0.6518949091377293,0.45766155887835996,5.088017712246022,-4.0037310852521015,5.088017712246022,-4.0037310852521015,5.088017712246022,-4.0037310852521015,0.6438683439265424,0.2712581938264907,5.64676369902008,-7.748104345838074,5.64676369902008,-7.748104345838074,0.0,0.0,0.0,0.0,0.0,0.0,1.87647504991172,1.87647504991172,1.87647504991172,1.8847551474767112,1.8847551474767115,1.2889334585576009,1.2889334585576009
196.0,0.196,0.001,0.499,37.64315898493818,25.992715423749985,0.6569970651388578,0.45365846567835033,5.102156001128524,-4.003093200009628,5.102156001128524,-4.003093200009628,5.102156001128524,-4.003093200009628,0.6495411159308989,0.2634683518148093,5.672772004356523,-7.789842011681373,5.672772004356523,-7.789842011681373,0.0,0.0,0.0,0.0,0.0,0.0,1.8849700953893296,1.8849700953893296,1.8849700953893296,1.8932534690351441,1.8932534690351444,1.2918214125230871,1.2918214125230871
197.0,0.197,0.001,0.499,37.93629077078936,25.763414800699575,0.6621131799442118,0.4496564148292463,5.116114805354062,-4.002050849104061,5.116114805354062,-4.002050849104061,5.116114805354062,-4.002050849104061,0.6552397385775097,0.25563725998637676,5.698622646610818,-7.8310918284325295,5.698622646610818,-7.8310918284325295,0.0,0.0,0.0,0.0,0.0,0.0,1.8934691712146443,1.8934691712146443,1.8934691712146443,1.901756078740632,1.9017560787406318,1.2947480905128683,1.2947480905128683
198.0,0.198,0.001,0.499,38.23021200579585,25.534197223625792,0.667243073236603,0.4456558134058649,5.1298932923912295,-4.0006014233813785,5.1298932923912295,-4.0006014233813785,5.1298932923912295,-4.0006014233813785,0.6609640496804167,0.2477654243180706,5.724311102906917,-7.871835668306167,5.724311102906917,-7.871835668306167,0.0,0.0,0.0,0.0,0.0,0.0,1.9019724974834156,1.9019724974834156,1.9019724974834156,1.9102631790683082,1.9102631790683082,1.2977181886573204,1.2977181886573204
199.0,0.199,0.001,0.499,38.52491231249275,25.305086158163846,0.6723865638951011,0.44165707096080165,5.143490658498061,-3.9987424450632667,5.143490658498061,-3.9987424450632667,5.143490658498061,-3.9987424450632667,0.666713882496375,0.23985336904562796,5.749832815958265,-7.9120552724426405,5.749832815958265,-7.9120552724426405,0.0,0.0,0.0,0.0,0.0,0.0,1.9104802756157342,1.9104802756157342,1.9104802756157342,1.9187749531926879,1.9187749531926879,1.300736467681436,1.300736467681436
200.0,0.2,0.001,0.499,38.820381269056895,25.076105204194995,0.6775434700245775,0.43766059938968765,5.156906129476381,-3.996471571113984,5.156906129476381,-3.996471571113984,5.156906129476381,-3.996471571113984,0.6724890656944258,0.23190163677975836,5.775183198050849,-7.95173226586958,5.775183198050849,-7.95173226586958,0.0,0.0,0.0,0.0,0.0,0.0,1.9189926877363712,1.9189926877363712,1.918992687736371,1.927291564380954,1.927291564380954,1.3038077449431587,1.3038077449431587
201.0,0.201,0.001,0.499,39.11660841104141,24.847278087939323,0.6827136089859801,0.4336668127931823,5.17013896140265,-3.993786596505344,5.17013896140265,-3.993786596505344,5.17013896140265,-3.993786596505344,0.678289423329645,0.22391078860660374,5.80035763521925,-7.990848173154619,5.80035763521925,-7.990848173154619,0.0,0.0,0.0,0.0,0.0,0.0,1.9275098960687451,1.9275098960687451,1.9275098960687451,1.9358131554043192,1.935813155404319,1.3069368859152997,1.3069368859152997
202.0,0.202,0.001,0.499,39.41358323315084,24.618628653867567,0.687896797427314,0.4296761273358085,5.183188441333886,-3.9906854573737776,5.183188441333886,-3.9906854573737776,5.183188441333886,-3.9906854573737776,0.684114774821257,0.21588140417186696,5.825351491611969,-8.029384434736771,5.825351491611969,-8.029384434736771,0.0,0.0,0.0,0.0,0.0,0.0,1.9360320423506678,1.9360320423506678,1.9360320423506678,1.9443398479688212,1.9443398479688212,1.3101287951200333,1.3101287951200333
203.0,0.203,0.001,0.499,39.71129519105505,24.390180856438658,0.6930928513153013,0.425688961101745,5.1960538879872535,-3.987166234063556,5.1960538879872535,-3.987166234063556,5.1960538879872535,-3.987166234063556,0.6899649349352984,0.20781408174794608,5.850160114041389,-8.067322423920878,5.850160114041389,-8.067322423920878,0.0,0.0,0.0,0.0,0.0,0.0,1.9445592472653934,1.9445592472653934,1.9445592472653934,1.9528717421667914,1.9528717421667914,1.3133884065290948,1.3133884065290948
204.0,0.20400000000000001,0.001,0.499,40.00973370324065,24.161958751669665,0.6983015859676932,0.4217057339476946,5.2087346523919384,-3.9832271540503665,5.2087346523919384,-3.9832271540503665,5.2087346523919384,-3.9832271540503665,0.6958397137720113,0.1997094382834297,5.874778836712793,-8.104643464516377,5.874778836712793,-8.104643464516377,0.0,0.0,0.0,0.0,0.0,0.0,1.953091609898119,1.953091609898119,1.9530916098981193,1.9614089159502759,1.9614089159502759,1.3167206734471903,1.3167206734471903
205.0,0.20500000000000002,0.001,0.499,40.30888815289798,23.933986488545496,0.7035228160862051,0.417726867352955,5.221230118511994,-3.978866594739597,5.221230118511994,-3.978866594739597,5.221230118511994,-3.978866594739597,0.7017389167581372,0.1915681094343313,5.899202986125947,-8.141328849098413,5.899202986125947,-8.141328849098413,0.0,0.0,0.0,0.0,0.0,0.0,1.9616292072096382,1.9616292072096382,1.9616292072096382,1.9699514246276113,1.9699514246276113,1.3201305579006182,1.3201305579006182
206.0,0.20600000000000002,0.001,0.499,40.60874788984209,23.706288300275702,0.708756355790044,0.41375278426682116,5.2335397038388445,-3.9740830861338337,5.2335397038388445,-3.9740830861338337,5.2335397038388445,-3.9740830861338337,0.7076623446442789,0.18339074957646526,5.923427886141716,-8.177359857866058,5.923427886141716,-8.177359857866058,0.0,0.0,0.0,0.0,0.0,0.0,1.9701720935368578,1.9701720935368578,1.9701720935368578,1.9784993003843319,1.9784993003843319,1.323623019557759,1.323623019557759
207.0,0.20700000000000002,0.001,0.499,40.909302232465876,23.478888495406267,0.7140020186499962,0.4097839089534569,5.245662859952216,-3.96887531336428,5.245662859952216,-3.96887531336428,5.245662859952216,-3.96887531336428,0.7136097935074842,0.1751780317983962,5.947448863205284,-8.212717778069047,5.947448863205284,-8.212717778069047,0.0,0.0,0.0,0.0,0.0,0.0,1.9787203001160734,1.9787203001160734,1.9787203001160734,1.9870525518295292,1.9870525518295292,1.3272030042128034,1.3272030042128034
208.0,0.20800000000000002,0.001,0.499,41.21054046972344,23.25181144879444,0.7192596177230446,0.4058206668343759,5.257599073048299,-3.9632421190809928,5.257599073048299,-3.9632421190809928,5.257599073048299,-3.9632421190809928,0.7195810547592008,0.16693064787442508,5.971261251716498,-8.247383923971126,5.971261251716498,-8.247383923971126,0.0,0.0,0.0,0.0,0.0,0.0,1.9872738346305472,1.9872738346305472,1.9872738346305472,1.9956111635687446,1.9956111635687446,1.3308754318688472,1.3308754318688472
209.0,0.209,0.001,0.499,41.512451863141784,23.025081592454995,0.7245289655874786,0.40186348432867885,5.2693478644339935,-3.9571825056970598,5.2693478644339935,-3.9571825056970598,5.2693478644339935,-3.9571825056970598,0.7255759151587376,0.15864930821711032,5.994860399536909,-8.28133965731476,5.994860399536909,-8.28133965731476,0.0,0.0,0.0,0.0,0.0,0.0,1.9958326807893483,1.9958326807893483,1.9958326807893483,2.004175095804409,2.004175095804409,1.3346451844612068,1.3346451844612068
210.0,0.21,0.001,0.499,41.81502564885883,22.798723406286527,0.7298098743784648,0.3979127886911968,5.280908790986184,-3.9506956374820765,5.280908790986184,-3.9506956374820765,5.280908790986184,-3.9506956374820765,0.7315941568323597,0.1503347418088617,6.018241673622089,-8.314566408248613,6.018241673622089,-8.314566408248613,0.0,0.0,0.0,0.0,0.0,0.0,2.0043967979254464,2.0043967979254464,2.004396797925446,2.0127442839647958,2.0127442839647958,1.3385170932664658,1.3385170932664658
211.0,0.211,0.001,0.499,42.11825103968567,22.5727614086867,0.7351021558240398,0.39396900784869626,5.29228144557501,-3.9437808425005443,5.29228144557501,-3.9437808425005443,5.29228144557501,-3.9437808425005443,0.7376355572981266,0.14198769611218573,6.041400465766846,-8.347045696675975,6.041400465766846,-8.347045696675975,0.0,0.0,0.0,0.0,0.0,0.0,2.012966120632044,2.012966120632044,2.012966120632044,2.021318638362385,2.021318638362385,1.34249592604727,1.34249592604727
212.0,0.212,0.001,0.499,42.42211722719099,22.347220147065546,0.74040562128149,0.3900325702343052,5.303465457450198,-3.9364376143910684,5.303465457450198,-3.9364376143910684,5.303465457450198,-3.9364376143910684,0.7436998894965766,0.13360893695820666,6.064332198450015,-8.378759153979072,6.064332198450015,-8.378759153979072,0.0,0.0,0.0,0.0,0.0,0.0,2.021540558419853,2.021540558419853,2.021540558419853,2.02989804388247,2.02989804388247,1.3465863739871946,1.3465863739871946
213.0,0.213,0.001,0.499,42.72661338380538,22.122124188266174,0.7457200817740796,0.3861039046203227,5.314460492589592,-3.928665613982538,5.314460492589592,-3.928665613982538,5.314460492589592,-3.928665613982538,0.7497869218273412,0.12519924841313557,6.087032330764604,-8.409688545071095,6.087032330764604,-8.409688545071095,0.0,0.0,0.0,0.0,0.0,0.0,2.0301199954103812,2.0301199954103812,2.0301199954103817,2.03848235970277,2.03848235970277,1.3507930384740565,1.3507930384740565
214.0,0.214,0.001,0.499,43.03172866494354,21.89749810890241,0.7510453480280886,0.38218343994957893,5.325266254009076,-3.920464670743761,5.325266254009076,-3.920464670743761,5.325266254009076,-3.920464670743761,0.7558964181917593,0.11675943262241076,6.109496364418166,-8.439815790724804,6.109496364418166,-8.439815790724804,0.0,0.0,0.0,0.0,0.0,0.0,2.038704290056521,2.038704290056521,2.0387042900565207,2.047071419044737,2.047071419044737,1.3551204177937262,1.3551204177937262
215.0,0.215,0.001,0.499,43.33745221114184,21.673366485623117,0.7563812305101218,0.3782716051655156,5.3358824820331865,-3.911834784063341,5.3358824820331865,-3.911834784063341,5.3358824820331865,-3.911834784063341,0.7620281380415468,0.10829030963228707,6.131719849787469,-8.46912299012369,6.131719849787469,-8.46912299012369,0.0,0.0,0.0,0.0,0.0,0.0,2.0472932748970503,2.0472932748970503,2.0472932748970503,2.0556650289571876,2.0556650289571876,1.3595728937998202,1.3595728937998202
216.0,0.216,0.001,0.499,43.643773150209164,21.44975388531304,0.7617275394646477,0.3743688290411587,5.3463089545257745,-3.9027761243569263,5.3463089545257745,-3.9027761243569263,5.3463089545257745,-3.9027761243569263,0.7681818364335575,0.09979271718870807,6.153698392010733,-8.49759244357901,6.153698392010733,-8.49759244357901,0.0,0.0,0.0,0.0,0.0,0.0,2.05588675634267,2.05588675634267,2.05588675634267,2.064262970132771,2.064262970132771,1.3641547186274874,1.3641547186274874
217.0,0.217,0.001,0.499,43.95068059938871,21.226684855240315,0.7670840849517279,0.37047554000715943,5.356545487080178,-3.8932890339992747,5.356545487080178,-3.8932890339992747,5.356545487080178,-3.8932890339992747,0.7743572640906575,0.09126751051335455,6.175427657099986,-8.525206675353509,6.175427657099986,-8.525206675353509,0.0,0.0,0.0,0.0,0.0,0.0,2.0644845144929977,2.0644845144929977,2.0644845144929977,2.072864996757754,2.0728649967577546,1.368870001521824,1.368870001521824
218.0,0.218,0.001,0.499,44.258163667528216,21.004183913160674,0.7724506768848963,0.36659216597908045,5.3665919331684435,-3.883374028078957,5.3665919331684435,-3.883374028078957,5.3665919331684435,-3.883374028078957,0.780554167468713,0.08271556205682414,6.196903378055442,-8.55194845653041,6.196903378055442,-8.55194845653041,0.0,0.0,0.0,0.0,0.0,0.0,2.0730863029914786,2.0730863029914786,2.073086302991478,2.081470836395498,2.081470836395498,1.3737226958531994,1.3737226958531994
219.0,0.219,0.001,0.499,44.56621145725647,20.782275537388696,0.7778271250691455,0.3627191341841066,5.376448184249237,-3.8730317949738606,5.376448184249237,-3.8730317949738606,5.376448184249237,-3.8730317949738606,0.7867722888296762,0.07413776122895999,6.218121360963203,-8.57780082786415,6.218121360963203,-8.57780082786415,0.0,0.0,0.0,0.0,0.0,0.0,2.0816918489076732,2.0816918489076732,2.0816918489076732,2.090080189903902,2.090080189903902,1.3787165863929098,1.3787165863929098
220.0,0.22,0.001,0.499,44.87481306716358,20.56098415684644,0.7832132392389797,0.3588568709873606,5.3861141698341575,-3.862263196746034,5.3861141698341575,-3.862263196746034,5.3861141698341575,-3.862263196746034,0.7930113663207333,0.06553501410641231,6.239077491057108,-8.602747122547678,6.239077491057108,-8.602747122547678,0.0,0.0,0.0,0.0,0.0,0.0,2.0903008526593765,2.0903008526593765,2.0903008526593765,2.0986927313870476,2.0986927313870476,1.3838552769230195,1.3838552769230195
221.0,0.221,0.001,0.499,45.183957593982626,20.34033414109988,0.788608829096492,0.3550058017180058,5.395589857512286,-3.851069269354778,5.395589857512286,-3.851069269354778,5.395589857512286,-3.851069269354778,0.7992711340594585,0.05690824311758276,6.2597677387251105,-8.626770988829552,6.2597677387251105,-8.626770988829552,0.0,0.0,0.0,0.0,0.0,0.0,2.098912987963645,2.098912987963645,2.098912987963645,2.107308108181149,2.107308108181149,1.3891421782540296,1.3891421782540296
222.0,0.222,0.001,0.499,45.49363413477038,20.120349790393554,0.7940137043494249,0.35116635049531847,5.404875252932877,-3.83945122268728,5.404875252932877,-3.83945122268728,5.404875252932877,-3.83945122268728,0.8055513222248988,0.04825838670516974,6.280188165440274,-8.649856412413016,6.280188165440274,-8.649856412413016,0.0,0.0,0.0,0.0,0.0,0.0,2.10752790182657,2.10752790182657,2.10752790182657,2.1159259408748587,2.1159259408748587,1.3945804967230497,1.3945804967230497
223.0,0.223,0.001,0.499,45.8038317890846,19.901055325693957,0.7994276747491711,0.347338940054912,5.4139703997462005,-3.8274104404064633,5.4139703997462005,-3.8274104404064633,5.4139703997462005,-3.8274104404064633,0.811851657154495,0.03958639896660145,6.30033492959622,-8.671987738568289,6.30033492959622,-8.671987738568289,0.0,0.0,0.0,0.0,0.0,0.0,2.116145214563445,2.116145214563445,2.116145214563445,2.124545823363873,2.124545823363873,1.4001732232434752,1.4001732232434752
224.0,0.224,0.001,0.499,46.114539661155504,19.682474878752103,0.8048505501286738,0.3435239915752959,5.422875379502651,-3.814948479616113,5.422875379502651,-3.814948479616113,5.422875379502651,-3.814948479616113,0.8181718614467218,0.03089324927271255,6.320204292226767,-8.693149693888902,6.320204292226767,-8.693149693888902,0.0,0.0,0.0,0.0,0.0,0.0,2.124764519856426,2.124764519856426,2.124764519856426,2.133167322939719,2.133167322939719,1.405923122974742,1.405923122974742
225.0,0.225,0.001,0.499,46.425746862049195,19.464632482195736,0.8102821404401841,0.33972192450495214,5.431590311510316,-3.802067070343726,5.431590311510316,-3.802067070343726,5.431590311510316,-3.802067070343726,0.8245116540693113,0.022179921865089842,6.339792622589474,-8.71332740762271,6.339792622589474,-8.71332740762271,0.0,0.0,0.0,0.0,0.0,0.0,2.133385384843301,2.133385384843301,2.133385384843301,2.1417899804124882,2.1417899804124882,1.411832725677617,1.411832725677617
226.0,0.226,0.001,0.499,46.73744251182044,19.247552059661558,0.8157222557928354,0.33593315639011023,5.4401153526513095,-3.7887681148419277,5.4401153526513095,-3.7887681148419277,5.4401153526513095,-3.7887681148419277,0.8308707504729042,0.01344741543258137,6.359096403592914,-8.73250643250847,6.359096403592914,-8.73250643250847,0.0,0.0,0.0,0.0,0.0,0.0,2.14200735024209,2.14200735024209,2.14200735024209,2.150413310267234,2.150413310267234,1.4179043168166332,1.4179043168166332
227.0,0.227,0.001,0.499,47.04961574165266,19.03125741597779,0.8211707064899927,0.33215810270340057,5.44845069715726,-3.775053686709665,5.44845069715726,-3.775053686709665,5.44845069715726,-3.775053686709665,0.8372488627099518,0.004696742667531877,6.378112237047687,-8.750672765049494,6.378112237047687,-8.750672765049494,0.0,0.0,0.0,0.0,0.0,0.0,2.1506299305085483,2.1506299305085483,2.1506299305085483,2.1590368008536327,2.1590368008536323,1.4241399294667862,1.4241399294667862
228.0,0.228,0.001,0.499,47.36225569598273,18.815772227407365,0.8266273030663371,0.32839717667356577,5.456596576344449,-3.7609260298347915,5.456596576344449,-3.7609260298347915,5.456596576344449,-3.7609260298347915,0.8436456995586734,-0.00407107019762497,6.396836848721558,-8.767812865156847,6.396836848721558,-8.767812865156847,0.0,0.0,0.0,0.0,0.0,0.0,2.1592526140260837,2.1592526140260837,2.1592526140260837,2.167659914608461,2.1676599146084614,1.4305413370765059,1.4305413370765059
229.0,0.229,0.001,0.499,47.67535153460831,18.60112003196177,0.8320918563246463,0.32465078911640577,5.464553258309173,-3.746387557160019,5.464553258309173,-3.746387557160019,5.464553258309173,-3.746387557160019,0.8500609666518529,-0.012854983872720958,6.415267093179497,-8.783913675095988,6.415267093179497,-8.783913675095988,0.0,0.0,0.0,0.0,0.0,0.0,2.1678748633298217,2.1678748633298217,2.1678748633298217,2.1762820883103435,2.1762820883103435,1.437110047133223,1.437110047133223
230.0,0.23,0.001,0.499,47.98889243477548,18.387324219795627,0.8375641773722303,0.3209193482671312,5.472321047584008,-3.7314408492745903,5.472321047584008,-3.7314408492745903,5.472321047584008,-3.7314408492745903,0.8564943666102429,-0.021653946510393422,6.433399958389997,-8.798962637672464,6.433399958389997,-8.798962637672464,0.0,0.0,0.0,0.0,0.0,0.0,2.176496115361638,2.176496115361638,2.1764961153616373,2.184902733366143,2.184902733366143,1.4438472957717066,1.4438472957717066
231.0,0.231,0.001,0.499,48.30286759324453,18.17440802369176,0.8430440776569861,0.3172032596142968,5.479900284755735,-3.716088652834387,5.479900284755735,-3.716088652834387,5.479900284755735,-3.716088652834387,0.8629455991803227,-0.03046689422398789,6.451232570079712,-8.812947713594466,6.451232570079712,-8.812947713594466,0.0,0.0,0.0,0.0,0.0,0.0,2.1851157817565117,2.1851157817565117,2.1851157817565117,2.1935212361283165,2.1935212361283165,1.45075404335872,1.45075404335872
232.0,0.232,0.001,0.499,48.61726622833161,17.962394509646472,0.8485313690030318,0.3135029257354833,5.487291346045775,-3.7003338788135482,5.487291346045775,-3.7003338788135482,5.487291346045775,-3.7003338788135482,0.8694143613761419,-0.03929275162194046,6.468762195819224,-8.825857397952568,6.468762195819224,-8.825857397952568,0.0,0.0,0.0,0.0,0.0,0.0,2.1937332491609847,2.1937332491609847,2.1937332491609842,2.202136958242466,2.202136958242466,1.4578309710806334,1.4578309710806334
233.0,0.233,0.001,0.499,48.93207758192438,17.751306567564413,0.8540258636458858,0.30981874613489224,5.49449464285406,-3.684179600591012,5.49449464285406,-3.684179600591012,5.49449464285406,-3.684179600591012,0.8759003476249656,-0.04813043235770028,6.485986248823671,-8.837680735759823,6.485986248823671,-8.837680735759823,0.0,0.0,0.0,0.0,0.0,0.0,2.202347879580586,2.202347879580586,2.202347879580586,2.210749237024258,2.210749237024258,1.465078478553431,1.465078478553431
234.0,0.234,0.001,0.499,49.2472909214694,17.541166902072366,0.8595273742671532,0.3061511170830165,5.5015106212673635,-3.6676290518757284,5.5015106212673635,-3.6676290518757284,5.5015106212673635,-3.6676290518757284,0.8824032499164186,-0.05697883969419899,6.502902291452962,-8.848407336498717,6.502902291452962,-8.848407336498717,0.0,0.0,0.0,0.0,0.0,0.0,2.210959010755571,2.210959010755571,2.2109590107555706,2.2193573858648183,2.2193573858648183,1.4724966824671875,1.4724966824671875
235.0,0.23500000000000001,0.001,0.499,49.56289554192935,17.331998023460887,0.8650357140286864,0.3025004314585419,5.508339761533163,-3.6506856244746175,5.508339761533163,-3.6506856244746175,5.508339761533163,-3.6506856244746175,0.888922757954816,-0.06583686708182393,6.519508038397391,-8.858027387624936,6.519508038397391,-8.858027387624936,0.0,0.0,0.0,0.0,0.0,0.0,2.219565956568175,2.219565956568175,2.2195659565681747,2.2279606946636448,2.2279606946636448,1.4800854162696722,1.4800854162696722
236.0,0.23600000000000002,0.001,0.499,49.87888076770829,17.123822238762617,0.8705506966061866,0.2988670785926342,5.514982577500209,-3.633352865907641,5.514982577500209,-3.633352865907641,5.514982577500209,-3.633352865907641,0.8954585593143517,-0.07470339874880585,6.535801359535671,-8.86653166698192,6.535801359535671,-8.86653166698192,0.0,0.0,0.0,0.0,0.0,0.0,2.228168007473915,2.228168007473915,2.228168007473915,2.2365584302880483,2.2365584302880483,1.4878442308863111,1.4878442308863111
237.0,0.23700000000000002,0.001,0.499,50.19523595454297,16.916661642975704,0.8760721362222136,0.29525144411575954,5.521439616027019,-3.6156344768746624,5.521439616027019,-3.6156344768746624,5.521439616027019,-3.6156344768746624,0.9020103395968053,-0.0835773103028901,6.551780282453677,-8.87391155408425,6.551780282453677,-8.87391155408425,0.0,0.0,0.0,0.0,0.0,0.0,2.2367644309602603,2.2367644309602603,2.2367644309602603,2.2451498370580207,2.2451498370580207,1.4957723964664473,1.4957723964664473
238.0,0.23800000000000002,0.001,0.499,50.51195049135849,16.710538110440613,0.8815998476785731,0.29165390980718053,5.527711456359598,-3.5975343085790312,5.527711456359598,-3.5975343085790312,5.527711456359598,-3.5975343085790312,0.9085777825914189,-0.09245746934312252,6.567442994613563,-8.880159040232407,6.567442994613563,-8.880159040232407,0.0,0.0,0.0,0.0,0.0,0.0,2.2453544720313823,2.2453544720313823,2.2453544720313823,2.2537341372554636,2.2537341372554636,1.5038689051387244,1.5038689051387244
239.0,0.23900000000000002,0.001,0.499,50.82901380208662,16.505473286378137,0.8871336463880529,0.2880748534472674,5.533798709479741,-3.579056359913099,5.533798709479741,-3.579056359913099,5.533798709479741,-3.579056359913099,0.9151605704365832,-0.10134273608054864,6.582787845164302,-8.885266737426118,6.582787845164302,-8.885266737426118,0.0,0.0,0.0,0.0,0.0,0.0,2.253937353717321,2.253937353717321,2.2539373537173213,2.262310531656601,2.262310531656601,1.5121324747515943,1.5121324747515943
240.0,0.24,0.001,0.499,51.1464153474452,16.301488578596327,0.8926733484054782,0.28451464867275633,5.539702017425318,-3.5602047745111025,5.539702017425318,-3.5602047745111025,5.539702017425318,-3.5602047745111025,0.9217583837829694,-0.11023196396659699,6.597813346386242,-8.889227886048353,6.597813346386242,-8.889227886048353,0.0,0.0,0.0,0.0,0.0,0.0,2.262512277603212,2.262512277603212,2.262512277603212,2.2708782000863827,2.2708782000863827,1.5205615535684776,1.5205615535684776
241.0,0.241,0.001,0.499,51.46414462667703,16.09860514937351,0.8982187704580622,0.28097366483508124,5.545422052584012,-3.5409838376750877,5.545422052584012,-3.5409838376750877,5.545422052584012,-3.5409838376750877,0.9283709019577331,-0.11912400032789411,6.612518174763743,-8.892036361297123,6.612518174763743,-8.892036361297123,0.0,0.0,0.0,0.0,0.0,0.0,2.2710784243846702,2.2710784243846702,2.2710784243846702,2.2794363019936608,2.2794363019936608,1.5291543258810383,1.5291543258810383
242.0,0.242,0.001,0.499,51.78219117924694,15.896843907524385,0.9037697299750242,0.2774522668619015,5.550959516962006,-3.5213979731797345,5.550959516962006,-3.5213979731797345,5.550959516962006,-3.5213979731797345,0.9349978031294147,-0.1280176870062415,6.626901171681581,-8.89368667834738,6.626901171681581,-8.89368667834738,0.0,0.0,0.0,0.0,0.0,0.0,2.279634954440845,2.279634954440845,2.279634954440845,2.287983977045881,2.287983977045881,1.537908718498493,1.537908718498493
243.0,0.243,0.001,0.499,52.10054458649547,15.696225500655816,0.9093260451164534,0.27395081512193936,5.556315141429173,-3.5014517399621368,5.556315141429173,-3.5014517399621368,5.556315141429173,-3.5014517399621368,0.9416387644731571,-0.13691186100247213,6.640961343742382,-8.89417399623063,6.640961343742382,-8.89417399623063,0.0,0.0,0.0,0.0,0.0,0.0,2.2881810084281002,2.2881810084281002,2.2881810084281002,2.296520345742005,2.296520345742005,1.5468224080658086,1.5468224080658086
244.0,0.244,0.001,0.499,52.4191944732482,15.49677030761846,0.9148875348013957,0.2704696652932366,5.561489684942338,-3.4811498287027582,5.561489684942338,-3.4811498287027582,5.561489684942338,-3.4811498287027582,0.9482934623358611,-0.14580535512289733,6.6546978627039595,-8.8934941204252,6.6546978627039595,-8.8934941204252,0.0,0.0,0.0,0.0,0.0,0.0,2.296715707890096,2.296715707890096,2.296715707890096,2.305044510042353,2.305044510042353,1.5558928291591927,1.5558928291591927
245.0,0.245,0.001,0.499,52.73813050937935,15.298498431160208,0.920454018735144,0.2670091682349327,5.566483933748232,-3.460497058303917,5.566483933748232,-3.460497058303917,5.566483933748232,-3.460497058303917,0.9549615724008982,-0.1546969986270528,6.668110065037077,-8.891643504155475,6.668110065037077,-8.891643504155475,0.0,0.0,0.0,0.0,0.0,0.0,2.3052381558884436,2.3052381558884436,2.3052381558884436,2.3135555540140706,2.3135555540140706,1.5651171831034236,1.5651171831034236
246.0,0.246,0.001,0.499,53.057342411328605,15.101429690786889,0.9260253174357117,0.2635696698626604,5.5712987005677626,-3.439498372272285,5.5712987005677626,-3.439498372272285,5.5712987005677626,-3.439498372272285,0.9616427698520039,-0.1635856178754566,6.681197451105744,-8.888619248403808,6.681197451105744,-8.888619248403808,0.0,0.0,0.0,0.0,0.0,0.0,2.313747437642966,2.313747437642966,2.313747437642966,2.3220525444908624,2.3220525444908624,1.5744924474523196,1.5744924474523196
247.0,0.247,0.001,0.499,53.37681994357026,14.905583615835347,0.931601252259475,0.2601515110276484,5.575934823763259,-3.4181588350119827,5.575934823763259,-3.4181588350119827,5.575934823763259,-3.4181588350119827,0.9683367295359777,-0.17247003697610067,6.693959683973777,-8.884419100644047,6.693959683973777,-8.884419100644047,0.0,0.0,0.0,0.0,0.0,0.0,2.3222426211934004,2.3222426211934004,2.3222426211934004,2.330534531745685,2.330534531745685,1.5840153860710562,1.5840153860710562
248.0,0.248,0.001,0.499,53.69655292003381,14.710979438763662,0.9371816454259654,0.2567550273996134,5.5803931664903486,-3.3964836280349404,5.5803931664903486,-3.3964836280349404,5.5803931664903486,-3.3964836280349404,0.9750431261238206,-0.1813490784284116,6.706396587842896,-8.879041452310936,6.706396587842896,-8.879041452310936,0.0,0.0,0.0,0.0,0.0,0.0,2.3307227580660292,2.3307227580660292,2.3307227580660292,2.3390005501750273,2.3390005501750273,1.593682559757056,1.593682559757056
249.0,0.249,0.001,0.499,54.01653120547506,14.51763608866285,0.9427663200418015,0.25338054935351817,5.584674615836147,-3.3744780460952426,5.584674615836147,-3.3744780460952426,5.584674615836147,-3.3744780460952426,0.9817616342699498,-0.19022156376343627,6.718508146129196,-8.87248533502467,6.718508146129196,-8.87248533502467,0.0,0.0,0.0,0.0,0.0,0.0,2.3391868839599845,2.3391868839599845,2.3391868839599845,2.3474496189934873,2.3474496189934873,1.6034903373348564,1.6034903373348564
250.0,0.25,0.001,0.499,54.33674471679731,14.325572184994025,0.9483551001237469,0.2500284018602639,5.588780081945428,-3.35214749325423,5.588780081945428,-3.35214749325423,5.588780081945428,-3.35214749325423,0.988491928769136,-0.19908631417903117,6.730294499186273,-8.864750415594887,6.730294499186273,-8.864750415594887,0.0,0.0,0.0,0.0,0.0,0.0,2.347634019435406,2.347634019435406,2.347634019435406,2.355880742937258,2.355880742937258,1.6134349071595957,1.6134349071595957
251.0,0.251,0.001,0.499,54.657183424321744,14.134806031554572,0.9539478106208834,0.24669890438138078,5.592710497136445,-3.329497478883136,5.592710497136445,-3.329497478883136,5.592710497136445,-3.329497478883136,0.9952336847108207,-0.20794215116886425,6.741755941684743,-8.855836989833092,6.741755941684743,-8.855836989833092,0.0,0.0,0.0,0.0,0.0,0.0,2.3560631706180035,2.3560631706180035,2.3560631706180035,2.364292912975266,2.364292912975266,1.6235122889636455,1.6235122889636455
252.0,0.252,0.001,0.499,54.97783735300673,13.945355610676575,0.9595442774358914,0.24339237076777073,5.596466815008076,-3.30653361361005,5.596466815008076,-3.30653361361005,5.596466815008076,-3.30653361361005,1.00198657763048,-0.21678789714407132,6.7528929196592005,-8.845745975207077,6.7528929196592005,-8.845745975207077,0.0,0.0,0.0,0.0,0.0,0.0,2.3644733299062684,2.3644733299062684,2.3644733299062684,2.3726851070266033,2.3726851070266033,1.6337183459812932,1.6337183459812932
253.0,0.253,0.001,0.499,55.29869658361556,13.757238577660237,0.9651443274454313,0.24010910916255276,5.600050009539928,-3.28326160521796,5.600050009539928,-3.28326160521796,5.600050009539928,-3.28326160521796,1.008750283657715,-0.2256223760464465,6.763706027234989,-8.834478902375174,6.763706027234989,-8.834478902375174,0.0,0.0,0.0,0.0,0.0,0.0,2.3728634766854255,2.3728634766854255,2.3728634766854255,2.3810562906829986,2.3810562906829986,1.644048797287316,1.644048797287316
254.0,0.254,0.001,0.499,55.61975125383233,13.570472255444765,0.9707477885196184,0.23684942190805214,5.603461074187055,-3.2596872545006152,5.603461074187055,-3.2596872545006152,5.603461074187055,-3.2596872545006152,1.0155244796607632,-0.2344444139520887,6.774196003048304,-8.822037905642214,6.774196003048304,-8.822037905642214,0.0,0.0,0.0,0.0,0.0,0.0,2.381232578050003,2.381232578050003,2.381232578050003,2.3894054179350626,2.3894054179350626,1.6544992302866903,1.6544992302866903
255.0,0.255,0.001,0.499,55.94099155932564,13.385073629518716,0.9763544895405892,0.23361360545696927,5.606701020970869,-3.235816451082856,5.606701020970869,-3.235816451082856,5.606701020970869,-3.235816451082856,1.0223088433871375,-0.24325283966447145,6.7843637263742655,-8.808425712382748,6.7843637263742655,-8.808425712382748,0.0,0.0,0.0,0.0,0.0,0.0,2.3895795895251575,2.3895795895251575,2.3895795895251575,2.3977314319010405,2.3977314319010405,1.6650651132945073,1.6650651132945073
256.0,0.256,0.001,0.499,56.26240775476027,13.201059343071494,0.981964260420157,0.23040195028775726,5.609770879567858,-3.2116551692120248,5.609770879567858,-3.2116551692120248,5.609770879567858,-3.2116551692120248,1.029103053600116,-0.252046485295952,6.794210212978609,-8.793645631480562,6.794210212978609,-8.793645631480562,0.0,0.0,0.0,0.0,0.0,0.0,2.3979034557930867,2.3979034557930867,2.3979034557930863,2.406033265556906,2.406033265556906,1.6757418081473858,1.6757418081473858
257.0,0.257,0.001,0.499,56.583990154756385,13.018445692387246,0.9875769321165547,0.22721474082423032,5.612671696397639,-3.1872094635269357,5.612671696397639,-3.1872094635269357,5.612671696397639,-3.1872094635269357,1.0359067902108254,-0.26082418683678854,6.803736610709513,-8.77770154083651,6.803736610709513,-8.77770154083651,0.0,0.0,0.0,0.0,0.0,0.0,2.4062031114220415,2.4062031114220415,2.4062031114220415,2.4143098424665714,2.4143098424665714,1.6865245827902433,1.6865245827902433
258.0,0.258,0.001,0.499,56.90572913479671,12.837248622482116,0.9931923366502666,0.2240522553594195,5.6154045337118745,-3.162485464810808,5.6154045337118745,-3.162485464810808,5.6154045337118745,-3.162485464810808,1.0427197344056724,-0.26958478471078806,6.812944194846922,-8.7605978739995,6.812944194846922,-8.7605978739995,0.0,0.0,0.0,0.0,0.0,0.0,2.414477481591241,2.414477481591241,2.414477481591241,2.4225600775111036,2.4225600775111036,1.6974086237851138,1.6974086237851138
259.0,0.259,0.001,0.499,57.22761513208152,12.6574837229854,0.9988103071189521,0.2209147659836851,5.617970468685523,-3.1374893757344227,5.617970468685523,-3.1374893757344227,5.617970468685523,-3.1374893757344227,1.0495415687688998,-0.2783271243167658,6.8218343632273495,-8.74233960597778,6.8218343632273495,-8.74233960597778,0.0,0.0,0.0,0.0,0.0,0.0,2.422725482819635,2.422725482819635,2.422725482819635,2.4307828776158207,2.4307828776158207,1.7083890486918065,1.7083890486918065
260.0,0.26,0.001,0.499,57.54963864633189,12.479166224264779,1.004430677711464,0.21780253851708947,5.620370592511857,-3.1122274665956287,5.620370592511857,-3.1122274665956287,5.620370592511857,-3.1122274665956287,1.0563719774000626,-0.28705005655505555,6.830408631162782,-8.722932238289749,6.830408631162782,-8.722932238289749,0.0,0.0,0.0,0.0,0.0,0.0,2.4309460236888807,2.4309460236888807,2.4309460236888802,2.4389771424742075,2.4389771424742075,1.7194609182734757,1.7194609182734757
261.0,0.261,0.001,0.499,57.87179024054129,12.302310993795565,1.0100532837209666,0.2147158324460283,5.622606009502639,-3.086706071061174,5.622606009502639,-3.086706071061174,5.622606009502639,-3.086706071061174,1.0632106460262354,-0.29575243833837067,6.838668626172713,-8.702381783315094,6.838668626172713,-8.702381783315094,0.0,0.0,0.0,0.0,0.0,0.0,2.4391380055643226,2.4391380055643226,2.439138005564322,2.447141765267613,2.4471417652676126,1.730619248483591,1.730619248483591
262.0,0.262,0.001,0.499,58.19406054167602,12.126932532773436,1.0156779615571614,0.21165490086411162,5.624677836194792,-3.0609315819166696,5.624677836194792,-3.0609315819166696,5.624677836194792,-3.0609315819166696,1.070057262108784,-0.3044331330863791,6.846616082548731,-8.680694748008403,6.846616082548731,-8.680694748008403,0.0,0.0,0.0,0.0,0.0,0.0,2.4473003233133577,2.4473003233133577,2.4473003233133577,2.4552756333797636,2.4552756333797636,1.7418590221943506,1.7418590221943506
263.0,0.263,0.001,0.499,58.516440241324986,11.953044972969897,1.0213045487576262,0.2086199904172813,5.6265872004648445,-3.034910446830319,5.6265872004648445,-3.034910446830319,5.6265872004648445,-3.034910446830319,1.0769115149445554,-0.31309101120341737,6.854252835771295,-8.657878117038296,6.854252835771295,-8.657878117038296,0.0,0.0,0.0,0.0,0.0,0.0,2.455431866015213,2.455431866015213,2.455431866015213,2.4633776291051244,2.4633776291051244,1.7531752006301549,1.7531752006301549
264.0,0.264,0.001,0.499,58.83892009629911,11.78066207382935,1.0269328839982785,0.20561134125314545,5.628335240652394,-3.0086491641358535,5.628335240652394,-3.0086491641358535,5.628335240652394,-3.0086491641358535,1.0837730957613538,-0.32172495053883304,6.861580816798467,-8.63393933541567,6.861580816798467,-8.63393933541567,0.0,0.0,0.0,0.0,0.0,0.0,2.46353151766742,2.46353151766742,2.46353151766742,2.4714466303502385,2.4714466303502385,1.7645627344733832,1.7645627344733832
265.0,0.265,0.001,0.499,59.16149092918125,11.609797219806401,1.0325628071029722,0.20262918697450552,5.629923104693745,-2.9821542786399258,5.629923104693745,-2.9821542786399258,5.629923104693745,-2.9821542786399258,1.0906416978076003,-0.3303338368295079,6.868602046246426,-8.608886290674883,6.868602046246426,-8.608886290674883,0.0,0.0,0.0,0.0,0.0,0.0,2.4715981578848285,2.4715981578848285,2.4715981578848285,2.4794815113271924,2.4794815113271924,1.776016574613331,1.776016574613331
266.0,0.266,0.001,0.499,59.484143628827006,11.440463417941686,1.038194159052239,0.19967375459704653,5.631351949266858,-2.9554323774589966,5.631351949266858,-2.9554323774589966,5.631351949266858,-2.9554323774589966,1.097517016436082,-0.3389165641241795,6.87531862848146,-8.582727294671566,6.87531862848146,-8.582727294671566,0.0,0.0,0.0,0.0,0.0,0.0,2.4796306625895945,2.4796306625895945,2.4796306625895945,2.487481143238389,2.487481143238389,1.7875316825127194,1.7875316825127194
267.0,0.267,0.001,0.499,59.80686915081734,11.272673295674254,1.0438267819911877,0.19674526451115598,5.6326229389486455,-2.9284900858905445,5.6326229389486455,-2.9284900858905445,5.6326229389486455,-2.9284900858905445,1.1043987491817249,-0.3474720351892398,6.881732745642996,-8.555471065060317,6.881732745642996,-8.555471065060317,0.0,0.0,0.0,0.0,0.0,0.0,2.4876279046931025,2.4876279046931025,2.4876279046931025,2.495444394951897,2.4954443949518974,1.799103040169679,1.799103040169679
268.0,0.268,0.001,0.499,60.1296585178636,11.106439098888291,1.0494605192365734,0.19384393044783277,5.633737245385625,-2.9013340633232043,5.633737245385625,-2.9013340633232043,5.633737245385625,-2.9013340633232043,1.1112865958333418,-0.35599916189575453,6.8878466516169485,-8.52712670651474,6.8878466516169485,-8.52712670651474,0.0,0.0,0.0,0.0,0.0,0.0,2.4955887547694737,2.4955887547694737,2.4955887547694737,2.5033701336666763,2.5033701336666763,1.8107256596565275,1.8107256596565275
269.0,0.269,0.001,0.499,60.45250282016588,10.941772690191696,1.0550952152830522,0.19096995944864256,5.634696046478841,-2.8739709991902176,5.634696046478841,-2.8739709991902176,5.634696046478841,-2.8739709991902176,1.1181802584993201,-0.36449686558750577,6.893662665978294,-8.497703691751253,6.893662665978294,-8.497703691751253,0.0,0.0,0.0,0.0,0.0,0.0,2.503512081717095,2.503512081717095,2.503512081717095,2.511257225566995,2.511257225566995,1.8223945922199098,1.8223945922199098
270.0,0.27,0.001,0.499,60.7753932157256,10.778685547423771,1.060730715808636,0.18812355183967222,5.6355005255839465,-2.846407608970346,5.6355005255839465,-2.846407608970346,5.6355005255839465,-2.846407608970346,1.1250794416672414,-0.37296407742992255,6.899183167921351,-8.46721184241678,6.899183167921351,-8.46721184241678,0.0,0.0,0.0,0.0,0.0,0.0,2.511396753411824,2.511396753411824,2.511396753411824,2.519104536465484,2.519104536465484,1.834104936930035,1.834104936930035
271.0,0.271,0.001,0.499,61.098320930613035,10.617188762389121,1.0663668676793634,0.18530490120943205,5.636151870727223,-2.818650630240163,5.636151870727223,-2.818650630240163,5.636151870727223,-2.818650630240163,1.131983852257437,-0.38139973873982136,6.904410590195738,-8.435661309898798,6.904410590195738,-8.435661309898798,0.0,0.0,0.0,0.0,0.0,0.0,2.5192416373454014,2.5192416373454014,2.5192416373454014,2.526910932434221,2.526910932434221,1.8458518488697313,1.8458518488697313
272.0,0.272,0.001,0.499,61.421277259191015,10.457293039814566,1.0720035189532018,0.18251419439065064,5.636651273838291,-2.7907068187814112,5.636651273838291,-2.7907068187814112,5.636651273838291,-2.7907068187814112,1.1388931996705023,-0.3898028012959358,6.90934741306535,-8.403062556114461,6.90934741306535,-8.403062556114461,0.0,0.0,0.0,0.0,0.0,0.0,2.5270456012564213,2.5270456012564213,2.5270456012564213,2.5346752804233663,2.5346752804233663,1.8576305468568568,1.8576305468568568
273.0,0.273,0.001,0.499,61.74425356429556,10.299008696525746,1.077640518883202,0.17975161144590376,5.636999930000189,-2.762582944746866,5.636999930000189,-2.762582944746866,5.636999930000189,-2.762582944746866,1.1458071958288094,-0.39817222763026927,6.913996158307112,-8.369426334333449,6.913996158307112,-8.369426334333449,0.0,0.0,0.0,0.0,0.0,0.0,2.5348075137449864,2.5348075137449864,2.5348075137449864,2.5423964488669037,2.5423964488669037,1.8694363206962847,1.8694363206962847
274.0,0.274,0.001,0.499,62.067241277374684,10.14234566083987,1.0832777179199193,0.17701732565701586,5.637199036717412,-2.7342857888879153,5.637199036717412,-2.7342857888879153,5.637199036717412,-2.7342857888879153,1.152725555212075,-0.4065069913003562,6.918359383265488,-8.334763670086968,6.918359383265488,-8.334763670086968,0.0,0.0,0.0,0.0,0.0,0.0,2.5425262448764805,2.5425262448764805,2.5425262448764805,2.5500733082750284,2.5500733082750284,1.8812645379601391,1.8812645379601391
275.0,0.275,0.001,0.499,62.39023189858618,9.987313472170888,1.0889149677131218,0.17431150351816904,5.637249793202473,-2.705822138846822,5.637249793202473,-2.705822138846822,5.637249793202473,-2.705822138846822,1.159647994887053,-0.41480607714256923,6.922439674978025,-8.299085842212984,6.922439674978025,-8.299085842212984,0.0,0.0,0.0,0.0,0.0,0.0,2.550200666771783,2.550200666771783,2.550200666771783,2.5577047318128656,2.5577047318128656,1.8931106502972648,1.8931106502972648
276.0,0.276,0.001,0.499,62.713216996855756,9.833921280843247,1.0945521211128033,0.17163430473265265,5.6371533996814644,-2.6771987855164054,5.6371533996814644,-2.6771987855164054,5.6371533996814644,-2.6771987855164054,1.1665742345314394,-0.42306848150665444,6.926239644386378,-8.262404364085196,6.926239644386378,-8.262404364085196,0.0,0.0,0.0,0.0,0.0,0.0,2.557829654184178,2.557829654184178,2.557829654184178,2.5652895958651727,2.565289595865173,1.9049701992750308,1.9049701992750308
277.0,0.277,0.001,0.499,63.03618820989638,9.682177848110234,1.1001890321695222,0.168985882213183,5.6369110567190335,-2.6484225194696385,5.6369110567190335,-2.6484225194696385,5.6369110567190335,-2.6484225194696385,1.173503996452086,-0.4312932124717251,6.929761920646445,-8.224730965070634,6.929761920646445,-8.224730965070634,0.0,0.0,0.0,0.0,0.0,0.0,2.5654120850612223,2.5654120850612223,2.565412085061222,2.572826780586751,2.5728267805867504,1.9168388217584904,1.9168388217584904
278.0,0.278,0.001,0.499,63.35913724419019,9.532091546372712,1.1058255561340853,0.16636638208572158,5.636523964563142,-2.619500127461425,5.636523964563142,-2.619500127461425,5.636523964563142,-2.619500127461425,1.1804370055976363,-0.4394792900439831,6.933009145550376,-8.18607757225802,6.933009145550376,-8.18607757225802,0.0,0.0,0.0,0.0,0.0,0.0,2.572946841093181,2.572946841093181,2.572946841093181,2.5803151704383467,2.5803151704383467,1.9287122548336622,1.9287122548336622
279.0,0.279,0.001,0.499,63.682055874933916,9.38367035959408,1.1114615494565951,0.16377594369671697,5.635993322509898,-2.5904383890045994,5.635993322509898,-2.5904383890045994,5.635993322509898,-2.5904383890045994,1.1873729895657086,-0.4476257463364793,6.935983968072328,-8.146456292496186,6.935983968072328,-8.146456292496186,0.0,0.0,0.0,0.0,0.0,0.0,2.5804328082480983,2.5804328082480983,2.5804328082480987,2.5877536547078384,2.5877536547078384,1.9405863402832906,1.9405863402832906
280.0,0.28,0.001,0.499,64.00493594594913,9.236921883907025,1.1170968697848838,0.161214699623695,5.635320328288709,-2.5612440730219594,5.635320328288709,-2.5612440730219594,5.635320328288709,-2.5612440730219594,1.1943116786047576,-0.4557316257312583,6.938689039048955,-8.105879394779004,6.938689039048955,-8.105879394779004,0.0,0.0,0.0,0.0,0.0,0.0,2.5878688772898344,2.5878688772898344,2.5878688772898344,2.595141128016556,2.595141128016556,1.952457028624802,1.952457028624802
281.0,0.281,0.001,0.499,64.32776936955844,9.091853328407666,1.1227313759623516,0.15868277568911907,5.634506177467936,-2.5319239345759295,5.634506177467936,-2.5319239345759295,5.634506177467936,-2.5319239345759295,1.2012528056107623,-0.46379598502426866,6.941127006004701,-8.064359293010332,6.941127006004701,-8.064359293010332,0.0,0.0,0.0,0.0,0.0,0.0,2.595253944283172,2.595253944283172,2.595253944283172,2.6024764908106457,2.6024764908106457,1.9643203827214284,1.9643203827214284
282.0,0.28200000000000003,0.001,0.499,64.65054812642875,8.948471516132548,1.1283649280252328,0.15618029097744182,5.633552062881177,-2.5024847116772304,5.633552062881177,-2.5024847116772304,5.633552062881177,-2.5024847116772304,1.2081961061188933,-0.4718178935534483,6.943300508131055,-8.021908529179589,6.943300508131055,-8.021908529179589,0.0,0.0,0.0,0.0,0.0,0.0,2.602586911084137,2.602586911084137,2.602586911084137,2.609758649837372,2.609758649837372,1.9761725809785247,1.9761725809785247
283.0,0.28300000000000003,0.001,0.499,64.97326426538294,8.806782885213883,1.133997387199307,0.1537073578552681,5.632459174074255,-2.472933122173734,5.632459174074255,-2.472933122173734,5.632459174074255,-2.472933122173734,1.2151413182903212,-0.4797964333104239,6.945212171428038,-7.97853975697562,6.945212171428038,-7.97853975697562,0.0,0.0,0.0,0.0,0.0,0.0,2.609866685813168,2.609866685813168,2.609866685813168,2.6169865186063297,2.6169865186063297,1.9880099201380113,1.9880099201380113
284.0,0.28400000000000003,0.001,0.499,65.29590990318098,8.666793490208407,1.13962861589608,0.15126408199454763,5.631228696772945,-2.443275860720467,5.631228696772945,-2.443275860720467,5.631228696772945,-2.443275860720467,1.2220881828943364,-0.4877306990362875,6.94686460401525,-7.93426572586364,6.94686460401525,-7.93426572586364,0.0,0.0,0.0,0.0,0.0,0.0,2.6170921833167715,2.6170921833167715,2.6170921833167715,2.6241590178355807,2.6241590178355807,1.9998288176846493,1.9998288176846493
285.0,0.28500000000000003,0.001,0.499,65.61847722427173,8.528509003595138,1.1452584777084514,0.14885056239871608,5.6298618123713915,-2.413519595831543,5.6298618123713915,-2.413519595831543,5.6298618123713915,-2.413519595831543,1.2290364432859553,-0.4956197983019347,6.94826039161898,-7.889099265647166,6.94826039161898,-7.889099265647166,0.0,0.0,0.0,0.0,0.0,0.0,2.624262325611174,2.624262325611174,2.624262325611174,2.6312750758827064,2.6312750758827064,2.0116258138784726,2.0116258138784726
286.0,0.28600000000000003,0.001,0.499,65.94095848051664,8.391934717437334,1.1508868374058925,0.14646689143170147,5.628359697441172,-2.3836709670146066,5.628359697441172,-2.3836709670146066,5.628359697441172,-2.3836709670146066,1.2359858453791963,-0.5034628515734687,6.9494020932409395,-7.843053271534023,6.9494020932409395,-7.843053271534023,0.0,0.0,0.0,0.0,0.0,0.0,2.631376042311856,2.631376042311856,2.631376042311856,2.6383336291608597,2.6383336291608597,2.0233975734281975,2.0233975734281975
287.0,0.28700000000000003,0.001,0.499,66.26334599088646,8.257075545203861,1.1565135609291533,0.14411315484971327,5.626723523260873,-2.3537365819881972,5.626723523260873,-2.3537365819881972,5.626723523260873,-2.3537365819881972,1.2429361376162098,-0.5112589922631915,6.9502922370133975,-7.796140689722801,6.9502922370133975,-7.796140689722801,0.0,0.0,0.0,0.0,0.0,0.0,2.638432271050314,2.638432271050314,2.638432271050314,2.645333622539888,2.645333622539888,2.0351408868208125,2.0351408868208125
288.0,0.28800000000000003,0.001,0.499,66.58563214113224,8.123936023745259,1.1621385153845192,0.141789431835731,5.624954455366023,-2.32372301398227,5.624954455366023,-2.32372301398227,5.624954455366023,-2.32372301398227,1.2498870709324543,-0.5190073667667149,6.9509333162446225,-7.748374503523427,6.9509333162446225,-7.748374503523427,0.0,0.0,0.0,0.0,0.0,0.0,2.6454299578711855,2.6454299578711855,2.6454299578711855,2.652274009732644,2.652274009732644,2.0468526713228155,2.0468526713228155
289.0,0.289,0.001,0.499,66.90780938343158,7.992520315419678,1.1677615690376384,0.13949579503660908,5.623053653119189,-2.293636799121934,5.623053653119189,-2.293636799121934,5.623053653119189,-2.293636799121934,1.256838398718112,-0.5267071344867379,6.951327785657767,-7.699767720022965,6.951327785657767,-7.699767720022965,0.0,0.0,0.0,0.0,0.0,0.0,2.6523680576208575,2.6523680576208575,2.6523680576208575,2.6591537536666245,2.6591537536666245,2.0585299716687127,2.0585299716687127
290.0,0.29,0.001,0.499,67.22987023601154,7.862832210363974,1.1733825913069384,0.13723231060271476,5.621022269299991,-2.2634844338943285,5.621022269299991,-2.2634844338943285,5.621022269299991,-2.2634844338943285,1.2637898767759375,-0.5343574678440431,6.951478057825555,-7.65033335730525,6.951478057825555,-7.65033335730525,0.0,0.0,0.0,0.0,0.0,0.0,2.659245534315569,2.659245534315569,2.659245534315569,2.6659718268410755,2.6659718268410755,2.070169960452486,2.070169960452486
291.0,0.291,0.001,0.499,67.55180728274895,7.73487512890519,1.1790014527566532,0.13499903823001638,5.618861449714777,-2.233272372698394,5.618861449714777,-2.233272372698394,5.618861449714777,-2.233272372698394,1.2707412632757398,-0.5419575522762737,6.951386499802391,-7.600084432230594,6.951386499802391,-7.600084432230594,0.0,0.0,0.0,0.0,0.0,0.0,2.666061361499398,2.666061361499398,2.666061361499398,2.67272721166978,2.67272721166978,2.0817699382376853,2.0817699382376853
292.0,0.292,0.001,0.499,67.8736131727498,7.60865212410768,1.1846180250894789,0.13279603120453923,5.616572332825637,-2.203007025477167,5.616572332825637,-2.203007025477167,5.616572332825637,-2.203007025477167,1.2776923187056946,-0.5495065862250532,6.951055429954837,-7.54903394877953,6.951055429954837,-7.54903394877953,0.0,0.0,0.0,0.0,0.0,0.0,2.6728145225857305,2.6728145225857305,2.6728145225857305,2.6794189008096994,2.6794189008096994,2.0933273334017306,2.0933273334017306
293.0,0.293,0.001,0.499,68.19528061990817,7.484165884451213,1.1902321811388774,0.13062333644910715,5.614156049398438,-2.172694755432089,5.614156049398438,-2.172694755432089,5.614156049398438,-2.172694755432089,1.2846428058206854,-0.5570037811120157,6.950487114990708,-7.497194886962401,6.950487114990708,-7.497194886962401,0.0,0.0,0.0,0.0,0.0,0.0,2.679504011185515,2.679504011185515,2.679504011185515,2.6860458974756916,2.6860458974756916,2.104839701729841,2.104839701729841
294.0,0.294,0.001,0.499,68.51680240244619,7.361418736635366,1.195843794861047,0.12848099457228845,5.611613722169513,-2.142341876818694,5.611613722169513,-2.142341876818694,5.611613722169513,-2.142341876818694,1.2915924895878719,-0.5644483613043102,6.949683767186433,-7.444580192294579,6.949683767186433,-7.444580192294579,0.0,0.0,0.0,0.0,0.0,0.0,2.6861288314222262,2.6861288314222262,2.6861288314222262,2.692607215741564,2.692607215741564,2.1163047257737433,2.1163047257737433
295.0,0.295,0.001,0.499,68.83817136243593,7.240412648505595,1.2014527413265776,0.12636903991946552,5.608946465530612,-2.111954652822941,5.608946465530612,-2.111954652822941,5.608946465530612,-2.111954652822941,1.2985411371296836,-0.5718395640701454,6.948647541811747,-7.39120276583518,6.948647541811747,-7.39120276583518,0.0,0.0,0.0,0.0,0.0,0.0,2.6926879982306025,2.6926879982306025,2.6926879982306025,2.699101880827654,2.699101880827654,2.1277202139901026,2.1277202139901026
296.0,0.296,0.001,0.499,69.15938040530425,7.121149232096409,1.2070588967118094,0.12428750062594819,5.606155385231715,-2.0815392935173223,5.606155385231715,-2.0815392935173223,5.606155385231715,-2.0815392935173223,1.3054885176644337,-0.5791766395249307,6.94738053475021,-7.337075454785367,6.94738053475021,-7.337075454785367,0.0,0.0,0.0,0.0,0.0,0.0,2.6991805376469844,2.6991805376469844,2.6991805376469844,2.705528929375285,2.705528929375285,2.1390840996732,2.1390840996732
297.0,0.297,0.001,0.499,69.48042249932168,7.003629746787142,1.2126621382899108,0.12223639867205237,5.6032415781012705,-2.0511019538958184,5.6032415781012705,-2.0511019538958184,5.6032415781012705,-2.0511019538958184,1.3124344024447474,-0.5864588505685714,6.945884780313567,-7.2822110436406735,6.945884780313567,-7.2822110436406735,0.0,0.0,0.0,0.0,0.0,0.0,2.7056054870803035,2.7056054870803035,2.7056054870803035,2.7118874097082686,2.7118874097082686,2.150394439696082,2.150394439696082
298.0,0.298,0.001,0.499,69.80129067507615,6.887855102565845,1.2182623444216942,0.12021574994006572,5.600206131783411,-2.0206487319866455,5.600206131783411,-2.0206487319866455,5.600206131783411,-2.0206487319866455,1.3193785646939948,-0.5936854728144616,6.9441622492474675,-7.226622245890257,6.9441622492474675,-7.226622245890257,0.0,0.0,0.0,0.0,0.0,0.0,2.7119618955758007,2.7119618955758007,2.7119618955758007,2.7181763820818214,2.718176382081822,2.161649413073958,2.161649413073958
299.0,0.299,0.001,0.499,70.1219780249327,6.773825863396928,1.223859394546186,0.11822556427302404,5.597050124491689,-1.990185667041681,5.597050124491689,-1.990185667041681,5.597050124491689,-1.990185667041681,1.3263207795409204,-0.6008557945107161,6.942214846925664,-7.170321696254588,6.942214846925664,-7.170321696254588,0.0,0.0,0.0,0.0,0.0,0.0,2.7182488240640406,2.7182488240640406,2.7182488240640406,2.7243949189191454,2.7243949189191454,2.172847319363209,2.172847319363209
300.0,0.3,0.001,0.499,70.4424777024799,6.661542250688204,1.229453169170965,0.11626584553522266,5.593774624778853,-1.9597187378013747,5.593774624778853,-1.9597187378013747,5.593774624778853,-1.9597187378013747,1.3332608239526498,-0.607969116454168,6.940044411729385,-7.113321943451794,6.940044411729385,-7.113321943451794,0.0,0.0,0.0,0.0,0.0,0.0,2.7244653455949495,2.7244653455949495,2.7244653455949495,2.7305421050359553,2.7305421050359553,2.1839865769088935,2.1839865769088935
301.0,0.301,0.001,0.499,70.7627829219641,6.551004146853104,1.2350435498622871,0.11433659167438878,5.590380691322169,-1.9292538608338832,5.590380691322169,-1.9292538608338832,5.590380691322169,-1.9292538608338832,1.340198476666258,-0.6150247518976497,6.9376527136082515,-7.055635443481746,6.9376527136082515,-7.055635443481746,0.0,0.0,0.0,0.0,0.0,0.0,2.7306105455665466,2.7306105455665466,2.7306105455665466,2.736617037853303,2.736617037853303,2.1950657209531745,2.1950657209531745
302.0,0.302,0.001,0.499,71.08288695771208,6.442211098963863,1.240630419235011,0.11243779478544166,5.586869372723796,-1.8987968889471116,5.586869372723796,-1.8987968889471116,5.586869372723796,-1.8987968889471116,1.347133518119077,-0.6220220264510656,6.9350414528187665,-6.997274553415916,6.9350414528187665,-6.997274553415916,0.0,0.0,0.0,0.0,0.0,0.0,2.7366835219342445,2.7366835219342445,2.736683521934244,2.7426188275989634,2.7426188275989634,2.20608340161659,2.20608340161659
303.0,0.303,0.001,0.499,71.40278314354326,6.335162322491608,1.2462136609423369,0.11056944117576938,5.583241707325718,-1.8683536096722937,5.583241707325718,-1.8683536096722937,5.583241707325718,-1.8683536096722937,1.3540657303779131,-0.6289602779767458,6.932212258836144,-6.938251525680132,6.932212258836144,-6.938251525680132,0.0,0.0,0.0,0.0,0.0,0.0,2.742683385414592,2.742683385414592,2.742683385414592,2.7485465974977,2.7485465974977,2.217038381763589,2.217038381763589
304.0,0.304,0.001,0.499,71.72246487217201,6.2298567051292935,1.2517931596653755,0.10873151143195169,5.579498723038705,-1.8379297438176967,5.579498723038705,-1.8379297438176967,5.579498723038705,-1.8379297438176967,1.360994897067348,-0.6358388564795624,6.92916668943498,-6.878578502816548,6.92916668943498,-6.878578502816548,0.0,0.0,0.0,0.0,0.0,0.0,2.748609259675932,2.748609259675932,2.748609259675932,2.754399483950752,2.754399483950752,2.2279295347632413,2.2279295347632413
305.0,0.305,0.001,0.499,72.04192559460095,6.126292810693582,1.2573688011025603,0.10692398048786068,5.575641437184805,-1.8075309440910028,5.575641437184805,-1.8075309440910028,5.575641437184805,-1.8075309440910028,1.367920803297282,-0.6426571239922728,6.925906229934062,-6.818267512710445,6.925906229934062,-6.818267512710445,0.0,0.0,0.0,0.0,0.0,0.0,2.7544602815176726,2.7544602815176726,2.754460281517673,2.760176636704803,2.760176636704803,2.238755842155539,2.238755842155539
306.0,0.306,0.001,0.499,72.36115881950602,6.024468883101801,1.2629404719589132,0.1051468176940718,5.571670856352845,-1.7771627937888865,5.571670856352845,-1.7771627937888865,5.571670856352845,-1.7771627937888865,1.3748432355898825,-0.6494144544565397,6.922432292600437,-6.757330464266898,6.922432292600437,-6.757330464266898,0.0,0.0,0.0,0.0,0.0,0.0,2.760235601039917,2.760235601039917,2.760235601039917,2.7658772190107865,2.7658772190107865,2.249516391233155,2.249516391233155
307.0,0.307,0.001,0.499,72.68015811261387,5.924382850420217,1.2685080599351797,0.10339998688851952,5.56758797626643,-1.7468308055522823,5.56758797626643,-1.7468308055522823,5.56758797626643,-1.7468308055522823,1.3817619818060902,-0.6561102336000615,6.918746216207675,-6.695779143521825,6.918746216207675,-6.695779143521825,0.0,0.0,0.0,0.0,0.0,0.0,2.7659343818034556,2.7659343818034556,2.7659343818034556,2.7715004077728262,2.7715004077728262,2.2602103725480718,2.2602103725480718
308.0,0.308,0.001,0.499,72.99891709607255,5.826032328979958,1.2740714537168436,0.1016834464683337,5.563393781663923,-1.7165404201858219,5.563393781663923,-1.7165404201858219,5.563393781663923,-1.7165404201858219,1.3886768310718334,-0.662743858810233,6.914849265743196,-6.633625210171568,6.914849265743196,-6.633625210171568,0.0,0.0,0.0,0.0,0.0,0.0,2.771555800978458,2.771555800978458,2.771555800978458,2.7770453936876054,2.7770453936876054,2.27083707735194,2.27083707735194
309.0,0.309,0.001,0.499,73.31742944781578,5.729414627556972,1.2796305429630335,0.0999971494627938,5.559089246189902,-1.6862970055399022,5.559089246189902,-1.6862970055399022,5.559089246189902,-1.6862970055399022,1.3955875737040928,-0.6693147390047378,6.910742632259354,-6.570880194504824,6.910742632259354,-6.570880194504824,0.0,0.0,0.0,0.0,0.0,0.0,2.7770990494850456,2.7770990494850456,2.7770990494850456,2.7825113813744946,2.7825113813744946,2.281395894978565,2.281395894978565
310.0,0.31,0.001,0.499,73.63568890092185,5.6345267516125634,1.285185218295331,0.09834104360733995,5.554675332297585,-1.6561058554538466,5.554675332297585,-1.6561058554538466,5.554675332297585,-1.6561058554538466,1.4024940011369558,-0.6758222944994583,6.9064274328629836,-6.507555494720509,6.9064274328629836,-6.507555494720509,0.0,0.0,0.0,0.0,0.0,0.0,2.7825633321248735,2.7825633321248735,2.7825633321248735,2.787897589496717,2.7878975894967164,2.2918863101764226,2.2918863101764226
311.0,0.311,0.001,0.499,73.95368924296733,5.541365407591046,1.2907353712864926,0.09671507141858134,5.550152991161724,-1.6259721887586065,5.550152991161724,-1.6259721887586065,5.550152991161724,-1.6259721887586065,1.4093959058477938,-0.6822659568740733,6.901904710837985,-6.443662374615017,6.901904710837985,-6.443662374615017,0.0,0.0,0.0,0.0,0.0,0.0,2.7879478677015825,2.7879478677015825,2.7879478677015825,2.7932032508738676,2.7932032508738676,2.302307900398641,2.302307900398641
312.0,0.312,0.001,0.499,74.27142431537644,5.449927007271228,1.2962808944490942,0.09511917027024387,5.545523162601487,-1.595901148337468,5.545523162601487,-1.595901148337468,5.545523162601487,-1.595901148337468,1.4162930812836894,-0.6886451688356956,6.897175435895564,-6.379211961622225,6.897175435895564,-6.379211961622225,0.0,0.0,0.0,0.0,0.0,0.0,2.793251889135326,2.793251889135326,2.793251889135326,2.798427612586062,2.798427612586062,2.31266033305741,2.31266033305741
313.0,0.313,0.001,0.499,74.58888801276657,5.360207672168471,1.301821681224107,0.09355327247000064,5.540786775012827,-1.5658978002432238,5.540786775012827,-1.5658978002432238,5.540786775012827,-1.5658978002432238,1.423185321788236,-0.6949593840808852,6.892240504546689,-6.314215245189624,6.892240504546689,-6.314215245189624,0.0,0.0,0.0,0.0,0.0,0.0,2.7984746435682455,2.7984746435682455,2.7984746435682455,2.8035699360700215,2.8035699360700215,2.3229433627493585,2.3229433627493585
314.0,0.314,0.001,0.499,74.90607428229046,5.272203237984194,1.3073576259694168,0.09201730533713036,5.535944745309882,-1.5359671328702849,5.535944745309882,-1.5359671328702849,5.535944745309882,-1.5359671328702849,1.4300724225288273,-0.7012080671563592,6.88710074059136,-6.248683075473976,6.88710074059136,-6.248683075473976,0.0,0.0,0.0,0.0,0.0,0.0,2.803615392459009,2.803615392459009,2.803615392459009,2.8086294972073405,2.8086294972073405,2.3331568284579878,2.3331568284579878
315.0,0.315,0.001,0.499,75.22297712297538,5.185909259099738,1.3128886239482918,0.09051119128095013,5.530997978874936,-1.5061140561802249,5.530997978874936,-1.5061140561802249,5.530997978874936,-1.5061140561802249,1.4369541794245466,-0.7073906933186992,6.881756895719312,-6.182626162340034,6.881756895719312,-6.182626162340034,0.0,0.0,0.0,0.0,0.0,0.0,2.808673411676502,2.808673411676502,2.808673411676502,2.8136055864052607,2.8136055864052607,2.343300650738843,2.343300650738843
316.0,0.316,0.001,0.499,75.53959058506008,5.101321013111636,1.3184145713178081,0.08903484787997086,5.5259473695164925,-1.476343400979263,5.5259473695164925,-1.476343400979263,5.5259473695164925,-1.476343400979263,1.4438303890747635,-0.7135067483933452,6.876209650216819,-6.116055074646008,6.876209650216819,-6.116055074646008,0.0,0.0,0.0,0.0,0.0,0.0,2.8136479915759347,2.8136479915759347,2.8136479915759347,2.8184975086701693,2.8184975086701693,2.3533748288927168,2.3533748288927168
317.0,0.317,0.001,0.499,75.8559087693297,5.018433505405387,1.3239353651172432,0.08758818796172464,5.520793799435018,-1.4466599182462174,5.520793799435018,-1.4466599182462174,5.520793799435018,-1.4466599182462174,1.4507008486885378,-0.7195557286331449,6.8704596137743135,-6.048980239799688,6.8704596137743135,-6.048980239799688,0.0,0.0,0.0,0.0,0.0,0.0,2.8185384370793987,2.8185384370793987,2.8185384370793987,2.8233045836741066,2.8233045836741066,2.3633794381317883,2.3633794381317883
318.0,0.318,0.001,0.499,76.17192582644908,4.9372414737649235,1.3294509032564392,0.08617111968321516,5.515538139195936,-1.4170682785094806,5.515538139195936,-1.4170682785094806,5.515538139195936,-1.4170682785094806,1.4575653560149273,-0.7255371405767143,6.864507326389621,-5.9814119435693724,6.864507326389621,-5.9814119435693724,0.0,0.0,0.0,0.0,0.0,0.0,2.8233440677386006,2.8233440677386006,2.8233440677386006,2.8280261458145373,2.8280261458145373,2.373314626743228,2.373314626743228
319.0,0.319,0.001,0.499,76.48763595629495,4.857739393015056,1.3349610845041486,0.08478354661194355,5.510181247709456,-1.3875730712716028,5.510181247709456,-1.3875730712716028,5.510181247709456,-1.3875730712716028,1.464423709274289,-0.7314505009068483,6.858353259361691,-5.913360330134062,6.858353259361691,-5.913360330134062,0.0,0.0,0.0,0.0,0.0,0.0,2.8280642177983446,2.8280642177983446,2.8280642177983446,2.8326615442676113,2.8326615442676113,2.3831806132544853,2.3831806132544853
320.0,0.32,0.001,0.499,76.80303340728747,4.779921479694222,1.3404658084763654,0.08342536780746346,5.5047239722168415,-1.3581788044800913,5.5047239722168415,-1.3581788044800913,5.5047239722168415,-1.3581788044800913,1.4712757070906588,-0.737295336309206,6.851997816369785,-5.844835402357688,6.851997816369785,-5.844835402357688,0.0,0.0,0.0,0.0,0.0,0.0,2.832698236249913,2.832698236249913,2.832698236249913,2.8372101430351626,2.8372101430351626,2.3929776836041103,2.3929776836041103
321.0,0.321,0.001,0.499,77.11811247572106,4.7037816967550095,1.3459649756246481,0.08209647790342038,5.499167148282732,-1.3288899040430706,5.499167148282732,-1.3288899040430706,5.499167148282732,-1.3288899040430706,1.478121148425292,-0.7430711833314785,6.845441334633193,-5.775847022272515,6.845441334633193,-5.775847022272515,0.0,0.0,0.0,0.0,0.0,0.0,2.837245486880316,2.837245486880316,2.837245486880316,2.841671320985684,2.841671320985684,2.4027061883216914,2.4027061883216914
322.0,0.322,0.001,0.499,77.43286750509537,4.6293137582899115,1.3514584872244413,0.0807967671900319,5.493511599793153,-1.2997107133884782,5.493511599793153,-1.2997107133884782,5.493511599793153,-1.2997107133884782,1.4849598325114388,-0.7487775882432357,6.838684086146665,-5.706404911757231,6.838684086146665,-5.706404911757231,0.0,0.0,0.0,0.0,0.0,0.0,2.8417053483127956,2.8417053483127956,2.8417053483127956,2.8460444718894595,2.8460444718894595,2.4123665397201446,2.4123665397201446
323.0,0.323,0.001,0.499,77.74729288544629,4.556511134279939,1.3569462453634002,0.07952612169696639,5.487758138958865,-1.2706454930655104,5.487758138958865,-1.2706454930655104,5.487758138958865,-1.2706454930655104,1.4917915587904256,-0.7544141068966314,6.831726278986841,-5.63651865339565,6.831726278986841,-5.63651865339565,0.0,0.0,0.0,0.0,0.0,0.0,2.846077214044993,2.846077214044993,2.846077214044993,2.8503290044481147,2.8503290044481147,2.421959209103382,2.421959209103382
324.0,0.324,0.001,0.499,78.06138305267747,4.4853670553636995,1.362428152929724,0.07828442327657933,5.481907566323709,-1.2416984203870645,5.481907566323709,-1.2416984203870645,5.481907566323709,-1.2416984203870645,1.4986161268491107,-0.7599803045881337,6.82456805868511,-5.566197691502378,6.82456805868511,-5.566197691502378,0.0,0.0,0.0,0.0,0.0,0.0,2.8503604924776376,2.8503604924776376,2.850360492477638,2.854524342318736,2.8545243423187356,2.431484723992066,2.431484723992066
325.0,0.325,0.001,0.499,78.37513248789266,4.415874517624699,1.3679041136005017,0.07707154968746736,5.4759606707776305,-1.212873589111964,5.4759606707776305,-1.212873589111964,5.4759606707776305,-1.212873589111964,1.505433336358773,-0.7654757559214359,6.81720950966242,-5.495451333302217,6.81720950966242,-5.495451333302217,0.0,0.0,0.0,0.0,0.0,0.0,2.854554606941867,2.854554606941867,2.854554606941867,2.858629924132805,2.858629924132805,2.4409436653699577,2.4409436653699577
326.0,0.326,0.001,0.499,78.68853571672892,4.348026287394633,1.3733740318300758,0.07588737467830158,5.469918229574079,-1.1841750091657912,5.469918229574079,-1.1841750091657912,5.469918229574079,-1.1841750091657912,1.5122429870154948,-0.7709000446716865,6.809650656721721,-5.424288750250558,6.809650656721721,-5.424288750250558,0.0,0.0,0.0,0.0,0.0,0.0,2.858658995718352,2.858658995718352,2.8586589957183515,2.8626452035100836,2.8626452035100836,2.4503366649531184,2.4503366649531184
327.0,0.327,0.001,0.499,79.0015873086912,4.281814906070524,1.3788378128384273,0.07473176807190238,5.463781008351491,-1.155606606399192,5.463781008351491,-1.155606606399192,5.463781008351491,-1.155606606399192,1.5190448784820887,-0.7762527636511689,6.801891466593844,-5.35271897948246,6.801891466593844,-5.35271897948246,0.0,0.0,0.0,0.0,0.0,0.0,2.8626731120521067,2.8626731120521067,2.8626731120521067,2.866569649067658,2.866569649067658,2.459664402484029,2.459664402484029
328.0,0.328,0.001,0.499,79.31428187648822,4.217232694943622,1.384295362599586,0.07360459584951982,5.457549761158593,-1.1271722223825544,5.457549761158593,-1.1271722223825544,5.457549761158593,-1.1271722223825544,1.5258388103316214,-0.7815335145765475,6.793931849532735,-5.280750925378577,6.793931849532735,-5.280750925378577,0.0,0.0,0.0,0.0,0.0,0.0,2.8665964241635873,2.8665964241635873,2.8665964241635873,2.8704027444242883,2.8704027444242883,2.468927603052478,2.468927603052478
329.0,0.329,0.001,0.499,79.62661407537014,4.1542717600380525,1.3897465878300692,0.07250572023528382,5.451225230483253,-1.098875614236006,5.451225230483253,-1.098875614236006,5.451225230483253,-1.098875614236006,1.5326245819925775,-0.7867419079377841,6.785771660956134,-5.208393361236591,6.785771660956134,-5.208393361236591,0.0,0.0,0.0,0.0,0.0,0.0,2.8704284152541173,2.8704284152541173,2.8704284152541177,2.8741439882002657,2.8741439882002657,2.4781270344449196,2.4781270344449196
330.0,0.33,0.001,0.499,79.938578602468,4.092923996957234,1.3951913959773539,0.0714349997807901,5.444808147284653,-1.0707204544937152,5.444808147284653,-1.0707204544937152,5.444808147284653,-1.0707204544937152,1.5394019926957054,-0.7918775628688214,6.77741070312788,-5.135654931037257,6.77741070312788,-5.135654931037257,0.0,0.0,0.0,0.0,0.0,0.0,2.8741685835058624,2.8741685835058624,2.8741685835058624,2.8777928940128583,2.877792894012858,2.487263504523801,2.487263504523801
331.0,0.331,0.001,0.499,80.25017019613517,4.033181095736158,1.4006296952083823,0.07039228944978858,5.438299231028555,-1.042710331001516,5.438299231028555,-1.042710331001516,5.438299231028555,-1.042710331001516,1.5461708414225837,-0.7969401070201161,6.768848726878208,-5.062544151294666,6.768848726878208,-5.062544151294666,0.0,0.0,0.0,0.0,0.0,0.0,2.8778164420801327,2.8778164420801327,2.8778164420801327,2.881348990467554,2.881348990467554,2.4963378586382383,2.4963378586382383
332.0,0.332,0.001,0.499,80.56138363529107,3.975034545697688,1.4060613943981077,0.06937744070294165,5.43169918972545,-1.0148487468469252,5.43169918972545,-1.0148487468469252,5.43169918972545,-1.0148487468469252,1.5529309268559421,-0.8019291764330969,6.7600854333584826,-4.989069412980788,6.7600854333584826,-4.989069412980788,0.0,0.0,0.0,0.0,0.0,0.0,2.8813715191088005,2.8813715191088005,2.8813715191088005,2.884811821145213,2.8848118211452136,2.505350977067257,2.505350977067257
333.0,0.333,0.001,0.499,80.8722137387671,3.9184756403110574,1.4114864031180792,0.068390301582621,5.425008719971391,-0.9871391203206512,5.425008719971391,-0.9871391203206512,5.425008719971391,-0.9871391203206512,1.5596820473317692,-0.8068444154166118,6.751120475827006,-4.915238983514848,6.751120475827006,-4.915238983514848,0.0,0.0,0.0,0.0,0.0,0.0,2.884833357682743,2.884833357682743,2.8848333576827434,2.888180944585248,2.888180944585248,2.514303772496706,2.514303772496706
334.0,0.334,0.001,0.499,81.18265536465516,3.8634954820508183,1.4169046316250704,0.06743071679771226,5.418228506991349,-0.9595847849087396,5.418228506991349,-0.9595847849087396,5.418228506991349,-0.9595847849087396,1.5664240007932317,-0.8116854764254203,6.741953461462615,-4.841061008808533,6.741953461462615,-4.841061008808533,0.0,0.0,0.0,0.0,0.0,0.0,2.8882015158364736,2.8882015158364736,2.8882015158364736,2.8914559342649593,2.8914559342649593,2.5231971875308203,2.5231971875308203
335.0,0.335,0.001,0.499,81.4927034096588,3.8100849872545295,1.4223159908497554,0.06649852780839773,5.411359224684906,-0.9321889893145344,5.411359224684906,-0.9321889893145344,5.411359224684906,-0.9321889893145344,1.5731565847464346,-0.8164520199407789,6.732583953202961,-4.76654351535852,6.732583953202961,-4.76654351535852,0.0,0.0,0.0,0.0,0.0,0.0,2.8914755665284155,2.8914755665284155,2.8914755665284155,2.894636378575163,2.8946363785751634,2.5320321922393214,2.5320321922393214
336.0,0.336,0.001,0.499,81.80235280844695,3.758234890977531,1.4277203923854296,0.06559357291088805,5.404401535674148,-0.9049548975096746,5.404401535674148,-0.9049548975096746,5.404401535674148,-0.9049548975096746,1.579879596218039,-0.8211437143531571,6.723011471604448,-4.691694412378223,6.723011471604448,-4.691694412378223,0.0,0.0,0.0,0.0,0.0,0.0,2.8946550976181573,2.8946550976181573,2.8946550976181573,2.8977218807921785,2.8977218807921785,2.5408097817408297,2.5408097817408297
337.0,0.337,0.001,0.499,82.11159853301073,3.7079357518431673,1.4331177484767832,0.06471568732207467,5.397356091353624,-0.8778855888133803,5.397356091353624,-0.8778855888133803,5.397356091353624,-0.8778855888133803,1.58659283171476,-0.8257602358471183,6.713235496720977,-4.616521493961165,6.713235496720977,-4.616521493961165,0.0,0.0,0.0,0.0,0.0,0.0,2.8977397118385126,2.8977397118385126,2.8977397118385126,2.900712059046303,2.900712059046303,2.549530973823302,2.549530973823302
338.0,0.338,0.001,0.499,82.42043559202314,3.6591779568868894,1.4385079720087255,0.06386470326407534,5.390223531942244,-0.8509840579993205,5.390223531942244,-0.8509840579993205,5.390223531942244,-0.8509840579993205,1.5932960871847588,-0.8303012682883871,6.703255469998735,-4.54103244126875,6.703255469998735,-4.54103244126875,0.0,0.0,0.0,0.0,0.0,0.0,2.9007290267668733,2.9007290267668733,2.9007290267668733,2.9036065462868628,2.9036065462868628,2.5581968066021146,2.5581968066021146
339.0,0.339,0.001,0.499,82.72885903020169,3.611951726392698,1.4438909764952625,0.06304045004864595,5.383004486537011,-0.8242532154293873,5.383004486537011,-0.8242532154293873,5.383004486537011,-0.8242532154293873,1.599989157980943,-0.8347665031131228,6.693070796184387,-4.465234824735695,6.693070796184387,-4.465234824735695,0.0,0.0,0.0,0.0,0.0,0.0,2.9036226747891143,2.9036226747891143,2.9036226747891143,2.9064049902439275,2.9064049902439275,2.566808336216354,2.566808336216354
340.0,0.34,0.001,0.499,83.03686392767452,3.5662471187204074,1.449266676068431,0.06224275416143221,5.375699573168486,-0.7976958872137369,5.375699573168486,-0.7976958872137369,5.375699573168486,-0.7976958872137369,1.6066718388261874,-0.8391556392194096,6.682680845244189,-4.389136106286763,6.682680845244189,-4.389136106286763,0.0,0.0,0.0,0.0,0.0,0.0,2.9064203030644804,2.9064203030644804,2.9064203030644804,2.9091070533867662,2.9091070533867662,2.5753666345638164,2.5753666345638164
341.0,0.341,0.001,0.499,83.3444453993495,3.5220540351222764,1.4546349854672889,0.061471439346035724,5.368309398857906,-0.7713148153964887,5.368309398857906,-0.7713148153964887,5.368309398857906,-0.7713148153964887,1.613343923780479,-0.8434683828609685,6.672084954291578,-4.312743641558851,6.672084954291578,-4.312743641558851,0.0,0.0,0.0,0.0,0.0,0.0,2.909121573484032,2.909121573484032,2.9091215734840317,2.9117124128791287,2.9117124128791287,2.5838727870751654,2.5838727870751654
342.0,0.342,0.001,0.499,83.6515985942868,3.4793622245475615,1.4599958200269647,0.06072632668786922,5.360834559675885,-0.7451126581665073,5.360834559675885,-0.7451126581665073,5.360834559675885,-0.7451126581665073,1.6200052062099999,-0.8477044475430914,6.661282429520996,-4.236064682122892,6.661282429520996,-4.236064682122892,0.0,0.0,0.0,0.0,0.0,0.0,2.911726162627031,2.911726162627031,2.911726162627031,2.914220760531416,2.914220760531416,2.59232789052766,2.59232789052766
343.0,0.343,0.001,0.499,83.95831869507496,3.4381612884335855,1.4653490956677673,0.0600072346977765,5.353275640802633,-0.7190919900927175,5.353275640802633,-0.7190919900927175,5.353275640802633,-0.7190919900927175,1.6266554787581455,-0.8518635539207918,6.650272548145732,-4.159106377700399,6.650272548145732,-4.159106377700399,0.0,0.0,0.0,0.0,0.0,0.0,2.914233761714323,2.914233761714323,2.914233761714323,2.916631802749815,2.9166318027498144,2.6007330508988087,2.6007330508988087
344.0,0.34400000000000003,0.001,0.499,84.26460091721049,3.3984406854819493,1.4706947288843568,0.05931397939539307,5.3456332165896425,-0.6932553023834376,5.3456332165896425,-0.6932553023834376,5.3456332165896425,-0.6932553023834376,1.6332945333184832,-0.8559454296991617,6.63905456033773,-4.081875778369849,6.63905456033773,-4.081875778369849,0.0,0.0,0.0,0.0,0.0,0.0,2.9166440765582218,2.9166440765582218,2.9166440765582218,2.9189452604824533,2.9189452604824533,2.609089381260296,2.609089381260296
345.0,0.34500000000000003,0.001,0.499,84.57044050848093,3.360189736418534,1.4760326367349796,0.05864637439222383,5.337907850622806,-0.6676050031692371,5.337907850622806,-0.6676050031692371,5.337907850622806,-0.6676050031692371,1.6399221610096506,-0.8599498095359202,6.627627691167368,-4.00437983675847,6.627627691167368,-4.00437983675847,0.0,0.0,0.0,0.0,0.0,0.0,2.9189568275103808,2.9189568275103808,2.9189568275103803,2.9211608691626374,2.9211608691626374,2.6173979997124874,2.6173979997124874
346.0,0.34600000000000003,0.001,0.499,84.87583274835178,3.3233976287359805,1.4813627368307665,0.058004230974414976,5.330100095786932,-0.6421434178088541,5.330100095786932,-0.6421434178088541,5.330100095786932,-0.6421434178088541,1.646538152152192,-0.8638764349461355,6.615991142541343,-3.9266254102153373,6.615991142541343,-3.9266254102153373,0.0,0.0,0.0,0.0,0.0,0.0,2.92117174940497,2.92117174940497,2.9211717494049703,2.923278378649214,2.923278378649214,2.6256600273597828,2.6256600273597828
347.0,0.34700000000000003,0.001,0.499,85.18077294735723,3.2880534214173416,1.486684947325098,0.057387358185197246,5.322210494331633,-0.6168727892177318,5.322210494331633,-0.6168727892177318,5.322210494331633,-0.6168727892177318,1.6531422962473288,-0.8677250542090975,6.604144095136868,-3.848619262962001,6.604144095136868,-3.848619262962001,0.0,0.0,0.0,0.0,0.0,0.0,2.923288591500056,2.923288591500056,2.923288591500056,2.9252975531641274,2.9252975531641274,2.6338765863271094,2.6338765863271094
348.0,0.34800000000000003,0.001,0.499,85.48525644649449,3.254146049639637,1.4919991869030367,0.05679556290697849,5.314239577938583,-0.5917952782187548,5.314239577938583,-0.5917952782187548,5.314239577938583,-0.5917952782187548,1.6597343819576593,-0.8714954222773147,6.5920857103304895,-3.770368068217209,6.5920857103304895,-3.770368068217209,0.0,0.0,0.0,0.0,0.0,0.0,2.925307117417355,2.925307117417355,2.925307117417355,2.927218171227197,2.927218171227197,2.6420487978177767,2.6420487978177767
349.0,0.34900000000000003,0.001,0.499,85.78927861662238,3.2216643294560674,1.4973053747708267,0.05622864994306371,5.306187867790129,-0.5669129639147875,5.306187867790129,-0.5669129639147875,5.306187867790129,-0.5669129639147875,1.6663141970897792,-0.8751873006876073,6.579815132119919,-3.691878410292587,6.579815132119919,-3.691878410292587,0.0,0.0,0.0,0.0,0.0,0.0,2.9272271050759513,2.9272271050759513,2.9272271050759513,2.9290400255881623,2.9290400255881623,2.650177780212952,2.650177780212952
350.0,0.35000000000000003,0.001,0.499,86.09283485786369,3.1905969624556545,1.5026034306454659,0.05568642209898107,5.298055874639262,-0.5422278440826395,5.298055874639262,-0.5422278440826395,5.298055874639262,-0.5422278440826395,1.6728815285788166,-0.8788004574742637,6.56733148903735,-3.613156786656418,6.56733148903735,-3.613156786656418,0.0,0.0,0.0,0.0,0.0,0.0,2.9290483466265735,2.9290483466265735,2.929048346626574,2.930762923156058,2.930762923156058,2.6582646472129703,2.6582646472129703
351.0,0.35100000000000003,0.001,0.499,86.39592059901176,3.1609325403991004,1.5078932747443468,0.05516868026339298,5.289844098880957,-0.5177418355880952,5.289844098880957,-0.5177418355880952,5.289844098880957,-0.5177418355880952,1.6794361624748693,-0.8823346670842267,6.554633896052815,-3.534209609962967,6.554633896052815,-3.534209609962967,0.0,0.0,0.0,0.0,0.0,0.0,2.930770648381458,2.930770648381458,2.930770648381458,2.932386684925914,2.9323866849259135,2.666310506020716,2.666310506020716
352.0,0.352,0.001,0.499,86.6985312969411,3.1326595498296816,1.5131748277749717,0.05467522348857131,5.281553030624896,-0.4934567748216683,5.281553030624896,-0.4934567748216683,5.281553030624896,-0.4934567748216683,1.6859778839313355,-0.8857897102942718,6.541721456466215,-3.4550432100450554,6.541721456466215,-3.4550432100450554,0.0,0.0,0.0,0.0,0.0,0.0,2.932393830741221,2.932393830741221,2.932393830741221,2.933911145902859,2.933911145902859,2.6743164555672663,2.6743164555672663
353.0,0.353,0.001,0.499,87.0006624360224,3.1057663766580053,1.5184480109247414,0.054205849070416555,5.273183149769593,-0.4693744181547529,5.273183149769593,-0.4693744181547529,5.273183149769593,-0.4693744181547529,1.6925064771951221,-0.8891653741301396,6.528593263786736,-3.3756638358678397,6.528593263786736,-3.3756638358678397,0.0,0.0,0.0,0.0,0.0,0.0,2.933917728120784,2.933917728120784,2.9339177281207847,2.9353361550236268,2.9353361550236268,2.682283584780045,2.682283584780045
354.0,0.354,0.001,0.499,87.30230952754178,3.080241310719484,1.5237127458508193,0.0537603526280007,5.264734926077947,-0.4454964424158575,5.264734926077947,-0.4454964424158575,5.264734926077947,-0.4454964424158575,1.6990217255987206,-0.8924614517875816,6.515248403598411,-3.296077657442009,6.515248403598411,-3.296077657442009,0.0,0.0,0.0,0.0,0.0,0.0,2.935342188870142,2.935342188870142,2.935342188870142,2.936661575075524,2.936661575075524,2.6902129708936573,2.6902129708936573
355.0,0.355,0.001,0.499,87.60346810912449,3.0560725503033837,1.5289689546700735,0.05333852818261407,5.256208819254255,-0.42182444538662206,5.256208819254255,-0.42182444538662206,5.256208819254255,-0.42182444538662206,1.7055234115541313,-0.8956777425552764,6.501685955410685,-3.216290767694845,6.501685955410685,-3.216290767694845,0.0,0.0,0.0,0.0,0.0,0.0,2.9366670751954134,2.9366670751954134,2.9366670751954134,2.937887282612852,2.937887282612852,2.6981056778036474,2.6981056778036474
356.0,0.356,0.001,0.499,87.90413374416306,3.0332482066523423,1.5342165599490962,0.05294016823629674,5.247605279022715,-0.39835994631732763,5.247605279022715,-0.39835994631732763,5.247605279022715,-0.39835994631732763,1.7120113165486242,-0.8988140517395742,6.487904994492884,-3.136309184297799,6.487904994492884,-3.136309184297799,0.0,0.0,0.0,0.0,0.0,0.0,2.9378922630755633,2.9378922630755633,2.937892263075563,2.9390131678708595,2.9390131678708595,2.705962754463362,2.705962754463362
357.0,0.357,0.001,0.499,88.2043020212501,3.0117563084312473,1.5394554846943036,0.05256506384983512,5.238924745207459,-0.3751043864616181,5.238924745207459,-0.3751043864616181,5.238924745207459,-0.3751043864616181,1.7184852211423156,-0.9018701905910237,6.4739045936915645,-3.0561388514494787,6.4739045936915645,-3.0561388514494787,0.0,0.0,0.0,0.0,0.0,0.0,2.9390176421760748,2.9390176421760748,2.9390176421760748,2.9400391346772077,2.9400391346772072,2.713785233324141,2.713785233324141
358.0,0.358,0.001,0.499,88.5039685536157,2.99158480616439,1.5446856523421177,0.05221300472020496,5.230167647814153,-0.3520591296301634,5.230167647814153,-0.3520591296301634,5.230167647814153,-0.3520591296301634,1.7249449049675454,-0.9048459762326369,6.459683825229767,-2.975785641613105,6.459683825229767,-2.975785641613105,0.0,0.0,0.0,0.0,0.0,0.0,2.9400431157622253,2.9400431157622253,2.9400431157622253,2.940965100360986,2.940965100360986,2.721574128819039,2.721574128819039
359.0,0.359,0.001,0.499,88.80312897856975,2.9727215766398287,1.549906986749231,0.05188377925744196,5.22133440711321,-0.32922546276299663,5.22133440711321,-0.32922546276299663,5.22133440711321,-0.32922546276299663,1.7313901467300326,-0.9077412315898445,6.4452417624872576,-2.895255357207723,6.4452417624872576,-2.895255357207723,0.0,0.0,0.0,0.0,0.0,0.0,2.940968600607945,2.940968600607945,2.940968600607945,2.94179099565933,2.94179099565933,2.7293304358902715,2.7293304358902715
360.0,0.36,0.001,0.499,89.10177895694882,2.955154427279906,1.5551194121829557,0.051577174660921696,5.21242543372466,-0.3066045965202678,5.21242543372466,-0.3066045965202678,5.21242543372466,-0.3066045965202678,1.7378207242117933,-0.9105557853220971,6.430577481760902,-2.8145537322526093,6.430577481760902,-2.8145537322526093,0.0,0.0,0.0,0.0,0.0,0.0,2.941794026903047,2.941794026903047,2.941794026903047,2.9425167646216264,2.9425167646216264,2.7370551285606095,2.7370551285606095
361.0,0.361,0.001,0.499,89.39991417256839,2.9388711004768737,1.5603228533116604,0.05129297699503054,5.203441128704716,-0.28419766589115786,5.203441128704716,-0.28419766589115786,5.203441128704716,-0.28419766589115786,1.7442364142757978,-0.9132894717560617,6.4156900640043615,-2.733686433964498,6.4156900640043615,-2.733686433964498,0.0,0.0,0.0,0.0,0.0,0.0,2.942519338158147,2.942519338158147,2.9425193381581467,2.9431423645113446,2.9431423645113446,2.744749158548906,2.744749158548906
362.0,0.362,0.001,0.499,89.69753033167984,2.923859277892607,1.5655172351952946,0.05103097126420984,5.194381883634094,-0.26200573082070155,5.194381883634094,-0.26200573082070155,5.194381883634094,-0.26200573082070155,1.7506369928723442,-0.9159421308203691,6.400578596546351,-2.652659064307412,6.400578596546351,-2.652659064307412,0.0,0.0,0.0,0.0,0.0,0.0,2.9431444911067497,2.9431444911067497,2.9431444911067497,2.943667765705538,2.9436677657055386,2.7524134539299645,2.7524134539299645
363.0,0.363,0.001,0.499,89.99462316243273,2.9101065847213903,1.5707024832760028,0.05079094148735557,5.185248080708125,-0.2400297768542686,5.185248080708125,-0.2400297768542686,5.185248080708125,-0.2400297768542686,1.757022235047131,-0.9185136079818642,6.3852421747867485,-2.571477161495033,6.3852421747867485,-2.571477161495033,0.0,0.0,0.0,0.0,0.0,0.0,2.9436694556055483,2.9436694556055483,2.943669455605548,2.9440929515919945,2.9440929515919945,2.760048917838941,2.760048917838941
364.0,0.364,0.001,0.499,90.29118841434232,2.8976005939147824,1.5758785233688315,0.05057267077155612,5.176040092828711,-0.21827071579945434,5.176040092828711,-0.21827071579945434,5.176040092828711,-0.21827071579945434,1.763391914951001,-0.9210037541833099,6.369679903869879,-2.4901462014456937,6.369679903869879,-2.4901462014456937,0.0,0.0,0.0,0.0,0.0,0.0,2.9440942145311495,2.9440942145311495,2.9440942145311495,2.944417918464108,2.944417918464108,2.7676564272204747,2.7676564272204747
365.0,0.365,0.001,0.499,90.58722185776247,2.88632883036757,1.5810452816525296,0.05037594138515099,5.166758283698167,-0.1967293864051306,5.166758283698167,-0.1967293864051306,5.166758283698167,-0.1967293864051306,1.7697458058513353,-0.9234124257825002,6.353890900334369,-2.4086715991902095,6.353890900334369,-2.4086715991902095,0.0,0.0,0.0,0.0,0.0,0.0,2.944418763676533,2.944418763676533,2.944418763676533,2.9446426754134616,2.9446426754134616,2.7752368316227227,2.7752368316227227
366.0,0.366,0.001,0.499,90.88271928336407,2.8762787750638514,1.5862026846604445,0.05020053483009358,5.157403007915,-0.17540655505740643,5.157403007915,-0.17540655505740643,5.157403007915,-0.17540655505740643,1.7760836801450743,-0.925739484492733,6.337874293738966,-2.3270587102328966,6.337874293738966,-2.3270587102328966,0.0,0.0,0.0,0.0,0.0,0.0,2.9446431116430642,2.9446431116430642,2.9446431116430642,2.94476724422016,2.9447672442201602,2.782790952036486,2.782790952036486
367.0,0.367,0.001,0.499,91.17767650161898,2.8674378691822864,1.591350659271516,0.05004623191360134,5.14797461107167,-0.15430291649224567,5.14797461107167,-0.15430291649224567,5.14797461107167,-0.15430291649224567,1.782405309373338,-0.9279847973245993,6.321629228263795,-2.245312831866239,6.321629228263795,-2.245312831866239,0.0,0.0,0.0,0.0,0.0,0.0,2.9447672797313276,2.9447672797313276,2.9447672797313276,2.944791659240928,2.9447916592409276,2.7903195797795903,2.7903195797795903
368.0,0.368,0.001,0.499,91.47208934228975,2.859793518159576,1.5964891327013704,0.04991281281907685,5.1384734298543755,-0.1334190945244861,5.1384734298543755,-0.1334190945244861,5.1384734298543755,-0.1334190945244861,1.7887104642376246,-0.9301482365290391,6.305154864286543,-2.1634392044397934,6.305154864286543,-2.1634392044397934,0.0,0.0,0.0,0.0,0.0,0.0,2.9447913018299765,2.9447913018299765,2.9447913018299765,2.9447159672950254,2.944715967295025,2.7978234754266835,2.7978234754266835
369.0,0.369,0.001,0.499,91.76595365392517,2.8533330957112524,1.6016180324935152,0.04980005717628385,5.128899792144896,-0.11275564279300078,5.128899792144896,-0.11275564279300078,5.128899792144896,-0.11275564279300078,1.7949989146175578,-0.9322296795416232,6.288450379933094,-2.081443012584007,6.288450379933094,-2.081443012584007,0.0,0.0,0.0,0.0,0.0,0.0,2.9447152243012633,2.9447152243012633,2.9447152243012633,2.944540227547958,2.944540227547958,2.805303367784585,2.805303367784585
370.0,0.37,0.001,0.499,92.0592653033618,2.848043947808858,1.6067372865106397,0.049707744130762115,5.119254017124551,-0.09231304552173636,5.119254017124551,-0.09231304552173636,5.119254017124551,-0.09231304552173636,1.80127042959016,-0.934229008928013,6.271514972602198,-1.9993293863897486,6.271514972602198,-1.9993293863897486,0.0,0.0,0.0,0.0,0.0,0.0,2.9445391058653634,2.9445391058653634,2.9445391058653634,2.9442645113930683,2.9442645113930683,2.8127599529133356,2.8127599529133356
371.0,0.371,0.001,0.499,92.35202017523149,2.8439133966126304,1.61184682292602,0.04963565241246575,5.109536415380292,-0.07209171829636009,5.109536415380292,-0.07209171829636009,5.109536415380292,-0.07209171829636009,1.8075247774506238,-0.9361461123305574,6.25434786046375,-1.917103402544424,6.25434786046375,-1.917103402544424,0.0,0.0,0.0,0.0,0.0,0.0,2.944263017482118,2.944263017482118,2.944263017482118,2.943888902330987,2.943888902330987,2.820193893193055,2.820193893193055
372.0,0.372,0.001,0.499,92.64421417147523,2.8409287443588096,1.6169465702150332,0.04958356040360951,5.099747289012974,-0.052092008856239005,5.099747289012974,-0.052092008856239005,5.099747289012974,-0.052092008856239005,1.8137617257345542,-0.9379808824159831,6.236948283930336,-1.8347700854256483,6.236948283930336,-1.8347700854256483,0.0,0.0,0.0,0.0,0.0,0.0,2.9438870422308137,2.9438870422308137,2.943887042230813,2.943413495847004,2.943413495847004,2.827605816436707,2.827605816436707
373.0,0.373,0.001,0.499,92.93584321086317,2.839077277200705,1.6220364571467811,0.04955124620570804,5.0898869317478335,-0.03231419790146845,5.0898869317478335,-0.03231419790146845,5.0898869317478335,-0.03231419790146845,1.819981041241656,-0.9397332168241366,6.219315507101683,-1.7523344081535264,6.219315507101683,-1.7523344081535264,0.0,0.0,0.0,0.0,0.0,0.0,2.943411275187497,2.943411275187497,2.9434112751874966,2.942838399286373,2.942838399286373,2.834996315048857,2.834996315048857
374.0,0.374,0.001,0.499,93.22690322852131,2.838346269002677,1.6271164127758284,0.04953848770579338,5.0799556290472,-0.01275849991466086,5.0799556290472,-0.01275849991466086,5.0799556290472,-0.01275849991466086,1.8261824900608377,-0.9414030181177392,6.201448819181725,-1.6698012936026674,6.201448819181725,-1.6698012936026674,0.0,0.0,0.0,0.0,0.0,0.0,2.942835823300592,2.942835823300592,2.942835823300592,2.9421637317275993,2.942163731727599,2.8423659452304895,2.8423659452304895
375.0,0.375,0.001,0.499,93.51739017546454,2.838722985086206,1.632186366434054,0.049545062641796186,5.06995365822547,0.006574936002802836,5.06995365822547,0.006574936002802836,5.06995365822547,0.006574936002802836,1.8323658375967056,-0.9429901937331143,6.183347535867997,-1.5871756153751353,6.183347535867997,-1.5871756153751353,0.0,0.0,0.0,0.0,0.0,0.0,2.942160805263947,2.942160805263947,2.942160805263947,2.9413896238537305,2.9413896238537305,2.8497152262299115,2.8497152262299115
376.0,0.376,0.001,0.499,93.8073000181366,2.8401946859272376,1.6372462477226202,0.04957074866707655,5.059881288566356,0.02568602528036588,5.059881288566356,0.02568602528036588,5.059881288566356,0.02568602528036588,1.8385308485974188,-0.9444946559318499,6.165011000713101,-1.5044621987355986,6.165011000713101,-1.5044621987355986,0.0,0.0,0.0,0.0,0.0,0.0,2.9413863513887053,2.9413863513887053,2.9413863513887053,2.9405162178216777,2.9405162178216773,2.8570446396397715,2.8570446396397715
377.0,0.377,0.001,0.499,94.0966287379568,2.8427486308040057,1.6422959865040627,0.0496153234140906,5.049738781442439,0.04457474701404622,5.049738781442439,0.04457474701404622,5.049738781442439,0.04457474701404622,1.8446772871838768,-0.9459163217533599,6.146438586458041,-1.4216658215100113,6.146438586458041,-1.4216658215100113,0.0,0.0,0.0,0.0,0.0,0.0,2.940512603472892,2.940512603472892,2.940512603472892,2.939543667129631,2.939543667129631,2.864354628740182,2.864354628740182
378.0,0.378,0.001,0.499,94.38537233087364,2.8463720813945694,1.6473355128944998,0.04967856455717927,5.039526390437021,0.06324114308866848,5.039526390437021,0.06324114308866848,5.039526390437021,0.06324114308866848,1.850804916880214,-0.9472551129683091,6.127629696337197,-1.3387912149492098,6.127629696337197,-1.3387912149492098,0.0,0.0,0.0,0.0,0.0,0.0,2.9395397146678603,2.9395397146678603,2.9395397146678603,2.938472136482582,2.938472136482582,2.8716455978879125,2.8716455978879125
379.0,0.379,0.001,0.499,94.67352680692574,2.8510523053232966,1.652364757255968,0.04976024987446618,5.029244361468301,0.08168531728691052,5.029244361468301,0.08168531728691052,5.029244361468301,0.08168531728691052,1.8569135006455688,-0.948510956032868,6.108583765354791,-1.2558430645588672,6.108583765354791,-1.2558430645588672,0.0,0.0,0.0,0.0,0.0,0.0,2.938467849344201,2.938467849344201,2.938467849344201,2.937301801656006,2.9373018016560066,2.8789179119515818,2.8789179119515818
380.0,0.38,0.001,0.499,94.96108818980986,2.8567765796555666,1.657383650188884,0.04986015730885169,5.018892932915873,0.09990743438550753,5.018892932915873,0.09990743438550753,5.018892932915873,0.09990743438550753,1.8630028009071016,-0.9496837820437652,6.089300261532697,-1.1728260108972957,6.089300261532697,-1.1728260108972957,0.0,0.0,0.0,0.0,0.0,0.0,2.937297182957082,2.937297182957082,2.9372971829570815,2.9360328493577286,2.9360328493577286,2.886171895792781,2.886171895792781
381.0,0.381,0.001,0.499,95.24805251645633,2.8635321943399727,1.6623921225246334,0.04997806502809066,5.008472335749541,0.11790771923896418,5.008472335749541,0.11790771923896418,5.008472335749541,0.11790771923896418,1.8690725795942311,-0.9507735266941079,6.069778687129445,-1.0897446503426373,6.069778687129445,-1.0897446503426373,0.0,0.0,0.0,0.0,0.0,0.0,2.936027901904974,2.936027901904974,2.936027901904974,2.9346654770880525,2.9346654770880525,2.89340783379298,2.89340783379298
382.0,0.382,0.001,0.499,95.53441583661207,2.871306455597331,1.6673901053182938,0.050113751483941794,4.997982793660455,0.13568645585113873,4.997982793660455,0.13568645585113873,4.997982793660455,0.13568645585113873,1.8751225981740616,-0.9517801302299389,6.050018579830354,-1.0066035358310206,6.050018579830354,-1.0066035358310206,0.0,0.0,0.0,0.0,0.0,0.0,2.93466020339303,2.93466020339303,2.93466020339303,2.9331998929981427,2.933199892998143,2.900625969426086,2.900625969426086
383.0,0.383,0.001,0.499,95.82017421243117,2.880086689255821,1.6723775298414882,0.050266995470376864,4.987424523194544,0.1532439864350696,4.987424523194544,0.1532439864350696,4.987424523194544,0.1532439864350696,1.8811526176879703,-0.9527035374075062,6.0300195139086945,-0.9234071775673068,6.0300195139086945,-0.9234071775673068,0.0,0.0,0.0,0.0,0.0,0.0,2.9331942952885535,2.9331942952885535,2.933194295288553,2.931636315746758,2.9316363157467578,2.907826504876461,2.907826504876461
384.0,0.384,0.001,0.499,96.10532371807322,2.8898602440316035,1.6773543275753764,0.050437576180838294,4.9767977338882545,0.170580710461427,4.9767977338882545,0.170580710461427,4.9767977338882545,0.170580710461427,1.887162398789328,-0.9535436974512164,6.00978110135783,-0.8401600437100857,6.00978110135783,-0.8401600437100857,0.0,0.0,0.0,0.0,0.0,0.0,2.9316303959801346,2.9316303959801346,2.931630395980135,2.929974974355351,2.9299749743553516,2.9150096007021853,2.9150096007021853
385.0,0.385,0.001,0.499,96.38986043930974,2.900614494754297,1.6823204302037829,0.050625273264534275,4.966102628406547,0.1876970836959817,4.966102628406547,0.1876970836959817,4.966102628406547,0.1876970836959817,1.8931517017823223,-0.9543005640122489,5.989302992994311,-0.7568665610326103,5.989302992994311,-0.7568665610326103,0.0,0.0,0.0,0.0,0.0,0.0,2.929968734230768,2.929968734230768,2.929968734230768,2.928216108061595,2.928216108061595,2.922175375543308,2.922175375543308
386.0,0.386,0.001,0.499,96.67378047313836,2.9123368455366903,1.687275769606466,0.05082986688176077,4.95533940268315,0.20459361722649186,4.95533940268315,0.20459361722649186,4.95533940268315,0.20459361722649186,1.8991202866618542,-0.9549740951278104,5.9685848795319085,-0.6735311155613999,5.9685848795319085,-0.6735311155613999,0.0,0.0,0.0,0.0,0.0,0.0,2.928209549032359,2.928209549032359,2.9282095490323594,2.926359966171375,2.926359966171375,2.9293239058748153,2.9293239058748153
387.0,0.387,0.001,0.499,96.9570799274054,2.9250147328881217,1.692220277852529,0.05105113775824019,4.944508246063036,0.22127087647942,4.944508246063036,0.22127087647942,4.944508246063036,0.22127087647942,1.9050679131544808,-0.9555642531810047,5.947626492626591,-0.5901580531942633,5.947626492626591,-0.5901580531942633,0.0,0.0,0.0,0.0,0.0,0.0,2.926353089457308,2.926353089457308,2.926353089457308,2.9244068079093233,2.9244068079093233,2.9364552258039773,2.9364552258039773
388.0,0.388,0.001,0.499,97.23975492043665,2.9386356287709616,1.6971538871939762,0.05128886723846709,4.933609341447069,0.2377294802269013,4.933609341447069,0.2377294802269013,4.933609341447069,0.2377294802269013,1.9109943407603733,-0.9560710048613043,5.926427605892491,-0.5067516802995257,5.926427605892491,-0.5067516802995257,0.0,0.0,0.0,0.0,0.0,0.0,2.9243996145086046,2.9243996145086046,2.9243996145086046,2.9223569022679174,2.9223569022679174,2.9435693269117347,2.9435693269117347
389.0,0.389,0.001,0.499,97.52180158067648,2.953187043599665,1.702076530059415,0.051542837338051484,4.922642865438821,0.25397009958439387,4.922642865438821,0.25397009958439387,4.922642865438821,0.25397009958439387,1.9168993287962623,-0.9564943211256025,5.904988035888906,-0.42331626429826574,5.904988035888906,-0.42331626429826574,0.0,0.0,0.0,0.0,0.0,0.0,2.9223493929692093,2.9223493929692093,2.9223493929692093,2.9202105278552244,2.9202105278552244,2.9506661581377243,2.9506661581377243
390.0,0.39,0.001,0.499,97.80321604633568,2.9686565291818803,1.7069881390479085,0.05181283079505093,4.91160898849347,0.26999345699945027,4.91160898849347,0.26999345699945027,4.91160898849347,0.26999345699945027,1.9227826364393408,-0.9568341771598339,5.883307643078406,-0.33985603423139443,5.883307643078406,-0.33985603423139443,0.0,0.0,0.0,0.0,0.0,0.0,2.920202703249964,2.920202703249964,2.920202703249964,2.917967972741325,2.917967972741325,2.9577456257085206,2.9577456257085206
391.0,0.391,0.001,0.499,98.08399446504774,2.9850316816011433,1.7118886469229773,0.05209863112028299,4.9005078750687785,0.2858003252320599,4.9005078750687785,0.2858003252320599,4.9005078750687785,0.2858003252320599,1.928644022772097,-0.9570905523411473,5.861386332756146,-0.2563751813134258,5.861386332756146,-0.2563751813134258,0.0,0.0,0.0,0.0,0.0,0.0,2.917959833234715,2.917959833234715,2.917959833234715,2.915629534303492,2.915629534303492,2.9648075931086226,2.9648075931086226
392.0,0.392,0.001,0.499,98.36413299353406,3.002300144040688,1.7167779866067554,0.05240002264661001,4.889339683778056,0.3013915263270186,4.889339683778056,0.3013915263270186,4.889339683778056,0.3013915263270186,1.9344832468280475,-0.9572634302006221,5.839224055950504,-0.17287785947481332,5.839224055950504,-0.17287785947481332,0.0,0.0,0.0,0.0,0.0,0.0,2.9156210801265643,2.9156210801265643,2.9156210801265643,2.913195519070173,2.9131955190701735,2.971851881093709,2.971851881093709
393.0,0.393,0.001,0.499,98.64362779727787,3.0204496095479456,1.7216560911743004,0.0527167905771888,4.8781045675450825,0.3167679305787922,4.8781045675450825,0.3167679305787922,4.8781045675450825,0.3167679305787922,1.9403000676383426,-0.9573527983865169,5.816820810295173,-0.08936818589474085,5.816820810295173,-0.08936818589474085,0.0,0.0,0.0,0.0,0.0,0.0,2.9131867502902633,2.9131867502902633,2.9131867502902633,2.9106662425638388,2.9106662425638383,2.978878267745597,2.978878267745597
394.0,0.394,0.001,0.499,98.92247505020735,3.03946782373934,1.7265228938480612,0.05304872103267815,4.866802673760914,0.33193045548934685,4.866802673760914,0.33193045548934685,4.866802673760914,0.33193045548934685,1.9460942442792155,-0.9573586486280432,5.794176640872857,-0.0058502415262744745,5.794176640872857,-0.0058502415262744745,0.0,0.0,0.0,0.0,0.0,0.0,2.9106571590967647,2.9106571590967647,2.9106571590967647,2.9080420291427536,2.9080420291427536,2.985886488568367,2.985886488568367
395.0,0.395,0.001,0.499,99.20067093438762,3.059342587444988,1.7313783279925037,0.05339560109739758,4.855434144442507,0.3468800647194269,4.855434144442507,0.3468800647194269,4.855434144442507,0.3468800647194269,1.9518655359202464,-0.9572809766996591,5.771291641030768,0.07767192838420181,5.771291641030768,0.07767192838420181,0.0,0.0,0.0,0.0,0.0,0.0,2.908032630763092,2.908032630763092,2.908032630763092,2.905323211841749,2.905323211841749,2.992876236625019,2.992876236625019
396.0,0.396,0.001,0.499,99.47821163972205,3.080061759292968,1.7362223271088968,0.05375721886443135,4.8439991163931,0.36161776703376985,4.8439991163931,0.36161776703376985,4.8439991163931,0.36161776703376985,1.9576137018734145,-0.9571197823858777,5.748165953168098,0.16119431378133126,5.748165953168098,0.16119431378133126,0.0,0.0,0.0,0.0,0.0,0.0,2.905313498193372,2.905313498193372,2.9053134981933724,2.9025101322120297,2.9025101322120297,2.999847162714063,2.999847162714063
397.0,0.397,0.001,0.499,99.75509336366281,3.1016132582328355,1.741054824830261,0.0541333634796721,4.832497721364266,0.37614461524075127,4.832497721364266,0.37614461524075127,4.832497721364266,0.37614461524075127,1.9633385016429103,-0.9568750694465907,5.724799769495698,0.24471293928696125,5.724799769495698,0.24471293928696125,0.0,0.0,0.0,0.0,0.0,0.0,2.9025001028190656,2.9025001028190656,2.9025001028190656,2.8996031401601163,2.8996031401601168,3.0067988755853183,3.0067988755853183
398.0,0.398,0.001,0.499,100.03131231093083,3.123985065998092,1.7458757549164807,0.05452382518479906,4.820930086219569,0.39046170512696204,4.820930086219569,0.39046170512696204,4.820930086219569,0.39046170512696204,1.9690396949756785,-0.9565468455829046,5.701193332768189,0.3282238636861911,5.701193332768189,0.3282238636861911,0.0,0.0,0.0,0.0,0.0,0.0,2.8995927944368,2.8995927944368,2.8995927944367996,2.896602593785953,2.8966025937859534,3.013730942194285,3.013730942194285
399.0,0.399,0.001,0.499,100.30686469324519,3.147165229507352,1.7506850512495804,0.05492839535918629,4.809296333099735,0.40457017438722337,4.809296333099735,0.40457017438722337,4.809296333099735,0.40457017438722337,1.9747170419126674,-0.9561351224034933,5.677346936988771,0.4117231794113194,5.677346936988771,0.4117231794113194,0.0,0.0,0.0,0.0,0.0,0.0,2.896591931046794,2.896591931046794,2.896591931046794,2.8935088592202756,2.8935088592202756,3.020642887994289,3.020642887994289
400.0,0.4,0.001,0.499,100.58174672906205,3.171141863203967,1.7554826478291696,0.05534686656073684,4.797596579589259,0.4184712015505521,4.797596579589259,0.4184712015505521,4.797596579589259,0.4184712015505521,1.9803703028407544,-0.9556399153914716,5.653260928087003,0.4952070120217103,5.653260928087003,0.4952070120217103,0.0,0.0,0.0,0.0,0.0,0.0,2.893497878689195,2.893497878689195,2.8934978786891947,2.89032231046128,2.89032231046128,3.027534197265685,3.027534197265685
401.0,0.401,0.001,0.499,100.85595464332326,3.1959031513339156,1.760268478768054,0.05577903256563943,4.785830938884351,0.43216600490259116,4.785830938884351,0.43216600490259116,4.785830938884351,0.43216600490259116,1.9859992385453242,-0.955061243871794,5.628935704569849,0.5786715196775885,5.628935704569849,0.5786715196775885,0.0,0.0,0.0,0.0,0.0,0.0,2.8903110112825243,2.8903110112825243,2.8903110112825243,2.8870433292106923,2.887043329210692,3.0344043134812964,3.0344043134812964
402.0,0.402,0.001,0.499,101.12948466721457,3.221437350161775,1.765042478288016,0.056224688407044456,4.773999519962143,0.4456558414050258,4.773999519962143,0.4456558414050258,4.773999519962143,0.4456558414050258,1.9916036102634704,-0.9543991309791883,5.604371718146306,0.6621128926057654,5.604371718146306,0.6621128926057654,0.0,0.0,0.0,0.0,0.0,0.0,2.887031710456365,2.887031710456365,2.887031710456365,2.883672304709264,2.883672304709264,3.041252639707283,3.041252639707283
403.0,0.403,0.001,0.499,101.4023330379337,3.247732790124641,1.7698045807157672,0.05668363041265696,4.762102427751041,0.45894200561250964,4.762102427751041,0.45894200561250964,4.762102427751041,0.45894200561250964,1.9971831797377964,-0.953653603626633,5.579569474325962,0.7455273525552935,5.579569474325962,0.7455273525552935,0.0,0.0,0.0,0.0,0.0,0.0,2.8836603653893476,2.8836603653893476,2.8836603653893476,2.8802096335718086,2.8802096335718086,3.0480785390385874,3.0480785390385874
404.0,0.404,0.001,0.499,101.67449599846819,3.2747778779238774,1.7745547204790693,0.057155656241244586,4.7501397633021485,0.4720258285876256,4.7501397633021485,0.4720258285876256,4.7501397633021485,0.4720258285876256,2.002737709270788,-0.9528246924743919,5.554529532991818,0.8289111522410351,5.554529532991818,0.8289111522410351,0.0,0.0,0.0,0.0,0.0,0.0,2.880197372642948,2.880197372642948,2.880197372642948,2.8766557196218074,2.8766557196218074,3.0548813350680786,3.0548813350680786
405.0,0.405,0.001,0.499,101.94596979738306,3.3025610985546163,1.7792928321030308,0.057640564918058995,4.738111623961636,0.4849086768144107,4.738111623961636,0.4849086768144107,4.738111623961636,0.4849086768144107,2.0082669617797357,-0.9519124318996188,5.52925250894778,0.9122605747731342,5.52925250894778,0.9122605747731342,0.0,0.0,0.0,0.0,0.0,0.0,2.8766431359948395,2.8766431359948395,2.87664313599484,2.8730109737256826,2.8730109737256826,3.061660312388512,3.061660312388512
406.0,0.406,0.001,0.499,102.21675068861855,3.331071017272955,1.7840188502065748,0.05813815686916997,4.726018103543975,0.4975919511109744,4.726018103543975,0.4975919511109744,4.726018103543975,0.4975919511109744,2.013770700852177,-0.9509168599665485,5.503739072441193,0.995571933070368,5.503739072441193,0.995571933070368,0.0,0.0,0.0,0.0,0.0,0.0,2.8729980662746057,2.8729980662746057,2.8729980662746053,2.8692758136267913,2.8692758136267913,3.068414717126381,3.068414717126381
407.0,0.40700000000000003,0.001,0.499,102.48683493129766,3.3602962815008306,1.7887327094990808,0.05864823395471171,4.713859292505917,0.5100770855417417,4.713859292505917,0.5100770855417417,4.713859292505917,0.5100770855417417,2.0192486908018377,-0.9498380183972932,5.477989949660842,1.0788415692553563,5.477989949660842,1.0788415692553563,0.0,0.0,0.0,0.0,0.0,0.0,2.8692625811967445,2.8692625811967445,2.869262581196745,2.865450663779218,2.8654506637792183,3.0751437575067144,3.0751437575067144
408.0,0.40800000000000003,0.001,0.499,102.75621878954382,3.3902256226685763,1.7934343447772019,0.05917059950104157,4.7016352781211115,0.5223655463298523,4.7016352781211115,0.5223655463298523,4.7016352781211115,0.5223655463298523,2.0247006967250485,-0.9486759525432636,5.452005923210868,1.162065854029603,5.452005923210868,1.162065854029603,0.0,0.0,0.0,0.0,0.0,0.0,2.8654371051934104,2.8654371051934104,2.8654371051934104,2.86153595518143,2.86153595518143,3.0818466044478816,3.0818466044478816
409.0,0.40900000000000003,0.001,0.499,103.02489853230851,3.4208478579952084,1.7981236909218572,0.05970505833181181,4.689346144655263,0.534458830770246,4.689346144655263,0.534458830770246,4.689346144655263,0.534458830770246,2.0301264845576097,-0.9474307113572373,5.425787832561036,1.245241186026339,5.425787832561036,1.245241186026339,0.0,0.0,0.0,0.0,0.0,0.0,2.8615220692489225,2.8615220692489225,2.861522069248923,2.857532125209865,2.857532125209865,3.0885223921854155,3.0885223921854155
410.0,0.41000000000000003,0.001,0.499,103.29287043320902,3.452151892206499,1.8028006828953989,0.06025141679795578,4.6769919735417025,0.546358466143965,4.6769919735417025,0.546358466143965,4.6769919735417025,0.546358466143965,2.0355258211320835,-0.9461023473660982,5.399336574473843,1.3283639911391436,5.399336574473843,1.3283639911391436,0.0,0.0,0.0,0.0,0.0,0.0,2.8575179107330966,2.8575179107330966,2.857517910733097,2.8534396174525374,2.853439617452538,3.0951702189238866,3.0951702189238866
411.0,0.41100000000000003,0.001,0.499,103.56013077037618,3.4841267191909497,1.8074652557389561,0.06080948280658998,4.664572843557266,0.5580660086342014,4.664572843557266,0.5580660086342014,4.664572843557266,0.5580660086342014,2.0408984742354925,-0.944690916644274,5.372653103408961,1.411430721824308,5.372653103408961,1.411430721824308,0.0,0.0,0.0,0.0,0.0,0.0,2.853425073232925,2.853425073232925,2.853425073232925,2.849258881542701,2.849258881542701,3.1017891475158,3.1017891475158
412.0,0.41200000000000003,0.001,0.499,103.82667582631234,3.5167614235937883,1.8121173445699545,0.061379065848834596,4.652088830998371,0.5695830422446165,4.652088830998371,0.5695830422446165,4.652088830998371,0.5695830422446165,2.046244212667398,-0.943196478787899,5.345738431905529,1.4944378563749212,5.345738431905529,1.4944378563749212,0.0,0.0,0.0,0.0,0.0,0.0,2.849244006388739,2.849244006388739,2.849244006388739,2.844990372992669,2.8449903729926684,3.1083782061665417,3.1083782061665417
413.0,0.41300000000000003,0.001,0.499,104.09250188775924,3.550045182349144,1.8167568845798117,0.06195997702655505,4.639540009857163,0.5809111777204538,4.639540009857163,0.5809111777204538,4.639540009857163,0.5809111777204538,2.051562806298341,-0.9416190968897343,5.318593630942819,1.5773818981646466,5.318593630942819,1.5773818981646466,0.0,0.0,0.0,0.0,0.0,0.0,2.844975165724647,2.844975165724647,2.844975165724647,2.840634553027844,2.8406345530278436,3.114936389164323,3.114936389164323
414.0,0.41400000000000003,0.001,0.499,104.35760524557614,3.5839672661506077,1.8213838110318092,0.06255202907802802,4.6269264519976385,0.5920520514729676,4.6269264519976385,0.5920520514729676,4.6269264519976385,0.5920520514729676,2.056854026128621,-0.9399588375148752,5.291219830279849,1.6602593748591712,5.291219830279849,1.6602593748591712,0.0,0.0,0.0,0.0,0.0,0.0,2.8406190124852513,2.8406190124852513,2.8406190124852513,2.836191888421023,2.836191888421023,3.121462657634119,3.121462657634119
415.0,0.41500000000000004,0.001,0.499,104.62198219462798,3.618517040860374,1.825998059259141,0.06315503640253571,4.6142482273315935,0.6030073245076829,4.6142482273315935,0.6030073245076829,4.6142482273315935,0.6030073245076829,2.0621176443473956,-0.9382157706772819,5.2636182187744955,1.7430668375933072,5.2636182187744955,1.7430668375933072,0.0,0.0,0.0,0.0,0.0,0.0,2.836176013467063,2.836176013467063,2.836176013467063,2.831662851327071,2.831662851327071,3.127955940314564,3.127955940314564
416.0,0.41600000000000004,0.001,0.499,104.88562903368349,3.6536839688572345,1.8305995646631352,0.0637688150838927,4.601505403994313,0.613778681356996,4.601505403994313,0.613778681356996,4.601505403994313,0.613778681356996,2.0673534343920785,-0.9363899698171702,5.235790044682703,1.8258008601117344,5.235790044682703,1.8258008601117344,0.0,0.0,0.0,0.0,0.0,0.0,2.831646640855137,2.831646640855137,2.831646640855137,2.827047919117992,2.827047919117992,3.1344151343567708,3.1344151343567708
417.0,0.417,0.001,0.499,105.1485420653236,3.6894576103236902,1.8351882627116551,0.06439318291291032,4.588698048519868,0.6243678290176243,4.588698048519868,0.6243678290176243,4.588698048519868,0.6243678290176243,2.072561171008017,-0.9344815117792987,5.207736615938402,1.9084580378713794,5.207736615938402,1.9084580378713794,0.0,0.0,0.0,0.0,0.0,0.0,2.8270313720560187,2.8270313720560187,2.8270313720560187,2.8223475742184863,2.822347574218486,3.1408391061440426,3.1408391061440426
418.0,0.418,0.001,0.499,105.41071759585957,3.725827624472485,1.839764088937671,0.06502795940880372,4.575826226015904,0.6347764958934038,4.575826226015904,0.6347764958934038,4.575826226015904,0.6347764958934038,2.0777406303084316,-0.9324904767921953,5.1794593004147575,1.9910349871034325,5.1794593004147575,1.9910349871034325,0.0,0.0,0.0,0.0,0.0,0.0,2.822330689534174,2.822330689534174,2.822330689534174,2.8175623039420876,2.817562303942088,3.1472266921314507,3.1472266921314507
419.0,0.419,0.001,0.499,105.67215193526138,3.7627837707129097,1.8443269789380088,0.06567296583954765,4.562890000337803,0.6450064307439293,4.562890000337803,0.6450064307439293,4.562890000337803,0.6450064307439293,2.082891589834599,-0.9304169484483623,5.150959526167385,2.0735283438330177,5.150959526167385,2.0735283438330177,0.0,0.0,0.0,0.0,0.0,0.0,2.817545080648127,2.817545080648127,2.8175450806481273,2.8126926003278774,2.8126926003278774,3.15357669970424,3.15357669970424
420.0,0.42,0.001,0.499,105.93284139709576,3.8003159097572197,1.848876868372271,0.06632802524118718,4.549889434262107,0.6550594016395238,4.549889434262107,0.6550594016395238,4.549889434262107,0.6550594016395238,2.0880138286162593,-0.9282610136855077,5.122238781660206,2.1559347628545376,5.122238781660206,2.1559347628545376,0.0,0.0,0.0,0.0,0.0,0.0,2.8126750374859175,2.8126750374859175,2.8126750374859175,2.807738959977906,2.807738959977906,3.1598879080540585,3.1598879080540585
421.0,0.421,0.001,0.499,106.1927822984744,3.838414004667576,1.85341369296193,0.06699296243611019,4.536824589659081,0.664937194923016,4.536824589659081,0.664937194923016,4.536824589659081,0.664937194923016,2.093107127232234,-0.926022762768847,5.093298615974608,2.2382509166607374,5.093298615974608,2.2382509166607374,0.0,0.0,0.0,0.0,0.0,0.0,2.8077210567019435,2.8077210567019435,2.8077210567019435,2.8027018838953572,2.802701883895357,3.1661590690719774,3.1661590690719774
422.0,0.422,0.001,0.499,106.45197096001178,3.877068121843914,1.8579373884895944,0.06766760405028899,4.523695527664305,0.6746416141787976,4.523695527664305,0.6746416141787976,4.523695527664305,0.6746416141787976,2.0981712678712365,-0.9237022892745235,5.064140639002597,2.320473494323535,5.064140639002597,2.320473494323535,0.0,0.0,0.0,0.0,0.0,0.0,2.802683639357266,2.802683639357266,2.802683639357266,2.7975818773235126,2.7975818773235126,3.1723889082573105,3.1723889082573105
423.0,0.423,0.001,0.499,106.71040370579286,3.9162684319531866,1.8624478907984436,0.06835177852949861,4.510502308849175,0.684174479209625,4.510502308849175,0.684174479209625,4.510502308849175,0.684174479209625,2.103206034392861,-0.9212996900741988,5.034766521624656,2.4025992003246914,5.034766521624656,2.4025992003246914,0.0,0.0,0.0,0.0,0.0,0.0,2.797563290755824,2.797563290755824,2.797563290755824,2.792379449585595,2.792379449585595,3.17857612564124,3.17857612564124
424.0,0.424,0.001,0.499,106.96807686335045,3.956005210800452,1.8669451357918339,0.06904531615452023,4.497244993390202,0.6935376250216154,4.497244993390202,0.6935376250216154,4.497244993390202,0.6935376250216154,2.108211212388734,-0.9188150653208643,5.005177995873024,2.484624753334417,5.005177995873024,2.484624753334417,0.0,0.0,0.0,0.0,0.0,0.0,2.79236052028418,2.79236052028418,2.79236052028418,2.7870951139255373,2.7870951139255373,3.184719396724265,3.184719396724265
425.0,0.425,0.001,0.499,107.22498676365227,3.9962688401423025,1.871429059433071,0.06974804905533812,4.483923641236998,0.7027329008178855,4.483923641236998,0.7027329008178855,4.483923641236998,0.7027329008178855,2.1131865892438153,-0.9162485184359282,4.975376855081122,2.5665468849360185,4.975376855081122,2.5665468849360185,0.0,0.0,0.0,0.0,0.0,0.0,2.787075841254766,2.787075841254766,2.787075841254766,2.7817293873497446,2.7817293873497446,3.1908173734265124,3.1908173734265124
426.0,0.426,0.001,0.499,107.48112974109738,4.037049808443152,1.8758995977453496,0.07045981122433938,4.470538312278835,0.7117621690012659,4.470538312278835,0.7117621690012659,4.470538312278835,0.7117621690012659,2.1181319541978354,-0.9136001560976336,4.945364954019872,2.6483623382947363,4.945364954019872,2.6483623382947363,0.0,0.0,0.0,0.0,0.0,0.0,2.781709770743575,2.781709770743575,2.781709770743575,2.776282790469908,2.776282790469908,3.1968686850499712,3.1968686850499712
427.0,0.427,0.001,0.499,107.73650213352228,4.078338711574929,1.8803566868118593,0.07118043852852589,4.457089066509677,0.7206273041865136,4.457089066509677,0.7206273041865136,4.457089066509677,0.7206273041865136,2.123047098406857,-0.9108700882308647,4.9151442090216575,2.7300678667689287,4.9151442090216575,2.7300678667689287,0.0,0.0,0.0,0.0,0.0,0.0,2.7762628294356984,2.7762628294356984,2.7762628294356984,2.770755847346919,2.770755847346919,3.202871939251713,3.202871939251713
428.0,0.428,0.001,0.499,107.99110028221624,4.1201262534607395,1.884800262776051,0.07190976872074832,4.4435759641915595,0.7293301922224393,4.4435759641915595,0.7293301922224393,4.4435759641915595,0.7293301922224393,2.1279318150049495,-0.9080584279984029,4.884716598092697,2.8116602324618074,4.884716598092697,2.8116602324618074,0.0,0.0,0.0,0.0,0.0,0.0,2.770735541467678,2.770735541467678,2.770735541467678,2.7651490853359513,2.7651490853359513,3.2088257230271986,3.2088257230271986
429.0,0.429,0.001,0.499,108.24492053194587,4.162403246663094,1.889230261842067,0.07264764144997267,4.429999066016234,0.7378727292243488,4.429999066016234,0.7378727292243488,4.429999066016234,0.7378727292243488,2.132785899165964,-0.9051652917936909,4.85408416101459,2.8931362047119578,4.85408416101459,2.8931362047119578,0.0,0.0,0.0,0.0,0.0,0.0,2.765128434272598,2.765128434272598,2.765128434272598,2.759463034932758,2.759463034932758,3.2147286037028024,3.2147286037028024
430.0,0.43,0.001,0.499,108.49795923098895,4.20516061291731,1.8936466202753321,0.07339389827058986,4.416358433264953,0.7462568206171889,4.416358433264953,0.7462568206171889,4.416358433264953,0.7462568206171889,2.1376091481654,-0.90219079923517,4.8232489994358145,2.9744925585209074,4.8232489994358145,2.9744925585209074,0.0,0.0,0.0,0.0,0.0,0.0,2.7594420384262714,2.7594420384262714,2.7594420384262714,2.753698229621235,2.753698229621235,3.2205791299366653,3.2205791299366653
431.0,0.431,0.001,0.499,108.75021273117727,4.2483893836107285,1.8980492744032984,0.07414838265077964,4.402654127966312,0.7544843801897799,4.402654127966312,0.7544843801897799,4.402654127966312,0.7544843801897799,2.142401361442354,-0.8991350731622539,4.792213276953957,3.0557260729160634,4.792213276953957,3.0557260729160634,0.0,0.0,0.0,0.0,0.0,0.0,2.7536768874945867,2.7536768874945867,2.7536768874945867,2.7478552057223107,2.7478552057223107,3.226375832727086,3.226375832727086
432.0,0.432,0.001,0.499,109.00167738794832,4.292080700208394,1.9024381606163505,0.07491093997994014,4.388886213052045,0.7625573291604965,4.388886213052045,0.7625573291604965,4.388886213052045,0.7625573291604965,2.147162340661543,-0.8959982396330066,4.760979219189467,3.136833529247372,4.760979219189467,3.136833529247372,0.0,0.0,0.0,0.0,0.0,0.0,2.7478335178821274,2.7478335178821274,2.7478335178821274,2.7419345022442045,2.7419345022442045,3.2321172264276097,3.2321172264276097
433.0,0.433,0.001,0.499,109.25234956040583,4.33622581462588,1.9068132153688613,0.07568141757519489,4.375054752510662,0.7704775952547551,4.375054752510662,0.7704775952547551,4.375054752510662,0.7704775952547551,2.151891889775395,-0.8927804279235905,4.729549113851711,3.217811709416114,4.729549113851711,3.217811709416114,0.0,0.0,0.0,0.0,0.0,0.0,2.7419124686824827,2.7419124686824827,2.7419124686824827,2.735936660734106,2.735936660734106,3.237801809768068,3.237801809768068
434.0,0.434,0.001,0.499,109.50222561138908,4.38081608954996,1.9111743751804002,0.07645966468698955,4.361159811538867,0.778247111794646,4.361159811538867,0.778247111794646,4.361159811538867,0.778247111794646,2.156589815086193,-0.8894817705295561,4.6979253107981105,3.2986573940342963,4.6979253107981105,3.2986573940342963,0.0,0.0,0.0,0.0,0.0,0.0,2.7359142815295123,2.7359142815295123,2.7359142815295123,2.729862225131316,2.729862225131316,3.2434280668808033,3.2434280668808033
435.0,0.435,0.001,0.499,109.75130190755057,4.425842998707819,1.9155215766370908,0.07724553250379058,4.347201456690634,0.7858678168010399,4.347201456690634,0.7858678168010399,4.347201456690634,0.7858678168010399,2.1612559253082804,-0.886102403169043,4.666110222087164,3.3793673605131693,4.666110222087164,3.3793673605131693,0.0,0.0,0.0,0.0,0.0,0.0,2.7298395004500278,2.7298395004500278,2.7298395004500278,2.7237117416219148,2.723711741621915,3.2489944683313894,3.2489944683313894
436.0,0.436,0.001,0.499,109.99957481944227,4.471298127085571,1.9198547563931148,0.07803887415589907,4.333179756023875,0.7933416521084833,4.333179756023875,0.7933416521084833,4.333179756023875,0.7933416521084833,2.1658900316303065,-0.8826424647879635,4.63410632202611,3.45993838107946,4.63410632202611,3.45993838107946,0.0,0.0,0.0,0.0,0.0,0.0,2.723688671718404,2.723688671718404,2.723688671718404,2.7174857584949685,2.717485758494968,3.254499472153147,3.254499472153147
437.0,0.437,0.001,0.499,110.24704072160998,4.517173171096796,1.9241738511723594,0.07883954471839225,4.319094779244606,0.8006705624931839,4.319094779244606,0.8006705624931839,4.319094779244606,0.8006705624931839,2.1704919477775206,-0.8791020975672456,4.60191614721401,3.540367220717986,4.60191614721401,3.540367220717986,0.0,0.0,0.0,0.0,0.0,0.0,2.7174623437144927,2.7174623437144927,2.7174623437144927,2.711184826000339,2.711184826000339,3.2599415248848214,3.2599415248848214
438.0,0.438,0.001,0.499,110.49369599269592,4.563459938701892,1.928478797770208,0.07964740121320663,4.3049465978485335,0.8078564948143748,4.3049465978485335,0.8078564948143748,4.3049465978485335,0.8078564948143748,2.1750614900741017,-0.8754814469322062,4.569542296581022,3.620650635039389,4.569542296581022,3.620650635039389,0.0,0.0,0.0,0.0,0.0,0.0,2.711161066776939,2.711161066776939,2.711161066776939,2.7048094962081493,2.7048094962081493,3.265319062610817,3.265319062610817
439.0,0.439,0.001,0.499,110.73953701554917,4.610150349479009,1.932769533055468,0.08046230261037596,4.290735285259977,0.8149013971693291,4.290735285259977,0.8149013971693291,4.290735285259977,0.8149013971693291,2.179598477505526,-0.8717806615641344,4.536987431424597,3.7007853680718226,4.536987431424597,3.7007853680718226,0.0,0.0,0.0,0.0,0.0,0.0,2.7047853930673216,2.7047853930673216,2.7047853930673216,2.6983603228699,2.6983603228698994,3.2706305120033994,3.2706305120033994
440.0,0.44,0.001,0.499,110.98456017734408,4.657236434647365,1.937045993972436,0.08128410982843824,4.276460916968063,0.821807218062288,4.276460916968063,0.821807218062288,4.276460916968063,0.821807218062288,2.1841027317809694,-0.8679998934141588,4.5042542754433414,3.7807681499755046,4.5042542754433414,3.7807681499755046,0.0,0.0,0.0,0.0,0.0,0.0,2.6983358764281475,2.6983358764281475,2.6983358764281475,2.6918378612813156,2.6918378612813156,3.275874291366351,3.275874291366351
441.0,0.441,0.001,0.499,111.22876186970613,4.704710337043762,1.9413081175430962,0.08211268573402579,4.262123570660112,0.8285759055875457,4.262123570660112,0.8285759055875457,4.262123570660112,0.8285759055875457,2.1885740773957387,-0.8641392977194797,4.471345614769261,3.860595694679159,4.471345614769261,3.860595694679159,0.0,0.0,0.0,0.0,0.0,0.0,2.6918130722461515,2.6918130722461515,2.6918130722461515,2.6852426681469512,2.6852426681469512,3.2810488116795535,3.2810488116795535
442.0,0.442,0.001,0.499,111.47213848884539,4.752564311053111,1.9455558408694482,0.08294789514065272,4.247723326352145,0.8352094066269244,4.247723326352145,0.8352094066269244,4.247723326352145,0.8352094066269244,2.1930123416937377,-0.8601990330220423,4.438264297999079,3.9402646974374744,4.438264297999079,3.9402646974374744,0.0,0.0,0.0,0.0,0.0,0.0,2.6852175373176226,2.6852175373176226,2.6852175373176226,2.678575301446554,2.678575301446554,3.2861524776440745,3.2861524776440745
443.0,0.443,0.001,0.499,111.7146864356972,4.800790722493821,1.9497891011359647,0.08378960480671457,4.233260266516463,0.841709666061856,4.233260266516463,0.841709666061856,4.233260266516463,0.841709666061856,2.197417354929963,-0.8561792611897334,4.405013236225295,4.019771832308819,4.405013236225295,4.019771832308819,0.0,0.0,0.0,0.0,0.0,0.0,2.6785498297130683,2.6785498297130683,2.6785498297130683,2.671836320303273,2.671836320303273,3.291183688727294,3.291183688727294
444.0,0.444,0.001,0.499,111.95640211607015,4.8493820484588905,1.9540078356121708,0.08463768343271484,4.218734476206214,0.8480786260002742,4.218734476206214,0.8480786260002742,4.218734476206214,0.8480786260002742,2.2017889503330306,-0.8520801474401808,4.371595403067629,4.099113749552583,4.371595403067629,4.099113749552583,0.0,0.0,0.0,0.0,0.0,0.0,2.6718105086470443,2.6718105086470443,2.6718105086470443,2.6650262848536936,2.6650262848536936,3.296140840207735,3.296140840207735
445.0,0.445,0.001,0.499,112.19728194080082,4.898330877113558,1.9582119816553478,0.08549200165773335,4.204146043176911,0.8543182250185063,4.204146043176911,0.8543182250185063,4.204146043176911,0.8543182250185063,2.206126964167736,-0.8479018603672351,4.338013834705458,4.178287072945655,4.338013834705458,4.178287072945655,0.0,0.0,0.0,0.0,0.0,0.0,2.6650001343470686,2.6650001343470686,2.6650001343470686,2.658145756119752,2.658145756119752,3.301022324219214,3.301022324219214
446.0,0.446,0.001,0.499,112.4373223259154,4.947629907450394,1.9624014767133526,0.0863524320551517,4.189495058004835,0.8604303974183392,4.189495058004835,0.8604303974183392,4.189495058004835,0.8604303974183392,2.210431235797648,-0.8436445719702175,4.304271629911815,4.257288397017675,4.304271629911815,4.257288397017675,0.0,0.0,0.0,0.0,0.0,0.0,2.6581192679249495,2.6581192679249495,2.6581192679249495,2.65119529588256,2.65119529588256,3.3058265307940475,3.3058265307940475
447.0,0.447,0.001,0.499,112.67651969279801,4.99727194900269,1.966576258327555,0.08721884912765111,4.174781614202275,0.8664170724994196,4.174781614202275,0.8664170724994196,4.174781614202275,0.8664170724994196,2.2147016077477373,-0.8393084576860126,4.270371950089493,4.336114284204869,4.270371950089493,4.336114284204869,0.0,0.0,0.0,0.0,0.0,0.0,2.651168471252097,2.651168471252097,2.651168471252097,2.644175466558146,2.644175466558146,3.3105518489050234,3.3105518489050234
448.0,0.448,0.001,0.499,112.91487046836521,5.047249921517069,1.9707362641358845,0.08809112930149825,4.1600058083295615,0.8722801738471351,4.1600058083295615,0.8722801738471351,4.1600058083295615,0.8722801738471351,2.218937925767047,-0.8348936964240902,4.236318019309724,4.414761261922449,4.236318019309724,4.414761261922449,0.0,0.0,0.0,0.0,0.0,0.0,2.644148306833796,2.644148306833796,2.644148306833796,2.637086831075149,2.6370868310751496,3.3151966675059366,3.3151966675059366
449.0,0.449,0.001,0.499,113.15237108524694,5.097556854586164,1.9748814318759884,0.08896915092013435,4.145167740103841,0.8780216186361087,4.145167740103841,0.8780216186361087,4.145167740103841,0.8780216186361087,2.2231400388914007,-0.8304004706045345,4.202113124353893,4.493225819555709,4.202113124353893,4.493225819555709,0.0,0.0,0.0,0.0,0.0,0.0,2.6370593376867784,2.6370593376867784,2.6370593376867784,2.6299299527544866,2.6299299527544866,3.3197593765704947,3.3197593765704947
450.0,0.45,0.001,0.499,113.38901798197345,5.148185887242306,1.979011699388493,0.08985279423708378,4.130267512504568,0.8836433169494239,4.130267512504568,0.8836433169494239,4.130267512504568,0.8836433169494239,2.227307799506159,-0.8258289661991643,4.167760614758657,4.571504405370175,4.167760614758657,4.571504405370175,0.0,0.0,0.0,0.0,0.0,0.0,2.629902127220162,2.629902127220162,2.6299021272201624,2.622705395191014,2.622705395191014,3.3242383681294663,3.3242383681294663
451.0,0.451,0.001,0.499,113.62480760316802,5.199130267513117,1.9831270046203686,0.09074194140819747,4.115305231875657,0.8891471711136848,4.115305231875657,0.8891471711136848,4.115305231875657,0.8891471711136848,2.231441063409024,-0.821179372775823,4.1332639028648,4.649593423341345,4.1332639028648,4.649593423341345,0.0,0.0,0.0,0.0,0.0,0.0,2.62267723911521,2.62267723911521,2.62267723911521,2.615413722137189,2.615413722137189,3.3286320373059457,3.3286320373059457
452.0,0.452,0.001,0.499,113.85973639974547,5.2503833519399,1.987227285628393,0.09163647648324746,4.100281008024288,0.894535075050002,4.100281008024288,0.894535075050002,4.100281008024288,0.894535075050002,2.235539689872894,-0.8164518835459181,4.098626463870089,4.727489229904792,4.098626463870089,4.727489229904792,0.0,0.0,0.0,0.0,0.0,0.0,2.6153852372104835,2.6153852372104835,2.6153852372104835,2.608055497388769,2.608055497388769,3.332938783348696,3.332938783348696
453.0,0.453,0.001,0.499,114.09380082911593,5.30193860505978,1.9913124805827094,0.09253628539688845,4.085194954316309,0.8998089136409793,4.085194954316309,0.8998089136409793,4.085194954316309,0.8998089136409793,2.2396035417087803,-0.8116466954152906,4.063851835886324,4.805188130627614,4.063851835886324,4.805188130627614,0.0,0.0,0.0,0.0,0.0,0.0,2.6080266853864935,2.6080266853864935,2.6080266853864935,2.600631284672549,2.600631284672549,3.337157010663528,3.337157010663528
454.0,0.454,0.001,0.499,114.32699735539414,5.35378959885248,1.9953825277704775,0.09344125595900221,4.0700471877682345,0.9049705621137661,4.0700471877682345,0.9049705621137661,4.0700471877682345,0.9049705621137661,2.243632485328781,-0.8067640090384881,4.028943620000694,4.8826863768024875,4.028943620000694,4.8826863768024875,0.0,0.0,0.0,0.0,0.0,0.0,2.6006021474534413,2.6006021474534413,2.6006021474534413,2.5931416475361435,2.5931416475361435,3.3412851298427273,3.3412851298427273
455.0,0.455,0.001,0.499,114.55932244961362,5.405930012152686,1.9994373655996134,0.09435127784444143,4.054837829135801,0.910021885439224,4.054837829135801,0.910021885439224,4.054837829135801,0.910021885439224,2.2476263908091223,-0.8018040288765222,3.9939054803414886,4.95998016196582,3.9939054803414886,4.95998016196582,0.0,0.0,0.0,0.0,0.0,0.0,2.5931121870419993,2.5931121870419993,2.593112187041999,2.5855871492398514,2.5855871492398514,3.3453215586925764,3.3453215586925764
456.0,0.456,0.001,0.499,114.79077258994577,5.458353630028896,2.0034769326026125,0.09526624258218867,4.039567002999075,0.9149647377472425,4.039567002999075,0.9149647377472425,4.039567002999075,0.9149647377472425,2.2515851319532705,-0.7967669632581804,3.9587411441481057,5.037065618341794,3.9587411441481057,5.037065618341794,0.0,0.0,0.0,0.0,0.0,0.0,2.585557367493049,2.585557367493049,2.585557367493049,2.577968352650583,2.577968352650583,3.3492647232590547,3.3492647232590547
457.0,0.457,0.001,0.499,115.02134426192376,5.511054343129717,2.0075011674404566,0.0961860435439469,4.024234837844086,0.9198009617582308,4.024234837844086,0.9198009617582308,4.024234837844086,0.9198009617582308,2.255508586355116,-0.791653024444966,3.9234544018452233,5.113938813214376,3.9234544018452233,5.113938813214376,0.0,0.0,0.0,0.0,0.0,0.0,2.577938251753785,2.577938251753785,2.577938251753785,2.5702858201378804,2.5702858201378804,3.3531130588518243,3.3531130588518243
458.0,0.458,0.001,0.499,115.25103395867067,5.564026146998492,2.0115100089065976,0.09711057593217769,4.008841466140989,0.9245323882307923,4.008841466140989,0.9245323882307923,4.008841466140989,0.9245323882307923,2.259396635462237,-0.7864624286997363,3.8880491071208882,5.190595745229691,3.8880491071208882,5.190595745229691,0.0,0.0,0.0,0.0,0.0,0.0,2.570255402272877,2.570255402272877,2.570255402272877,2.5625401134720165,2.5625401134720165,3.356865011066644,3.356865011066644
459.0,0.459,0.001,0.499,115.47983818113217,5.617263141357228,2.0155033959310162,0.09803973676760327,3.993387024418732,0.9291608354255833,3.993387024418732,0.9291608354255833,3.993387024418732,0.9291608354255833,2.263249164639245,-0.7811953963591047,3.8525291770081824,5.267032340631486,3.8525291770081824,5.267032340631486,0.0,0.0,0.0,0.0,0.0,0.0,2.562509380896827,2.562509380896827,2.562509380896827,2.554731793724212,2.554731793724212,3.360519036806389,3.360519036806389
460.0,0.46,0.001,0.499,115.70775343831305,5.67075952936072,2.0194812675843523,0.09897342487618861,3.977871653336237,0.9336881085853377,3.977871653336237,0.9336881085853377,3.977871653336237,0.9336881085853377,2.267066063231215,-0.7758521519096719,3.8168985919700056,5.343244449432746,3.8168985919700056,5.343244449432746,0.0,0.0,0.0,0.0,0.0,0.0,2.55470074877338,2.55470074877338,2.5547007487733806,2.5468614211689315,2.546861421168932,3.364073605300875,3.364073605300875
461.0,0.461,0.001,0.499,115.93477624751783,5.724509616821815,2.0234435630821026,0.09991154087561965,3.96229549775009,0.938115999431036,3.96229549775009,0.938115999431036,3.96229549775009,0.938115999431036,2.2708472246272016,-0.770432924068145,3.7811613959864006,5.419227841526923,3.7811613959864006,5.419227841526923,0.0,0.0,0.0,0.0,0.0,0.0,2.5468300662512426,2.5468300662512426,2.5468300662512426,2.538929555188293,2.538929555188293,3.3675271991257127,3.3675271991257127
462.0,0.462,0.001,0.499,116.16090313459482,5.778507811408727,2.0273902217888815,0.10085398716129383,3.9466587067787424,0.9424462856741753,3.9466587067787424,0.9424462856741753,3.9466587067787424,0.9424462856741753,2.2745925463238454,-0.7649379458654024,3.745321696643719,5.4949782027425975,3.745321696643719,5.4949782027425975,0.0,0.0,0.0,0.0,0.0,0.0,2.5388978927852777,2.5388978927852777,2.5388978927852777,2.5309367541785783,2.5309367541785783,3.370878315220431,3.370878315220431
463.0,0.463,0.001,0.499,116.38613063418389,5.832748621815322,2.0313211832227447,0.10180066789183893,3.9309614338632257,0.9466807305450963,3.9309614338632257,0.9466807305450963,3.9309614338632257,0.9466807305450963,2.27830192998907,-0.7593674547345566,3.709383665224791,5.5704911308458085,3.709383665224791,5.5704911308458085,0.0,0.0,0.0,0.0,0.0,0.0,2.53090478684314,2.53090478684314,2.53090478684314,2.522883575458849,2.522883575458849,3.3741254659061446,3.3741254659061446
464.0,0.464,0.001,0.499,116.61045528996735,5.887226656905311,2.035236387059569,0.10275148897417623,3.9152038368243973,0.9508210823373,3.9152038368243973,0.9508210823373,3.9152038368243973,0.9508210823373,2.2819752815258694,-0.7537216926030619,3.673351536799129,5.645762131494731,3.673351536799129,5.645762131494731,0.0,0.0,0.0,0.0,0.0,0.0,2.5228513058136124,2.5228513058136124,2.5228513058136124,2.5147705751816596,2.5147705751816596,3.3772671799030576,3.3772671799030576
465.0,0.465,0.001,0.499,116.83387365492405,5.941936624831224,2.039135773137486,0.10370635804814392,3.8993860779167195,0.9548690739676879,3.8993860779167195,0.9548690739676879,3.8993860779167195,0.9548690739676879,2.2856125111361814,-0.7480009059889101,3.6372296103120365,5.720786614151809,3.6372296103120365,5.720786614151809,0.0,0.0,0.0,0.0,0.0,0.0,2.514738005917297,2.514738005917297,2.514738005917297,2.5065983082458727,2.5065983082458727,3.380302003348073,3.380302003348073
466.0,0.466,0.001,0.499,117.05638229158622,5.996873332129118,2.0430192814613646,0.10466518447069656,3.883508323878595,0.9588264225526404,3.883508323878595,0.9588264225526404,3.883508323878595,0.9588264225526404,2.289213533384853,-0.7422053461009512,3.6010222486713577,5.795559887958931,3.6010222486713577,5.795559887958931,0.0,0.0,0.0,0.0,0.0,0.0,2.506565442120408,2.506565442120408,2.506565442120408,2.4983673282115637,2.4983673282115637,3.3832285008128467,3.3832285008128467
467.0,0.467,0.001,0.499,117.27797777229911,6.0520316827898775,2.046886852207344,0.1056278792996964,3.867570745979271,0.9626948289998397,3.867570745979271,0.9626948289998397,3.867570745979271,0.9626948289998397,2.2927782672636834,-0.7363352689433695,3.5647338788304177,5.870077157581734,3.5647338788304177,5.870077157581734,0.0,0.0,0.0,0.0,0.0,0.0,2.498334168047032,2.498334168047032,2.498334168047032,2.490078187217015,2.490078187217015,3.3860452563225767,3.3860452563225767
468.0,0.468,0.001,0.499,117.49865667948302,6.107406677308039,2.050738425727406,0.10659435527731213,3.851573520062336,0.9664759776157377,3.851573520062336,0.9664759776157377,3.851573520062336,0.9664759776157377,2.296306636255549,-0.73039093542434,3.5283689918655576,5.9443335190296125,3.5283689918655576,5.9443335190296125,0.0,0.0,0.0,0.0,0.0,0.0,2.4900447359000952,2.4900447359000952,2.4900447359000952,2.481731435897789,2.481731435897789,3.3887508743758583,3.3887508743758583
469.0,0.46900000000000003,0.001,0.499,117.7184156058978,6.162993411709011,2.054573942553992,0.10756452681304068,3.8355168265858333,0.9701715357285521,3.8355168265858333,0.9701715357285521,3.8355168265858333,0.9701715357285521,2.2997985683985958,-0.7243726114688814,3.491932143046478,6.0183239554585795,3.491932143046478,6.0183239554585795,0.0,0.0,0.0,0.0,0.0,0.0,2.4816976963756194,2.4816976963756194,2.4816976963756194,2.473327623307881,2.473327623307881,3.3913439809659067,3.3913439809659067
470.0,0.47000000000000003,0.001,0.499,117.93725115490923,6.21878707655557,2.058393343404651,0.10853830996636736,3.819400850659012,0.9737831533266728,3.819400850659012,0.9737831533266728,3.819400850659012,0.9737831533266728,2.303253996350493,-0.7182805681359168,3.455427951897428,6.09204333296463,3.455427951897428,6.09204333296463,0.0,0.0,0.0,0.0,0.0,0.0,2.473293598589296,2.473293598589296,2.473293598589296,2.46486729684292,2.46486729684292,3.393823224603467,3.393823224603467
471.0,0.47100000000000003,0.001,0.499,118.15515994075751,6.2747829559345245,2.062196569186727,0.10951562242907971,3.8032257820757542,0.9773124627123441,3.8032257820757542,0.9773124627123441,3.8032257820757542,0.9773124627123441,2.30667285745274,-0.7121150817395409,3.4188611022470834,6.165486396375891,3.4188611022470834,6.165486396375891,0.0,0.0,0.0,0.0,0.0,0.0,2.46483298999385,2.46483298999385,2.4648329899938504,2.456351002165437,2.456351002165437,3.3961872773417054,3.3961872773417054
472.0,0.47200000000000003,0.001,0.499,118.37213858882735,6.330976426424393,2.0659835610020716,0.11049638350725019,3.7869918153447006,0.9807610781704863,3.7869918153447006,0.9807610781704863,3.7869918153447006,0.9807610781704863,2.310055093795005,-0.7058764339744885,3.382236342264769,6.238647765052386,3.382236342264769,6.238647765052386,0.0,0.0,0.0,0.0,0.0,0.0,2.4563164163100963,2.4563164163100963,2.456316416310096,2.447779283132162,2.447779283132162,3.3984348358033567,3.3984348358033567
473.0,0.47300000000000003,0.001,0.499,118.58818373591966,6.387362956044978,2.0697542601517878,0.1114805141029027,3.770699149716113,0.9841305956525066,3.770699149716113,0.9841305956525066,3.770699149716113,0.9841305956525066,2.313400652279485,-0.6995649120457856,3.3455584844804647,6.311521928702902,3.3455584844804647,6.311521928702902,0.0,0.0,0.0,0.0,0.0,0.0,2.4477444214499267,2.4477444214499267,2.4477444214499267,2.439152681723357,2.439152681723357,3.400564622210399,3.400564622210399
474.0,0.47400000000000003,0.001,0.499,118.80329203052457,6.443938103189658,2.0735086081409935,0.11246793669537765,3.754347989205509,0.987422592474943,3.754347989205509,0.987422592474943,3.754347989205509,0.987422592474943,2.316709484685271,-0.6931808088025566,3.3088324057858367,6.384103243229035,3.3088324057858367,6.384103243229035,0.0,0.0,0.0,0.0,0.0,0.0,2.439117547446856,2.439117547446856,2.439117547446856,2.430471737974157,2.4304717379741576,3.4025753854164877,3.4025753854164877
475.0,0.47500000000000003,0.001,0.499,119.01746013309564,6.500697515541271,2.0772465466836074,0.11345857532241042,3.7379385426141107,0.9906386270327796,3.7379385426141107,0.9906386270327796,3.7379385426141107,0.9906386270327796,2.3199815477326844,-0.6867244228759494,3.2720630474133214,6.456385926607196,3.2720630474133214,6.456385926607196,0.0,0.0,0.0,0.0,0.0,0.0,2.4304363343886513,2.4304363343886513,2.4304363343886513,2.4217369899079184,2.4217369899079184,3.4044659019423458,3.4044659019423458
476.0,0.47600000000000003,0.001,0.499,119.23068471632506,6.5576369289723875,2.0809680177071535,0.11445235556093769,3.721471023546139,0.9937802385272606,3.721471023546139,0.9937802385272606,3.721471023546139,0.9937802385272606,2.3232168031475746,-0.6801960588211294,3.2352554148900583,6.528364054819987,3.2352554148900583,6.528364054819987,0.0,0.0,0.0,0.0,0.0,0.0,2.4217013203488036,2.4217013203488036,2.4217013203488036,2.4129489734715386,2.412948973471539,3.406234977014279,3.406234977014279
477.0,0.47700000000000004,0.001,0.499,119.44296246541963,6.614752166430819,2.0846729633575762,0.11544920450764572,3.7049456504230074,0.9968489467080253,3.7049456504230074,0.9968489467080253,3.7049456504230074,0.9968489467080253,2.326415217725538,-0.6735960272632804,3.1984145779632565,6.600031557849045,3.1984145779632565,6.600031557849045,0.0,0.0,0.0,0.0,0.0,0.0,2.4129130413244324,2.4129130413244324,2.412913041324432,2.404108222472757,2.404108222472757,3.407881445605935,3.407881445605935
478.0,0.47800000000000004,0.001,0.499,119.65429007837747,6.672039136811158,2.0883613260040708,0.1164490507592751,3.688362646494454,0.9998462516293798,3.688362646494454,0.9998462516293798,3.688362646494454,0.9998462516293798,2.329576763396031,-0.6669246450475382,3.161545670493343,6.671382215742194,3.161545670493343,6.671382215742194,0.0,0.0,0.0,0.0,0.0,0.0,2.4040720311697243,2.4040720311697243,2.4040720311697243,2.3952152685193937,2.3952152685193937,3.409404173483386,3.409404173483386
479.0,0.47900000000000004,0.001,0.499,119.86466426626501,6.729493833813152,2.0920330482439176,0.11745182439269561,3.6717222398466585,1.0027736334205146,3.6717222398466585,1.0027736334205146,3.6717222398466585,1.0027736334205146,2.332701417286342,-0.6601822353927699,3.1246538903110177,6.742409654768393,3.1246538903110177,6.742409654768393,0.0,0.0,0.0,0.0,0.0,0.0,2.3951788215395666,2.3951788215395666,2.3951788215395666,2.3862706409605297,2.38627064096053,3.4108020582535246,3.4108020582535246
480.0,0.48,0.001,0.499,120.07408175349448,6.787112334787702,2.095688072907325,0.11845745694476507,3.6550246634073926,1.0056325520694707,3.6550246634073926,1.0056325520694707,3.6550246634073926,1.0056325520694707,2.3357891617853763,-0.6533691280490952,3.087744499034092,6.813107343674728,3.087744499034092,6.813107343674728,0.0,0.0,0.0,0.0,0.0,0.0,2.3862339418266427,2.3862339418266427,2.3862339418266427,2.377274866829595,2.377274866829595,3.412074030415744,3.412074030415744
481.0,0.481,0.001,0.499,120.26267310872917,6.898151661838606,2.0989796129969687,0.12039545880100215,3.291540089643817,1.9380018562370736,3.291540089643817,1.9380018562370736,3.291540089643817,1.9380018562370736,2.338839984607216,-0.6464856594590348,3.050822821839768,6.88346859006043,3.050822821839768,6.88346859006043,0.0,0.0,0.0,0.0,0.0,0.0,2.37723791910818,2.37723791910818,2.37723791910818,2.4088108417708467,2.4088108417708467,3.413219054416769,3.413219054416769
482.0,0.482,0.001,0.499,120.43203660595375,7.0579004541282995,2.10193556365623,0.12318360120254183,2.955950659261325,2.788142401539682,2.955950659261325,2.788142401539682,2.955950659261325,2.788142401539682,2.3418538788544034,-0.6395321729221513,3.0138942471877663,6.953486536883594,3.0138942471877663,6.953486536883594,0.0,0.0,0.0,0.0,0.0,0.0,2.4087404565943014,2.4087404565943014,2.4087404565943014,2.435172712926852,2.435172712926852,3.4142361297084425,3.4142361297084425
483.0,0.483,0.001,0.499,120.58365966864653,7.26197464339021,2.1045818853221765,0.12674536772350023,2.6463216659465916,3.561766520958404,2.6463216659465916,3.561766520958404,2.6463216659465916,3.561766520958404,2.344830843080893,-0.6325090187630342,2.976964226489483,7.023154159117045,2.976964226489483,7.023154159117045,0.0,0.0,0.0,0.0,0.0,0.0,2.4350726261326434,2.4350726261326434,2.4350726261326434,2.4567135188783844,2.4567135188783844,3.4151242918081732,3.4151242918081732
484.0,0.484,0.001,0.499,120.71892615563904,7.506297154653363,2.106942730887802,0.1310095999817832,2.3608455656252727,4.264232258282969,2.3608455656252727,4.264232258282969,2.3608455656252727,4.264232258282969,2.347770881354611,-0.6254165545024637,2.940038273718113,7.092464260570508,2.940038273718113,7.092464260570508,0.0,0.0,0.0,0.0,0.0,0.0,2.4565880572644296,2.4565880572644296,2.4565880572644296,2.473774777032837,2.473774777032837,3.4158826133616738,3.4158826133616738
485.0,0.485,0.001,0.499,120.83912318771388,7.787078571638799,2.109040564848633,0.13591016018659416,2.0978339608310295,4.900560204810979,2.0978339608310295,4.900560204810979,2.0978339608310295,4.900560204810979,2.3506740033195657,-0.6182551450315668,2.9031219649544604,7.161409470896979,2.9031219649544604,7.161409470896979,0.0,0.0,0.0,0.0,0.0,0.0,2.4736284889048616,2.4736284889048616,2.4736284889048616,2.4866834383395457,2.4866834383395457,3.4165102052075116,3.4165102052075116
486.0,0.486,0.001,0.499,120.94544754093167,8.100798800958847,2.1108962748873368,0.14138561111834066,1.8557100387038636,5.475450931746508,1.8557100387038636,5.475450931746508,1.8557100387038636,5.475450931746508,2.3535402242574284,-0.6110251627887648,2.8662209378629093,7.229982242801877,2.8662209378629093,7.229982242801877,0.0,0.0,0.0,0.0,0.0,0.0,2.4865209034730507,2.4865209034730507,2.4865209034730507,2.495750309995588,2.495750309995588,3.4170062174428804,3.4170062174428804
487.0,0.487,0.001,0.499,121.03901163209805,8.444189740681752,2.1125292763398265,0.14737891363802275,1.633001452489681,5.993302519682087,1.633001452489681,5.993302519682087,1.633001452489681,5.993302519682087,2.3563695651485204,-0.6037269879392906,2.8293408910918307,7.298174849474298,2.8293408910918307,7.298174849474298,0.0,0.0,0.0,0.0,0.0,0.0,2.495576037326622,2.495576037326622,2.495576037326622,2.5012693840617506,2.5012693840617506,3.4173698404898976,3.4173698404898976
488.0,0.488,0.001,0.499,121.12084912092723,8.81421893881047,2.1139576099714597,0.1538371414738833,1.428333631633081,6.458227835860569,1.428333631633081,6.458227835860569,1.428333631633081,6.458227835860569,2.359162052732113,-0.5963610085570302,2.792487583592467,7.3659793822603365,2.792487583592467,7.3659793822603365,0.0,0.0,0.0,0.0,0.0,0.0,2.5010877489442915,2.5010877489442915,2.5010877489442915,2.5035177245681224,2.5035177245681224,3.417600306161604,3.417600306161604
489.0,0.489,0.001,0.499,121.19192015242744,9.20807421364404,2.115198033473927,0.16071121279607625,1.2404235024672936,6.874071322192958,1.2404235024672936,6.874071322192958,1.2404235024672936,6.874071322192958,2.361917719565963,-0.5889276208084311,2.755666833850152,7.433387748599108,2.755666833850152,7.433387748599108,0.0,0.0,0.0,0.0,0.0,0.0,2.503332922097562,2.503332922097562,2.503332922097562,2.5027556979910868,2.5027556979910863,3.417696888726709,3.417696888726709
490.0,0.49,0.001,0.499,121.25311626189857,9.62314919919684,2.116266107073609,0.16795563793664053,1.068073599682023,7.244425140564292,1.068073599682023,7.244425140564292,1.068073599682023,7.244425140564292,2.364636604084984,-0.5814272291381883,2.7188845190215165,7.500391670242731,2.7188845190215165,7.500391670242731,0.0,0.0,0.0,0.0,0.0,0.0,2.5025717023806937,2.5025717023806937,2.5025717023806937,2.4992274136119663,2.4992274136119663,3.4176589059720066,3.4176589059720066
491.0,0.491,0.001,0.499,121.30526496374485,10.057029773577566,2.1171762736214674,0.17552828252002836,0.9101665478582937,7.572644583387818,0.9101665478582937,7.572644583387818,0.9101665478582937,7.572644583387818,2.3673187506589555,-0.5738602464564062,2.682146573971163,7.5669826817820995,2.682146573971163,7.5669826817820995,0.0,0.0,0.0,0.0,0.0,0.0,2.4990479405576553,2.4990479405576553,2.4990479405576553,2.493161290620108,2.4931612906201077,3.417485720261223,3.417485720261223
492.0,0.492,0.001,0.499,121.34913404410699,10.507481325505921,2.1179419335136087,0.18339014522189634,0.7656598921413512,7.86186270186797,0.7656598921413512,7.86186270186797,0.7656598921413512,7.86186270186797,2.3699642096491567,-0.5662270943269054,2.6454589902011296,7.633152129500818,2.6454589902011296,7.633152129500818,0.0,0.0,0.0,0.0,0.0,0.0,2.4929897628181132,2.4929897628181132,2.4929897628181132,2.484770699846213,2.484770699846213,3.417176739588921,3.417176739588921
493.0,0.493,0.001,0.499,121.38543557613349,10.972436813234502,2.1185755147709893,0.1915051493579762,0.6335812573807308,8.115004136079863,0.6335812573807308,8.115004136079863,0.6335812573807308,8.115004136079863,2.3725730374638228,-0.5585282031563252,2.608827814666313,7.698891170580171,2.608827814666313,7.698891170580171,0.0,0.0,0.0,0.0,0.0,0.0,2.4846102169993998,2.4846102169993998,2.4846102169993998,2.4742546470957887,2.4742546470957887,3.4167314186279296,3.4167314186279296
494.0,0.494,0.001,0.499,121.41482967555999,11.449985570491496,2.1190885385866403,0.19983994751091788,0.5130238156508894,8.334798152941701,0.5130238156508894,8.334798152941701,0.5130238156508894,8.334798152941701,2.3751452966122915,-0.5507640123836468,2.5722591484689064,7.764190772678417,2.5722591484689064,7.764190772678417,0.0,0.0,0.0,0.0,0.0,0.0,2.4741079618713777,2.4741079618713777,2.4741079618713777,2.4617984767812264,2.4617984767812264,3.4161492597686047,3.4161492597686047
495.0,0.495,0.001,0.499,121.43792801316035,11.93836281525296,2.119491680629504,0.20836373842382366,0.4031420428638457,8.523790912905788,0.4031420428638457,8.523790912905788,0.4031420428638457,8.523790912905788,2.377681055757716,-0.5429349706697387,2.535759145424808,7.829041713908055,2.535759145424808,7.829041713908055,0.0,0.0,0.0,0.0,0.0,0.0,2.4616679778182537,2.4616679778182537,2.4616679778182537,2.447574581769509,2.447574581769509,3.415429814148076,3.415429814148076
496.0,0.496,0.001,0.499,121.45529709958157,12.435939818886773,2.1197948283756176,0.2170480954194415,0.30314774611358714,8.684356995617833,0.30314774611358714,8.684356995617833,0.30314774611358714,8.684356995617833,2.3801803897682112,-0.5350415360865037,2.499334010494874,7.8934345832350035,2.499334010494874,7.8934345832350035,0.0,0.0,0.0,0.0,0.0,0.0,2.4474622842991223,2.4474622842991223,2.4474622842991227,2.431743109833745,2.431743109833745,3.4145726826674325,3.4145726826674325
497.0,0.497,0.001,0.499,121.46746135707893,12.9412146952613,2.120007134720007,0.22586680563978428,0.21230634438950183,8.81871022034279,0.21230634438950183,8.81871022034279,0.21230634438950183,8.81871022034279,2.382643379766285,-0.5270841763051799,2.4629899980738608,7.957359781323852,2.4629899980738608,7.957359781323852,0.0,0.0,0.0,0.0,0.0,0.0,2.431650653971572,2.431650653971572,2.431650653971572,2.414452659908794,2.414452659908794,3.4135775169946814,3.4135775169946814
498.0,0.498,0.001,0.499,121.47490599173284,13.452803771621975,2.1201370681063256,0.23479571943951474,0.12993338631888798,8.928913799730452,0.12993338631888798,8.928913799730452,0.12993338631888798,8.928913799730452,2.3850701131764147,-0.5190633687833265,2.4267334101298705,8.020807521853412,2.4267334101298705,8.020807521853412,0.0,0.0,0.0,0.0,0.0,0.0,2.414381316215305,2.414381316215305,2.414381316215305,2.395840963170807,2.395840963170807,3.4124440205510824,3.4124440205510824
499.0,0.499,0.001,0.499,121.4780796788496,13.969433505296806,2.120192459395941,0.24381260930584198,0.055391289615690835,9.016889866327219,0.055391289615690835,9.016889866327219,0.055391289615690835,9.016889866327219,2.387460683770602,-0.5109796009499996,2.3905705941871536,8.08376783332685,2.3905705941871536,8.08376783332685,0.0,0.0,0.0,0.0,0.0,0.0,2.395791644774644,2.395791644774644,2.395791644774644,2.3760355451916317,2.3760355451916313,3.4111719494783324,3.4111719494783324
