time_s,matlab_q1_rad,matlab_q2_rad,matlab_qdot1_rad_s,matlab_qdot2_rad_s,matlab_ee_speed_m_s,mujoco_q1_rad,mujoco_q2_rad,mujoco_qdot1_rad_s,mujoco_qdot2_rad_s,mujoco_ee_speed_fd_xz_m_s,mujoco_ee_speed_jac_xz_m_s,bridge_q1_rad,bridge_q2_rad,bridge_qdot1_rad_s,bridge_qdot2_rad_s,bridge_ee_speed_xz_m_s,tau1_Nm,tau2_Nm
0,0.0872664625997165,0.959931088596881,0,0,0,0.0873029061070337,0.959885457588011,0.0364435073171904,-0.0456310088706269,0,0.0104761557767213,0.0872380181467784,0.959960574220404,-0.0284444529380736,0.0294856235228739,0.00894970951494893,0,0
0.001,0.0872296847901673,0.959971933450663,-0.0367778095491514,0.0408448537817226,0.0102832512074795,0.0873756206337415,0.959794901440876,0.0727145267078539,-0.0905561471350178,0.0104761060788919,0.0209551413120306,0.0871811293427285,0.960019543909197,-0.0568888040498511,0.0589696887925437,0.0178996224739457,0,0
0.002,0.0871561296624335,0.960053620519546,-0.0735551277338158,0.081687068883502,0.0205669187745091,0.0874844367150334,0.959660108837853,0.108816081291887,-0.134792603022268,0.0209549502680947,0.0314370686422231,0.0870957964776493,0.960107993708699,-0.085332865079213,0.0884497995021192,0.0268500159944528,0,0
0.003,0.0870457984789039,0.960176143159155,-0.110331183529632,0.122522639608989,0.0308514657947025,0.0876291878202914,0.959481751682272,0.144751105258017,-0.178357155581027,0.0314366556662581,0.0419220276442549,0.0869820200299355,0.960225917267649,-0.11377644771385,0.117923558950155,0.0358011670049244,0,0
0.004,0.0868986932727601,0.960339490719491,-0.14710520614374,0.163347560335302,0.0411373548260075,0.087809710267407,0.95926048549539,0.180522447115577,-0.221266186882411,0.0419213225008104,0.0524100867061879,0.0868398006663716,0.9603733058375,-0.142219363563886,0.147388569851511,0.0447533521603917,0,0
0.005,0.0867148168475748,0.96054364854516,-0.18387642518533,0.204157825669284,0.0514250476569285,0.0880258431402011,0.958996949801681,0.216132872794072,-0.263535693708885,0.0524090288353158,0.0629012933918479,0.0866691392422311,0.960550148271649,-0.17066142414055,0.176842434148702,0.0537068477580689,0,0
0.006,0.0864941727767385,0.960788597975765,-0.220644070836328,0.244949430604605,0.061715005073068,0.088277428208799,0.958691768502927,0.251585068597896,-0.305181298753511,0.0628998312720732,0.0733956750990414,0.0864700368013961,0.960756431024473,-0.199102440834922,0.20628275282387,0.0626619296529916,0,0
0.007,0.0862367654027163,0.961074316346445,-0.257407374022208,0.285718370679933,0.0720076866241026,0.0885643098528221,0.958345550241575,0.286881644023132,-0.346218261352667,0.0733937656414119,0.08389323971074,0.0862424945764994,0.960992138150185,-0.227542224896746,0.235707125711577,0.0716188731736964,0,0
0.008,0.0859425998361333,0.961400776988583,-0.294165566582959,0.326460642138397,0.0823035503913066,0.0888863349872652,0.957958888753801,0.322025134443062,-0.386661487774118,0.0838908476889154,0.0943939762387002,0.085986513989086,0.961257251301497,-0.255980587413339,0.265113151312539,0.0805779530379526,0,0
0.009,0.0856116819546891,0.961767949230672,-0.330917881444193,0.367172242088559,0.0926030527557397,0.0892433529909338,0.95753236321272,0.35701800366864,-0.42652554108116,0.0943910737466724,0.104897855459043,0.0857020966497974,0.961551749728106,-0.284417339288599,0.294498426608496,0.0895394432685564,0,0
0.01,0.0852440184019007,0.962175798399339,-0.367663552788405,0.40784916866711,0.102906648167215,0.0896352156373237,0.957066538562127,0.391862646389879,-0.465824650592479,0.104894421401237,0.115404830539365,0.0853892443585753,0.961875610274984,-0.312852291222133,0.323860546878345,0.098503617109199,0,0
0.011,0.0848396165856743,0.962624285820542,-0.40440181622638,0.448487421203498,0.113214788914163,0.0900617770278275,0.956561965841171,0.426561390503801,-0.504572720956322,0.115400850146204,0.125914837657019,0.0850479591048868,0.9622288073805,-0.341285253688495,0.353197105515715,0.10747074694042,0,0
0.012,0.0843984846767056,0.963113368820929,-0.441131908968755,0.489083000386675,0.123527924894504,0.0905228935271618,0.956019182500314,0.461116499334322,-0.542783340856633,0.125910302029215,0.136427796608209,0.0846782430679702,0.962611313074348,-0.369716036916579,0.382505693848129,0.116441104195656,0,0
0.013,0.0839206316067079,0.963643000729363,-0.477853069997707,0.529631908434174,0.133846503387657,0.0910184237009109,0.955438712708946,0.495530173749146,-0.580469791367885,0.136422702284353,0.146943611407647,0.0842800986171011,0.963023096975306,-0.398144450869136,0.411783900957903,0.125414959277405,0,0
0.014,0.0834060670664691,0.964213130878627,-0.514564540238775,0.570130149263687,0.144170968827785,0.0915482282550895,0.954821067654972,0.529804554178534,-0.61764505397447,0.146937959956821,0.1574621708785,0.0838535283118786,0.963464126288811,-0.426570305222461,0.441029313504946,0.134392581473502,0,0
0.015,0.0828548015037363,0.964823704607294,-0.551265562732801,0.610573728667323,0.154501762578415,0.09211216997763,0.954166745836702,0.563941722540539,-0.654321818269703,0.157455968515328,0.167983349232427,0.0833985349025324,0.963934365804362,-0.454993409346235,0.470239515551602,0.143374238873542,0,0
0.016,0.0822668461209284,0.965474663261783,-0.587955382807954,0.650958654488703,0.164839322708537,0.0927101136817071,0.953476233347353,0.597943704077071,-0.690512489348742,0.167976606454766,0.178507006639535,0.0829151213302489,0.964433777892752,-0.483413572283541,0.499412088389681,0.152360198285451,0,0
0.017,0.0816422128726765,0.966165944198586,-0.624633248251834,0.691280936803055,0.175184083770301,0.093341926150812,0.952750004152444,0.631812469104975,-0.72622919490898,0.178499737884423,0.189032989788113,0.0824032907275178,0.964962322503122,-0.511830602731053,0.528544610369833,0.161350725152215,0,0
0.018,0.0809809144631929,0.966897480786686,-0.66129840948361,0.73153658810045,0.18553647657844,0.0940074760854981,0.951988520360374,0.665549934686054,-0.761483792070784,0.189025213109818,0.199561132434031,0.0818630464184984,0.965519957159855,-0.540244309019415,0.557634656733401,0.1703460834688,0,0
0.019,0.0802829643434668,0.967669202410158,-0.697950119726173,0.771721623472296,0.195896927991537,0.0947066340517179,0.951192232486443,0.699157966219809,-0.796287873930842,0.199552869198536,0.210091255939727,0.0812943919194046,0.966106636959302,-0.568654499093806,0.586679799446897,0.179346535699266,0,0
0.02,0.0795483767082885,0.96848103447096,-0.734587635178246,0.811832060801228,0.206265860695249,0.0954392724306804,0.950361579710583,0.732638378962482,-0.830652775859719,0.210082530538128,0.220623169802719,0.0806973309389099,0.966722314566341,-0.597060980494699,0.615677607039244,0.188352342694093,0,0
0.021,0.0787771664931021,0.969332898391914,-0.771210215186427,0.851863920954479,0.216643692987615,0.0962052653701562,0.949496990129028,0.765992939475793,-0.864589581554674,0.22061400938042,0.231156672173626,0.0800718673785711,0.967366940210783,-0.625463560338815,0.644625644441911,0.197363763607747,0,0
0.022,0.077969349370685,0.970224711619895,-0.807817122417089,0.891813227980831,0.227030838566575,0.0970044887371648,0.94859888100017,0.799223367008627,-0.898109128858263,0.231147106376226,0.241691550363671,0.0794180053332708,0.968040461683615,-0.653862045300279,0.673521472832081,0.206381055816494,0,0
0.023,0.0771249417476569,0.971156387629206,-0.844407623028106,0.931676009311221,0.237427706319809,0.0978368200719796,0.947667658984818,0.832331334814749,-0.931222015352683,0.241681611097435,0.252227581341698,0.0787357490916788,0.968742824333094,-0.682256241591977,0.702362649478983,0.215404474836487,0,0
0.024,0.0762439607608166,0.972127835925169,-0.88098098684031,0.971448295963062,0.24783470011703,0.0987021385433891,0.946703720381078,0.865318471409483,-0.963938603739385,0.252217302547161,0.262764532220721,0.0780251031367317,0.969473971060688,-0.710645954947104,0.731146727593508,0.224434274242146,0,0
0.025,0.0753264242733079,0.973138962047918,-0.917536487508638,1.01112612274833,0.258252218604849,0.0996003249051572,0.945707451354065,0.898186361768168,-0.996269027012972,0.262753949662597,0.273302160734069,0.0772860721461308,0.970233842316869,-0.739030990600927,0.75987125618124,0.23347070558486,0,0
0.026,0.0743723508706151,0.974189667576403,-0.954073402692862,1.05070552848541,0.268680655004339,0.100531261453626,0.944679228160627,0.930936548469031,-1.028223193438,0.27329131180024,0.283840215701179,0.0765186609928581,0.971022376096768,-0.767411153272725,0.78853377989902,0.242514018312018,0,0
0.027,0.0733817598563872,0.975279850132618,-0.990591014227837,1.09018255621481,0.279120396911409,0.101494831986409,0.94361941736929,0.963570532783039,-1.05981079133686,0.283829139217327,0.294378437483141,0.0757228747457101,0.971839507935683,-0.795786247147936,0.817131838915159,0.251564459686409,0,0
0.028,0.0723546712480941,0.976409403386036,-1.02708860829317,1.12955325341859,0.289571826100136,0.102490921762122,0.942528376075594,0.996089775713134,-1.09104129369655,0.294367173537291,0.304916558428065,0.0748987186698497,0.972685170904457,-0.824156075860488,0.845662968773416,0.260622274706012,0,0
0.029,0.0712911057725119,0.97757821705828,-1.0635654755822,1.16881367224367,0.300035318329154,0.103519417461108,0.941406452112992,1.02849569898517,-1.12192396260171,0.304905148204705,0.315454303306405,0.0740461982273743,0.973559295604718,-0.852520442475299,0.874124700260847,0.269687706024193,0,0
0.03,0.0701910848610417,0.978786176928009,-1.10002091147017,1.20795986972876,0.310511243151237,0.1045802071471,0.940253984259491,1.06078968599271,-1.15246785350111,0.315442788933692,0.325991389736347,0.0731653190779034,0.974461810163997,-0.880879149470968,0.902514559279635,0.278760993870352,0,0
0.031,0.0690546306448601,0.980033164836044,-1.13645421618156,1.24698790803514,0.320999963726208,0.105673180229798,0.939071302440177,1.09297308269784,-1.18268181931421,0.325979814141094,0.336527528599394,0.0722560870791808,0.97539264023072,-0.909231998722613,0.930830066723004,0.287842375971034,0,0
0.032,0.0678817659499038,0.981319058690725,-1.17286469495628,1.28589385468088,0.33150183663727,0.106798227428288,0.937858727925793,1.12504719848997,-1.21257451438428,0.336515935372636,0.347062424446295,0.0713185082876959,0.976351708969076,-0.937578791484866,0.959068738355306,0.296932087471546,0,0
0.033,0.0666725142916891,0.982643732473504,-1.20925165821481,1.32467378277877,0.342017211710921,0.107955240735293,0.936616573527508,1.15701330700441,-1.24215439828418,0.347050857715512,0.357595775893464,0.0703525889593209,0.977338937053772,-0.965919328375011,0.987228084696387,0.306030360858099,0,0
0.034,0.0654268998699671,0.984007056244781,-1.24561442172198,1.36332377127754,0.352546431840545,0.109144113382195,0.935345143788028,1.1888726469028,-1.27142973948074,0.357584280205767,0.36812727601005,0.0693583355499646,0.978354242664682,-0.994253409356238,1.01530561091032,0.315137425880521,0,0
0.035,0.0641449475632178,0.985408896149988,-1.28195230674931,1.40183990520648,0.363089832813818,0.110364739804812,0.934044735169164,1.22062642261684,-1.30040861886314,0.368115896222268,0.37865661269582,0.0683357547162436,0.979397541481381,-1.02258083372101,1.04329881669857,0.324253509475559,0,0
0.036,0.062826682922982,0.986849114425911,-1.31826464023577,1.44021827592316,0.373647743144054,0.111617015609869,0.932715636236024,1.25227580505715,-1.32909893314082,0.37864539386923,0.389183469050033,0.0672848533161691,0.980468746677579,-1.05090140007454,1.07120519619771,0.33337883569082,0,0
0.037,0.0614721321680352,0.988327569407275,-1.35455075494676,1.47845498136423,0.384220483905605,0.112900837542158,0.931358127837908,1.28382193228873,-1.3575083981158,0.389172456358477,0.399707523731473,0.0662056384098508,0.98156776891546,-1.07921490631827,1.09902223788175,0.342513625609371,0,0
0.038,0.0600813221784041,0.989844115533574,-1.39080998963116,1.516546126299,0.394808368573436,0.114216103452333,0.929972483286073,1.31526591017464,-1.38564455183445,0.399696762368872,0.410228451309835,0.0650981172602173,0.982694516339929,-1.10752114963352,1.12674742446909,0.351658097275052,0,0
0.039,0.0586542804892278,0.99139860335616,-1.42704168917628,1.55448782258571,0.405411702867012,0.115562712265322,0.92855896852845,1.34660881298919,-1.41351475762325,0.410217986408474,0.420745922608639,0.0639622973337522,0.983848894572764,-1.13581992646506,1.15437823283432,0.360812465618524,0,0
0.04,0.0571910352844673,0.99299087954559,-1.46324520476049,1.59227618943021,0.416030784598596,0.116940563949324,0.927117842321437,1.37785168400211,-1.44112620701293,0.420735799162521,0.43125960503987,0.0627981863012475,0.985030806706688,-1.16411103250471,1.18191213392471,0.369976942384105,0,0
0.041,0.0556916153904639,0.994620786899237,-1.49941989400341,1.62990735364692,0.426665903526094,0.118349559485359,0.925649356398882,1.40899553603497,-1.46848592255533,0.431249867833751,0.441769162930532,0.0616057920385726,0.98624015329937,-1.19239426267497,1.20934659268169,0.379151736057424,0,0
0.042,0.0541560502693506,0.996288164349159,-1.53556512111332,1.66737744992169,0.437317341210555,0.11978960083735,0.924153755638345,1.4400413519911,-1.49560076053699,0.441759856472383,0.452274257841321,0.06038512262746,0.987476832367337,-1.22066941111252,1.23667906796713,0.388337051793945,0,0
0.043,0.0525843700123187,0.997992846970235,-1.57168025703181,1.70468262107649,0.447985370878449,0.12126059092271,0.922631278224751,1.47099008536019,-1.52247741359334,0.452265426302513,0.462774548877597,0.0591361863563083,0.988740739379832,-1.24893627115172,1.26390701249473,0.397533091348396,0,0
0.044,0.0509766053327436,0.999734665988571,-1.6077646795752,1.7418190183355,0.458670257288833,0.122762433583409,0.921082155811524,1.50184266069869,-1.54912241322718,0.462766236036537,0.473269692992879,0.0578589917210004,0.990031767252598,-1.27719463530794,1.29102787276629,0.40674005300515,0,0
0.045,0.0493327875591709,1.00151344879016,-1.64381777357267,1.77878280159238,0.469372256605523,0.124295033557496,0.919506613679289,1.53259997408715,-1.57554213223503,0.473261942182321,0.483759345285045,0.0565535474257397,0.991349806341611,-1.30544429526074,1.31803908901311,0.415958131509605,0,0
0.046,0.04765294862817,1.00332901892984,-1.67983893100087,1.81557013967852,0.480091616274385,0.125858296451062,0.917904870892244,1.56326289356544,-1.60174278704481,0.483752199345106,0.494243159285442,0.0552198623839027,0.992694744436754,-1.33368504183693,1.34493809514249,0.42518751800061,0,0
0.047,0.0459371210770553,1.00518119614047,-1.71582755111468,1.85217721063176,0.490828574905851,0.127452128710609,0.916277140452276,1.593832259547,-1.62773043996798,0.49423666052011,0.504720787241115,0.0538579457189094,0.994066466755443,-1.36191666499337,1.37172231868932,0.434428399943986,0,0
0.048,0.0441853380364814,1.00706979634244,-1.75178304057398,1.88860020196543,0.501583362162772,0.129076437595821,0.914623629450907,1.6243088852128,-1.65351100136937,0.504714977376387,0.515191880390351,0.0524678067651099,0.995464855936216,-1.39013895379949,1.3983891807728,0.443680961067183,0,0
0.049,0.0423976332229152,1.00899463165338,-1.78770481356613,1.92483531093733,0.512356198653709,0.130731131152708,0.912944539219149,1.65469355688623,-1.67909023175771,0.515186800540406,0.525656089231746,0.0510494550686903,0.996889792032274,-1.41835169641956,1.42493609605837,0.452945381295135,0,0
0.05,0.0405740409309914,1.01095551039819,-1.82359229192388,1.96087874481826,0.523147295831778,0.132416118187097,0.91124006547535,1.6849870343895,-1.70447374379958,0.525651779864267,0.536113063786981,0.0496029003885957,0.998341152504999,-1.44655468009461,1.45136047272478,0.462221836687356,0,0
0.051,0.0387145960257528,1.01295223711935,-1.85944490523859,1.99672672115982,0.533956855899139,0.13413130823848,0.90951039847109,1.71519005138255,-1.72966700425985,0.536109564692248,0.546562453857531,0.0481281526974718,0.999818812217435,-1.47474769112392,1.47765971243636,0.471510499376338,0,0
0.052,0.0368193339347845,1.01498461258742,-1.8952620909683,2.03237546806108,0.544785071717229,0.135876611554165,0.907755723135219,1.74530331568519,-1.75467533587088,0.54655980412305,0.557003909275486,0.0466252221826256,1.00132264342776,-1.50293051484614,1.50383121032052,0.480811537507287,0,0
0.053,0.034888290640244,1.01705243381185,-1.93104329454052,2.06782122443371,0.555632126722845,0.137651939063748,0.905976219216086,1.77532750958322,-1.77950391913338,0.557002147261068,0.56743708014869,0.0450941192470058,1.00285251578271,-1.53110293561988,1.52987235495039,0.490125115179278,0,0
0.054,0.0329215026707945,1.01915549405211,-1.96678796944949,2.10306024026525,0.566498194850162,0.139457202353867,0.904172061422035,1.80526329011928,-1.80415779405116,0.567436243463347,0.577861617100392,0.043534854510202,1.00440829631104,-1.5592647368038,1.55578052833269,0.499451392387863,0,0
0.055,0.030919007093447,1.02129358282899,-2.00249557734746,2.13808877688017,0.577383440458781,0.141292313643236,0.902343419560232,1.83511128936903,-1.82864186180224,0.577861742584844,0.58827717150361,0.0419474388094659,1.00598984941694,-1.58741570073611,1.58155310590075,0.508790524969191,0,0
0.056,0.0288808415053171,1.02346648593619,-2.03816558812994,2.17290310719817,0.588288018267895,0.14315718575794,0.900490458673884,1.8648721147035,-1.85296088634852,0.58827829521216,0.598683395710383,0.0403318832007525,1.00759703687345,-1.61555560871341,1.60718745651276,0.518142664545714,0,0
0.057,0.0268070440253026,1.02567398545218,-2.07379748001446,2.20749951598952,0.599212073296654,0.145051732106978,0.898613339177897,1.89454634903803,-1.87711949598634,0.59868555289632,0.609079943276125,0.0386881989597836,1.00922971781591,-1.64368424096889,1.63268094245509,0.527507958473516,0,0
0.058,0.02469765328569,1.02791585975231,-2.10939073961264,2.24187430012688,0.61015574081082,0.146975866658046,0.896712216993058,1.92413455106849,-1.90112218483983,0.60908316837905,0.61946646917924,0.0370163975831339,1.01088774873536,-1.6718013766497,1.65803091945078,0.536886549791337,0,0
0.059,0.0225527084236947,1.03019188352114,-2.14494486199528,2.27602376883327,0.621119146275782,0.148929503913542,0.894787243678758,1.95363725549545,-1.92497331429933,0.619470795813071,0.629842630036209,0.0353164907893403,1.01257098347203,-1.6999067937936,1.68323473667317,0.546278577171352,0,0
0.06,0.0203722490729446,1.03250182776507,-2.18045935075011,2.30994424392581,0.632102405316007,0.150912558886778,0.892838566564352,1.98305497323666,-1.94867711440663,0.629848090981545,0.640208084312311,0.0335884905200356,1.0142792732088,-1.72800026930467,1.70828973676451,0.555684174871758,0,0
0.061,0.0181563153549126,1.03484545982512,-2.21593371803199,2.34363206005471,0.643105623681004,0.152924947078407,0.890866328879163,2.01238819162855,-1.97223768518914,0.640214711508434,0.650562492528161,0.0318324089411075,1.01601246646466,-1.75608157892813,1.73319325585966,0.56510347269124,0,0
0.062,0.0159049478703073,1.03722254339006,-2.25136748460527,2.37708356493724,0.654128897217867,0.154966584453024,0.888870669881218,2.04163737461715,-1.99565899794465,0.650570317065838,0.660905517462248,0.0300482584438833,1.01777040908827,-1.78415049722412,1.75794262361477,0.574536595925371,0,0
0.063,0.0136181876904294,1.03963283850965,-2.28676017987789,2.4102951195862,0.665172311850456,0.157037387415963,0.886851724984739,2.07080296293893,-2.01894489647859,0.660914569581756,0.671236824349633,0.0282360516463429,1.01955294425151,-1.81220679754046,1.7825351632409,0.583983665325011,0,0
0.064,0.0112960763485023,1.04207610160818,-2.32211134192709,2.44326309853242,0.676235943565286,0.159137272790255,0.884809625886444,2.09988537429207,-2.04209909829549,0.671247133435065,0.68155608107698,0.0263958013943586,1.02135991244305,-1.84025025198429,1.80696819154255,0.593444797056776,0,0
0.065,0.00893865583098603,1.04455208549822,-2.35742051751631,2.47598389004101,0.687319858404178,0.161266157793754,0.882744500690698,2.12888500349861,-2.06512519574629,0.681567675656445,0.691862958374084,0.0245275207629662,1.02319115146201,-1.86828063139242,1.83123901896101,0.602920102665623,0,0
0.066,0.00654596856888297,1.04706053939454,-2.39268726210306,2.50845389632094,0.698424112463713,0.163423960016412,0.880656474033564,2.15780222265781,-2.08802665713316,0.691875866118491,0.702157130002053,0.0226312230576657,1.02504649641164,-1.89629770530051,1.85534494962251,0.61240968903964,0,0
0.067,0.00411805742904555,1.04960120892827,-2.42791113983742,2.54066953372743,0.709548751901568,0.165610597397703,0.878545667205791,2.18663738129126,-2.1108068277734,0.702171377725354,0.712438272938304,0.0207069218157548,1.02692577969303,-1.92430124191086,1.87928328139112,0.621913658377081,0,0
0.068,0.00165496570549469,1.05217383616122,-2.46309172355086,2.5726272329569,0.720693812949741,0.167825988204183,0.876412198274767,2.21539080648009,-2.133468931024,0.712453886600108,0.72270606755852,0.018754630807696,1.02882883099895,-1.95229100805878,1.90305130592625,0.631432108155735,0,0
0.069,-0.000843262889240483,1.05477815960046,-2.49822859473517,2.60432343923408,0.731859321934743,0.170070051007178,0.874256182205499,2.24406280299467,-2.1560160692683,0.722723072266061,0.732960197815717,0.0167743640385185,1.0307554773077,-1.98026676917752,1.92664630874479,0.640965131104673,0,0
0.07,-0.00337658423275158,1.05741391421295,-2.5333213435111,2.6357546124908,0.743045295304767,0.172342704660595,0.872077730980632,2.27265365341708,-2.17845122486627,0.732978617827437,0.743200351416567,0.014766135749257,1.03270554287699,-2.00822828926152,1.95006556928778,0.650512815178455,0,0
0.071,-0.00594495380133808,1.06008083144049,-2.56836956858649,2.6669172275362,0.754251739663884,0.174643868278852,0.869876953719563,2.30116361825691,-2.20077726106987,0.743220210147164,0.753426219995105,0.0127299604184288,1.03467884923798,-2.03617533082815,1.97330636099149,0.660075243533857,0,0
0.072,-0.0085483266785417,1.0627786392147,-2.60337287720362,2.69780777421801,0.765478651813292,0.176973461214912,0.867653956796658,2.32959293606055,-2.22299692290475,0.753447540020682,0.763637499283964,0.0106658527635512,1.03667521518934,-2.06410765487765,1.99636595136288,0.669652494509185,0,0
0.073,-0.011186657563617,1.06550706197228,-2.63833088507538,2.72842275757442,0.776726018799639,0.179331403038426,0.865408843958638,2.35794182351432,-2.24511283801992,0.763660302347981,0.773833889283259,0.00857382774269991,1.0386944567914,-2.09202502085126,2.01924160205936,0.679244641606239,0,0
0.074,-0.0138599007799271,1.06826582067025,-2.6732432163101,2.75875869797642,0.787993817970449,0.181717613513968,0.863141716441132,2.38621047554196,-2.26712751750643,0.773858196303428,0.784015094427247,0.00645390055611242,1.04073638736037,-2.11992718658749,2.04193056897277,0.688851753475003,0,0
0.075,-0.0165680102832519,1.07105463280151,-2.70810950332476,2.78881213126003,0.799282017036662,0.184132012579365,0.860852673084445,2.41439906539647,-2.28904335668663,0.78404092550316,0.794180823748872,0.00430608664783597,1.04280081746269,-2.14781390827645,2.0644301023174,0.698473893901119,0,0
0.076,-0.0193109396699981,1.07387321241036,-2.74292938674617,2.81857960884841,0.810590574142311,0.186574520324112,0.85854181044857,2.4425077447469,-2.31086263587521,0.794208198170033,0.804330791042322,0.00213040170742391,1.04488755490941,-2.17568494041206,2.08673744672215,0.708111121796212,0,0
0.077,-0.0220886421852981,1.07672127010823,-2.77770251530003,2.84805769786321,0.821919437941335,0.189045056967872,0.856209222927456,2.47053664376023,-2.33258752111328,0.804359727297012,0.814464715023686,-7.31383283182896e-05,1.04699640475074,-2.2035400357422,2.1088498413265,0.717763491191137,0,0
0.078,-0.0249010707309856,1.07959851308945,-2.81242854568746,2.87724298122525,0.833268547681546,0.191543542839051,0.85385500286258,2.49848587117866,-2.3542200648768,0.814495230808285,0.824582319489829,-0.00230451727353488,1.04912716927062,-2.23137894521659,2.13076451988048,0.727431051232215,0,0
0.079,-0.0277481778734344,1.0825046451472,-2.8471071424488,2.90613205774392,0.844637833295744,0.194069898353443,0.851479240655819,2.52635551439258,-2.37576220676062,0.824614431718377,0.834683333475568,-0.00456371869146728,1.05127964798147,-2.2592014179324,2.15247871084823,0.737113846180514,0,0
0.08,-0.0306299158512488,1.08543936668939,-2.88173797781446,2.93472154219535,0.856027215499987,0.196624043992953,0.84908202488168,2.55414563950953,-2.39721577413927,0.834717058290649,0.844767491409241,-0.00685072589254476,1.05345363761898,-2.28700720107748,2.17398963751528,0.746811915414254,0,0
0.081,-0.0335462365827913,1.08840237475478,-2.9163207315425,2.96300806538889,0.867436605898999,0.199205900284372,0.846663442398874,2.58185629141944,-2.41858248280585,0.844802844191297,0.854834533266752,-0.00916552193241581,1.05564893213708,-2.31479603987105,2.19529451809944,0.756525293434389,0,0
0.082,-0.0364970916735341,1.091393363029,-2.95085509074272,2.99098827422182,0.878865907098728,0.201815387778228,0.844223578461284,2.60948749385625,-2.43986393759014,0.854871528647735,0.864884204724172,-0.0115080896099177,1.05786532270295,-2.34256767750192,2.21639056586503,0.766254009873444,0,0
0.083,-0.0394824324232211,1.09441202186072,-2.98534074968706,3.01865883172206,0.89031501282602,0.204452427027685,0.841762516828327,2.63703924945644,-2.46106163295717,0.864922856596272,0.874916257308952,-0.0138784114649817,1.06010259769219,-2.37032185506402,2.2372749892405,0.775998089507658,0,0
0.084,-0.0425022098328271,1.0974580382778,-3.01977740960597,3.04601641707871,0.901783808055414,0.207116938567499,0.839280339874739,2.66451153981443,-2.48217695358742,0.874956578838773,0.884930448549831,-0.0162764697764709,1.06236054268413,-2.39805831148913,2.25794499193936,0.785757552272505,0,0
0.085,-0.0455563746112978,1.10053109600346,-3.05416477847073,3.07305772566023,0.913272169143024,0.209808842893035,0.836777128699799,2.69190432553541,-2.50321117493988,0.884972452189262,0.894926542125476,-0.0187022465599478,1.06463894045721,-2.42577678347695,2.27839777308417,0.795532413281655,0,0
0.086,-0.0486448771820591,1.10363087547248,-3.08850257076123,3.09977946902023,0.9247799639675,0.21252806043932,0.834252963236,2.7192175462855,-2.52416546379916,0.894970239624878,0.904904308011913,-0.0211557235653699,1.06693757098455,-2.45347700542207,2.29863052733357,0.805322682849437,0,0
0.087,-0.0517676676892783,1.10675705384737,-3.12279050721926,3.12617837489057,0.936307052078036,0.21527451156016,0.831707922357192,2.74645112083983,-2.54504087880771,0.904949710433183,0.914863522628787,-0.023636882274708,1.06925621142956,-2.48115870933809,2.31864044501234,0.815128366516862,0,0
0.088,-0.0549246960038652,1.10990930503453,-3.1570283145869,3.15225118716191,0.947853284849401,0.218048116507289,0.829142083986208,2.77360494712854,-2.56583837098459,0.914910640358229,0.924803968984492,-0.0261457038994865,1.0715946361418,-2.50882162477853,2.33842471224415,0.824949465081276,0,0
0.089,-0.0581159117291951,1.11308729970039,-3.19121572532995,3.17799466585146,0.959418505643959,0.22084879540957,0.826555525201976,2.80067890228103,-2.58655878423167,0.924852811746052,0.934725436820181,-0.0286821693782412,1.07395261665289,-2.53646547875471,2.35798051108714,0.834785974629696,0,0
0.09,-0.0613412642065413,1.11629070528744,-3.22535247734615,3.20340558705793,0.971002549980656,0.223676468252238,0.823948322346147,2.82767284266873,-2.60720285582874,0.93477601368872,0.944627722752694,-0.0312462593738914,1.07632992167256,-2.56408999565021,2.37730501967207,0.844637886575886,0,0
0.091,-0.0646007025201993,1.11951918603035,-3.25943831365803,3.22848074290375,0.982605245710924,0.226531054856185,0.821320551129229,2.8545866039466,-2.62777121691845,0.944680042169219,0.954510630416407,-0.0338379542710236,1.0787263170849,-2.59169489713212,2.396395412343,0.854505187701241,0,0
0.092,-0.0678941755022896,1.12277240297181,-3.29347298209021,3.25321694146436,0.994226413201478,0.229412474857278,0.818672286736246,2.88142000109353,-2.64826439298252,0.954564700201117,0.964373970603994,-0.0364572341730823,1.0811415659447,-2.61927990205873,2.41524885980037,0.864387860199527,0,0
0.093,-0.0712216317372205,1.1260500139785,-3.32745623493097,3.27761100668478,1.00586586552396,0.232320647685731,0.816003603931936,2.90817282845205,-2.66868280431024,0.964429797969968,0.974217561406118,-0.0391040788994661,1.08357542847395,-2.64684472638383,2.43386252924637,0.874285881725539,0,0
0.094,-0.0745830195657985,1.12935167375678,-3.36138782857797,3.30165977828344,1.01752340865137,0.235255492545498,0.813314577165476,2.93484485976742,-2.68902676646059,0.974275152975317,0.98404122835002,-0.0417784679825234,1.08602766205848,-2.67438908305729,2.45223358453257,0.884199225447727,0,0
0.095,-0.0779782870889665,1.13267703386842,-3.39526752316799,3.32536011164329,1.02919884166132,0.238216928393724,0.810605280674757,2.96143584822643,-2.70929649071912,0.984100590165541,0.993844804536982,-0.0444803806644454,1.08849802124479,-2.701912681922,2.47035918630956,0.894127860104849,0,0
0.096,-0.0814073821711569,1.13602574274611,-3.42909508219042,3.34870887769027,1.0408919569459,0.241204873920221,0.807875788590206,2.98794552649616,-2.72949208455083,0.993905942080221,1.00362813077865,-0.0472097958940525,1.09098625773697,-2.72941522960706,2.48823649217868,0.9040717500667,0,0
0.097,-0.0848702524432415,1.13939744570887,-3.4628702720846,3.37170296275942,1.05260254042831,0.244219247526983,0.805126175038155,3.0143736067629,-2.74961355205038,1.00369104898199,1.01339105573217,-0.0499666923234695,1.09349212039382,-2.75689642941703,2.5058626568456,0.914030855398968,0,0
0.098,-0.0883668453050622,1.14279178497732,-3.49659286182065,3.39433926844849,1.06433037178605,0.247259967307755,0.802356514243765,3.04071978077151,-2.76966079439072,1.0134557589947,1.02313343603404,-0.0527510483046869,1.09601535522609,-2.78435598121736,2.5232348322757,0.924005131932268,0,0
0.099,-0.091897107927526,1.14620839968878,-3.53026262246385,3.41661471145947,1.07607522468071,0.25032695102762,0.799566880633493,3.06698371986543,-2.78963361027154,1.02319992823732,1.03285513643271,-0.0555628418860026,1.09855570539394,-2.81179358131567,2.54035016785121,0.933994531335407,0,0
0.1,-0.0954609872542484,1.14964692591221,-3.5638793267224,3.43852622342808,1.08783686699425,0.253420116102648,0.796757348937124,3.09316507502773,-2.80953169636876,1.03292342095346,1.04255602991982,-0.0584020508083416,1.10111291120447,-2.83920892233906,2.5572058105299,0.943999001192911,0,0
0.101,-0.0990584300027269,1.15310699666295,-3.59744274847849,3.46007075074144,1.09961506107175,0.256539379579571,0.793927994289338,3.11926347692321,-2.82935464778631,1.04262610964684,1.0522359978599,-0.0612686525014488,1.10368671010948,-2.86660169310713,2.57379890500534,0.954018485086884,0,0
0.102,-0.102689382665029,1.15658824191729,-3.63095266230251,3.48124525434415,1.11140956397057,0.259684658115513,0.791078892330826,3.14527853594205,-2.84910195851161,1.05230787520865,1.06189493011865,-0.0641626240799496,1.10627683670335,-2.89397157850082,2.59012659386859,0.964052922683219,0,0
0.103,-0.10635379150798,1.16009028862683,-3.66440884295053,3.5020467095331,1.12322012771583,0.262855867957759,0.78821011930895,3.17120984224518,-2.86877302187595,1.06196860704634,1.07153272518949,-0.0670839423392765,1.10888302272112,-2.92131825932691,2.6061860177712,0.974102249822216,0,0
0.104,-0.110051602572825,1.16361276073257,-3.69781106484475,3.52247210574118,1.13504649956224,0.26605292492357,0.785321752177929,3.19705696581155,-2.88836713102118,1.07160820320966,1.08114929031841,-0.0700325837514545,1.11150499703671,-2.94864141217808,2.62197431558955,0.984166398613642,0,0
0.105,-0.113782761674362,1.16715527917888,-3.73115910153704,3.54251844631025,1.14688842226206,0.269275744380058,0.782413868698555,3.22281945648777,-2.90788347937406,1.08122657051634,1.09074454162696,-0.0730085244607431,1.1141424856613,-2.97594070928857,2.6374886245903,0.994245297536278,0,0
0.106,-0.117547214399517,1.17071746192713,-3.76445272515542,3.56218274825366,1.15874563433936,0.272524241224098,0.779486547537426,3.24849684404017,-2.92732116112955,1.09082362467467,1.10031840423321,-0.0760117402791284,1.1167952117419,-3.00321581838526,2.65272608059698,1.00433887154198,0,0
0.107,-0.121344906105351,1.17429892396914,-3.79769170583351,3.5814620420087,1.17061787037029,0.275798329862308,0.776539868365681,3.2740886382098,-2.94667917174458,1.10039929040406,1.10987081237062,-0.0790422066816625,1.11946289556005,-3.03046640253411,2.66768381815765,1.0144470421643,0,0
0.108,-0.125175781916474,1.17789927734032,-3.8308758111229,3.60035337117922,1.18250486126941,0.279097924191078,0.773573911957237,3.2995943287704,-2.96595640844357,1.10995350155472,1.11940170950458,-0.0820998988016445,1.12214525453077,-3.057692119982,2.68235897071343,1.02456972763168,0,0
0.109,-0.129039786721862,1.18151813113259,-3.86400480538846,3.61885379226902,1.19440633458208,0.282422937576668,0.7705887602865,3.32501338558987,-2.98515167073713,1.11948620122291,1.12891104844652,-0.0851847914256383,1.12484200320154,-3.08489262399378,2.69674867076804,1.03470684298527,0,0
0.11,-0.132936865171048,1.185155091507,-3.89707844918647,3.63696037440613,1.2063220147827,0.285773282835364,0.767584496625545,3.35034525869537,-3.00426366095547,1.12899734186597,1.13839879146542,-0.0882968589883228,1.12755285325159,-3.11206756268455,2.71085005005807,1.04485830020143,0,0
0.111,-0.136866961669674,1.18880976170605,-3.93009649862576,3.65467019905867,1.21825162357881,0.289148872213706,0.764561205640747,3.37558937834241,-3.02329098479788,1.13848688541298,1.1478649103965,-0.0914360755671699,1.13027751349132,-3.13921657884709,2.72466023972407,1.05502400831879,0,0
0.112,-0.140830020374386,1.1924817420658,-3.96305870471172,3.67198035974252,1.23019488022108,0.292549617368794,0.761518973488847,3.40074515508827,-3.0422321518998,1.14795480337406,1.1573093867469,-0.0946024148769443,1.1330156898618,-3.16633930977438,2.73817637048235,1.06520387357016,0,0
0.113,-0.144825985187059,1.19617063002752,-3.99596481267326,3.68888796172138,1.24215150181887,0.295975429348664,0.758457887912428,3.42581197986999,-3.06108557641895,1.15740107694438,1.16673221179815,-0.0977958502640214,1.1357670854346,-3.19343538707715,2.75139557279745,1.07539779951905,0,0
0.114,-0.148854799748332,1.19987602014922,-4.02881456127279,3.70539012169963,1.25412120366163,0.299426218572752,0.755378038334786,3.45078922408732,-3.07984957764203,1.16682569710939,1.17613338670529,-0.101016354700518,1.13853140041165,-3.22050443649642,2.76431497705518,1.08560568720094,0,0
0.115,-0.152916407430431,1.20359750411673,-4.06160768209919,3.72148396750855,1.26610369954577,0.302901894812442,0.752279515954173,3.47567623969086,-3.09852238061353,1.17622866473952,1.18551292259221,-0.104263900778229,1.14130833212539,-3.24754607771103,2.77693171373629,1.09582743526936,0,0
0.116,-0.157010751329275,1.20733467075451,-4.09434389884393,3.73716663778632,1.27809870210713,0.306402367171718,0.749162413837385,3.50047235927584,-3.1171021167881,1.18560999068913,1.19487084064326,-0.107538460702369,1.14409757503898,-3.27455992413999,2.78924291359059,1.10606294014665,0,0
0.117,-0.161137774255835,1.21108710603617,-4.12702292656028,3.75243528165238,1.29010592315886,0.3099275440679,0.746026827012676,3.52517689618176,-3.13558682470825,1.19496969588556,1.2042071721906,-0.110840006285109,1.14689882074679,-3.30154558273976,2.80124570781166,1.11631209617961,0,0
0.118,-0.165297418726741,1.21485439309454,-4.15964447090579,3.76728705837671,1.30212507403478,0.313477333212498,0.742872852561968,3.5497891445983,-3.15397445070866,1.20430781141697,1.2135219587972,-0.114168508938905,1.149711757975,-3.32850265379634,2.81293722821194,1.12657479579985,0,0
0.119,-0.169489626954109,1.21863611223159,-4.19220822736812,3.78171913704454,1.31415586593795,0.317051641592176,0.739700589712319,3.57430837967778,-3.17226284964888,1.21362437861572,1.2228152523352,-0.117523939669617,1.1525360725824,-3.35543073071209,2.82431460739826,1.13685092968898,0,0
0.12,-0.173714340834584,1.2224318409278,-4.22471388047421,3.79572869621706,1.32619801029457,0.320650375449831,0.736510139926643,3.59873385765462,-3.19044978567598,1.22291944913419,1.23208711505925,-0.120906269069404,1.15537144756135,-3.38232939978744,2.83537497894784,1.14714038694859,0,0
0.121,-0.177971501937567,1.22624115385139,-4.25716110298303,3.80931292358873,1.33825121911305,0.324273440265803,0.733301606993624,3.62306481597197,-3.20853293301873,1.23219308502064,1.24133761967472,-0.124315467309402,1.15821756303893,-3.40919823999714,2.84611547758461,1.15744305527504,0,0
0.122,-0.182261051492629,1.23006362286703,-4.28954955506202,3.82246901564183,1.35031520534816,0.327920740739219,0.730075097116809,3.64730047341613,-3.22650987681484,1.24144535878472,1.25056684940025,-0.127751504132163,1.16107409627829,-3.43603682276143,2.85653323935596,1.16775882113906,0,0
0.123,-0.186582930376076,1.23389881704433,-4.32187888344721,3.83519417729872,1.36238968327024,0.331592180769478,0.726830719002836,3.67144003025884,-3.24437811397313,1.2506763534608,1.25977489802451,-0.131214348843875,1.1639407216801,-3.46284471171173,2.86662540180984,1.17808756997012,0,0
0.124,-0.190937079096663,1.23774630266591,-4.35414872058734,3.84748562157259,1.3744743688393,0.335287663437886,0.723568583948764,3.69548266840797,-3.26213505407196,1.2598861626634,1.26896186995681,-0.134703970306326,1.16681711078427,-3.48962146245111,2.87638910417217,1.18842918634561,0,0
0.125,-0.195323437780435,1.24160564323512,-4.38635868377199,3.85934056921722,1.38656898008409,0.339007090989453,0.720288805928468,3.71942755156703,-3.27977802029576,1.26907489063946,1.27812788027114,-0.138220336928635,1.1697029322718,-3.51636662230935,2.88582148752475,1.19878355418481,0,0
0.126,-0.199741946154679,1.2454763994835,-4.41850837424404,3.87075624837642,1.39867323748588,0.342750364814856,0.716991501678057,3.74327382540361,-3.29730425041123,1.27824265230799,1.28727305474344,-0.141763416658728,1.17259785196678,-3.54307973009269,2.89491969498338,1.20915055694759,0,0
0.127,-0.204192543530976,1.24935812937773,-4.45059737629644,3.88172989423379,1.41078686436697,0.346517385432584,0.713676790780272,3.76702061772744,-3.31471089778485,1.28738957330143,1.29639752988162,-0.145333176974556,1.17550153283866,-3.56976031582824,2.90368087187648,1.21953007783792,0,0
0.128,-0.208675168787329,1.2532503881264,-4.48262525635364,3.89225874866345,1.42290958728383,0.350308052471262,0.710344795747829,3.79066703867822,-3.33199503244332,1.2965157899911,1.30550145294806,-0.148929584875059,1.17841363500458,-3.59640790050302,2.91210216592401,1.22992200001201,0,0
0.129,-0.213189760349367,1.25715272818628,-4.51459156203782,3.90234005988243,1.43504113642476,0.354122264652186,0.70699564210565,3.81421218092371,-3.34915364217863,1.30562144951153,1.31458498197426,-0.152552606870857,1.181333815732,-3.62302199579764,2.92018072741687,1.24032620679127,0,0
0.13,-0.217736256170587,1.26106469926838,-4.54649582122008,3.91197108210534,1.44718124601197,0.357959919772054,0.703629458471951,3.83765511986835,-3.36618363369929,1.31470670977494,1.32364828576709,-0.156202208974672,1.18426172944139,-3.6496021038147,2.92791370939667,1.25074258187985,0,0
0.131,-0.222314593711644,1.26498584834359,-4.57833754105695,3.92114907520196,1.45932965470805,0.361820914685927,0.700246376638122,3.86099491387292,-3.3830818338294,1.32377173947311,1.33269154390653,-0.159878356691473,1.18719702770923,-3.67614771680178,2.93529826783603,1.26117100958689,0,0
0.132,-0.226924709918656,1.26891571964795,-4.61011620701227,3.92987130435861,1.47148610602662,0.365705145290412,0.696846531647365,3.88423060448552,-3.39984499075716,1.33281671807953,1.3417149467343,-0.163581015008343,1.19013935927105,-3.70265831686922,2.94233156181925,1.27161137505335,0,0
0.133,-0.231566541200521,1.27285385468769,-4.6418312818649,3.93813503974368,1.48365034874715,0.369612506507097,0.69343006187203,3.90736121668426,-3.41646977533442,1.34184183583389,1.35071869533307,-0.167310148384045,1.19308837002477,-3.72913337570257,2.94901075372366,1.2820635644834,0,0
0.134,-0.236240023405224,1.27679979224387,-4.67348220470231,3.94593755617829,1.49582213733381,0.373542892266229,0.689997109089601,3.93038575913204,-3.43295278242879,1.35084729372166,1.35970300149597,-0.171065720738315,1.19604370303417,-3.75557235426977,2.95533300940137,1.29252746538041,0,0
0.135,-0.240945091795124,1.28075306837668,-4.70506838990048,3.95327613281252,1.50800123235818,0.377496195490672,0.686547818557271,3.95330322444379,-3.44929053232987,1.35983330344263,1.36866808768576,-0.174847695440838,1.19900499853254,-3.78197470252312,2.96129549836176,1.30300296678728,0,0
0.136,-0.245681681021214,1.28471321642949,-4.73658922609035,3.96014805280819,1.52018740092585,0.381472308080139,0.68308233908506,3.97611258946656,-3.46547947221119,1.36880008736958,1.37761418698356,-0.178656035299934,1.20197189392649,-3.80833985909614,2.96689539395454,1.31348995953141,0,0
0.137,-0.250449725096326,1.28867976703252,-4.7680440751111,3.96655060302844,1.53238041710656,0.385471120895712,0.679600823107411,3.99881281557275,-3.48151597764929,1.3777478784966,1.38654154302648,-0.182490702550929,1.20494402380004,-3.83466725099512,2.97212987355352,1.32398833647381,0,0
0.138,-0.255249157367276,1.29265224810625,-4.79943227095057,3.97248107373529,1.54458006236797,0.389492523744679,0.67610342675321,4.02140284896688,-3.49739635420137,1.38667692037429,1.39545040993397,-0.186351658844215,1.20792101991879,-3.86095629328576,2.9769961187412,1.33449799276274,0,0
0.139,-0.260079910485949,1.29663018486455,-4.83075311867327,3.97793675829548,1.55678612601279,0.393536405365685,0.672590309914167,4.04388162100627,-3.51311683904298,1.39558746703757,1.40434105222238,-0.19023886523299,1.21090251123428,-3.88720638877464,2.98149131549409,1.34501882609145,0,0
0.14,-0.264941916379285,1.30061309981744,-4.86200589333611,3.98291495289541,1.56899840561913,0.397602653414221,0.669061636311499,4.06624804853593,-3.52867360266713,1.4044797829171,1.41321374470732,-0.194152282160675,1.21388812388865,-3.91341692768575,2.98561265436898,1.3555507369602,0,0
0.141,-0.269835106218178,1.30460051277371,-4.89318983889242,3.98741295626593,1.58121670748404,0.401691154448459,0.665517573560853,4.08850103423793,-3.54406275064611,1.41335414274241,1.42206877239354,-0.198091869448007,1.21687748121934,-3.93958728733208,2.98935733069012,1.36609362894234,0,0
0.142,-0.274759410385262,1.30859194084313,-4.92430416708453,3.99142806941749,1.59344084706984,0.405801793915455,0.661958293235396,4.11063946699578,-3.55928032545731,1.42221083143069,1.43090643035186,-0.20205758627979,1.21987020376408,-3.96571683178237,2.99272254473739,1.37664740895441,0,0
0.143,-0.279714758441588,1.31258689843851,-4.95534805632532,3.99495759538644,1.60567064945331,0.409934456137728,0.658383970927022,4.13266222227383,-3.57432230837423,1.4310501439605,1.4397270235828,-0.206049391191313,1.22286590926601,-3.99180491152309,2.99570550193561,1.38721198753025,0,0
0.144,-0.284701079092157,1.31658489727751,-4.98632065056915,3.99799883899314,1.61790594977747,0.414089024300241,0.654794786305598,4.15456816251223,-3.58918462142394,1.43987238523936,1.44853086686655,-0.210067242054429,1.22586421267906,-4.01785086311562,2.99830341304496,1.39778727909893,0,0
0.145,-0.289718300150329,1.32058544638412,-5.01722105817262,4.00054910661239,1.63014659370567,0.418265380437778,0.651190923176186,4.1763561375376,-3.60386312941187,1.44867786994641,1.45731828459891,-0.214111096063277,1.22886472617341,-4.04385400884897,3.00051349435267,1.40837320226639,0,0
0.146,-0.294766348501075,1.32458805209008,-5.04804835074557,4.00260570595705,1.64239243787794,0.422463405422768,0.647572569534171,4.19802498498973,-3.61835364201519,1.4574669223733,1.46608961061284,-0.218180909719665,1.23186705914128,-4.06981365638779,3.00233296786596,1.4189696801009,0,0
0.147,-0.299845150063068,1.32859221803595,-5.0788015619928,4.0041659458753,1.6546433503693,0.426682978953532,0.643939917618225,4.2195735307645,-3.63265191594553,1.46623987624077,1.47484518798536,-0.222276638818081,1.23487081820278,-4.09572909841609,3.00375906150647,1.42957664042189,0,0
0.148,-0.304954629749615,1.33259744517211,-5.10947968654701,4.00522713616225,1.66689921114979,0.430923979543006,0.640293163961043,4.24100058947335,-3.64675365718194,1.47499707450659,1.48358536882931,-0.226398238430358,1.23787560721209,-4.1215996122765,3.00478900930607,1.44019401609237,0,0
0.149,-0.310094711428408,1.3366032317595,-5.14008167879338,4.00578658738655,1.67915991254605,0.435186284507925,0.636632509437768,4.26230496491937,-3.66065452327488,1.48373886915413,1.4923105140699,-0.230545662889963,1.24088102726369,-4.14742445960544,3.00542005160432,1.4508217453146,0,0
0.15,-0.315265317880095,1.34060907337023,-5.1706064516864,4.0058416107325,1.69142535970417,0.439469769958515,0.632958159312047,4.28348545059031,-3.67435012572187,1.49246562097202,1.50102099320549,-0.234718865775927,1.24388667669894,-4.17320288596397,3.00564943524752,1.46145977192902,0,0
0.151,-0.320466370755654,1.34461446288809,-5.20105287555949,4.00538951785842,1.70369547105353,0.443774310788684,0.629270323279631,4.30454083016864,-3.68783603241538,1.50117769930898,1.5097171840526,-0.238917799896392,1.24689215111273,-4.19893412046484,3.0054744137895,1.47210804571623,0,0
0.152,-0.325697790532582,1.34861889050886,-5.23141977692782,4.0044276207717,1.71597017877138,0.448099780666743,0.625569215509468,4.32546987805875,-3.70110777016338,1.509875481821,1.51839947247467,-0.243142417271788,1.24989704336042,-4.22461737539556,3.0048922476943,1.48276652270192,0,0
0.153,-0.330959496469867,1.35262184374058,-5.26170593728508,4.00295323172119,1.72824942924784,0.452446052026674,0.621855054682185,4.3462713599315,-3.71416082728289,1.51855935419854,1.52706825209447,-0.247392669117625,1.25290094356496,-4.25025184583769,3.00390020454074,1.49343516546456,0,0
0.154,-0.336251406561762,1.35662280740369,-5.29191009189478,4.00096366310752,1.74053318355102,0.45681299605996,0.618128064025918,4.36694403328611,-3.72699065626682,1.52722970987666,1.53572392398992,-0.251668505826908,1.25590343912419,-4.27583670928256,3.00249555922896,1.50411394344582,0,0
0.155,-0.341573437490338,1.3606212636311,-5.32203092857651,3.99845622741177,1.75282141789201,0.46120048270799,0.614388471349394,4.38748664802948,-3.73959267652405,1.53588694973244,1.54436689637318,-0.255969876952151,1.25890411471838,-4.30137112524356,3.00067559418911,1.5148028332634,0,0
0.156,-0.346925504576826,1.36461669186825,-5.35206708648805,3.99542823714318,1.76511412408924,0.465608380655063,0.610636509072201,4.40789794707304,-3.75196227719285,1.54453148175926,1.55299758425273,-0.260296731187016,1.26190255231797,-4.32685423486496,2.99843759959228,1.52550181902623,0,0
0.157,-0.35230752173173,1.36860856887305,-5.38201715490387,3.99187700480627,1.77741131003203,0.47003655732201,0.606872414252174,4.42817666694695,-3.76409482002735,1.55316372073225,1.56161640907851,-0.264649016347544,1.26489833119154,-4.35228516052772,2.99577887356361,1.53621089265181,0,0
0.158,-0.357719401403721,1.37259636871594,-5.41187967199067,3.98779984288796,1.78971300014279,0.474484878860442,0.603096428609817,4.44832153843182,-3.77598564235681,1.56178408784872,1.57022379836988,-0.269026679352996,1.26789102791394,-4.37766300545215,2.99269672239793,1.54693005418555,0,0
0.159,-0.363161054527302,1.37657956277981,-5.44165312358076,3.98319406386513,1.80201923583767,0.478953210147649,0.5993087985497,4.46833128720765,-3.78763006011718,1.57039301035742,1.57882018532639,-0.273429666206294,1.27088021637471,-4.40298685329776,2.98918846077773,1.55765931212183,0,0
0.16,-0.368632390469246,1.38055761976004,-5.47133594194394,3.97805698023303,1.81433007598497,0.483441414782169,0.595509775178745,4.48820463452012,-3.79902337095425,1.57899092116831,1.58740600842131,-0.277857921974055,1.27386546778671,-4.42825576776046,2.98525141199386,1.56839868372678,0,0
0.161,-0.374133316973804,1.38453000566459,-5.50092650455872,3.97238590455517,1.82664559736122,0.487949355080033,0.591699614321348,4.50794029786385,-3.8101608573978,1.58757825844367,1.59598171097806,-0.282311390766222,1.27684635069488,-4.45346879216721,2.98088290816875,1.5791481953623,0,0
0.162,-0.379663740106688,1.38849618381413,-5.5304231328835,3.96617814953478,1.83896589510415,0.492476892071716,0.587878576531242,4.52753699168256,-3.82103779010552,1.59615546517601,1.60454774072942,-0.28679001571529,1.27982243098536,-4.47862494906832,2.97608029048246,1.58990788281138,0,0
0.163,-0.385223564197817,1.39245561484224,-5.55982409112877,3.95943102810863,1.85129108316228,0.497023885499802,0.584046927100066,4.54699342808595,-3.83164943117575,1.60472298874389,1.61310454935962,-0.291293738955118,1.28279327189476,-4.50372323982769,2.97084090940162,1.60067779160433,0,0
0.164,-0.390812691782847,1.3964077566958,-5.58912758503087,3.95214185356325,1.86362129474058,0.501590193817385,0.580204936062539,4.56630831758281,-3.84199103752773,1.61328128045568,1.62165259202971,-0.295822501599329,1.28575843401967,-4.52876264421106,2.96516212491118,1.61145797734571,0,0
0.165,-0.396431023543476,1.40035206463547,-5.6183317606284,3.94430793967412,1.8759566827416,0.506175674187215,0.576352878198191,4.58548036983032,-3.85205786434775,1.62183079507254,1.63019232688594,-0.300376243719301,1.28871747532642,-4.55374211997245,2.95904130674934,1.62224850604183,0,0
0.166,-0.402078458246518,1.40428799123634,-5.64743470304203,3.9359266008681,1.88829742020173,0.510780182481614,0.572491033029591,4.60450829439895,-3.86184516859963,1.63037199031695,1.63872421455181,-0.30495490432174,1.29166995116107,-4.57866060243922,2.9524758346454,1.63304945442843,0,0
0.167,-0.407754892681777,1.40821498638875,-5.67643443525869,3.92699515240936,1.90064370072175,0.515403573283167,0.568619684816994,4.62339080155266,-3.87134821259764,1.63890532636465,1.64724871760377,-0.309558421325836,1.29461541425963,-4.60351700409564,2.94546309856101,1.64386091029838,0,0
0.168,-0.413460221598698,1.41213249729936,-5.70532891692104,3.91751091060916,1.9129957388913,0.520045699886211,0.564739122549354,4.64212660304392,-3.88056226763975,1.6474312653176,1.65576630003096,-0.314186731540001,1.29755341475856,-4.62831021416547,2.93800049893451,1.6546829728291,0,0
0.169,-0.419194337641821,1.41603996849242,-5.73411604312311,3.90747119305976,1.92535377070659,0.524706414299134,0.560849639931655,4.66071441292305,-3.88948261769904,1.65595027066592,1.66427742667941,-0.318839770638195,1.30048350020549,-4.6530390981936,2.93008544692875,1.66551575290941,0,0
0.17,-0.424957131285034,1.41993684181131,-5.76279364321332,3.89687331889263,1.93771805398065,0.529385567247495,0.556951535368484,4.67915294836129,-3.89810456317077,1.66446280673078,1.67278256268104,-0.323517473135822,1.30340521557017,-4.67770249762702,2.92171536468224,1.67635937346559,0,0
0.171,-0.43074849076464,1.42382255642037,-5.79135947960562,3.88571460906116,1.95008886874558,0.534083008177982,0.553045111943812,4.69744093048708,-3.90642342467243,1.67296933809221,1.68128217286792,-0.328219772365218,1.30631810325574,-4.70229922939545,2.91288768556388,1.68721396978627,0,0
0.172,-0.43656830201124,1.42769654880702,-5.81981124659999,3.87399238664815,1.962466517646,0.538798585263217,0.549130677396918,4.71557708523482,-3.91443454689401,1.68147032900342,1.68977672117238,-0.332946600450709,1.30922170311017,-4.72682808549172,2.90359985443119,1.69807968984589,0,0
0.173,-0.442416448580453,1.43155825278422,-5.8481465692133,3.86170397719819,1.97485132632304,0.543532145407422,0.545208544094422,4.7335601442054,-3.92213330249529,1.68996624279238,1.69826667001337,-0.337697888283262,1.31211555243806,-4.75128783255225,2.89384932789222,1.70895669462643,0,0
0.174,-0.448292811582475,1.4354070994933,-5.87636300202158,3.84884670907496,1.98724364378814,0.54828353425296,0.541279028998375,4.75138884553786,-3.92951509604704,1.69845754124535,1.70675247966988,-0.342473565494699,1.31499918601263,-4.77567721143789,2.88363357457115,1.71984515843705,0,0
0.175,-0.45419726961049,1.43924251740714,-5.90445802801498,3.83541791384371,1.99964384278587,0.553052596187751,0.537342453630363,4.76906193479122,-3.93657536801257,1.70694468398185,1.7152346076419,-0.347273560431515,1.31787213608801,-4.79999493681526,2.87295007537765,1.73074526923132,0,0
0.176,-0.460129698667956,1.44306393233382,-5.93242905746634,3.82141492667891,2.01205232014506,0.557839174353587,0.533399144031597,4.78657816583577,-3.94330959876594,1.71542812781699,1.72371350799974,-0.352097800128254,1.32073393241179,-4.82423969673907,2.86179632377999,1.74165722892168,0,0
0.177,-0.466089972094771,1.44687076742062,-5.96027342681481,3.80683508679706,2.02446949711724,0.56264311065534,0.529449430718954,4.80393630175286,-3.94971331264314,1.72390832610766,1.73218963072248,-0.356946210280489,1.32358410223787,-4.84841015223543,2.85016982608213,1.75258125369082,0,0
0.178,-0.472077960492336,1.45066244315853,-5.98798839756553,3.79167573791474,2.03689581970183,0.567464245771082,0.525493648636932,4.82113511574217,-3.95578208202189,1.73238572809383,1.74066342102627,-0.361818715217376,1.32642217033958,-4.87250493688667,2.83806810170463,1.76351757429953,0,0
0.179,-0.478093531647543,1.45443837738726,-6.01557115520663,3.77593422873193,2.04933175895696,0.572302419163118,0.521532137105506,4.83817339203563,-3.96151153142608,1.7408607782269,1.74913531868341,-0.366715237873794,1.32924765902305,-4.89652265641779,2.82548868346954,1.77446643639073,0,0
0.18,-0.484136550455688,1.4581979853007,-6.04301880814501,3.75960791344034,2.06177781129519,0.577157469089934,0.517565239763855,4.85504992681678,-3.96689734165024,1.74933391548834,1.75760575733317,-0.371635699762079,1.33206008814093,-4.92046188828491,2.81242911788927,1.78542810078922,0,0
0.181,-0.49020687884235,1.46194067945296,-6.07032838666186,3.74269415225691,2.07423449876317,0.582029232619079,0.513593304509956,4.87176352914455,-3.97193525389939,1.75780557270109,1.76607516378515,-0.376580020943345,1.33485897510639,-4.94432118126595,2.79888696545951,1.79640284379678,0,0
0.182,-0.496304375684239,1.46566586976494,-6.09749684188954,3.72519031198218,2.0867023693043,0.586917545640959,0.509616683436017,4.88831302188036,-3.97662107393962,1.76627617583484,1.77454395731639,-0.381548119998398,1.33764383490735,-4.96809905505394,2.78485980095618,1.80739095748222,0,0
0.183,-0.50242889672905,1.46937296353152,-6.12452104481098,3.70709376658351,2.09918199700342,0.591822242883576,0.505635732759762,4.90469724261726,-3.98095067625419,1.77474614330232,1.78301254896314,-0.386539913998252,1.34041418012109,-4.99179399985315,2.77034521373643,1.81839274996593,0,0
0.184,-0.508580294514333,1.47306136542933,-6.15139778528302,3.6884018978028,2.11167398231264,0.596743157928186,0.501650812751562,4.92091504461001,-3.98492000820014,1.78321588525388,1.79148134080838,-0.39155531847423,1.34316952092913,-5.01540447597842,2.75534080804382,1.82940854569848,0,0
0.185,-0.514758418285418,1.47673047752512,-6.1781237710851,3.66911209578868,2.1241789522572,0.601680123225891,0.497662287657402,4.93696529770473,-3.98852509416003,1.79168580286337,1.79995072526631,-0.396594247387688,1.34590936513245,-5.03892891345804,2.7398442033175,1.84043868573294,0,0
0.186,-0.520963113912413,1.48037969928487,-6.20469562699471,3.64922175975277,2.13669756062036,0.606632970115158,0.493670525617719,4.95284688926688,-3.99176203968343,1.80015628761596,1.80842108436494,-0.401656613099328,1.34863321816695,-5.06236571164039,2.72385303450553,1.85148352799025,0,0
0.187,-0.527194223806304,1.48400842758352,-6.23110989389099,3.62872829864976,2.14923048810637,0.611601528840264,0.489675898582106,4.96855872510627,-3.99462703561236,1.80862772059104,1.81689278902798,-0.406742326338133,1.35134058311934,-5.08571323880476,2.7073649523824,1.86254344751742,0,0
0.188,-0.533451586834192,1.4876160567154,-6.25736302788804,3.60762913188104,2.16177844248038,0.616585628570662,0.485678782219921,4.9840997303976,-3.99711636218516,1.81710047174487,1.82536619835724,-0.41185129616991,1.35403096074321,-5.10896983177665,2.69037762387053,1.87361883673788,0,0
0.189,-0.539735038233691,1.49120197840542,-6.28345139949934,3.58592169002142,2.1743421586842,0.621585097421257,0.481679555826808,4.99946885059533,-3.99922639311283,1.82557489919635,1.83384165891689,-0.416983429965458,1.35670384947557,-5.13213379554795,2.67288873236593,1.88471010569362,0,0
0.19,-0.546044409526526,1.49476558182099,-6.30937129283482,3.56360341556858,2.1869223989269,0.626599762473598,0.477678602227187,5.01466505234129,-4.00095359962185,1.83405134850945,1.84231950402086,-0.42213863336836,1.35935874545364,-5.15520340290217,2.65489597806797,1.89581768227855,0,0
0.191,-0.552379528431358,1.4983062535847,-6.33511890483213,3.5406717637149,2.19951995274911,0.631629449797962,0.473676307672729,5.02968732436368,-4.00229455445746,1.84253015198584,1.8508000530246,-0.427316810262405,1.36199514253195,-5.17817689404531,2.63639707831317,1.90694201246261,0,0
0.192,-0.558740218775882,1.50182337778785,-6.36069034452358,3.51712420314102,2.21213563705988,0.636673984476328,0.469673061736888,5.04453467836594,-4.0032459358413,1.85101162795569,1.85928361062272,-0.432517862738648,1.36461253229987,-5.20105247624252,2.61738976791304,1.91808356050608,0,0
0.193,-0.565126300408222,1.50531633600468,-6.38608163234047,3.49295821683074,2.22477029614502,0.641733190626232,0.465669257205511,5.05920614990411,-4.00380453137717,1.85949608007844,1.86777046615368,-0.437741691062109,1.36721040409936,-5.22382832346101,2.59787179949587,1.92924280916365,0,0
0.194,-0.571537589107679,1.50878450730758,-6.41128869945619,3.46817130290677,2.23742480164574,0.646806891425483,0.461665289963612,5.07370079925102,-4.0039672418986,1.86798379664874,1.87626089291306,-0.442988193638128,1.36978824504321,-5.24650257601959,2.57784094385259,1.9404202598775,0,0
0.195,-0.577973896494848,1.51222726828307,-6.43630738716986,3.44276097548653,2.25010005250653,0.651894909137729,0.45766155887836,5.08801771224602,-4.0037310852521,1.87647504991172,1.88475514747671,-0.448257266978374,1.3723455400335,-5.26907334024509,2.55729499028643,1.95161643295914,0,0
0.196,-0.58443502994118,1.51564399304863,-6.46113344633206,3.4167247655576,2.26279697489109,0.656997065138858,0.45365846567835,5.10215600112852,-4.00309320000963,1.88497009538933,1.89325346903514,-0.45354880566651,1.37488177178047,-5.29153868813619,2.53623174696651,1.96283186775917,0,0
0.197,-0.590920792477995,1.5190340532705,-6.4857625368142,3.39006022187199,2.27551652206508,0.662113179944212,0.449656414829246,5.11611480535406,-4.00205084910406,1.89346917121464,1.90175607874063,-0.458862702323545,1.37739642082175,-5.31389665703491,2.51464904128518,1.97406712282464,0,0
0.198,-0.597430982705018,1.52239681818236,-6.51019022702335,3.36276491185867,2.2882596742448,0.667243073236603,0.445655813405865,5.12989329239123,-4.00060142338138,1.90197249748342,1.91026317906831,-0.464198847572851,1.37988896554197,-5.33614524930624,2.49254472021912,1.98532277604321,0,0
0.199,-0.603965394698482,1.52573165460491,-6.53441199346401,3.33483642255349,2.30102743841036,0.672386563895101,0.441657070960802,5.14349065849806,-3.99874244506327,1.91048027561573,1.91877495319269,-0.469557130004877,1.38235888219267,-5.35828243202617,2.46991665069413,1.99659942477369,0,0
0.2,-0.61052381791883,1.52903792696646,-6.5584232203485,3.30627236154578,2.31382084808247,0.677543470024577,0.437660599389688,5.15690612947638,-3.99647157111398,1.91899268773637,1.92729156438095,-0.474937436141556,1.38480564491262,-5.3803061366787,2.44676271995346,2.00789768596236,0,0
0.201,-0.617106037118088,1.5323149973244,-6.5822191992578,3.27707035794076,2.32664096306157,0.68271360898598,0.433666812793182,5.17013896140265,-3.99378659650534,1.92750989606875,1.93581315540432,-0.480339650400418,1.38722872574855,-5.40221425886202,2.42308083592965,2.01921819624436,0,0
0.202,-0.623711832246943,1.53556222538774,-6.60579512885423,3.24722806333704,2.33948886912824,0.687896797427314,0.429676127335809,5.18318844133389,-3.99068545737378,1.93603204235067,1.94433984796882,-0.485763655058422,1.38962759467617,-5.42400465800443,2.39886892761981,2.03056161202968,0,0
0.203,-0.630340978361591,1.53877896854055,-6.62914611464793,3.21674315281806,2.35236567770388,0.693092851315301,0.425688961101745,5.19605388798725,-3.98716623406356,1.94455924726539,1.95287174216679,-0.491209330215512,1.39200171962163,-5.44567515709025,2.37412494546417,2.04192860957309,0,0
0.204,-0.636993245530409,1.54196458186651,-6.65226716881852,3.18561332595681,2.36527252547049,0.698301585967693,0.421705733947695,5.20873465239194,-3.98322715405037,1.95309160989812,1.96140891595028,-0.496676553757909,1.39435056648336,-5.46722354239627,2.34884686172786,2.05331988502741,0,0
0.205,-0.643668398740503,1.54511841817434,-6.67515321009393,3.15383630783264,2.37821057394854,0.703522816086205,0.417726867352955,5.22123011851199,-3.9788665947396,1.96162920720964,1.96995142462761,-0.502165201321148,1.39667359915425,-5.48864756323909,2.3230326708858,2.06473615447945,0,0
0.206,-0.650366197804191,1.5482398280244,-6.6977990636878,3.12140985005928,2.39118100903196,0.708756355790044,0.413752784266821,5.23353970383884,-3.97408308613383,1.97017209353686,1.97849930038433,-0.507675146252882,1.39897027954426,-5.50994493173375,2.29668039001053,2.07617815396812,0,0
0.207,-0.657086397265488,1.55132815975623,-6.72019946129719,3.08833173182293,2.40418504047923,0.714002018649996,0.409783908953457,5.24566285995222,-3.96887531336428,1.97872030011607,1.98705255182953,-0.513206259575446,1.40124006760342,-5.53111332256406,2.26978805916296,2.087646639484,0,0
0.208,-0.66382874630665,1.55438275951715,-6.7423490411624,3.05459976092937,2.41722390135962,0.719259617723045,0.405820666834376,5.2575990730483,-3.96324211908099,1.98727383463055,1.99561116356874,-0.518758409948211,1.40348242134521,-5.5521503727651,2.24235374178578,2.09914238694979,0,0
0.209,-0.670592988654841,1.55740297129201,-6.76424234819026,3.020211774859,2.43029884745371,0.724528965587479,0.401863484328679,5.26934786443399,-3.95718250569706,1.99583268078935,2.00417509580441,-0.524331463629729,1.40569679687031,-5.57305368151837,2.2143755250995,2.11066619218095,0,0
0.21,-0.677378862488983,1.56038813693384,-6.78587383414281,2.9851656418285,2.44341115660726,0.729809874378465,0.397912788691197,5.28090879098618,-3.95069563748208,2.00439679792545,2.0127442839648,-0.529925284439689,1.40788264839081,-5.59382080995978,2.18585152050097,2.12221887082606,0,0
0.211,-0.684186100346876,1.5633375961957,-6.80723785789277,2.94945926185804,2.45656212803777,0.73510215582404,0.393969007848696,5.29228144557501,-3.94378084250054,2.01296612063204,2.02131863836239,-0.53553973372069,1.41003942825477,-5.61444928100128,2.15677986396412,2.1338012582861,0,0
0.212,-0.691014429032624,1.56625068676354,-6.82832868574756,2.91309056784282,2.46975308159268,0.74040562128149,0.390032570234305,5.3034654574502,-3.93643761439107,2.02154055841985,2.02989804388247,-0.541174670299856,1.41216658697121,-5.63493657916618,2.12715871644293,2.14541420961218,0,0
0.213,-0.697863569524467,1.56912674429017,-6.84914049184325,2.87605752662741,2.48298535695892,0.74572008177408,0.386103904620323,5.31446049258959,-3.92866561398254,2.03011999541038,2.03848235970277,-0.546829950450295,1.41426357323549,-5.65528015043899,2.09698626427636,2.15705859938101,0,0
0.214,-0.704733236883077,1.57196510243025,-6.86966735861025,2.83835814008192,2.49626031282269,0.751045348028089,0.382183439949579,5.32526625400908,-3.92046467074376,2.03870429005652,2.04707141904474,-0.552505427852425,1.41632983395508,-5.67547740212979,2.06626071959506,2.16873532154758,0,0
0.215,-0.711623140160389,1.57476509287643,-6.88990327731199,2.79999044617835,2.50957932597936,0.756381230510122,0.378271605165516,5.33588248203319,-3.91183478406334,2.04729327489705,2.05566502895719,-0.558200953555179,1.41836481427581,-5.69552570275407,2.0349803207298,2.18044528927439,0,0
0.216,-0.718532982309048,1.5775260453965,-6.90984214865832,2.76095252006589,2.52294379039262,0.761727539464648,0.374368829041159,5.34630895452577,-3.90277612435693,2.05588675634267,2.06426297013277,-0.563916375937107,1.42036795760844,-5.71542238192802,2.00314333262131,2.19218943473665,0,0
0.217,-0.725462460092542,1.58024728787164,-6.92947778349495,2.72124247514363,2.53635511620261,0.767084084951728,0.370475540007159,5.35654548708018,-3.89328903399927,2.064484514493,2.07286499675775,-0.569651540667387,1.42233870565567,-5.73516473028005,1.97074804723144,2.20396870890289,0,0
0.218,-0.732411263996113,1.58292814633577,-6.94880390357039,2.6808584641294,2.54981472868273,0.772450676884896,0.36659216597908,5.36659193316844,-3.88337402807896,2.07308630299148,2.0814708363955,-0.575406290666766,1.42427649843962,-5.75474999937883,1.93779278395539,2.21578408129038,0,0
0.219,-0.739379078138495,1.58556794501589,-6.96781414238184,2.63979868012289,2.56332406714468,0.777827125069146,0.362719134184107,5.37644818424924,-3.87303179497386,2.08169184890767,2.0900801899039,-0.581180466068445,1.42618077432966,-5.77417540167843,1.90427589003488,2.22763653969478,0,0
0.22,-0.746365580184596,1.58816600637355,-6.98650204610131,2.59806135766199,2.57688458379175,0.78321323923898,0.358856870987361,5.38611416983416,-3.86226319674603,2.09030085265938,2.09869273138705,-0.586973904178925,1.42805097007063,-5.79343811048088,1.87019574097193,2.23952708989354,0,0
0.221,-0.75337044125918,1.59072165114732,-7.00486107458327,2.55564477377025,2.59049774252008,0.788608829096492,0.355005801718006,5.39558985751229,-3.85106926935478,2.09891298796365,2.10730810818115,-0.592786439438842,1.42988652081157,-5.81253525991669,1.83555074094322,2.25145675532241,0,0
0.222,-0.760393325861635,1.59323419839632,-7.02288460245519,2.51254724899437,2.60416501766808,0.794013704349425,0.351166350495318,5.40487525293288,-3.83945122268728,2.10752790182657,2.11592594087486,-0.598617903383786,1.43168686013479,-5.83146394494387,1.80033932321468,2.26342657672462,0,0
0.223,-0.767433891781927,1.59570296554475,-7.040565920292,2.46876714842962,2.61788789271392,0.799427674749171,0.347338940054912,5.4139703997462,-3.82741044040646,2.11614521456345,2.12454582336387,-0.604468124605152,1.43345142008534,-5.85022122136575,1.7645599505561,2.2754376117722,0,0
0.224,-0.774491790017803,1.59812726842748,-7.05789823587584,2.42430288273183,2.6316678589215,0.804850550128674,0.343523991575296,5.42287537950265,-3.81494847961611,2.12476451985643,2.13316732293972,-0.61033692871102,1.435179631201,-5.86880410586824,1.72821111565567,2.28749093465889,0,0
0.225,-0.781566664693344,1.60050642133659,-7.07487467554196,2.37915290911419,2.64550641393503,0.810282140440184,0.339721924504952,5.43159031151032,-3.80206707034373,2.1333853848433,2.14178998041249,-0.616224138287097,1.43687092254253,-5.88720957607687,1.69129134153398,2.29958763566435,0,0
0.226,-0.788658152978957,1.60283973706892,-7.09148828561202,2.33331573232688,2.6594050603228,0.815722255792835,0.33593315639011,5.44011535265131,-3.78876811484193,2.14200735024209,2.15041331026723,-0.622129572857731,1.43852472172449,-5.90543457063416,1.65379918195752,2.31172882068896,0,0
0.227,-0.795765885012872,1.60512652697454,-7.1077320339156,2.28678990561821,2.67336530407056,0.821170706489993,0.332158102703401,5.44845069715726,-3.77505368670966,2.15062993050855,2.15903680085363,-0.628053048847029,1.44014045494634,-5.92347598929783,1.61573322185119,2.32391561075908,0,0
0.228,-0.802889483824273,1.60736610100621,-7.12359881140088,2.23957403167495,2.68738865302525,0.826627303066337,0.328397176673566,5.45659657634445,-3.76092602983479,2.15925261402608,2.16765991460846,-0.633994379540089,1.44171754702405,-5.94133069306019,1.57709207770975,2.33614914150209,0,0
0.229,-0.810028565258108,1.60955776776976,-7.13908143383534,2.19166676354049,2.7014766152898,0.832091856324646,0.324650789116406,5.46455325830917,-3.74638755716002,2.16787486332982,2.17628208831034,-0.639953375044379,1.44325542142206,-5.95899550428937,1.53787439800788,2.34843056259112,0,0
0.23,-0.817182737901706,1.61170083457526,-7.15417264359719,2.14306680550862,2.71563069757,0.83756417737223,0.320919348267131,5.47232104758401,-3.73144084927459,2.17649611536164,2.18490273336614,-0.645929842251271,1.44475350028567,-5.97646720689273,1.49807886360858,2.36076103715886,0,0
0.231,-0.824351603013264,1.61379460748926,-7.16886511155827,2.09377291399125,2.72985240347431,0.843044077656986,0.317203259614297,5.47990028475574,-3.71608865283439,2.18511578175651,2.19352123612832,-0.651923584797774,1.44621120447384,-5.99374254650298,1.45770418816973,2.37314174118035,0,0
0.232,-0.831534754452323,1.61583839138761,-7.18315143905889,2.04378389835806,2.74414323176789,0.848531369003032,0.313502925735483,5.48729134604578,-3.70033387881355,2.19373324916098,2.20213695824247,-0.657934403028462,1.44762795359239,-6.01081823068757,1.41674911854839,2.38557386282435,0,0
0.233,-0.838731778612298,1.61783149000936,-7.19702415997529,1.9930986217461,2.75850467458207,0.854025863645886,0.309818746134892,5.49449464285406,-3.68417960059101,2.20234787958059,2.21074923702426,-0.663962093957644,1.44900316602759,-6.02769092918172,1.37521243520277,2.39805860177308,0,0
0.234,-0.845942254355178,1.6197732060112,-7.21047574287998,1.94171600183754,2.77293821558072,0.859527374267153,0.306151117083017,5.50151062126736,-3.66762905187573,2.21095901075557,2.21935738586482,-0.670006451231789,1.45033625898018,-6.04435727414562,1.33309295259144,2.41059716851012,0,0
0.235,-0.853165752948473,1.6216628410228,-7.22349859329539,1.8896350116033,2.787445328085,0.865035714028686,0.302500431458542,5.50833976153316,-3.65068562447462,2.21956595656817,2.22796069466364,-0.676067265092236,1.45162664849975,-6.06081386044633,1.29038951956954,2.4231907835763,0,0
0.236,-0.860401838004514,1.62349969570281,-7.23608505604102,1.83685468001077,2.80202747315819,0.870550696606187,0.298867078592634,5.51498257750021,-3.63335286590764,2.22816800747391,2.23655843028805,-0.6821443223382,1.45287374951953,-6.07705724596483,1.24710101978169,2.43584067679336,0,0
0.237,-0.867650065422189,1.6252830697955,-7.24822741767423,1.78337409269346,2.81668609765238,0.876072136222214,0.29525144411576,5.52143961602702,-3.61563447687466,2.23676443096026,2.24514983705802,-0.688237406290129,1.45407697589158,-6.09308395192871,1.20322637205139,2.44854808645546,0,0
0.238,-0.874909983331213,1.62701226218808,-7.25991790902469,1.72919239258051,2.83142263221905,0.881599847678573,0.291653909807181,5.5277114563596,-3.59753430857903,2.24535447203138,2.25373413725546,-0.6943462967534,1.45523574042235,-6.10889046327102,1.15876453076654,2.46131425848829,0,0
0.239,-0.882181132039036,1.62868657096857,-7.27114870782241,1.67430878048391,2.84623848928539,0.887133646388053,0.288074853447267,5.53379870947974,-3.5790563599131,2.25393735371732,2.2623105316566,-0.700470769982416,1.45634945490861,-6.12447322901571,1.11371448626071,2.47414044557585,0,0
0.24,-0.889463043980455,1.63030529348421,-7.28191194141921,1.61872251564148,2.86113506099881,0.892673348405478,0.284514648672756,5.53970201742532,-3.5602047745111,2.26251227760321,2.27087820008638,-0.706610598645106,1.4574175301738,-6.13982866269023,1.06807526519006,2.48702790625492,0,0
0.241,-0.896755243670058,1.63186772640042,-7.29219968960324,1.56243291621318,2.87611371714177,0.898218770458062,0.280973664835081,5.54542205258401,-3.54098383767509,2.27107842438467,2.27943630199366,-0.712765551787872,1.45843937610471,-6.15495314276578,1.0218459309054,2.49997790397736,0,0
0.242,-0.904057247657564,1.63337316576015,-7.30200398750621,1.50543935972886,2.89117580301938,0.903769729975024,0.277452266861901,5.55095951696201,-3.52139797317973,2.27963495444085,2.28798397704588,-0.718935394800997,1.45941440168852,-6.16984301312552,0.975025583819193,2.51299170614018,0,0
0.243,-0.911368564486167,1.63482090704364,-7.31131682860274,1.44774128348507,2.9063226373225,0.909326045116453,0.273950815121939,5.55631514142917,-3.50145173996214,2.2881810084281,2.296520345742,-0.725119889384559,1.46034201505029,-6.18449458356158,0.927613361767166,2.52607058308374,0,0
0.244,-0.918688694653968,1.63621024522853,-7.32013016780124,1.38933818488878,2.92155550996876,0.914887534801396,0.270469665293237,5.56148968494234,-3.48114982870276,2.2967157078901,2.30504451004235,-0.73131879351486,1.46122162349066,-6.19890413030098,0.879608440364156,2.5392158070582,0,0
0.245,-0.926017130578594,1.63754047485027,-7.32843592462538,1.33022962174573,2.93687567992454,0.920454018735144,0.267009168234933,5.56648393374823,-3.46049705830392,2.30523815588844,2.31355555401407,-0.737531861411421,1.46205263352401,-6.21306789656121,0.831010033353953,2.55242865115843,0,0
0.246,-0.933353356565079,1.63881089006276,-7.33622598648541,1.27041521249128,2.95228437301065,0.926025317435712,0.26356966986266,5.57129870056776,-3.43949837227228,2.31374743764297,2.32205254449086,-0.743758843504557,1.46283445091696,-6.22698209313588,0.781817392952748,2.56571038822789,0,0
0.247,-0.940696848777117,1.64002078469912,-7.34349221203818,1.2098946363613,2.96778277969481,0.931601252259475,0.260151511027648,5.57593482376326,-3.41815883501198,2.3222426211934,2.33053453174568,-0.749999486403568,1.46356648072715,-6.24064289901087,0.7320298101859,2.57906228973161,0,0
0.248,-0.948047075211752,1.64116945233263,-7.35022643463464,1.14866763350092,2.98337205287399,0.937181645425965,0.256755027399613,5.58039316649035,-3.39648362803494,2.33072275806603,2.33900055017503,-0.75625353286558,1.46424812734237,-6.25404646201153,0.68164661521766,2.59248562459884,0,0
0.249,-0.955403495677606,1.64225618633763,-7.35642046585355,1.08673400500881,2.99905330564985,0.942766320041801,0.253380549353518,5.58467461583615,-3.37447804609524,2.33918688395998,2.34744961899349,-0.762520721765061,1.46487879452004,-6.26718889948141,0.630667177673553,2.60598165803582,0,0
0.25,-0.962765561776725,1.64328027995055,-7.36206609911991,1.02409361291469,3.0148276091006,0.948355100123747,0.250028401860264,5.58878008194543,-3.35214749325423,2.34763401943541,2.35588074293726,-0.768800788064054,1.465457885427,-6.28006629899296,0.579090906955051,2.61955165030918,0,0
0.251,-0.970132716890132,1.64424102633064,-7.36715511340648,0.960746380087594,3.03069599005258,0.953947810620883,0.246698904381381,5.59271049713645,-3.32949747888314,2.356063170618,2.36429291297527,-0.775093462783145,1.46598480267954,-6.29267471909072,0.526917252546232,2.63319685550054,0,0
0.252,-0.977504396167148,1.64513771862071,-7.37167927701655,0.896692290072724,3.0466594288551,0.959544277435891,0.243392370767771,5.59646681500808,-3.30653361361005,2.36447332990627,2.3726851070266,-0.781398472973212,1.46645894838385,-6.30501019006742,0.474145704312069,2.64691852023298,0,0
0.253,-0.984880026518595,1.64596965000756,-7.37563035144625,0.83193138685431,3.06271885716207,0.965144327445431,0.240109109162553,5.60005000953993,-3.28326160521796,2.37286347668543,2.381056290683,-0.787715541687986,1.46687972417664,-6.31706871477354,0.420775792788025,2.66071788237005,0,0
0.254,-0.992259026613919,1.64673611378211,-7.37900009532399,0.766463774542258,3.0788751557239,0.970747788519618,0.236849421908052,5.60346107418705,-3.25968725450062,2.38123257805,2.38940541793506,-0.794044387957446,1.4672465312661,-6.32884626946067,0.366807089460612,2.67459616968811,0,0
0.255,-0.999640806882344,1.64743640339909,-7.38178026842514,0.700289616980072,3.09512915219346,0.976354489540589,0.233613605456969,5.60670102097087,-3.23581645108286,2.38957958952516,2.39773143190104,-0.800384726762105,1.46755877047314,-6.34033880465929,0.312239207038583,2.68855459852273,0,0
0.256,-1.0070247695181,1.64806981253636,-7.38396263575926,0.633409137271678,3.1114816189497,0.981964260420157,0.230401950287757,5.60977087956786,-3.21165516921202,2.39790345579309,2.40603326555691,-0.806736269008197,1.46781584227285,-6.35154224609131,0.257071799714427,2.70259437239003,0,0
0.257,-1.01441030848983,1.64863563515358,-7.38553897172757,0.565822617224718,3.12793327094272,0.987576932116555,0.22721474082423,5.61267169639764,-3.18720946352694,2.40620311142204,2.41430984246657,-0.813098721503815,1.46801714683627,-6.3624524956178,0.201304563415833,2.71671668058402,0,0
0.258,-1.02179680955418,1.64913316555029,-7.38650106434768,0.497530396707869,3.14448476356388,0.993192336650267,0.224052255359419,5.61540453371187,-3.16248546481081,2.41447748159124,2.4225600775111,-0.819471786936037,1.46816208407232,-6.37306543222251,0.144937236046798,2.73092269675064,0,0
0.259,-1.02918365027372,1.64956169842321,-7.38684071954296,0.428532872919746,3.16113669054505,0.998810307118952,0.220914765983685,5.61797046868552,-3.13748937573442,2.42272548281964,2.43078287761582,-0.825855163849069,1.46825005367004,-6.38337691303142,0.0879695977180557,2.74521357743975,0,0
0.26,-1.03657020003921,1.64992052892278,-7.38654976549326,0.358830499566944,3.17788958189042,1.00443067771146,0.217802538517089,5.62037059251186,-3.11222746659563,2.43094602368888,2.43897714247421,-0.832248546623438,1.468280455141,-6.39338277436892,0.0304014709665128,2.75959046063607,0,0
0.261,-1.04395582009626,1.65020895270872,-7.38562005704383,0.288423785948739,3.19474390184489,1.01005328372097,0.214715832446028,5.62260600950264,-3.08670607106117,2.43913800556432,2.44714176526761,-0.838651625456288,1.46825268786197,-6.40307883285088,-0.0277672790366217,2.7740544642702,0,0
0.262,-1.05133986357643,1.65042626600467,-7.38404348016912,0.217313295946016,3.2117000469028,1.01567796155716,0.211654900864112,5.62467783619479,-3.06093158191667,2.44730032331336,2.45527563337976,-0.845064086342804,1.46816615111768,-6.41246088651521,-0.0865367442893167,2.78860668471089,0,0
0.263,-1.05872167553292,1.65057176565158,-7.38181195648773,0.145499646911922,3.2287583438606,1.02130454875763,0.208619990417281,5.62658720046484,-3.03491044683032,2.45543186601521,2.46337762910512,-0.851485611058794,1.4680202441439,-6.42152471599017,-0.145906973774101,2.80324819523981,0,0
0.264,-1.06610059298074,1.65064474916004,-7.37891744782485,0.0729835084618036,3.24591904791741,1.02693288399828,0.205611341253145,5.62833524065239,-3.00864916413585,2.46353151766742,2.47144663035024,-0.857915877144495,1.46781436617062,-6.43026608570085,-0.205877973285633,2.81798004451018,0,0
0.265,-1.07347594494156,1.6506445147612,-7.37535196081821,-0.000234398840044066,3.26318234082704,1.03256280710297,0.202629186974506,5.62992310469375,-2.98215427863993,2.47159815788483,2.47948151132719,-0.864354557889609,1.46754791646535,-6.43868074511428,-0.26644970527073,2.83280325499043,0,0
0.266,-1.08084705249312,1.65057036145631,-7.37110755156354,-0.0741533048992944,3.28054832910502,1.03819415905224,0.199673754597047,5.63135194926686,-2.955432377459,2.47963066258959,2.48748114323839,-0.870801322319632,1.46722029437666,-6.44676443002349,-0.327622088681116,2.8477188213944,0,0
0.267,-1.08821322882342,1.65042158906469,-7.36617633029502,-0.148772391618616,3.29801704229452,1.04382678199119,0.196745264511156,5.63262293894865,-2.92849008589054,2.4876279046931,2.4954443949519,-0.877255835183503,1.46683089937783,-6.45451286387085,-0.389394998839132,2.86272770909954,0,0
0.268,-1.09557377928951,1.65019749827015,-7.36055046609658,-0.224090794535275,3.31558843129434,1.04946051923657,0.193843930447833,5.63373724538562,-2.9013340633232,2.49558875476947,2.50337013366668,-0.883717756942615,1.46637913111051,-6.46192175911115,-0.451768267316633,2.8778308525544,0,0
0.269,-1.10292800148115,1.64989739066558,-7.35422219163906,-0.300107604571747,3.33326236675264,1.05509521528305,0.190969959448643,5.63469604647884,-2.87397099919022,2.5035120817171,2.51125722556699,-0.890186743761229,1.46586438942868,-6.46898681861461,-0.514741681827288,2.89302915367718,0,0
0.27,-1.11027518528909,1.64952056879568,-7.34718380793873,-0.376821869901785,3.35103863752968,1.06073071580864,0.188123551839672,5.63550052558395,-2.84640760897035,2.51139675341182,2.51910453646548,-0.89666244749834,1.46528607444255,-6.47570373711034,-0.578314986132459,2.90832348024661,0,0
0.271,-1.11761461297822,1.64906633619774,-7.33942768913192,-0.454232597934353,3.36891694923279,1.06636686767936,0.185304901209432,5.63615187072722,-2.81865063024016,2.5192416373454,2.52691093243422,-0.90314451570101,1.46464358656259,-6.48206820267031,-0.642487879960832,2.92371466428703,0,0
0.272,-1.12494555926548,1.64853399744033,-7.33094628726077,-0.532338757417833,3.38689692282682,1.0720035189532,0.182514194390651,5.63665127383829,-2.79070681878141,2.52704560125642,2.53467528042337,-0.909632591599244,1.46393632654365,-6.48807589823441,-0.707260018941924,2.93920350044909,0,0
0.273,-1.13226729140255,1.64792285815966,-7.32173213706463,-0.611139280666885,3.40497809332298,1.0776405188832,0.179751611445904,5.63699993000019,-2.76258294474687,2.53480751374499,2.5423964488669,-0.916126314102421,1.46316369552909,-6.49372250317664,-0.772631014553597,2.95479074438787,0,0
0.274,-1.13957906926332,1.64723222509374,-7.31177786077167,-0.690633065914326,3.42315990854913,1.08327771791992,0.177017325657016,5.63719903671741,-2.73428578888792,2.54252624487648,2.55007330827503,-0.922625317797334,1.46232509509501,-6.49900369491283,-0.83860043408363,2.97047711114002,0,0
0.275,-1.14688014543621,1.64646140611395,-7.30107617288504,-0.770818979790362,3.44144172800406,1.08891496771312,0.174311503518169,5.63724979320247,-2.70582213884682,2.55020066677178,2.55770473181287,-0.929129232947884,1.4614199272944,-6.50391515055009,-0.90516780060541,2.98626327350171,0,0
0.276,-1.15416976532116,1.64560971025402,-7.2896198849576,-0.851695859931469,3.45982282179869,1.0945521211128,0.171634304732653,5.63715339968146,-2.67719878551641,2.55782965418418,2.56528959586517,-0.935637685496462,1.46044759470144,-6.50845254857826,-0.972332592967736,3.00214986040908,0,0
0.277,-1.16144716723151,1.6446764477363,-7.27740191034935,-0.933262517721212,3.47830236968638,1.10018903216952,0.168985882213183,5.63691105671903,-2.64842251946964,2.56541208506122,2.57282678058675,-0.942150297067065,1.45940750045564,-6.51261157060349,-1.04009424579871,3.01813745532306,0,0
0.278,-1.16871158250047,1.64366092999514,-7.26441526896132,-1.01551774116522,3.4968794601849,1.10582555613409,0.166366382085722,5.63652396456314,-2.61950012746142,2.57294684109318,2.58031517043835,-0.94866668497019,1.45829904830611,-6.51638790312424,-1.10845214952362,3.03422659462027,0,0
0.279,-1.17596223559241,1.64256246969723,-7.25065309193961,-1.09846029790252,3.51555308979208,1.1114615494566,0.163775943696717,5.6359933225099,-2.5904383890046,2.5804328082481,2.58775365470784,-0.95518646220954,1.45712164265572,-6.51977723934982,-1.17740565039671,3.05041776599178,0,0
0.28,-1.18319834421876,1.64138038075888,-7.23610862634313,-1.18208893835539,3.53432216229712,1.11709686978488,0.161214699623695,5.63532032828871,-2.56124407302196,2.58786887728983,2.59514112801656,-0.961709237490601,1.45587468860517,-6.52277528106161,-1.24695405054658,3.06671140685175,0,0
0.281,-1.19041911945853,1.64011397835986,-7.22077523976835,-1.26640239901978,3.55318548818952,1.12273137596235,0.158682775689119,5.63450617746794,-2.53192393457593,2.59525394428317,2.60247649081065,-0.968234615231118,1.45455759199713,-6.52537774051713,-1.31709660803511,3.08310790275753,0,0
0.282,-1.19762376588345,1.63876257895396,-7.20464642492442,-1.35139940589845,3.57214178416698,1.12836492802523,0.156180290977442,5.63355206288118,-2.50248471167723,2.60258691108414,2.60975864983737,-0.974762195573515,1.45316975946021,-6.52758034239709,-1.38783253692948,3.09960758584325,0,0
0.283,-1.2048114816876,1.63732550027588,-7.18771580415168,-1.43707867807864,3.59118967274396,1.13399738719931,0.153707357855268,5.63245917407426,-2.47293312217373,2.60986668581317,2.61698651860633,-0.981291574399311,1.45171059845282,-6.52937882579538,-1.45916100738692,3.11621073326878,0,0
0.284,-1.21198145882148,1.63580206134442,-7.16997713387664,-1.52343893145642,3.61032768196194,1.13962861589608,0.151264081994548,5.63122869677295,-2.44327586072047,2.61709218331677,2.62415901783558,-0.987822343345563,1.45017951730707,-6.53076894625226,-1.53108114575191,3.13291756568572,0,0
0.285,-1.21913288313047,1.63419158246182,-7.15142430899629,-1.61047888260932,3.62955424520248,1.14525847770845,0.148850562398716,5.62986181237139,-2.41351959583154,2.62426232561117,2.63127507588271,-0.994354089823394,1.4485759252724,-6.53174647783066,-1.60359203466503,3.1497282457225,0,0
0.286,-1.22626493449766,1.632493385209,-7.13205136718442,-1.69819725281921,3.64886770110388,1.15088683740589,0.146466891431701,5.62835969744117,-2.38367096701461,2.63137604231186,2.63833362916086,-1.00088639703863,1.44689923255922,-6.53230721523564,-1.67669271318315,3.16664287649037,0,0
0.287,-1.23337678699077,1.63070679243675,-7.11185249311285,-1.78659277224706,3.668266293582,1.15651356092915,0.144113154849713,5.62672352326087,-2.3537365819882,2.63843227105031,2.64533362253989,-1.00741884401461,1.44514885038231,-6.53244697597706,-1.75038217691009,3.18366150011202,0,0
0.288,-1.24046760901335,1.62883112825249,-7.09082202258003,-1.87566418426106,3.68774817195569,1.16213851538452,0.141789431835731,5.62495445536602,-2.32372301398227,2.64542995787119,2.65227400973264,-1.01395100561718,1.44332419100417,-6.53216160257534,-1.82465937813696,3.20078409627489,0,0
0.289,-1.24753656345989,1.62686571800257,-7.06895444653948,-1.9654102499199,3.70731139117689,1.16776156903764,0.139495795036609,5.62305365311919,-2.29363679912193,2.65236805762086,2.65915375366662,-1.02048245258199,1.44142466777818,-6.53144696481043,-1.89952322599136,3.21801058081082,0,0
0.29,-1.25458280787491,1.62480988824996,-7.04624441502081,-2.05582975261226,3.72695391216547,1.17338259130694,0.137232310602715,5.62102226929999,-2.26348443389433,2.65924553431557,2.66597182684108,-1.02701275154401,1.43944969519159,-6.53029896201369,-1.97497258659451,3.23534080430394,0,0
0.291,-1.26160549461585,1.6226629667471,-7.02268674093544,-2.14692150285408,3.74667360224837,1.17900145275665,0.134999038230016,5.61886144971478,-2.23327237269839,2.6660613614994,2.67272721166978,-1.03354146506941,1.43739868890836,-6.52871352540285,-2.05100628322491,3.25277455072852,0,0
0.292,-1.26860377101961,1.62042428240386,-6.99827640375968,-2.23868434324468,3.76646823570258,1.18461802508948,0.132796031204539,5.61657233282564,-2.20300702547717,2.67281452258573,2.6794189008097,-1.04006815168987,1.43527106581187,-6.52668662045978,-2.12762309648765,3.27031153611872,0,0
0.293,-1.27557677957269,1.61809316525027,-6.97300855308733,-2.33111715358279,3.78633549440131,1.19023218113888,0.130623336449107,5.61415604939844,-2.17269475543209,2.67950401118551,2.68604589747569,-1.04659236593922,1.43306624404739,-6.52421424935091,-2.20482176448769,3.28795140727175,0,0
0.294,-1.28252365808474,1.61566894639413,-6.94687851204443,-2.42421885614342,3.80627296856216,1.19584379486105,0.128480994572288,5.61161372216951,-2.14234187681869,2.68612883142223,2.69260721574156,-1.05311365839261,1.43078364306438,-6.52129245339035,-2.28260098300583,3.30569374048639,0,0
0.295,-1.2894435398653,1.61315095797302,-6.91988178055832,-2.51798842111641,3.82627815759621,1.20145274132658,0.126369039919466,5.60894646553061,-2.11195465282294,2.6926879982306,2.69910188082765,-1.05963157570816,1.4284226836587,-6.51791731554531,-2.36095940567551,3.32353804033841,0,0
0.296,-1.29633555390377,1.61053853310081,-6.89201403847362,-2.61242487220717,3.84634847105663,1.20705889671181,0.124287500625948,5.60615538523172,-2.08153929351732,2.69918053764698,2.70552892937528,-1.06614566067114,1.42598278801455,-6.5140849629838,-2.43989564415875,3.34148373849462,0,0
0.297,-1.30319882505228,1.60783100580841,-6.86327114850752,-2.70752729240017,3.86648122968494,1.21266213828991,0.122236398672052,5.60324157810127,-2.05110195389582,2.7056054870803,2.71188740970827,-1.0726554522408,1.42346337974623,-6.50979156966437,-2.51940826831916,3.35953019256714,0,0
0.298,-1.31003247421131,1.60502771097852,-6.83364915903704,-2.80329482988553,3.88667366655313,1.21826234442169,0.120215749940066,5.60020613178341,-2.02064873198665,2.7119618955758,2.71817638208182,-1.07916048559977,1.42086388393984,-6.50503335896757,-2.59949580638986,3.3776766850095,0,0
0.299,-1.31683561851803,1.60212798427437,-6.80314430671072,-2.89972670414868,3.90692292829956,1.22385939454619,0.118225564273024,5.59705012449169,-1.99018566704168,2.71824882406404,2.72439491891915,-1.08566029220614,1.4181837271947,-6.49980660636914,-2.68015674513401,3.39592242205608,0,0
0.3,-1.3236073715369,1.59913116206215,-6.77175301887781,-2.99682221222315,3.92722607645601,1.22945316917096,0.116265845535223,5.59377462477885,-1.95971873780137,2.72446534559495,2.73054210503596,-1.09215439984829,1.41542233766471,-6.49410764215447,-2.76138952999524,3.41426653270643,0,0
0.301,-1.33034684345273,1.59603658132704,-6.73947191582754,-3.09458073510612,3.94758008886359,1.23504354986229,0.114336591674389,5.59038069132217,-1.92925386083388,2.73061054556655,2.7366170378533,-1.09864233270247,1.41257914509947,-6.48793285417413,-2.84319256523533,3.43270806775586,0,0
0.302,-1.33705314126556,1.59284357958271,-6.7062978128318,-3.19300174433633,3.96798186117435,1.24063041923501,0.112437794785442,5.5868693727238,-1.89879688894711,2.73668352193424,2.74261882759896,-1.10512361139311,1.40965358088542,-6.48127869064039,-2.9255642140561,3.45124599887378,0,0
0.303,-1.34372536898755,1.58955149477397,-6.67222772198428,-3.29208480873354,3.98842820843582,1.24621366094234,0.110569441175769,5.58324170732572,-1.86835360967229,2.74268338541459,2.7485465974977,-1.11159775305607,1.40664507808671,-6.47414166296427,-3.00850279870225,3.46987921773104,0,0
0.304,-1.35036262784138,1.58615966517268,-6.63725885382969,-3.39182960129854,4.00891586675499,1.25179315966538,0.108731511431952,5.57949872303871,-1.8379297438177,2.74860925967593,2.75439948395075,-1.11806427140471,1.40355307148617,-6.46651834863299,-3.09200660054162,3.48860653517769,0,0
0.305,-1.35696401646015,1.5826674292664,-6.60138861877663,-3.49223590627258,4.02944149503828,1.25736880110256,0.106923980487861,5.5756414371848,-1.807530944091,2.75446028151767,2.7601766367048,-1.12452267679883,1.40037699762605,-6.45840539412754,-3.17607386011923,3.50742668047226,0,0
0.306,-1.36352863108844,1.57907412564005,-6.56461462828811,-3.59330362635461,4.05000167680388,1.26294047195891,0.105146817694072,5.57167085635284,-1.77716279378889,2.76023560103992,2.76587721901079,-1.13097247631671,1.39711629484887,-6.44979951788017,-3.26070277718095,3.5263383005639,0,0
0.307,-1.37005556578429,1.57537909284997,-6.52693469584404,-3.69503279007451,4.07059292206239,1.26850805993518,0.10339998688852,5.56758797626643,-1.74683080555228,2.76593438180346,2.77150040777283,-1.13741317382999,1.39377040333821,-6.44069751327158,-3.34589151066251,3.54533995942836,0,0
0.308,-1.37654391262196,1.57158166929065,-6.4883468376701,-3.79742355932024,4.09121166926176,1.27407145371684,0.101683446468334,5.56339378166392,-1.71654042018582,2.77155580097846,2.77704539368761,-1.14384427008165,1.39033876515957,-6.43109625166753,-3.43163817863926,3.56443013745896,0,0
0.309,-1.38299276189518,1.56768119305364,-6.4488492732281,-3.90047623701629,4.11185428729207,1.27963054296303,0.0999971494627938,5.5590892461899,-1.6862970055399,2.77709904948505,2.78251138137449,-1.15026526276715,1.38682082430134,-6.42099268549481,-3.51794085823164,3.58360723091352,0,0
0.31,-1.38940120232065,1.56367700177869,-6.40844042546289,-4.00419127495075,4.13251707754576,1.28518521829533,0.0983410436073399,5.55467533229758,-1.65610585545385,2.78256333212487,2.78789758949672,-1.1566756466185,1.38321602671588,-6.41038385135637,-3.60479758546111,3.60286955141826,0,0
0.311,-1.39576832124145,1.55956843249694,-6.36711892080186,-4.10856928174766,4.15319627602854,1.29073537128649,0.0967150714185813,5.55015299116172,-1.62597218875861,2.78794786770158,2.79320325087387,-1.16307491349169,1.37952382036083,-6.39926687318547,-3.69220635505096,3.62221532552935,0,0
0.312,-1.40209320483035,1.55535482146596,-6.32488358890282,-4.21361103098093,4.173888055516,1.29628089444909,0.0951191702702439,5.54552316260149,-1.59590114833747,2.79325188913533,2.79842761258606,-1.16946255245713,1.37574365524066,-6.38763896543881,-3.78016512016576,3.64164269435319,0,0
0.313,-1.4083749382925,1.55103550399653,-6.28173346214719,-4.31931746942584,4.19458852775105,1.30182168122411,0.0935532724700006,5.54078677501283,-1.56589780024322,2.79847464356825,2.80356993607002,-1.17583804989346,1.37187498344858,-6.37549743632861,-3.86867179208326,3.66114971322593,0,0
0.314,-1.41461260606737,1.54660981427109,-6.23766777487555,-4.42568972544346,4.21529374567678,1.30735762596942,0.0920173053371304,5.53594474530988,-1.53596713287028,2.80361539245901,2.80862949720734,-1.18220088958455,1.36791725920879,-6.36283969109372,-3.95772423979181,3.68073435145306,0,0
0.315,-1.42080529202974,1.5420770851536,-6.19268596236323,-4.53272911749287,4.23599970569943,1.31288862394829,0.0905111912809501,5.53099797887494,-1.50611405618022,2.8086734116765,2.81360558640526,-1.18855055281986,1.36386993891928,-6.34966323530964,-4.04732028950599,3.70039449210954,0,0
0.316,-1.42695207968927,1.53743664799083,-6.14678765953429,-4.64043716276547,4.25670234997591,1.31841457131781,0.0890348478799709,5.52594736951649,-1.47634340097926,2.81364799157593,2.81849750867017,-1.1948865184981,1.35973248119519,-6.33596567823799,-4.13745772409286,3.72012793190118,0,0
0.317,-1.43305205238868,1.5326878324049,-6.09997269941287,-4.74881558593513,4.27739756872014,1.32393536511724,0.0875881879617246,5.52079379943502,-1.44665991824622,2.8185384370794,2.82330458367411,-1.20120826323431,1.35550434691279,-6.32174473621523,-4.22813428240054,3.73993238108753,0,0
0.318,-1.4391042935,1.52782996607688,-6.05224111131141,-4.8578663280173,4.29808120252254,1.32945090325644,0.0861711196832152,5.51553813919594,-1.41706827850948,2.8233440677386,2.82802614581454,-1.20751526147039,1.35118499925431,-6.30699823608131,-4.31934765848053,3.75980546346692,0,0
0.319,-1.44510788661875,1.52286237452155,-6.00359311875618,-4.96759155532925,4.31874904467652,1.33496108450415,0.0847835466119436,5.51018124770946,-1.3875730712716,2.82806421779834,2.83266154426761,-1.21380698558904,1.34677390375361,-6.29172411864845,-4.41109550069453,3.7797447164238,0,0
0.32,-1.4510619157559,1.51778438085301,-5.95402913715116,-5.07799366854315,4.33939684350603,1.34046580847637,0.0834253678074635,5.50472397221684,-1.35817880448009,2.83269823624991,2.83721014303516,-1.22008290603125,1.34227052834291,-6.27592044221067,-4.50337541069612,3.79974759103869,0,0
0.321,-1.45696546552709,1.51259530554118,-5.90354977118214,-5.18907531182269,4.36002030468807,1.34596497562465,0.0820964779034204,5.49916714828273,-1.32888990404307,2.83724548688032,2.84167132098568,-1.22634249141735,1.33767434340064,-6.25958538609469,-4.59618494227696,3.81981145226111,0,0
0.322,-1.46281762133905,1.50729446615915,-5.85215581196384,-5.30083938203308,4.38061509356375,1.35145848722444,0.0807967671900319,5.49351159979315,-1.29971071338848,2.8417053483128,2.84604447188946,-1.2325852086716,1.33298482180057,-6.24271725425294,-4.68952160006664,3.83993357914534,0,0
0.323,-1.46861746957298,1.50188117712114,-5.79984823393375,-5.41328903801321,4.40117683743168,1.3569462453634,0.0795261216969664,5.48775813895887,-1.27064549306551,2.84607721404499,2.85032900444811,-1.2388105231505,1.3282014389625,-6.22531447889962,-4.78338283807487,3.86011116514939,0,0
0.324,-1.47436409776448,1.49635474941124,-5.74662819149716,-5.52642770989782,4.42170112781728,1.36242815292972,0.0782844232765793,5.48190756632371,-1.24169842038706,2.85036049247764,2.85452434231874,-1.24501789877469,1.32332367290443,-6.20737562419076,-4.87776605806372,3.88034131849696,0,0
0.325,-1.48005659477991,1.49071449030276,-5.69249701542922,-5.64025910847618,4.44218352271157,1.3679041136005,0.0770715496874674,5.47596067077763,-1.21287358911196,2.85455460694187,2.85862992413281,-1.25120679816464,1.3183510042967,-6.18889938994963,-4.97266860773737,3.90062106260255,0,0
0.326,-1.48569405098895,1.48495970306819,-5.63745620904061,-5.7547872345727,4.46261954877278,1.37337403183008,0.0758873746783016,5.46991822957408,-1.18417500916579,2.85865899571835,2.86264520351008,-1.25737668278008,1.31328291651796,-6.16988461543875,-5.06808777873582,3.92094733655947,0,0
0.327,-1.49127555843306,1.47908968667976,-5.58150744411468,-5.87001638843321,4.48300470348453,1.37883781283843,0.0747317680719024,5.46378100835149,-1.15560660639919,2.86267311205211,2.86656964906766,-1.26352701306326,1.30811889571354,-6.15033028318005,-5.16402080441852,3.94131699569071,0,0
0.328,-1.49680021098969,1.47310373550066,-5.52465255662529,-5.98595117909954,4.50333445726381,1.38429536259959,0.0736045958495198,5.45754976115859,-1.12717222238255,2.86659642416359,2.87040274442429,-1.26965724858609,1.30285843085612,-6.13023552282501,-5.26046485742307,3.96172681216242,0,0
0.329,-1.50226710453193,1.4670011389669,-5.46689354224547,-6.10259653375286,4.52360425551225,1.38974658783007,0.0725057202352838,5.45122523048325,-1.09887561423601,2.87042841525412,2.87414398820027,-1.27576684820116,1.29750101380913,-6.10959961507665,-5.35741704698335,3.98217347565976,0,0
0.33,-1.50767533708359,1.4607811812599,-5.40823255165886,-6.21995770700476,4.54380952060432,1.39519139597735,0.0714349997807901,5.44480814728465,-1.07072045449372,2.87416858350586,2.87779289401286,-1.28185527019683,1.29204613939314,-6.08842199566559,-5.45487441599081,4.00265359412493,0,0
0.331,-1.51302400896928,1.45444314096979,-5.3486718856868,-6.33804029011308,4.56394565380567,1.40062969520838,0.0703922894497886,5.43829923102856,-1.04271033100152,2.87781644208013,2.88134899046755,-1.28792197245621,1.28649330545536,-6.06670225938246,-5.55283393778162,4.02316369455689,0,0
0.332,-1.51831222295953,1.44798629074969,-5.28821399024606,-6.45685022009689,4.58400803711548,1.40606139439811,0.0693774407029416,5.43169918972545,-1.01484874684693,2.8813715191088,2.88481182114521,-1.29396641262038,1.28084201294273,-6.04444016416951,-5.65129251263171,4.04370022387258,0,0
0.333,-1.52353908441068,1.44140989696097,-5.22686145115333,-6.57639378872318,4.60399203502622,1.41148640311808,0.068390301582621,5.42500871997139,-0.987139120320651,2.88483335768274,2.88818094458525,-1.29998804825565,1.27509176597879,-6.02163563527406,-5.75024696394096,4.06425954982915,0,0
0.334,-1.52870370139947,1.43471321930963,-5.16461698879445,-6.69667765133466,4.62389299619456,1.41690463162507,0.0674307167977123,5.41822850699135,-0.95958478490874,2.88820151583647,2.89145593426496,-1.30598633702512,1.2692420719447,-5.99828876946715,-5.84969403408654,4.08483796200693,0,0
0.335,-1.53380518485215,1.42789551047415,-5.10148345267854,-6.81770883548557,4.64370625501737,1.42231599084976,0.0664985278083977,5.41135922468491,-0.932188989314534,2.89147556652842,2.89463637857516,-1.31196073686445,1.26329244156478,-5.97439983933068,-5.94963037992505,4.1054316728525,0,0
0.336,-1.53884264866805,1.4209560157248,-5.03746381589855,-6.93949474934897,4.66342713310666,1.42772039238543,0.065593572910888,5.40440153567415,-0.904954897509675,2.89465509761816,2.89772188079218,-1.31791070616207,1.25724238899686,-5.94996929761691,-6.05005256792164,4.12603681878169,0,0
0.337,-1.54381520983757,1.41389397253494,-4.97256116952238,-7.06204318985559,4.6830509406575,1.43311774847678,0.0647156873220747,5.39735609135362,-0.87788558881338,2.89773971183851,2.9007120590463,-1.32383570394375,1.25109143192797,-5.92499778168419,-6.15095706888372,4.14664946134193,0,0
0.338,-1.54872198855451,1.40670861018442,-4.90677871694072,-7.18536235052048,4.70257297770337,1.43850797200873,0.0638647032640753,5.39022353194224,-0.850984057999321,2.90072902676687,2.90360654628686,-1.32973519006177,1.2448390916757,-5.89948611801336,-6.25234025227572,4.1672655884335,0,0
0.339,-1.55356210832271,1.39939914935551,-4.84011976820003,-7.30946082890948,4.7219885352533,1.44389097649526,0.0630404500486459,5.38300448653701,-0.824253215429387,2.90362267478911,2.90640499024393,-1.33560862538858,1.23848489329561,-5.87343532680948,-6.35419838009045,4.18788111558942,0,0
0.34,-1.55833469605707,1.39196480172182,-4.77258773435207,-7.43434763369296,4.74129289630551,1.44926667606843,0.0622427541614322,5.37569957316849,-0.797695887213737,2.90642030306448,2.90910705338677,-1.34145547201527,1.23202836569535,-5.84684662669386,-6.4565276002515,4.20849188731345,0,0
0.341,-1.56303888217892,1.38440476953059,-4.70418612185359,-7.56003219122912,4.76048133673269,1.45463498546729,0.0614714393460357,5.36830939885791,-0.771314815396489,2.90912157348403,2.91171241287913,-1.34727519345476,1.22546904175583,-5.81972143949161,-6.55932393952029,4.22909367847588,0,0
0.342,-1.56767380070597,1.37671824517898,-4.63491852705317,-7.68652435161359,4.77954912603399,1.45999582002696,0.0607263266878692,5.36083455967588,-0.745112658166507,2.91172616262703,2.91422076053142,-1.35306725484988,1.21880645845995,-5.79206139512069,-6.66258329588009,4.24968219576684,0,0
0.343,-1.57223858933678,1.36890441078485,-4.56478863080526,-7.81383439412614,4.79849152794961,1.46534909566777,0.0600072346977765,5.35327564080263,-0.719091990092718,2.91423376171432,2.91663180274981,-1.35883112318647,1.21204015702959,-5.76386833658807,-6.76630143036859,4.27025307920682,0,0
0.344,-1.57673238953003,1.36096243775285,-4.49380019325476,-7.94197303199829,4.81730380093374,1.47069472888436,0.0593139793953931,5.34563321658964,-0.693255302383438,2.91664407655822,2.91894526048245,-1.36456626751157,1.20516968307126,-5.73514432509977,-6.87047395832925,4.29080190371417,0,0
0.345,-1.58115434657887,1.35289148633643,-4.4219570488393,-8.07095141641842,4.8359811984825,1.47603263673498,0.0586463743922238,5.33790785062281,-0.667605003169237,2.91895682751038,2.92116086916264,-1.37027215915686,1.19819458673121,-5.70589164529123,-6.97509634005092,4.31132418072951,0,0
0.346,-1.58550360968043,1.34469070519675,-4.34926310156036,-8.20078113968307,4.85451896931378,1.48136273683077,0.058004230974415,5.33010009578693,-0.642143417808854,2.92117174940497,2.92327837864921,-1.37594827196745,1.19111442286044,-5.67611281058523,-7.08016387076394,4.33181535989695,0,0
0.347,-1.58977933200101,1.33635923095936,-4.27572232057853,-8.33147423739384,4.87291235739623,1.4866849473251,0.0573873581851972,5.32221049433163,-0.616872789217732,2.92328859150006,2.92529755316413,-1.38159408253613,1.18392875119048,-5.64581056868483,-7.18567166996007,4.35227083080215,0,0
0.348,-1.59398067073721,1.32789618776977,-4.20133873619311,-8.46304318958995,4.89115660182581,1.49199918690304,0.0567955629069785,5.31423957793858,-0.591795278218755,2.92530711741736,2.9272181712272,-1.38720907044334,1.17663713652048,-5.61498790720898,-7.29161467000252,4.37268592476741,0,0
0.349,-1.59810678717348,1.31930068684907,-4.12611643627088,-8.59550092069567,4.90924693654821,1.49730537477083,0.0562286499430637,5.30618786779013,-0.566912963914788,2.92722710507595,2.92904002558816,-1.39279271850282,1.16923914891649,-5.58364805947911,-7.39798760399144,4.39305591670396,0,0
0.35,-1.60215684673667,1.31057182605092,-4.05005956319466,-8.72886079815029,4.92717858992699,1.50260343064547,0.0556864220989811,5.29805587463926,-0.542227844082639,2.92904834662657,2.93076292315606,-1.39834451301328,1.16173436392364,-5.55179451046492,-7.50478499284918,4.41337602702203,0,0
0.351,-1.60613001904808,1.30170868942134,-3.97317231140811,-8.8631366295753,4.94494678415738,1.50789327474435,0.055168680263393,5.28984409888096,-0.517741835588095,2.93077064838146,2.93238668492591,-1.40386394401618,1.15412236279205,-5.51943100289836,-7.612001131589,4.43364142359901,0,0
0.352,-1.61002547797372,1.29271034676303,-3.89545892563923,-8.9983426583196,4.96254673452714,1.51317482777497,0.0546752234885713,5.2815530306249,-0.493456774821668,2.93239383074122,2.93391114590286,-1.40935050555975,1.14640273271732,-5.48656154356467,-7.71963007472973,4.4538472238065,0,0
0.353,-1.61384240167361,1.28357585320582,-3.81692369989255,-9.13449355720828,4.97997364852667,1.51844801092474,0.0542058490704166,5.27318314976959,-0.469374418154753,2.93391772812078,2.93533615502363,-1.41480369596953,1.1385750670965,-5.45319040977985,-7.82766562081838,4.47398849659722,0,0
0.354,-1.61757997265092,1.27430424878551,-3.73757097730695,-9.27160442030345,4.9972227248116,1.52371274585082,0.0537603526280007,5.26473492607795,-0.445496442415858,2.93534218887014,2.93666157507552,-1.42022301812559,1.13063896580048,-5.41932215606405,-7.93610129602207,4.49406026465258,0,0
0.355,-1.6212373778019,1.26489455803305,-3.65740515098443,-9.40969075246758,5.01428915202266,1.52896895467007,0.0533385281826141,5.25620881925425,-0.421824445386622,2.93666707519541,2.93788728261285,-1.42560797974661,1.12259403546373,-5.38496162102065,-8.04493033674985,4.51405750659235,0,0
0.356,-1.62481380846781,1.25534578957655,-3.57643066590401,-9.54876845649961,5.03116810746868,1.5342165599491,0.0529401682362967,5.24760527902272,-0.398359946317328,2.93789226307556,2.93901316787086,-1.43095809368104,1.11443988979246,-5.35011393443085,-8.15414567126474,4.53397515924784,0,0
0.357,-1.62830846048985,1.24565693575895,-3.49465202204434,-9.68885381759219,5.0478547556805,1.5394554846943,0.0525650638498351,5.23892474520746,-0.375104386461618,2.93901764217607,2.94003913467721,-1.43627287820562,1.10617614989222,-5.31478452457375,-8.26373990024602,4.55380812000016,0,0
0.358,-1.6317205342687,1.23582697227412,-3.41207377884904,-9.82996348483475,5.06434424684499,1.54468565234212,0.052213004720205,5.23016764781415,-0.352059129630163,2.94004311576223,2.94096510036099,-1.4415518573314,1.09780244461596,-5.27897912578186,-8.37370527626147,4.57355124918557,0,0
0.359,-1.63504923482988,1.22585485782466,-3.32870056118016,-9.97211444946069,5.08063171513052,1.54990698674923,0.051883779257442,5.22133440711321,-0.329225462762997,2.94096860060794,2.94179099565933,-1.44679456111764,1.08931841093385,-5.24270378624207,-8.48403368210967,4.59319937256998,0,0
0.36,-1.6382937718968,1.21573953380515,-3.24453706691696,-10.1153240195093,5.09671227691749,1.55511941218296,0.0515771746609217,5.21242543372466,-0.306604596520268,2.94179402690305,2.94251676462163,-1.45200052599369,1.08072369432585,-5.20596487605188,-8.59471660799232,4.61274728389505,0,0
0.361,-1.64145335997317,1.20547992401461,-3.15958807637082,-10.2596097905415,5.1125810289496,1.56032285331166,0.0512929769950305,5.20344112870472,-0.284197665891158,2.94251933815815,2.94314236451134,-1.45716929508923,1.07201794919838,-5.16876909554055,-8.70574512747742,4.63218974749848,0,0
0.362,-1.64452721843687,1.19507493440259,-3.07385846370108,-10.4049896120159,5.12823304642465,1.56551723519529,0.0510309712642098,5.19438188363409,-0.262005730820702,2.94314449110675,2.94366776570554,-1.4623004185731,1.06320083932616,-5.13112348386447,-8.81710987221473,4.6515215010114,0,0
0.363,-1.6475145716474,1.1845234528537,-2.98735321053183,-10.5514815488941,5.1436633810463,1.570702483276,0.0507909414873556,5.18524808070813,-0.240029776854269,2.94366945560555,2.94409295159199,-1.46739345400098,1.0542720383208,-5.09303542788577,-8.92880100536606,4.67073725813616,0,0
0.364,-1.65041464906939,1.17382434901569,-2.90007742198681,-10.6991038380069,5.15886705906185,1.57587852336883,0.0505726707715561,5.17604009282871,-0.218270715799454,2.94409421453115,2.94441791846411,-1.47244796667232,1.04523123012708,-5.05451267134241,-9.04080819371454,4.6898317115078,0,0
0.365,-1.65322668541476,1.16297647417702,-2.81203634537686,-10.847874838668,5.1738390793146,1.58104528165253,0.050375941385151,5.16675828369817,-0.196729386405131,2.94441876367653,2.94464267541346,-1.47746352999664,1.03607810954866,-5.01556332431762,-9.15312057841865,4.70879953564305,0,0
0.366,-1.65594992080656,1.15197866120004,-2.72323539179394,-10.9978129769789,5.18857441134355,1.58620268466044,0.0502005348300936,5.157403007915,-0.175406555057406,2.94464311164306,2.94476724422016,-1.48243972586966,1.02681238280428,-4.97619587301551,-9.26572674437925,4.72763538998086,0,0
0.367,-1.65858360096744,1.14082972451683,-2.63368016088637,-11.1489366832152,5.20306799356782,1.59135065927152,0.0500462319136013,5.14797461107167,-0.154302916492246,2.94476727973133,2.94479165924093,-1.48737614505951,1.01743376811609,-4.93641918984862,-9.37861468819053,4.74633392201864,0,0
0.368,-1.66112697743656,1.12952846019519,-2.54337646911195,-11.3012643216374,5.21731473159804,1.59648913270137,0.0499128128190768,5.13847342985438,-0.133419094524486,2.94479130182998,2.94471596729502,-1.49227238760335,1.00794199633144,-4.89624254384227,-9.49177178464909,4.76488977054888,0,0
0.369,-1.66357930781835,1.11807364608319,-2.45233038178929,-11.454814112005,5.23130949672294,1.60161803249352,0.0498000571762839,5.1288997921449,-0.112755642793001,2.94471522430126,2.94454022754796,-1.49712806321471,0.998336811579645,-4.85567561135885,-9.6051847517994,4.78329756900078,0,0
0.37,-1.66593985606764,1.10646404204117,-2.36054824929285,-11.6096040420186,5.24504712462511,1.60673728651064,0.0497077441307621,5.11925401712455,-0.0923130455217364,2.94453910586536,2.94426451139307,-1.50194279170185,0.988617971965147,-4.81472848714376,-9.71883961449819,4.80155194889193,0,0
0.371,-1.6682078928154,1.09469839027132,-2.26803674776394,-11.7656517698454,5.25852241438706,1.61184682292602,0.0496356524124658,5.10953641538029,-0.0720917182963601,2.94426301748212,2.94388890233099,-1.50671620339754,0.978785250298661,-4.77341169569281,-9.83272166648575,4.81964754339526,0,0
0.372,-1.67038269574014,1.08277541575551,-2.17480292473803,-11.9229745158165,5.27173012785623,1.61694657021503,0.0495835604036095,5.09974728901297,-0.052092008856239,2.94388704223081,2.943413495847,-1.51144793960048,0.968838434867703,-4.73173620293866,-9.94681543095825,4.83757899102658,0,0
0.373,-1.67246354999026,1.07069382681319,-2.0808542501186,-12.0815889423121,5.28466498944572,1.62203645714678,0.049551246205708,5.08988693174783,-0.0323141979014685,2.9434112751875,2.94283839928637,-1.51613765302873,0.958777330248061,-4.68971342825151,-10.0611046196417,4.85534093945824,0,0
0.374,-1.67444974866322,1.05845231579242,-1.98619867295874,-12.2415110207724,5.29732168645662,1.62711641277583,0.0495384877057934,5.0799556290472,-0.0127584999146609,2.94283582330059,2.9421637317276,-1.52078500828548,0.948601758157685,-4.64735525674658,-10.1755720903764,4.8729280494644,0,0
0.375,-1.67634059334776,1.04604955990773,-1.89084468454411,-12.402755884694,5.30969487001803,1.63218636643405,0.0495450626417962,5.06995365822547,0.00657493600280284,2.94216080526395,2.94138962385373,-1.52538968233737,0.938311558354456,-4.60467405188772,-10.2901998032292,4.89033499900368,0,0
0.376,-1.67813539473607,1.03348422224034,-1.79480138830409,-12.5653376673883,5.32177915675122,1.63724624772262,0.0495707486670766,5.05988128856636,0.0256860252803659,2.94138635138871,2.94051621782168,-1.52995136500574,0.927906589579295,-4.56168266837306,-10.4049687751611,4.90755648744462,0,0
0.377,-1.67983347331318,1.02075495291715,-1.6980785771123,-12.7292693231914,5.3335691312765,1.64229598650406,0.0496153234140906,5.04973878144244,0.0445747470140462,2.94051260347289,2.93954366712963,-1.53446975947103,0.917386730546007,-4.51839446528484,-10.5198590332881,4.9245872399395,0,0
0.378,-1.68143416013175,1.00786039048642,-1.60068681857198,-12.8945624307308,5.34505934969393,1.6473355128945,0.0496785645571793,5.03952639043702,0.0632411430886685,2.93953971466786,2.93847213648258,-1.53894458279051,0.90675188097922,-4.47482331948141,-10.6348495667863,4.94142201195196,0,0
0.379,-1.68293679768067,0.994799163509653,-1.50263754891599,-13.0612269767642,5.35624434418266,1.65236475725597,0.0497602498744662,5.0292443614683,0.0816853172869105,2.9384678493442,2.93730180165601,-1.54337556642971,0.896001962701716,-4.43098363920435,-10.7499182775048,4.95805559394323,0,0
0.38,-1.68434074085685,0.981569892390632,-1.40394317618507,-13.2292711190202,5.36711862887842,1.65738365018888,0.0498601573088517,5.01889293291587,0.0999074343855075,2.93729718295708,2.93603284935773,-1.54776245680758,0.88513692077235,-4.38689037786916,-10.8650419293656,4.9744828162219,0,0
0.381,-1.68564535805023,0.968171191464245,-1.30461719337973,-13.3987009263869,5.37767670720408,1.66239212252463,0.0499780650280907,5.00847233574954,0.117907719238964,2.93602790190497,2.93466547708805,-1.55210501585558,0.874156724675703,-4.34255904800167,-10.9801960966468,4.99069855396121,0,0
0.382,-1.68685003235254,0.954601671369531,-1.20467430231091,-13.5695200947144,5.38791308084484,1.66739010531829,0.0501137514839418,4.99798279366046,0.135686455851139,2.93466020339303,2.93319989299814,-1.55640302159086,0.863061369564443,-4.29800573527683,-11.0953551112597,5.00669773238768,0,0
0.383,-1.68795416290144,0.940859941733106,-1.10413054890028,-13.7417296364252,5.39782226057666,1.67237752984149,0.0502669954703769,4.98742452319454,0.15324398643507,2.93319429528855,2.93163631574676,-1.56065626870347,0.851850877555288,-4.25324711260955,-11.2104920091556,5.02247533214363,0,0
0.384,-1.68895716637214,0.926944614191039,-1.00300347070155,-13.9153275420672,5.40739877917429,1.67735432757538,0.0504375761808383,4.97679773388825,0.170580710461427,2.93163039598014,2.92997497435535,-1.56486456915771,0.840525299079274,-4.20830045424027,-11.3255784760139,5.03802639482578,0,0
0.385,-1.68985847862957,0.912854305779144,-0.901312257428242,-14.0903084118948,5.41663720664349,1.68232043020378,0.0506252732645343,4.96610262840655,0.187697083695982,2.92996873423077,2.9282161080616,-1.56902775280746,0.829084714286886,-4.16318364975031,-11.4405847923882,5.05334602870057,0,0
0.386,-1.69065755655485,0.898587642723603,-0.799077925277538,-14.2666630555409,5.42553216804021,1.68727576960647,0.0508298668817608,4.95533940268315,0.204593617226492,2.92820954903236,2.92635996617138,-1.57314566802539,0.817529234508373,-4.11791521793382,-11.5554797785125,5.06842941459595,0,0
0.387,-1.69135388006068,0.884143264665766,-0.696323505833521,-14.4443780578369,5.43407836415727,1.69222027785253,0.0510511377582402,4.94450824606304,0.22127087647942,2.92635308945731,2.92440680790932,-1.57721818234584,0.80585900376938,-4.07251432044425,-11.6702307389934,5.08327181196758,0,0
0.388,-1.69194695431099,0.869519829356893,-0.593074250311448,-14.6234353088726,5.44227059537615,1.69715388719398,0.0512888672384671,4.93360934144707,0.237729480226901,2.9243996145086,2.92235690226792,-1.58124518312096,0.794074200361736,-4.02700077512439,-11.7848034076435,5.09786856513614,0,0
0.389,-1.69243631216086,0.854716017860438,-0.489357849865885,-14.8038114964553,5.45010378899698,1.70207653005941,0.0515428373380515,4.92264286543882,0.253970099584394,2.92234939296921,2.92021052785522,-1.58522657818988,0.782175038468995,-3.98139506891876,-11.8991618927411,5.11221510969013,0,0
0.39,-1.69282151683348,0.839730540301189,-0.385204672624576,-14.9854775592491,5.4575730303728,1.70698813904791,0.0518128307950509,4.91160898849347,0.26999345699945,2.92020270324996,2.91796797274132,-1.58916229656014,0.770161769845965,-3.93571837025734,-12.0132686230308,5.12630697904677,0,0
0.391,-1.69310216485151,0.824562142202136,-0.280648018022882,-15.1683980990535,5.464673598184,1.71188864692298,0.052098631120283,4.90050787506878,0.28580032523206,2.91795983323472,2.91562953430349,-1.59305228910093,0.75803468555115,-3.88999254078856,-12.1270842948142,5.14013981116114,0,0
0.392,-1.6932778892404,0.809209611451204,-0.175724388895125,-15.3525307509315,5.47140100419415,1.71677798660676,0.05240002264661,4.88933968377806,0.301391526327019,2.91562108012656,2.91319551907017,-1.59689652924726,0.745794117730638,-3.84424014632868,-12.2405678205124,5.15370935537092,0,0
0.393,-1.69334836302203,0.793671785940972,-0.0704737816236575,-15.5378255102319,5.47775103782743,1.7216560911743,0.0527167905771888,4.87810456754508,0.316767930578792,2.91318675029026,2.91066624256384,-1.60069501371414,0.733440441451521,-3.79848446688306,-12.3536762791172,5.1670114793617,0,0
0.394,-1.69331330301647,0.777947561924984,0.0350600055526173,-15.724224015988,5.4837198158993,1.72652289384806,0.0530487210326782,4.86680267376091,0.331930455489347,2.91065715909676,2.90804202914275,-1.60444776321972,0.720974076582535,-3.75274950558338,-12.4663648689862,5.18004217623422,0,0
0.395,-1.69317247397026,0.76203590313426,0.140829046217959,-15.9116587907241,5.48930383781383,1.7313783279925,0.0533956010973976,4.85543414444251,0.346880064719427,2.90803263076309,2.90532321184175,-1.6081548232161,0.708395489719065,-3.70705999637285,-12.5785868634702,5.19279757165192,0,0
0.396,-1.69292569302835,0.745935850696871,0.246780941902873,-16.1000524373889,5.49450004651061,1.7362223271089,0.0537572188644313,4.8439991163931,0.36161776703377,2.90531349819337,2.90251013221203,-1.61181626462636,0.695705196149164,-3.6614414102599,-12.6902935699009,5.20527393104353,0,0
0.397,-1.69257283456687,0.729646533901899,0.352858461478912,-16.2893167949726,5.49930589539892,1.74105482483026,0.0541333634796721,4.83249772136427,0.376144615240751,2.90250010281907,2.89960314016012,-1.6154321845863,0.682903761856658,-3.61591995994892,-12.8014342925054,5.21746766683154,0,0
0.398,-1.69211383540177,0.713167181846523,0.458999165100811,-16.4793520553758,5.50371942145431,1.74587575491648,0.0545238251847991,4.82093008621957,0.390461705126962,2.8995927944368,2.89660259378595,-1.61900270718895,0.669991805556813,-3.57052260264544,-12.9119562998454,5.22937534565345,0,0
0.399,-1.69154870038727,0.696497136001222,0.565135014500901,-16.6700458453013,5.50773932456898,1.75068505124958,0.0549283953591863,4.80929633309974,0.404570174387223,2.89659193104679,2.89350885922028,-1.62252798422977,0.656970000759392,-3.52527704082187,-13.0218047974206,5.24099369553871,0,0
0.4,-1.69087750841521,0.679635863722867,0.671191972059938,-16.8612722783547,5.51136505313952,1.75548264782917,0.0553468665607368,4.79759657958926,0.418471201550552,2.89349787868919,2.89032231046128,-1.62600819595049,0.643839077853286,-3.48021172072012,-13.1309229061059,5.25231961299958,0,0
0.401,-1.69010041882342,0.662582972738688,0.777089591794327,-17.0528909841783,5.51459689574028,1.76026847876805,0.0557790325656394,4.78583093888435,0.432166004902591,2.89031101128252,2.88704332921069,-1.62944355177885,0.630599826206162,-3.4353558283576,-13.2392516471238,5.2633501699903,0,0
0.402,-1.6892176782172,0.64533822661536,0.882740606217631,-17.2447461233284,5.51743607856307,1.76504247828802,0.0562246884070445,4.77399951996214,0.445655841405026,2.88703171045637,2.88367230470926,-1.63283429106164,0.617253096271879,-3.39073928279508,-13.3467299342839,5.27408262068391,0,0
0.403,-1.68822962770324,0.627901561216624,0.988050513957204,-17.4366653987356,5.51988486810315,1.76980458071577,0.056683630412657,4.76210242775104,0.45894200561251,2.88366036538935,2.88020963357181,-1.63618068378806,0.603799801697635,-3.34639272641827,-13.4532945742431,5.28451440801228,0,0
0.404,-1.68713671052921,0.610273102139654,1.09291717403477,-17.6284590769703,5.52194667833161,1.77455472047907,0.0571556562412446,4.75013976330215,0.472025828587626,2.88019737264295,2.87665571962181,-1.63948303130004,0.590240921422074,-3.30234751197967,-13.5588802755618,5.2946431699102,0,0
0.405,-1.68593948011536,0.592453183104493,1.19723041384826,-17.8199190351615,5.52362618131611,1.77929283210303,0.057640564918059,4.73811162396164,0.484908676814411,2.87664313599484,2.87301097372568,-1.64274166698619,0.57657750175473,-3.25863568614445,-13.6634196673436,5.30446674520051,0,0
0.406,-1.68463860845625,0.574442365252234,1.30087165911105,-18.0108178522582,5.52492941993239,1.78401885020657,0.05813815686917,4.72601810354398,0.497591951110974,2.87299806627461,2.86927581362679,-1.64595695695547,0.562810658426475,-3.21528996928357,-13.7668433282547,5.31398317905338,0,0
0.407,-1.68323489486095,0.556241457285884,1.40371359529714,-18.2009079663506,5.52586392095028,1.78873270949908,0.0586482339547117,4.71385929250592,0.510077085541742,2.86926258119674,2.86545066377922,-1.64912930068673,0.54894157859976,-3.17234373125939,-13.8690798267154,5.32319072794936,0,0
0.408,-1.68172927498947,0.537851536362967,1.50561987148076,-18.3899209229166,5.52643880638211,1.7934343447772,0.0591705995010416,4.70163527812111,0.522365546329852,2.86543710519341,2.86153595518143,-1.65225913164968,0.53497152282671,-3.12983096295441,-13.9700557730499,5.33208786407317,0,0
0.409,-1.68012283013066,0.519273969620916,1.60644485881087,-18.5775667420508,5.52666490055545,1.79812369092186,0.0597050583318118,4.68934614465526,0.534458830770246,2.86152206924892,2.85753212520987,-1.65534691789299,0.520901826942354,-3.08778624330257,-14.0696958843557,5.34067327906253,0,0
0.41,-1.67841679665348,0.500510436185056,1.70603347717805,-18.7635334358599,5.52655482992427,1.8028006828954,0.0602514167979558,4.6769919735417,0.546358466143965,2.8575179107331,2.85343961745254,-1.65839316259458,0.506733903879527,-3.04624470159485,-14.1679230628274,5.34894588703526,0,0
0.411,-1.67661257554863,0.481562949474927,1.80422110485317,-18.9474867101294,5.52612311217791,1.80746525573896,0.06080948280659,4.66457284355727,0.558066008634201,2.85342507323293,2.8492588815427,-1.66139840456943,0.492469245391305,-3.00524197484798,-14.2646584882221,5.35690482681681,0,0
0.412,-1.6747117419617,0.462433879588014,1.90083358693091,-19.1290698869131,5.52538623076314,1.81211734456995,0.0613790658488346,4.65208883099837,0.569583042244617,2.84924400638874,2.84499037299267,-1.66436321872948,0.478109423666206,-2.96481416004585,-14.3598217250987,5.36454946329117,0,0
0.413,-1.67271605460249,0.443125975501341,1.9956873592101,-19.3079040866725,5.52436269052553,1.81675688457981,0.061959977026555,4.63954000985716,0.580911177720454,2.84497516572465,2.84063455302784,-1.66728821649056,0.463656092820814,-2.92499776108931,-14.4533308453922,5.37187938779939,0,0
0.414,-1.6706274648979,0.423642386791585,2.08858970458828,-19.4835887097559,5.52307304983147,1.82138381103181,0.062552029078028,4.62692645199764,0.592052051472968,2.84061901248525,2.83619188842102,-1.67017404612089,0.449110990254016,-2.88582963032084,-14.5451025667975,5.37889441751293,0,0
0.415,-1.66844812573887,0.403986684534469,2.17933915902956,-19.6557022571161,5.52153992428519,1.82599805925914,0.0631550364025357,4.61424822733159,0.603007324507683,2.83617601346706,2.83166285132707,-1.67302139302541,0.43447593784668,-2.84734690452642,-14.635052407336,5.38559459371328,0,0
0.416,-1.6661803996553,0.384162881005532,2.2677260835692,-19.8238035289371,5.5197879570456,1.83059956466314,0.0637688150838927,4.60150540399431,0.613778681356996,2.83164664085514,2.82704791911799,-1.67583097996077,0.419752842990318,-2.80958693535806,-14.7230948563618,5.39198017891499,0,0
0.417,-1.66382686623777,0.364175447768524,2.3535334175275,-19.9874332370092,5.51784375081631,1.83518826271166,0.0643931829129103,4.58869804851987,0.624367829017624,2.82703137205602,2.82234757421849,-1.67860356717494,0.404943699428187,-2.77258721416683,-14.8091435621314,5.39805165277671,0,0
0.418,-1.66139032861176,0.344029331706525,2.43653762601155,-20.1461160619987,5.51573575687225,1.83976408893767,0.0650279594088037,4.5758262260159,0.634776495893404,2.82233068953417,2.81756230394209,-1.68133995246622,0.390050587892277,-2.73638529128758,-14.8931115359104,5.40380970675368,0,0
0.419,-1.65887381875997,0.323729968526544,2.51650985179366,-20.2993631799809,5.51349411703587,1.84432697893801,0.0656729658395477,4.5628900003378,0.645006430743929,2.81754508064813,2.81269260032788,-1.6840409711561,0.375075676519846,-2.70101868987254,-14.9749113724307,5.40925523745596,0,0
0.42,-1.65628060148226,0.303283293252952,2.59321727770511,-20.4466752735925,5.51115045536026,1.84887686837227,0.0663280252411872,4.54988943426211,0.655059401639524,2.81267503748592,2.80773895997791,-1.68670749597053,0.360021221033514,-2.66652481443213,-15.0544554863316,5.41438933868882,0,0
0.421,-1.65361417678151,0.282695747221108,2.66642470074954,-20.587546031844,5.5087376174367,1.85341369296193,0.0669929624361102,4.53682458965908,0.664937194923016,2.80772105670194,2.80270188389536,-1.68934043682484,0.344889564669487,-2.63294085430555,-15.1316563640275,5.41921329216586,0,0
0.422,-1.65087828046826,0.261974281092025,2.73589631325049,-20.721466129083,5.50628935672651,1.85793738848959,0.067667604050289,4.52369552766431,0.674641614178798,2.80268363935727,2.79758187732351,-1.69194074050719,0.329683137839239,-2.60030368235226,-15.206426830248,5.42372855690069,0,0
0.423,-1.64807688278867,0.241126353434005,2.80139767959692,-20.8479276580191,5.50383996910775,1.86244789079844,0.0683517785294986,4.51050230884918,0.684174479209625,2.79756329075582,2.79237944958559,-1.69450939025641,0.314404457510957,-2.56864974922589,-15.2786803282821,5.42793675730013,0,0
0.424,-1.64521418489896,0.220159924459495,2.86269788970664,-20.9664289745107,5.50142387888461,1.86694513579183,0.0690453161545202,4.4972449933902,0.693537625021615,2.79236052028418,2.78709511392554,-1.69704740523008,0.299056126298211,-2.53801497366459,-15.3483312127461,5.43183966999954,0,0
0.425,-1.64229461303652,0.19908344456597,2.91957186243845,-21.0764798935249,5.49907518176391,1.87142905943307,0.0697480490553381,4.483923641237,0.702732900817886,2.78707584125477,2.78172938734974,-1.69955583985938,0.283640831244736,-2.50843462930499,-15.4152950534747,5.43543920950017,0,0
0.426,-1.63932281027235,0.177905837408876,2.9718027641745,-21.1776071570934,5.49682715266018,1.87589959774535,0.0704598112243394,4.47053831227884,0.711762169001266,2.78170977074357,2.77628279046991,-1.70203578308798,0.268161342295815,-2.47994322859925,-15.4794889489208,5.43873741268796,0,0
0.427,-1.63630362577229,0.156636477331778,3.01918450006142,-21.269360077098,5.49471172852312,1.88035668681186,0.0711804385285259,4.45708906650968,0.720627304186514,2.7762628294357,2.77075584734692,-1.70448835749247,0.252620510448583,-2.45257440448528,-15.5408318472324,5.44173642233285,0,0
0.428,-1.6332421015439,0.135285161092395,3.06152422838886,-21.3513162393834,5.49275897854243,1.88480026277605,0.0719097687207483,4.44357596419156,0.729330192222439,2.77073554146768,2.76514908533595,-1.706914718283,0.237021265575606,-2.4263607905279,-15.5992448729768,5.44443846968788,0,0
0.429,-1.63014345670112,0.113862073950276,3.09864484277368,-21.4230871421193,5.49099657591431,1.88923026184207,0.0726476414499727,4.42999906601623,0.737872729224349,2.7651284342726,2.75946303493276,-1.70931605218331,0.221366613918318,-2.40133390031082,-15.6546516572877,5.44684585632611,0,0
0.43,-1.62701306933845,0.0923777503186657,3.13038736267414,-21.4843236316098,5.48944928669173,1.89364662027533,0.0733938982705899,4.41635843326495,0.746256820617189,2.75944203842627,2.75369822962123,-1.71169357619022,0.205659635249277,-2.37752400691639,-15.7069786690413,5.44896093537216,0,0
0.431,-1.62385645616774,0.0708430293248073,3.15661317070439,-21.5347209938584,5.48813849194036,1.8980492744033,0.0741483826507796,4.40265412796631,0.75448438018978,2.75367688749459,2.74785520572231,-1.7140485362136,0.189903479704762,-2.35496002337824,-15.7561555445155,5.45078609230157,0,0
0.432,-1.62067925013215,0.0492690057638635,3.17720603559101,-21.5740235609438,5.48708175936794,1.90243816061635,0.0749109399799401,4.38888621305204,0.762557329160496,2.74783351788213,2.7419345022442,-1.71638220559863,0.174101364291897,-2.33366938503218,-15.802115412865,5.45232372549632,0,0
0.433,-1.61748717626953,0.0276669770657503,3.19207386261987,-21.6020286981132,5.48629247971598,1.90681321536886,0.0756814175751949,4.37505475251066,0.770477595254755,2.74191246868248,2.73593666073411,-1.71869588353335,0.158256569077247,-2.31367793471939,-15.8447952146498,5.45357622675726,0,0
0.434,-1.61428602615042,0.00604838701514413,3.20115011911517,-21.6185900506061,5.48577958148485,1.9111743751804,0.0764596646869895,4.36115981153887,0.778247111794646,2.73591428152951,2.72986222513132,-1.72099089334517,0.142372433066648,-2.29500981181361,-15.8841360105986,5.45454596198381,0,0
0.435,-1.61108163125967,-0.0155752329331278,3.2043948907488,-21.6236199482719,5.48554733505701,1.91552157663709,0.0772455325037906,4.34720145669063,0.78586781680104,2.72983950045003,2.72371174162192,-1.72326858069122,0.12645234978888,-2.27768734604894,-15.920083277768,5.45523525223801,0,0
0.436,-1.60787983572468,-0.0371923238234634,3.2017955349876,-21.6170908903356,5.48559525410368,1.91985475639311,0.0780388741558991,4.33317975602387,0.793341652108483,2.7236886717184,2.71748575849497,-1.72553031164833,0.110499762598603,-2.26173095711546,-15.9525871902777,5.45564635541255,0,0
0.437,-1.60468646881441,-0.0587913598845466,3.19336691027284,-21.5990360610832,5.48591809848216,1.92417385117236,0.0788395447183922,4.31909477924461,0.800670562493184,2.71746234371449,2.71118482600034,-1.7277774707093,0.0945181597167388,-2.24715906096742,-15.9816028818639,5.45578144872185,0,0
0.438,-1.60150731764144,-0.0803609087428868,3.17915117297347,-21.5695488583402,5.48650597887278,1.92847879777021,0.0796474012132066,4.30494659784853,0.807856494814375,2.71116106677694,2.70480949620815,-1.73001145869305,0.0785110690291389,-2.23398798375102,-16.0070906875999,5.45564261223028,0,0
0.439,-1.59834810049338,-0.101889690191646,3.15921714805253,-21.5287814487588,5.48734455941385,1.93276953305547,0.080462302610376,4.29073528525998,0.814901397169329,2.70478539306732,2.6983603228699,-1.73223369057726,0.0624820526668597,-2.22223188420672,-16.0290163622792,5.4552318136228,0,0
0.44,-1.5952144412004,-0.12336663258701,3.13365929298702,-21.476942395364,5.48841535081888,1.93704599397244,0.0812841098284382,4.27646091696806,0.821807218062288,2.69833587642815,2.69183786128132,-1.73444559326259,0.0464347013937127,-2.21190268533566,-16.047351273147,5.45455089441022,0,0
0.441,-1.59211184491334,-0.14478092601886,3.10259628706062,-21.4142934318505,5.4896960831355,1.9413081175431,0.0821126857340258,4.26212357066011,0.828575905587546,2.69181307224615,2.68524266814695,-1.73664860327863,0.0303726288288152,-2.20301001603995,-16.0620725648975,5.45360155774497,0,0
0.442,-1.58904567562427,-0.166122071502131,3.0661692890608,-21.3411454832703,5.49116114462205,1.94555584086945,0.0829478951406527,4.24772332635215,0.835209406626924,2.68521753731762,2.67857530144655,-1.73884416444199,0.0142994655336961,-2.1955611633553,-16.0731632951191,5.45238535800237,0,0
0.443,-1.58602113570913,-0.18737992555495,3.02453991514197,-21.257854052819,5.49278207131309,1.94978910113596,0.0837896048067146,4.23326026651646,0.841709666061856,2.67854982971307,2.67183632030327,-1.74103372547778,-0.00178114700497389,-2.18956103579207,-16.08061253867,5.45090369225941,0,0
0.444,-1.58304324771432,-0.208544739663539,2.97788799481308,-21.1648141085891,5.4945280707902,1.95400783561217,0.0846376834327148,4.21873447620621,0.848078626000274,2.67181050864704,2.66502628485369,-1.74321873761597,-0.0178655624647708,-2.18501213818858,-16.0844154597969,5.44915779377612,0,0
0.445,-1.58011683854782,-0.229607194275587,2.92640916650352,-21.0624546120484,5.49636656347685,1.95821198165535,0.0854920016577334,4.20414604317691,0.854318225018506,2.66500013434707,2.65814575611975,-1.74540065217433,-0.0339501358159247,-2.18191455836162,-16.0845733511539,5.44714872755662,0,0
0.446,-1.57724652617285,-0.250558427107232,2.87031237496813,-20.9512328316444,5.49826372537649,1.96240147671335,0.0863524320551517,4.18949505800483,0.860430397418339,2.65811926792495,2.65119529588256,-1.74758091814004,-0.0500312294551754,-2.18026596571441,-16.0810936392506,5.44487738803621,0,0
0.447,-1.57443670884176,-0.271390055688002,2.80981733109128,-20.83162858077,5.50018501746547,1.96657625832756,0.0872188491276511,4.17478161420228,0.86641707249942,2.6511684712521,2.64417546655815,-1.74976097976188,-0.0661052193114044,-2.18006162183436,-16.073989856229,5.44234449891012,0,0
0.448,-1.571691556851,-0.292094194198098,2.74515199075708,-20.7041385100967,5.50209568879072,1.97073626413588,0.0880911293014982,4.16000580832956,0.872280173847135,2.6441483068338,2.63708683107515,-1.75194227416486,-0.0821685008896525,-2.18129440298483,-16.0632815782481,5.43955061508794,0,0
0.449,-1.56901500674722,-0.312663464769049,2.67655010378203,-20.569270570951,5.50396124254187,1.97488143187599,0.0889691509201344,4.14516774010384,0.878021618636109,2.63705933768678,2.62992995275449,-1.75412622899913,-0.09821749522078,-2.18395483426806,-16.0489943311275,5.43649612672689,0,0
0.45,-1.56641075787029,-0.333091003519145,2.60424887692855,-20.4275387500958,5.5057478567989,1.97901169938849,0.0898527942370838,4.13026751250457,0.883643316949424,2.62990212722016,2.62270539519101,-1.75631426013424,-0.114248654685041,-2.18803113511356,-16.0311594642607,5.43318126526719,0,0
0.451,-1.56388227108307,-0.353370461677246,2.52848678721982,-20.2794581581007,5.50742275414047,1.98312700462037,0.0907419414081975,4.11530523187566,0.889147171113685,2.62267723911521,2.61541372213719,-1.75850776940987,-0.130258468679193,-2.19350927562935,-16.0098139941519,5.42960611136503,0,0
0.452,-1.56143276950945,-0.373496002211778,2.44950157362198,-20.1255405345323,5.5089545166952,1.98722728562839,0.0916364764832475,4.10028100802429,0.894535075050002,2.61538523721048,2.60805549738877,-1.76070814245312,-0.146243469098441,-2.20037304324507,-15.985000419248,5.42577060459262,0,0
0.453,-1.55906524108238,-0.39346229242622,2.36752842706852,-19.9662902144415,5.51031334541832,1.99131248058271,0.0925362853968884,4.08519495431631,0.899808913640979,2.60802668538649,2.60063128467255,-1.7629167465721,-0.162200235606465,-2.20860411897694,-15.9567665080242,5.42167455475246,0,0
0.454,-1.55678244269126,-0.413264493009085,2.28279839111898,-19.8022005828656,5.51147126429827,1.99538252777048,0.0934412559590022,4.07004718776823,0.904970562113766,2.60060214745344,2.59314164753614,-1.76513492873465,-0.178125400668999,-2.21818216255767,-15.9251650625345,5.41731765463322,0,0
0.455,-1.55458690571272,-0.432898244037005,2.19553697854067,-19.6337510279195,5.51240227179405,1.99943736559961,0.0943512778444414,4.0548378291358,0.910021885439224,2.593112187042,2.58558714923985,-1.76736401364025,-0.194015654328854,-2.22908490560023,-15.8902536598543,5.41269949401922,0,0
0.456,-1.55248094270976,-0.452359648425963,2.10596300296376,-19.4614043889585,5.51308244305358,2.00347693260261,0.0952662425821887,4.03956700299907,0.914964737747243,2.58555736749305,2.57796835265058,-1.76960530189216,-0.209867748702869,-2.24128825190349,-15.852094374015,5.40781957475309,0,0
0.457,-1.55046665509016,-0.471645253310443,2.01428761959572,-19.2856048844798,5.51348998736969,2.00750116744046,0.0961860435439469,4.02423483784409,0.919800961758231,2.57793825175378,2.57028582013788,-1.77186006827612,-0.22567850218403,-2.25476638396186,-15.8107534811609,5.40267732664391,0,0
0.458,-1.54854594152533,-0.490752029805441,1.92071356483024,-19.1067764949982,5.51360526591579,2.0115100089066,0.0971105759321777,4.00884146614099,0.924532388230792,2.57025540227288,2.56254011347202,-1.77412956015083,-0.241444803334775,-2.26949187470929,-15.7663011507456,5.39727212400848,0,0
0.459,-1.5467205069439,-0.509677351574452,1.82543458143115,-18.925321769011,5.51341077510388,2.01550339593102,0.0980397367676033,3.99338702441873,0.929160835425583,2.56250938089683,2.55473179372421,-1.77641499595434,-0.257163614460407,-2.28543580351084,-15.7188111256319,5.39160330263387,0,0
0.46,-1.54499187193015,-0.52841897258968,1.72863501375097,-18.7416210152271,5.51289110096525,2.01948126758435,0.0989734248761886,3.97787165333624,0.933688108585338,2.55470074877338,2.54686142116893,-1.77871756382975,-0.272831974854364,-2.30256787541225,-15.6683603939567,5.38567017695257,0,0
0.461,-1.54336138237408,-0.546975004430912,1.63048955606453,-18.5560318412329,5.51203284981692,2.0234435630821,0.0999115408756197,3.96229549775009,0.938115999431036,2.54683006625124,2.53892955518829,-1.78103842037242,-0.288447003709953,-2.32085654266827,-15.6150288555892,5.37947205722867,0,0
0.462,-1.54183021923763,-0.565343893428372,1.53116313644807,-18.3688889974593,5.51082456018974,2.02739022178888,0.100853987161294,3.94665870677874,0.942446285674175,2.53889789278528,2.53093675417858,-1.78337868950001,-0.304005902695885,-2.34026912759365,-15.5588989859322,5.37300826656352,0,0
0.463,-1.54039940831904,-0.583524397913767,1.43081091859381,-18.1805044853955,5.50925660060062,2.03132118322274,0.101800667891839,3.93096143386323,0.946680730545096,2.53090478684314,2.52288357545885,-1.78573946144583,-0.319505958195596,-2.36077194581523,-15.5000554997109,5.36627815754189,0,0
0.464,-1.53906982991464,-0.601515565803965,1.32957840439789,-17.9911678901979,5.50732105729015,2.03523638705957,0.102751488974176,3.9152038368244,0.9508210823373,2.52285130581361,2.51477057518166,-1.78812179187488,-0.33494454321285,-2.38233042904807,-15.4385850172542,5.35928112835453,0,0
0.465,-1.53784222829366,-0.619316712703858,1.22760162098161,-17.8011468998932,5.50501161554961,2.03913577313749,0.103706358048144,3.89938607791672,0.954869073967688,2.5147380059173,2.50659830824587,-1.79052670112145,-0.35031911894846,-2.40490924657201,-15.3745757356103,5.35201663824945,0,0
0.466,-1.53671722091676,-0.636927400679884,1.12500737689759,-17.6106879760256,5.5023234377559,2.04301928146136,0.104665184470697,3.8835083238786,0.95882642255264,2.50656544212041,2.49836732821156,-1.79295517354609,-0.365627236055116,-2.42847242464546,-15.3081171066551,5.34448422218245,0,0
0.467,-1.53569530734322,-0.654347417823533,1.0219135735424,-17.4200171436487,5.49925304073818,2.04688685220734,0.105627879299696,3.86757074597927,0.96269482899984,2.49833416804703,2.49007818721701,-1.79540815700925,-0.380866535579268,-2.4529834631598,-15.2392995241525,5.33668350455559,0,0
0.468,-1.53477687778405,-0.671576758695352,0.918429559167682,-17.2293408718193,5.49579817463233,2.05073842572741,0.106594355277312,3.85157352006234,0.966475977615738,2.4900447359001,2.48173143589779,-1.79788656245816,-0.396034749600779,-2.47840544890782,-15.1682140215112,5.32861421195183,0,0
0.469,-1.53396222126976,-0.688615605714433,0.814656514289664,-17.0388470190804,5.49195770494791,2.05457394255399,0.107564526813041,3.83551682658583,0.970171535728552,2.48169769637562,2.47332762330788,-1.80039126362307,-0.411129701582547,-2.50470116491328,-15.0949519817673,5.3202761847927,0,0
0.47,-1.53325153341107,-0.705464311536132,0.710687858692559,-16.8487058216996,5.48773149918443,2.05839334340465,0.108538309966367,3.81940085065901,0.973783153326673,2.4732935985893,2.46486729684292,-1.80292309681842,-0.426149306443645,-2.53183319534282,-15.0196048610982,5.31166938786489,0,0
0.471,-1.53264492373951,-0.722123382441712,0.606609671565834,-16.6590709055796,5.48312031899088,2.06219656918673,0.10951562242908,3.80322578207575,0.977312462712344,2.46483298999385,2.45635100216544,-1.80548286084401,-0.441091570370595,-2.55976402559652,-14.9422639269504,5.30279391967904,0,0
0.472,-1.53214242262192,-0.738593462747423,0.502501117583124,-16.4700803057108,5.47812571856649,2.06598356100207,0.11049638350725,3.7869918153447,0.980761078170486,2.4563164163101,2.44777928313216,-1.80807131698126,-0.455954590382246,-2.58845613724636,-14.8630200116512,5.29365002064166,0,0
0.473,-1.53174398774902,-0.754875320227182,0.398434872902446,-16.2818574797595,5.47274994974941,2.06975426015179,0.111480514102903,3.77069914971611,0.984130595652507,2.44774442144993,2.43915268172336,-1.81068918907882,-0.470736553664405,-2.61787209756372,-14.7819632821591,5.28423808003611,0,0
0.474,-1.53144951020289,-0.770969832532033,0.29447754613348,-16.094512304851,5.4669958740301,2.07350860814099,0.112467936695378,3.75434798920551,0.987422592474943,2.43911754744686,2.43047173797416,-1.81333716372227,-0.485435736690819,-2.64797464344498,-14.6991830264133,5.27455864182352,0,0
0.475,-1.53125882011261,-0.786877974580843,0.190690090273199,-15.9081420488094,5.46086688155587,2.07724654668361,0.11345857532241,3.73793854261411,0.99063862703278,2.43043633438865,2.42173698990792,-1.81601589048188,-0.500050504147368,-2.67872675960908,-14.6147674565496,5.26461240928707,0,0
0.476,-1.53117169191016,-0.8026008068899,0.0871282024561651,-15.7228323090572,5.45436681705594,2.08096801770715,0.114452355560938,3.72147102354614,0.993780238527261,2.4217013203488,2.41294897347154,-1.81872598223288,-0.514579307676447,-2.71009175100097,-14.528803529079,5.25440024855442,0,0
0.477,-1.53118784920105,-0.818139464803961,-0.0161572908963015,-15.5386579140613,5.44749991251054,2.08467296335758,0.115449204507646,3.70494565042301,0.996848946708025,2.41291304132443,2.40410822247276,-1.82146801554227,-0.529020684458412,-2.7420333093903,-14.4413767819649,5.24392319104284,0,0
0.478,-1.53130696926636,-0.833495148587626,-0.119120065307282,-15.3556837836649,5.44027072630693,2.08836132600407,0.116449050759275,3.68836264649445,0.99984625162938,2.40407203116972,2.39521526851939,-1.82424253111647,-0.543373255646803,-2.77451557420515,-14.352571188391,5.23318243487952,0,0
0.479,-1.53152868721345,-0.848669114333495,-0.221717947092328,-15.1739657458686,5.43268408856779,2.09203304824392,0.117451824392696,3.67172223984666,1.00277363342051,2.39517882153957,2.38627064096053,-1.82705003430416,-0.557635724673687,-2.80750318768521,-14.2624690268836,5.22217934535632,0,0
0.48,-1.53185259979406,-0.86366266564215,-0.323912580604104,-14.9935513086562,5.42474505229746,2.09568807290733,0.118457456944765,3.65502466340739,1.00563255206947,2.38623394182664,2.3772748668296,-1.82989099564864,-0.571806875441028,-2.84096134447909,-14.1711507673414,5.21091545448293,0,0
0.481,-1.53227826890833,-0.878477146028456,-0.425669114273466,-14.8144803863056,5.41645884996771,2.09897961299697,0.120395458801002,3.29154008964382,1.93800185623707,2.37723791910818,2.40881084177085,-1.83276585148448,-0.585885570413459,-2.87485583584406,-14.0786949724312,5.19939245970636,0,0
0.482,-1.53280522481387,-0.893113932008776,-0.526955905535282,-14.6367859803204,5.40783085515255,2.10193556365623,0.123183601202542,2.95595065926133,2.78814240153968,2.4087404565943,2.43517271292685,-1.83567500457312,-0.599870748627186,-2.90915308863625,-13.9851782137265,5.18761222186678,0,0
0.483,-1.53343296905834,-0.90757442682444,-0.627744244476096,-14.4604948156643,5.39886654881982,2.10458188532218,0.1267453677235,2.64632166594659,3.5617665209584,2.43507262613264,2.45671351887838,-1.83861882477242,-0.613761423629088,-2.94382019930311,-13.8906750019019,5.175576762461,0,0
0.484,-1.53416097715418,-0.921860054757859,-0.728008095841272,-14.2856279334189,5.38957148989252,2.1069427308878,0.131009599981783,2.36084556562527,4.26423225828297,2.45658805726443,2.47377477703284,-1.84159764973553,-0.627556681359334,-2.97882496310944,-13.7952577302466,5.16328826028489,0,0
0.485,-1.53498870101307,-0.935972255999167,-0.827723858884871,-14.1122012413082,5.37995128970432,2.10904056484863,0.135910160186594,2.09783396083103,4.90056020481098,2.47362848890486,2.48668343833955,-1.84461178563437,-0.641255677990055,-3.01413589884312,-13.6989966307207,5.15074904752532,0,0
0.486,-1.5359155711575,-0.949912482022949,-0.926870144429093,-13.940226023782,5.37001158998895,2.11089627488734,0.141385611118341,1.85571003870386,5.47545093174651,2.48652090347305,2.49575030999559,-1.84766150790363,-0.654857637731809,-3.04972226925767,-13.6019597417541,5.13796160537041,0,0
0.487,-1.53694099872591,-0.963682191436466,-1.02542756841583,-13.7697094135163,5.3597580440617,2.11252927633983,0.147378913638023,1.63300145248968,5.99330251968209,2.49557603732662,2.50126938406175,-1.85074706200115,-0.668361850618782,-3.08555409751547,-13.5042128869726,5.12492855920463,0,0
0.488,-1.53806437728709,-0.977282846262767,-1.12337856117533,-13.6006548263012,5.34919630087134,2.11395760997146,0.153837141473883,1.42833363163308,6.45822783586057,2.50108774894429,2.50351772456812,-1.85386866418105,-0.681767670282814,-3.12160217989947,-13.405819664032,5.11165267345257,0,0
0.489,-1.53928508447869,-0.990715908624111,-1.22070719160154,-13.4330623613439,5.33833199162215,2.11519803347393,0.160711212796076,1.24042350246729,6.87407132219296,2.50333292209756,2.50275569799109,-1.85702650227611,-0.695074511725557,-3.15783809506153,-13.3068414427429,5.09813684613162,0,0
0.49,-1.5406024834841,-1.00398283779315,-1.31739900540624,-13.2669291690392,5.32717071868746,2.11626610707361,0.167955637936641,1.06807359968202,7.24442514056429,2.50257170238069,2.49922741361197,-1.86022073648618,-0.708281849097241,-3.19423421007362,-13.2073373716841,5.08438410317045,0,0
0.491,-1.54201592436072,-1.01708508758139,-1.41344087662097,-13.102249788244,5.31571804655755,2.11717627362147,0.175528282520028,0.910166547858294,7.57264458338782,2.49904794055766,2.49316129062011,-1.86345150016973,-0.721389213489757,-3.23076368354375,-13.107364392516,5.07039759254606,0,0
0.492,-1.54352474523224,-1.03002410403645,-1.50882087152453,-12.9390164550579,5.30397949458601,2.11794193351361,0.183390145221896,0.765659892141351,7.86186270186797,2.49298976281811,2.48477069984621,-1.86671890063578,-0.734396190750991,-3.26740046605208,-13.0069772612343,5.05618057828844,0,0
0.493,-1.54512827335643,-1.04280132342151,-1.60352812419075,-12.7772193850561,5.29196053131883,2.11857551477099,0.191505149357976,0.633581257380731,8.11500413607986,2.4846102169994,2.47425464709579,-1.87002301993393,-0.747302419326618,-3.30411929815482,-12.9062285756266,5.04173643439749,0,0
0.494,-1.54682582607931,-1.05541817045236,-1.69755272287604,-12.6168470308518,5.27966657021003,2.11908853858664,0.199839947510918,0.513023815650889,8.3347981529417,2.47410796187138,2.46179847678123,-1.87336391564013,-0.760107588134849,-3.34089570619419,-12.8051688082311,5.02706863871304,0,0
0.495,-1.5486167116858,-1.06787605676914,-1.79088560649464,-12.457886316782,5.26710296654571,2.1194916806295,0.208363738423824,0.403142042863846,8.52379091290579,2.46166797781825,2.44757458176951,-1.87674162163627,-0.772811434478977,-3.37770599614235,-12.7038463441278,5.01218076677451,0,0
0.496,-1.55050023015627,-1.08017637962157,-1.88351847046287,-12.3003228524279,5.2542750154158,2.11979482837562,0.217048095419442,0.303147746113587,8.68435699561783,2.44746228429912,2.43174310983375,-1.88015614888197,-0.785413742001907,-3.41452724569597,-12.6023075229303,4.99707648570312,0,0
0.497,-1.55247567383749,-1.09232052074816,-1.97544368122815,-12.1441411265873,5.24118795058836,2.12000713472001,0.225866805639784,0.212306344389502,8.81871022034279,2.43165065397157,2.41445265990879,-1.88360748617679,-0.79791433868629,-3.45133729482672,-12.5005966843827,4.98175954813542,0,0
0.498,-1.55454232803633,-1.10430984543138,-2.06665419883496,-11.9893246832239,5.22784694415637,2.12013706810633,0.234795719439515,0.129933386318888,8.92891379973045,2.41438131621531,2.39584096317081,-1.88709560091177,-0.810313094903297,-3.48811473498032,-12.3987562170077,4.96623378623359,0,0
0.499,-1.55660898223516,-1.1162991701146,-2.15786471644177,-11.8345082398605,5.21450593772438,2.12019245939594,0.243812609305842,0.0553912896156908,9.01688986632722,2.39579164477464,2.37603554519163,-1.89062043980888,-0.822609921512582,-3.52483889710499,-12.2968266092851,4.95050310579429,0,0
